,player,DRAPM,ORAPM,Total_RAPM,team
0,AB Coulibaly,-0.2199,-1.4592,-1.6791,Rider
1,AC Bryant,0.3864,1.4635,1.8499,Jacksonville State
2,AJ Bates,0.6204,1.8582,2.4786,Louisiana Tech
3,AJ Casey,-1.2611,-1.1011,-2.3622,Evansville
4,AJ Clark,-1.2369,-1.8771,-3.1141,VMI
5,AJ Dancler,0.1349,-1.4973,-1.3624,Coastal Carolina
6,AJ Dent,-0.8267,-0.0171,-0.8438,Tarleton State
7,AJ Dybantsa,1.7827,4.9024,6.6851,BYU
8,AJ Economou,0.4662,0.0669,0.5331,Hawaii
9,AJ Fowler,-0.1939,-0.1617,-0.3556,Col. of Charleston
10,AJ George,-1.034,-0.9703,-2.0044,CSU Bakersfield
11,AJ Hopkins,1.8573,-0.5919,1.2654,UT Martin
12,AJ LaBeau,0.2618,0.0707,0.3326,Cornell
13,AJ Levine,0.8332,-0.1331,0.7001,Penn
14,AJ Lopez,-2.3589,1.7282,-0.6307,Richmond
15,AJ McBride,0.0282,-0.0383,-0.0101,Niagara
16,AJ Patterson,-0.4236,-1.675,-2.0986,Air Force
17,AJ Redd,-0.0404,0.0806,0.0402,Illinois
18,AJ Riggs,0.894,0.0533,0.9473,Utah Valley
19,AJ Rohosy,0.7256,2.1431,2.8687,Stanford
20,AJ Smith,0.5092,3.4506,3.9598,Temple
21,AJ Smith,0.5092,3.4506,3.9598,Bradley
22,AJ Staton-McCray,2.2091,0.4196,2.6287,Seton Hall
23,AJ Storr,-2.031,-0.4529,-2.4839,Ole Miss
24,AJ Swinton,0.3595,1.1272,1.4868,Florida State
25,AJ Thomas,0.0202,-0.8286,-0.8083,LMU (CA)
26,AJ Wills,1.2954,0.0647,1.3602,Hofstra
27,AK Okereke,0.5465,2.9667,3.5132,Vanderbilt
28,Aaron Bradshaw,0.9615,0.961,1.9225,Memphis
29,Aaron Clark,-0.1082,0.7806,0.6724,Pepperdine
30,Aaron Davis,-1.088,0.3275,-0.7606,Bryant
31,Aaron Fine,-0.1863,0.0771,-0.1091,Purdue
32,Aaron Franklin,0.6634,-0.2272,0.4362,Milwaukee
33,Aaron Hunkin-Claytor,2.7846,1.5254,4.3099,Hawaii
34,Aaron Jacob,-0.4009,0.519,0.1182,Oral Roberts
35,Aaron McBride,3.0355,1.17,4.2055,LMU (CA)
36,Aaron Nkrumah,1.5913,0.5639,2.1552,Tennessee State
37,Aaron Price,0.1592,-1.2811,-1.1218,Cal Poly
38,Abass Bodija,0.7175,-0.5672,0.1503,Fordham
39,Abdi Bashir,0.6696,1.8356,2.5052,Kansas State
40,Abdou Khadre Kebe,1.7213,-0.025,1.6963,Mount St. Mary's
41,Abdou Samb,0.1083,0.1607,0.269,Towson
42,Abdou Yadd,-1.7498,-1.8065,-3.5564,Sacred Heart
43,Abdoulaye Fall,-0.4346,0.2114,-0.2233,UAlbany
44,Abdul Momoh,1.1897,0.205,1.3948,UIC
45,Abdulai Fanta Kabba,1.1873,0.0128,1.2001,Western Caro.
46,Abdullah Ahmed,0.1373,0.3176,0.4549,BYU
47,Abdullah Amzil,0.0261,0.3205,0.3465,UC Davis
48,Abdullahi Bashir,-0.175,0.4901,0.3151,Auburn
49,Abijah Franklin,1.6879,-0.5042,1.1838,Furman
50,Abou Magassa,1.352,0.7928,2.1447,Wyoming
51,Abraham Oyeadier,0.1557,-0.1071,0.0485,West Virginia
52,Acaden Lewis,-0.0018,1.4655,1.4637,Villanova
53,Ace Buckner,-0.7033,1.8008,1.0976,Clemson
54,Ace Flagg,0.3172,-1.1466,-0.8294,Maine
55,Ace Glass lll,0.9937,2.3283,3.322,Washington State
56,Ace Valentine,0.7996,1.4091,2.2086,UMBC
57,Achille Lonati,-0.5879,0.3721,-0.2158,St. Bonaventure
58,Achor Achor,0.1212,0.6626,0.7839,Mississippi State
59,Adam Clark,3.1356,2.1383,5.2738,Seton Hall
60,Adam Harakow,-0.8674,2.2938,1.4264,Wyoming
61,Adam Hinton,-1.241,4.1786,2.9376,Cornell
62,Adam Miller,2.5453,1.9941,4.5394,Gonzaga
63,Adam Olsen,0.7215,0.6857,1.4072,South Alabama
64,Adam Stewart,-0.0371,-0.2941,-0.3311,TCU
65,Adam Tauer,-0.2057,0.2022,-0.0034,St. Thomas (MN)
66,Aday Mara,3.4881,2.5763,6.0644,Michigan
67,Addarin Scott,-0.9717,-0.3365,-1.3082,Kansas City
68,Addison Archer,-0.9311,-0.0215,-0.9526,Northern Ky.
69,Addison Arnold,-0.2679,0.0476,-0.2203,Arizona
70,Addison Patterson,1.9599,-0.3601,1.5998,Eastern Mich.
71,Ade Popoola,0.5007,3.356,3.8567,Tulsa
72,Aden Holloway,0.0557,4.8632,4.919,Alabama
73,Adetokunbo Bakare,-0.1139,0.4759,0.362,Saint Peter's
74,Adlan Elamin,0.4355,2.5109,2.9464,Utah State
75,Adria Rodriguez,2.2242,-0.2375,1.9867,Washington State
76,Adrian McIntyre,0.3484,1.1152,1.4635,San Diego
77,Adrian Myers,-1.5609,-0.3271,-1.8879,San Jose State
78,Adrian Uchidiuno,0.9771,-2.0727,-1.0956,Brown
79,Adrian Wooley,2.6424,3.1575,5.7998,Louisville
80,Adriel Nyorha,-0.4074,1.4137,1.0064,South Fla.
81,Adrien Stevens,1.1371,1.4254,2.5625,Marquette
82,Afan Trnka,0.675,-1.9926,-1.3176,UT Martin
83,Aginaldo Neto,2.3586,0.4337,2.7923,Boise State
84,Ahmad Henderson,0.6361,-1.1328,-0.4967,UIC
85,Ahmad Nowell,0.2654,1.1009,1.3663,VCU
86,Ahmad Robinson,1.1148,0.8245,1.9393,UAB
87,Ahmet Jonovic,0.4674,1.1422,1.6095,Bradley
88,Aidan Alexander,0.158,-0.691,-0.533,The Citadel
89,Aidan Braccia,0.2084,0.3159,0.5243,San Francisco
90,Aidan Burke,0.3798,1.9727,2.3525,UC San Diego
91,Aidan Cammann,-0.2651,2.6613,2.3962,Stanford
92,Aidan Crotty,-0.0149,-0.2371,-0.252,Fordham
93,Aidan Driggers,0.6534,0.5099,1.1633,Jacksonville State
94,Aidan Hadaway,0.6328,0.7681,1.4009,Ohio
95,Aidan Haskins,1.7954,-0.2413,1.5541,Hampton
96,Aidan Mahaney,-0.7907,0.8673,0.0766,UC Santa Barbara
97,Aidan Noyes,-1.7574,0.8508,-0.9066,Belmont
98,Aidan Rubio,-1.1793,-0.9767,-2.156,Eastern Mich.
99,Aidan Sevilla,0.3558,0.3123,0.6682,Idaho
100,Aidan Shaw,0.4088,-0.7855,-0.3767,Boston College
101,Aidan Skradis,0.5161,0.1293,0.6454,Omaha
102,Aiden Argabright,2.048,1.0046,3.0526,Richmond
103,Aiden Goins,2.0585,-0.9671,1.0914,Bowling Green
104,Aiden Miller,-1.1903,0.9309,-0.2594,IU Indy
105,Aiden Sherrell,1.7019,4.1436,5.8455,Alabama
106,Aiden Tobiason,-0.8602,1.5464,0.6862,Temple
107,Aitor Anabitarte,2.1484,1.2028,3.3511,Jacksonville State
108,Ajay Holubar,0.9615,0.2226,1.184,IU Indy
109,Ajay Sheldon,0.233,2.174,2.407,Ohio
110,Ajay Tew,-0.0486,-0.1203,-0.1689,ULM
111,Akai Fleming,0.601,0.0939,0.6949,Georgia Tech
112,Akintola Akinniyi,0.1791,0.1281,0.3073,Quinnipiac
113,Akira Jacobs,1.9916,0.1295,2.1211,Fordham
114,Akiva McBirney-Griffin,1.6153,-1.5422,0.0731,UC Irvine
115,Al Amadou,-0.2035,-0.1402,-0.3437,Saint Joseph's
116,Al Green,-1.448,1.335,-0.113,UNLV
117,Albert Vargas,0.1883,1.0312,1.2195,Robert Morris
118,Alden Applewhite,-0.5218,1.5777,1.0559,Ga. Southern
119,Alec Blair,0.1131,0.0566,0.1697,Oklahoma
120,Alec Millender,0.4476,-0.3642,0.0835,UConn
121,Alec Oglesby,1.6577,0.0875,1.7452,Middle Tenn.
122,Alec Squires,1.4434,-0.4535,0.9899,South Dakota State
123,Alejandro Aviles,1.4594,-0.8109,0.6485,San Diego
124,Aleks Alston,-0.3454,-1.6536,-1.999,Maryland
125,Aleks Szymczyk,0.7273,-1.3988,-0.6715,CSUN
126,Aleksa Ristic,-0.5469,-0.1707,-0.7176,Indiana
127,Aleksa Vlajic,0.1088,0.1256,0.2344,Buffalo
128,Aleksas Bieliauskas,-0.1124,2.496,2.3836,Wisconsin
129,Aleksej Kostic,-0.3628,0.1781,-0.1848,BYU
130,Alem Fejzic,0.4432,-1.0878,-0.6447,Southern Ind.
131,Alex Bossinakis,0.5642,0.2852,0.8494,UT Arlington
132,Alex Bruskotter,0.3,1.0685,1.3686,Wright State
133,Alex Chaikin,0.9757,0.4566,1.4323,UC San Diego
134,Alex Condon,3.0004,2.5474,5.5478,Florida
135,Alex Crawford,0.3638,-0.9813,-0.6175,Rhode Island
136,Alex Dupre,0.4657,0.2478,0.7135,Portland State
137,Alex Farley,0.05,0.038,0.088,Ball State
138,Alex Garcia,0.0443,-0.0648,-0.0205,Tennessee State
139,Alex Hemenway,0.2899,-0.9546,-0.6647,Evansville
140,Alex Huguet Carrasco,1.0939,-0.5058,0.588,ULM
141,Alex Huibregtse,1.4415,1.6147,3.0562,Bradley
142,Alex Karaban,2.8731,3.5663,6.4394,UConn
143,Alex Kazanecki,-1.0025,1.7437,0.7412,Delaware
144,Alex Koch,0.3688,-0.2153,0.1535,Mercer
145,Alex Kovatchev,0.2987,-0.1749,0.1237,Florida
146,Alex Lloyd,0.2599,-0.5725,-0.3126,Florida
147,Alex Massung,-0.3616,0.2724,-0.0891,Penn
148,Alex McFadden,-0.2499,0.2128,-0.0371,Delaware
149,Alex Molofeev,-0.4162,-2.3025,-2.7187,ULM
150,Alex Olander,0.0636,-0.0703,-0.0068,Elon
151,Alex Steen,-0.447,1.9572,1.5102,Florida State
152,Alex Tsynkevich,0.2649,-1.0133,-0.7484,Hofstra
153,Alex Wilkins,0.5272,1.6656,2.1928,Furman
154,Alex Williams,-0.5846,1.3412,0.7566,Duquesne
155,Alex Woodring,-0.0343,0.0207,-0.0136,Sacred Heart
156,Alexander Daushvili,0.0999,0.1767,0.2766,VMI
157,Alexander Richardson,-0.7488,0.1336,-0.6152,Loyola Chicago
158,Alexis Marmolejos,1.1615,-0.0577,1.1038,Pacific
159,Ali Assran,-0.8452,-0.4249,-1.2701,Cal Poly
160,Ali Dibba,2.8923,1.189,4.0813,Texas A&M
161,Alier Maluk,0.8751,-0.3412,0.534,Florida State
162,Alijah Adem,0.5483,0.1376,0.6859,Bowling Green
163,Alijah Arenas,0.0388,-0.0764,-0.0377,Southern California
164,Aliou Cisse,-0.7949,-0.3849,-1.1798,Merrimack
165,All Wright,-0.7617,2.1498,1.388,Xavier
166,Allen Graves,-0.5071,2.8759,2.3688,Santa Clara
167,Allen Mukeba,2.05,1.6976,3.7476,Arizona State
168,Allen Strothers,1.957,0.5152,2.4723,ETSU
169,Alliou Fall,3.8507,-0.6931,3.1576,Iona
170,Almar Atlason,0.3019,1.8377,2.1396,Miami (OH)
171,Alon Michaeli,-1.1735,1.4306,0.2571,Colorado
172,Alonzo Dodd,1.7105,1.1754,2.886,App State
173,Alton Hamilton,0.3262,2.458,2.7842,Eastern Wash.
174,Alvaro Folgueiras,0.1192,2.9841,3.1033,Iowa
175,Alvin Loving,0.6917,0.4449,1.1366,Yale
176,Aly Khalifa,2.6684,1.1368,3.8052,Louisville
177,Aly Tounkara,2.4478,-0.1483,2.2995,Arkansas State
178,Alyn Breed,1.1095,-0.2473,0.8622,NC State
179,Ama Sow,0.3966,0.2679,0.6645,UT Martin
180,Amadou Doumbia,0.6347,-0.4591,0.1756,N.C. A&T
181,Amael L'Etang,1.7012,1.1141,2.8153,Dayton
182,Amani Hansberry,1.4931,3.4988,4.9919,Virginia Tech
183,Amani Lyles,0.2276,2.9113,3.139,Akron
184,Amar Amkou,-0.1675,1.9215,1.7539,Fla. Atlantic
185,Amar Augillard,-1.836,-0.5077,-2.3437,Milwaukee
186,Amar Kuljuhovic,0.5914,0.4183,1.0097,Missouri State
187,Amar'e Marshall,0.5465,-0.9627,-0.4162,St. Bonaventure
188,Amarco Doyle,0.2845,0.2012,0.4857,New Mexico State
189,Amare Allen,0.248,-3.2169,-2.969,Maine
190,Amare Bynum,1.0811,2.7775,3.8586,Ohio State
191,Amaree Abram,1.7787,-0.2223,1.5564,Tennessee
192,Amaree Brown,-1.8469,-0.2723,-2.1191,Southern Ind.
193,Amari Allen,0.8789,3.2548,4.1337,Alabama
194,Amari Evans,1.6083,0.4324,2.0407,Tennessee
195,Amari Jedkins,-1.1405,0.0189,-1.1215,Montana
196,Amari McCottry,1.7556,1.0789,2.8345,Saint Louis
197,Amari Reed,2.9515,1.1384,4.0899,UT Arlington
198,Amarion Dickerson,0.3825,1.2717,1.6542,Southern California
199,Amarion Nimmers,0.3139,-0.4844,-0.1704,FIU
200,Amarri Monroe,2.6606,0.5029,3.1635,Quinnipiac
201,Amere Brown,-0.6706,-0.3799,-1.0506,Arkansas
202,Amier Ali,0.6686,0.2572,0.9258,Mississippi State
203,Amir Arrington,0.0657,-0.4971,-0.4314,George Washington
204,Amir Jenkins,-1.0007,0.4058,-0.5949,West Virginia
205,Amir Lindsey,-0.8227,-0.6955,-1.5182,UAlbany
206,Amir Taylor,3.2729,1.5241,4.797,Kennesaw St.
207,Amir Williams,0.7747,0.027,0.8018,Hofstra
208,Amire Robinson,1.2113,-1.3572,-0.1459,Nevada
209,Anastasios Rozakeas,-1.1572,-0.8694,-2.0266,Mount St. Mary's
210,Andre Henry,0.3403,0.3816,0.722,UC Irvine
211,Andre Mills,0.9359,2.0206,2.9565,Maryland
212,Andre Washington,0.2781,0.9386,1.2166,Eastern Ill.
213,Andrea Holden,2.2262,-0.9853,1.2408,Wright State
214,Andrej Kostic,-2.131,2.313,0.182,Kansas State
215,Andrej Shoshkikj,1.0097,-0.5514,0.4583,Stony Brook
216,Andrej Stojakovic,0.8234,3.4448,4.2682,Illinois
217,Andrell Burton,0.6446,0.0029,0.6475,South Dakota State
218,Andreo Ash,-0.0645,-0.8069,-0.8715,Canisius
219,Andres Burney,-0.9658,2.1389,1.1731,Ga. Southern
220,Andres Marrero,-0.7253,1.3409,0.6156,Merrimack
221,Andrew Akuchie,0.8212,-2.0941,-1.2729,Rice
222,Andrew Alia,1.0796,-0.0979,0.9817,Drake
223,Andrew Austin,-0.2381,-0.0295,-0.2676,Eastern Ill.
224,Andrew Bailey,-0.0703,-0.1691,-0.2393,Charlotte
225,Andrew Ball,1.0724,1.1195,2.1919,Monmouth
226,Andrew Crawford,0.1499,-0.0482,0.1017,Colorado
227,Andrew Henderson,0.1107,-0.1186,-0.0079,UC Riverside
228,Andrew King,-0.3653,0.806,0.4407,Youngstown State
229,Andrew McKeever,2.5453,1.8254,4.3707,Saint Mary's (CA)
230,Andrew Meadow,-0.0859,2.0316,1.9457,Boise State
231,Andrew Okafor,-0.055,-0.0803,-0.1353,Stony Brook
232,Andrew Osasuyi,1.7624,0.9311,2.6935,St. Bonaventure
233,Andrew Rohde,0.559,2.1081,2.6671,Wisconsin
234,Andrija Bukumirovic,1.7758,1.599,3.3748,UT Martin
235,Andrija Grbovic,0.7009,-0.597,0.1038,Arizona State
236,Andrija Jelavic,0.659,0.0887,0.7477,Kentucky
237,Andrija Vukovic,0.8022,0.1135,0.9157,Oklahoma State
238,Andrin Njock,0.5727,-0.0819,0.4907,App State
239,Andy Johnson,2.3635,0.81,3.1735,UIC
240,Andy Sigiscar,1.9675,-1.9648,0.0027,Tarleton State
241,Andy Stefonowicz,1.6018,1.3446,2.9464,North Dakota State
242,Angelo Brizzi,-1.5049,2.3727,0.8679,Buffalo
243,Angelo Ciaravino,1.2579,2.364,3.6219,Northwestern
244,Angelo Winkel,0.0362,-0.0527,-0.0166,Eastern Wash.
245,Anias Futrell,0.9414,0.5374,1.4788,Lindenwood
246,Annor Boateng,0.6727,0.0005,0.6732,Missouri
247,Anouar Mellouk,-1.3629,1.7693,0.4065,Morehead State
248,Anquan Hill,-0.1688,0.5566,0.3878,Sacred Heart
249,Anson Beard,0.0471,-0.0464,0.0007,Wake Forest
250,Ante Beljan,1.7576,1.0927,2.8503,UIC
251,Anthon McDermott,0.6455,-0.4966,0.1489,Texas
252,Anthony Arrington,1.3543,-1.3245,0.0298,Mount St. Mary's
253,Anthony Benard,-1.9181,0.2052,-1.7129,Canisius
254,Anthony Dell'Orso,1.1712,2.1963,3.3674,Arizona
255,Anthony Doppler,0.0154,-0.1281,-0.1127,North Dakota
256,Anthony Enoh,0.0413,-0.9072,-0.8659,Georgia State
257,Anthony Finkley,0.7346,-0.7691,-0.0346,Saint Joseph's
258,Anthony Isaac,-1.1788,1.2053,0.0265,Manhattan
259,Anthony Johnson,0.1449,0.9014,1.0463,Arizona State
260,Anthony Martinez,0.2503,-0.6186,-0.3684,Monmouth
261,Anthony Nimani,-0.1754,1.8034,1.628,Cornell
262,Anthony Peoples,0.3222,-0.3689,-0.0467,UCLA
263,Anthony Rise,0.1536,-0.2636,-0.11,Iowa State
264,Anthony Robinson,1.9399,-0.366,1.5738,Xavier
265,Anthony Robinson,1.9399,-0.366,1.5738,Missouri
266,Anthony Roy,-0.3473,2.0858,1.7385,Oklahoma State
267,Anthony Smith lll,-0.6011,0.4255,-0.1755,North Dakota
268,Anthony Wrzeszcz,-1.3701,-0.4488,-1.8189,New Mexico State
269,Antoine Lorick,-1.3236,0.9137,-0.4098,Tennessee State
270,Anton Bonke,0.445,2.2724,2.7174,Charlotte
271,Anton Strelnikov,0.5492,0.3871,0.9363,Dartmouth
272,Antoni Siewruk,0.2,0.4011,0.6011,New Hampshire
273,Antoni Vlogianitis,0.011,-0.3736,-0.3626,Marist
274,Antonio Chandler,0.6797,1.5193,2.199,Siena
275,Antonio Chol,-1.1299,3.4321,2.3022,New Mexico
276,Antonio Dorn,0.1269,1.0074,1.1343,Virginia Tech
277,Antwan Burnett,1.0751,-0.4523,0.6228,Missouri State
278,Antwan Wilson,-1.6535,-0.5648,-2.2183,Rider
279,Antwann Jones,0.6163,-0.7653,-0.149,UNC Greensboro
280,Antwaun Massey,-0.2564,-1.1139,-1.3703,Western Ill.
281,Antwone Woolfolk,1.5565,1.9032,3.4597,Miami (OH)
282,Apostolos Roumoglou,2.5999,-0.854,1.7459,Richmond
283,ArDarius Grayson,0.8373,1.9275,2.7648,Weber State
284,Aram Soqui Urbano,-0.687,0.0464,-0.6406,Fresno St.
285,Arden Conyers,-0.4487,0.6513,0.2026,Charlotte
286,Ari Fulton,-0.7032,0.2749,-0.4283,NJIT
287,Ari Gooch,1.7106,0.3477,2.0583,UAB
288,Ariik Mawien,1.0038,1.421,2.4248,Northern Colo.
289,Arlan Masharaliyev,0.1789,-0.0945,0.0844,La Salle
290,Arlandus Keyes,1.3212,0.2114,1.5326,Mount St. Mary's
291,Arman Madi,0.4997,0.2256,0.7253,Sacramento St.
292,Armani Mighty,1.4212,3.5001,4.9213,Mercer
293,Armelo Boone,1.2857,0.9687,2.2544,Western Ky.
294,Armoni Zeigler,0.6445,-0.5152,0.1293,Ball State
295,Arnas Sakenis,3.5802,-0.5766,3.0036,SIUE
296,Arne Osojnik,-1.0712,0.0648,-1.0064,Northern Ariz.
297,Arop Arop,0.1076,-0.534,-0.4265,Memphis
298,Arrinten Page,0.4297,0.796,1.2257,Northwestern
299,Aryan Arora,0.2325,0.5069,0.7394,Manhattan
300,Asa Thomas,0.3263,1.0071,1.3334,Furman
301,Asher Woods,-0.412,-1.3235,-1.7354,Tulane
302,Ashley Sims,-1.1753,-1.3256,-2.5009,Bryant
303,Ashton Hardaway,0.4194,-0.9375,-0.5181,Memphis
304,Ashton Simmons,-0.6256,0.1258,-0.4998,TCU
305,Ashton Smith,-0.603,-0.0124,-0.6154,South Dakota
306,Ashton Walker,1.6003,0.1597,1.76,La Salle
307,Ashton Williamson,2.9246,0.0551,2.9797,FIU
308,Asier Miguel Torrero,0.1268,0.1173,0.2441,Manhattan
309,Asim Jones,-0.3591,-0.3386,-0.6976,Quinnipiac
310,Assane Diop,0.4542,0.1504,0.6046,San Diego
311,Assane Mandian,1.6478,-0.4435,1.2043,UNC Greensboro
312,Assane Mbaye,-0.094,-0.1656,-0.2596,Seton Hall
313,Augustinas Kiudulas,1.6586,0.3478,2.0065,Colorado State
314,Augustine Ekwe,0.9444,1.5812,2.5256,New Mexico State
315,Augusto Cassia,1.7527,2.0831,3.8358,Ole Miss
316,Augustus Gerhart,-1.5183,0.7255,-0.7928,Penn
317,Austin Cross,1.4783,-0.5947,0.8836,Troy
318,Austin Goode,-1.6655,0.9575,-0.7079,Cal Poly
319,Austin Herro,2.7486,1.4631,4.2117,St. Thomas (MN)
320,Austin Hunt,0.9697,0.8275,1.7972,Harvard
321,Austin Maurer,3.5171,0.6586,4.1757,Seattle U
322,Austin Montgomery,-0.2434,-0.0744,-0.3179,Georgetown
323,Austin Nunez,-1.623,-1.8241,-3.4471,UTSA
324,Austin Parks,1.0283,1.4552,2.4835,Toledo
325,Austin Rapp,1.5546,2.3369,3.8915,Wisconsin
326,Austin Swartz,-0.8872,0.4566,-0.4306,Creighton
327,Austin Villarreal,0.4845,0.0466,0.5311,Milwaukee
328,Austin Williford,2.3456,1.0105,3.3561,Saint Joseph's
329,Avery Brown,0.2351,-0.8643,-0.6291,Columbia
330,Avery Thomas,2.0441,0.5885,2.6326,Louisiana Tech
331,Avner Dror,-0.0402,-0.114,-0.1542,Harvard
332,Aydan Clinton,0.0907,-0.0412,0.0495,FIU
333,Ayden Carter,-1.4582,-0.2466,-1.7048,Detroit Mercy
334,Ayden Davis,0.4162,-0.1286,0.2876,Wright State
335,Ayden Evans,0.4473,-0.0158,0.4315,Ohio
336,Ayden Kelley,-0.6222,-0.4668,-1.0889,Arkansas
337,Ayomide Bamisile,-1.4101,-1.4558,-2.866,ULM
338,Ayouba Berthe,0.4944,-1.6093,-1.1149,Georgia State
339,Ayuba Bryant,0.1049,0.2738,0.3786,Temple
340,Azavier Robinson,1.2342,2.6355,3.8697,Butler
341,BJ Davis,3.0626,1.4475,4.5101,San Diego State
342,BJ Davis-Ray,-1.9207,0.6556,-1.2651,SMU
343,BJ Edwards,1.6308,3.1454,4.7761,SMU
344,BJ Fisher,0.3398,-0.5114,-0.1716,California
345,BJ Kolly,1.5882,-2.4545,-0.8663,UC Riverside
346,BJ Ward,0.3126,0.6339,0.9465,Southeast Mo. St.
347,Baba Miller,3.9841,1.7489,5.733,Cincinnati
348,Babacar Mbengue,0.0343,-1.6468,-1.6125,Kansas City
349,Babatunde Durodola,-0.3251,1.6296,1.3046,Temple
350,Baboucarr Njie,0.4834,0.0844,0.5678,UTSA
351,Bahsil Laster,3.3723,0.4072,3.7795,UT Arlington
352,Bailey Nunn,0.3867,1.3138,1.7005,Cal St. Fullerton
353,Bangot Dak,1.7003,2.1269,3.8272,Colorado
354,Baraka Okojie,-0.4677,0.7694,0.3016,Mercer
355,Baron Smith,0.3946,-2.2265,-1.8319,Oral Roberts
356,Barrett Loer,-0.1378,0.2522,0.1145,Rhode Island
357,Barrington Hargress,-0.9506,2.6648,1.7142,Colorado
358,Barry Dunning,-0.3589,0.8206,0.4617,Pittsburgh
359,Barry Evans,1.0298,0.7348,1.7646,VCU
360,Bashir N'Galang,0.3296,-1.7978,-1.4682,Maine
361,Bastien Rieber,0.7071,-1.0317,-0.3246,Fresno St.
362,Bautista Giralt,0.3456,-0.0672,0.2785,UAlbany
363,Baye Fall,-0.2082,-0.1858,-0.394,Rutgers
364,Baye Ndongo,0.3872,0.6525,1.0397,Georgia Tech
365,Belal El Shakery,1.4705,-0.2364,1.2341,New Hampshire
366,Ben Bradford,-0.8198,1.0874,0.2676,Charlotte
367,Ben Brown,-0.1704,-1.0432,-1.2135,Dartmouth
368,Ben Egbo,-0.0395,0.0083,-0.0311,UC Irvine
369,Ben Eisendrath,-0.9147,0.4111,-0.5036,Harvard
370,Ben Ezeagu,0.0764,-0.9088,-0.8324,Southern Ind.
371,Ben Gold,0.0109,0.6044,0.6153,Marquette
372,Ben Hammond,0.9532,1.6703,2.6234,Virginia Tech
373,Ben Humrichous,2.6669,3.5814,6.2483,Illinois
374,Ben Johnson,-1.0177,2.8404,1.8228,Vermont
375,Ben Michaels,-0.4342,-2.6925,-3.1267,Vermont
376,Ben Nacey,-0.2964,-0.0537,-0.3501,Old Dominion
377,Ben Oosterbaan,1.4446,1.5199,2.9646,St. Thomas (MN)
378,Ben Roseborough,1.5861,-0.1642,1.4219,San Jose State
379,Ben Schwieger,2.2467,1.9314,4.1781,UNI
380,Ben Vander Wal,-0.8888,1.5139,0.6252,Furman
381,Ben Waller,-0.4263,-1.049,-1.4752,UC Riverside
382,Ben Wesson,0.2977,-0.1137,0.184,Vermont
383,Ben Woodward,0.0439,-0.3713,-0.3274,George Mason
384,Bencao Vungo,1.9856,-1.1541,0.8316,Jacksonville State
385,Bendji Pierre,0.869,0.3678,1.2368,Mercer
386,Benjamin Ahmed,-0.991,0.9787,-0.0123,Oklahoma State
387,Benjamin Winker,-0.5666,0.1535,-0.4132,Cal St. Fullerton
388,Bennett Stirtz,2.9553,4.5432,7.4985,Iowa
389,Benny Gealer,0.6347,1.7824,2.417,Stanford
390,Bentley Waller,-0.2669,-0.9438,-1.2108,CSU Bakersfield
391,Berke Buyuktuncel,3.2321,0.5082,3.7403,Nebraska
392,Bhan Buom,-0.0633,0.5993,0.536,Boise State
393,Biggie Patterson,0.9314,0.4097,1.3411,Hofstra
394,Biko Johnson,1.0414,0.7877,1.8291,Idaho
395,Billy Rayer,-0.4643,0.117,-0.3473,Saint Joseph's
396,Billy Richmond,2.0176,2.2791,4.2967,Arkansas
397,Billy Smith,-0.484,0.6501,0.1661,Chattanooga
398,Bishop Boswell,0.9786,2.1979,3.1765,Tennessee
399,Blair Thompson,-1.3416,1.1016,-0.2399,Columbia
400,Blaise Keita,1.5363,0.8638,2.4002,Western Ky.
401,Blaize Sagna,0.8472,-0.3425,0.5047,Southeast Mo. St.
402,Blake Barkley,-0.372,1.0218,0.6498,ETSU
403,Blake Buchanan,1.8277,2.5585,4.3862,Iowa State
404,Blake Daberkow,-0.0464,1.2101,1.1636,Idaho State
405,Blake Fagbemi,-0.3696,0.205,-0.1646,Illinois
406,Blake Harper,0.9767,1.2535,2.2302,Creighton
407,Blake Muschalek,-0.1387,0.4289,0.2902,Auburn
408,Blue Cain,0.2862,4.4441,4.7303,Georgia
409,Bobby Durkin,0.4718,0.6242,1.0961,Minnesota
410,Bobby Montgomery,0.3367,-0.385,-0.0483,UTEP
411,Boden Kapke,1.118,-2.1758,-1.0578,Boston College
412,Boden Skunberg,-0.8776,0.5745,-0.3031,Illinois State
413,Bodey Howell,1.0527,-0.6022,0.4505,Rice
414,Bol Agu,-1.0557,-0.041,-1.0968,Saint Peter's
415,Bol Dengdit,1.2246,0.3197,1.5443,UC San Diego
416,Boogie Fland,3.0136,4.7019,7.7155,Florida
417,Boopie Miller,0.9343,4.0994,5.0337,SMU
418,Boston Harker,1.5143,-0.3134,1.2009,Utah Tech
419,Bouna Kebe,1.774,-1.1383,0.6357,Delaware
420,Bourgeois Tshilobo,0.5112,0.0918,0.603,Weber State
421,Bowen Hardman,0.9501,0.1223,1.0724,Akron
422,Bowyn Beatty,0.3644,-0.4158,-0.0514,La Salle
423,Braden Appelhans,1.3606,1.495,2.8555,Drake
424,Braden Frager,1.1859,3.8551,5.041,Nebraska
425,Braden Housley,1.4586,1.3028,2.7614,Utah Valley
426,Braden Huff,2.048,2.196,4.244,Gonzaga
427,Braden Pierce,-1.0522,-1.8025,-2.8547,Villanova
428,Braden Smith,0.6771,6.2226,6.8997,Purdue
429,Braden Sparks,0.8334,1.353,2.1864,Fairfield
430,Bradey Henige,1.9419,0.3033,2.2452,California Baptist
431,Bradley Douglas,-0.5593,0.2248,-0.3345,James Madison
432,Brady Dunlap,2.0473,3.5591,5.6064,Saint Louis
433,Brady Fitzgerald,0.2991,-0.1336,0.1654,Green Bay
434,Brady Ganley,0.3825,0.6075,0.9899,Miami (OH)
435,Brady Kester,0.1063,0.152,0.2584,Liberty
436,Brady Koehler,-0.2762,0.3459,0.0697,Notre Dame
437,Brady Loughlin,0.7615,-0.0327,0.7288,Brown
438,Brady Shoulders,-0.3011,0.1785,-0.1226,Mercer
439,Brady Smith,0.332,-0.1037,0.2282,Weber State
440,Brady Stevens,0.0003,-0.2142,-0.2139,Notre Dame
441,Brady Swartz,-0.3657,0.4175,0.0518,Western Mich.
442,Bradyn Foster,-0.1221,0.118,-0.0041,Penn
443,Bradyn Hubbard,2.6335,0.0997,2.7332,Abilene Christian
444,Braedan Lue,1.1248,1.6342,2.759,Kennesaw St.
445,Braeden Brenn,0.1127,-0.1149,-0.0022,Marquette
446,Braeden Carlsen,1.2073,-0.0892,1.1181,Mercer
447,Braeden Carrington,-1.8808,3.7784,1.8975,Wisconsin
448,Braeden MacVicar,0.7691,-1.4687,-0.6996,Coastal Carolina
449,Braeden Shrewsberry,1.1696,2.3126,3.4823,Notre Dame
450,Braeden Smith,1.6947,1.6976,3.3922,Gonzaga
451,Braelon Green,-0.6653,1.1011,0.4358,Eastern Mich.
452,Brandin Cummings,-1.1871,1.4929,0.3057,Pittsburgh
453,Brandon Baffone,-0.2325,0.3365,0.104,Delaware
454,Brandon Benjamin,-0.866,0.3905,-0.4755,San Diego
455,Brandon Benjamin,-0.866,0.3905,-0.4755,Fairfield
456,Brandon Gardner,1.0007,-0.6824,0.3183,Sacramento St.
457,Brandon Garrison,0.0297,0.9166,0.9463,Kentucky
458,Brandon Hall,0.418,0.5865,1.0045,Duquesne
459,Brandon Jennings,1.6029,2.7384,4.3413,VCU
460,Brandon Klatsky,0.4083,0.2695,0.6778,Georgia
461,Brandon Lee,0.1265,-0.1293,-0.0028,Illinois
462,Brandon Legris,0.1654,-0.199,-0.0336,Merrimack
463,Brandon Lieb,-0.2948,-1.7339,-2.0287,Illinois State
464,Brandon Maclin,1.5029,1.0341,2.537,DePaul
465,Brandon Mitchell-Day,1.491,-0.4535,1.0375,Dartmouth
466,Brandon Muntu,0.2584,-0.7375,-0.4791,Tennessee Tech
467,Brandon Noel,0.3518,0.7943,1.1461,Ohio State
468,Brandon Rechsteiner,-0.3649,3.8177,3.4528,Colorado State
469,Brandon Roy,0.0254,0.2933,0.3187,Washington
470,Brandon Stores,0.0078,-0.2778,-0.27,Georgia Tech
471,Brandon Taylor,0.0671,-0.1417,-0.0747,Texas
472,Brandon Walker,-0.3137,-0.4565,-0.7702,Mississippi State
473,Brandon Williams,-0.9492,0.662,-0.2871,UCLA
474,Branford Edmonds,0.4241,0.189,0.613,VMI
475,Brant Byers,0.3441,3.4315,3.7756,Miami (OH)
476,Braxton Bayless,-0.4575,-1.8358,-2.2933,Little Rock
477,Braxton Jones,-0.3154,-0.95,-1.2653,Southern Ind.
478,Braxton Stacker,3.7922,-0.7303,3.0619,Southeast Mo. St.
479,Braxton Williams,-3.024,0.7484,-2.2756,The Citadel
480,Brayden Barron,0.1036,0.7682,0.8718,Portland State
481,Brayden Burries,3.5933,4.4478,8.0411,Arizona
482,Brayden Crump,1.5599,0.7437,2.3036,ETSU
483,Brayden Fagbemi,1.3982,-0.8707,0.5276,UC Davis
484,Brayden Johnson,0.8708,0.9383,1.8091,Southern Utah
485,Brayden Maldonado,1.5996,0.9601,2.5597,Seattle U
486,Brayden O'Connor,0.6929,-0.2946,0.3983,George Mason
487,Brayden Shorter,-0.093,0.8567,0.7637,Murray State
488,Brayden Young,-0.7184,-0.5532,-1.2716,Loyola Chicago
489,Braylan Ritvo,-0.331,-0.8855,-1.2165,Quinnipiac
490,Braylen Bowman,0.6288,0.2512,0.88,UNC Greensboro
491,Braylen Nash,-0.1145,0.1467,0.0322,Ohio State
492,Braylon Mullins,1.295,1.9599,3.255,UConn
493,Brendan Coyle,0.5956,2.0317,2.6273,Siena
494,Brendan Hausen,-0.3728,2.2425,1.8697,Iowa
495,Brendan Johnson,-0.1766,-0.3364,-0.513,Merrimack
496,Brendan Martin,-1.4361,-0.3974,-1.8335,Air Force
497,Brendan Oliver,-0.5012,-2.5491,-3.0503,Canisius
498,Brendan Rigsbee,-0.9604,-0.3365,-1.2969,Wofford
499,Brendan Terry,0.6608,-0.6192,0.0416,Southeast Mo. St.
500,Brendan Yarusso,0.5174,0.1888,0.7062,Santa Clara
501,Brenden Moss,-0.2459,-0.283,-0.5289,Kent State
502,Brenen Lorient,2.3055,-0.631,1.6745,West Virginia
503,Brennan Peterson,-0.7741,1.5877,0.8137,Northern Ariz.
504,Brennan Ramirez,-0.1764,0.0708,-0.1056,Boise State
505,Brennan Walton,-0.1833,0.0825,-0.1007,Michigan State
506,Brennan Watkins,-1.7851,0.788,-0.9971,Chattanooga
507,Brent Bland,0.9474,-0.2243,0.7231,Saint Peter's
508,Brent Moss,-0.8249,0.1561,-0.6688,UTSA
509,Brenton Knapper,0.9892,1.9241,2.9133,Santa Clara
510,Brett Decker,-0.2856,4.3389,4.0533,Liberty
511,Brett Rumpel,-0.6412,-0.2315,-0.8726,Manhattan
512,Brett White,0.4983,3.1898,3.6881,Oakland
513,Brewer Carruth,-0.2349,-1.5996,-1.8345,Southern Miss.
514,Brian Amuneke,0.6153,-0.7618,-0.1464,Wichita State
515,Brian Griffith,-0.879,0.3782,-0.5008,Niagara
516,Brian Hawthorne,-0.31,0.7236,0.4137,South Alabama
517,Brian Moore,-0.5831,1.7857,1.2026,Grand Canyon
518,Brian Sumpter,-1.4092,0.9469,-0.4622,Wofford
519,Brian Taylor,-0.0111,1.7099,1.6988,ETSU
520,Brigham Rogers,2.6537,1.0871,3.7408,Belmont
521,Brit Burden,-0.1833,-0.0783,-0.2616,Southern California
522,Brit Harris,0.0189,0.5431,0.5621,FIU
523,Britton Berrett,0.7184,2.4509,3.1693,Utah Tech
524,Broc Bidwell,-0.0168,0.6479,0.6311,Campbell
525,Brock Felder,0.4805,0.1305,0.611,Seattle U
526,Brock Harding,2.9048,0.5655,3.4703,TCU
527,Brock Matheny,-0.059,0.2062,0.1472,Davidson
528,Brock Scholl,-0.707,-2.2023,-2.9093,Omaha
529,Brock Vice,0.1235,0.6523,0.7758,Murray State
530,Brock Wisne,1.1948,2.7183,3.9131,Northern Colo.
531,Brody Robinson,-0.9911,2.6303,1.6392,Oakland
532,Brody Rowbury,0.0361,0.3291,0.3652,Idaho
533,Brody Whitaker,1.6369,1.8508,3.4877,Valparaiso
534,Broek Ostrom,0.277,-0.2366,0.0404,St. Bonaventure
535,Brooklyn Hicks,1.0248,0.0485,1.0733,Montana
536,Brooklyn Vick,0.8074,-1.3465,-0.5391,N.C. A&T
537,Bruce Thornton,2.2295,4.7483,6.9777,Ohio State
538,Bruno Alocen,1.1318,0.0689,1.2007,Indiana State
539,Bryan Etumnu,1.5445,-0.1649,1.3797,Wright State
540,Bryan Ndjonga,-0.8559,-1.0959,-1.9517,Canisius
541,Bryant Selebangue,0.8545,0.6475,1.502,Western Ky.
542,Bryce Baker,0.4344,-0.247,0.1875,Col. of Charleston
543,Bryce Cofield,1.6921,1.2157,2.9079,Cal St. Fullerton
544,Bryce Darbyshire,1.9318,-0.2258,1.706,Northern Ky.
545,Bryce Dortch,2.1781,0.5315,2.7096,Rutgers
546,Bryce Eaton,0.1549,0.5271,0.682,Saint Peter's
547,Bryce Ford,-0.0476,2.2087,2.1611,Arizona State
548,Bryce Heard,-0.6098,1.7313,1.1215,Dayton
549,Bryce Hopkins,2.3337,3.3562,5.6898,St. John's (NY)
550,Bryce Lindsay,0.3984,2.701,3.0994,Villanova
551,Bryce Quinet,0.4172,0.1839,0.6011,Evansville
552,Bryce Slay,0.3626,0.1663,0.5289,Marshall
553,Bryce Zephir,1.4785,-0.6113,0.8672,Syracuse
554,Brycen Long,0.4794,0.3735,0.8529,Portland State
555,Bryson Cokley,-0.2412,-1.0242,-1.2655,Elon
556,Bryson Dawkins,1.8001,0.7808,2.5809,Youngstown State
557,Bryson McGlothin,-0.0965,0.0887,-0.0079,Richmond
558,Bryson Ogletree,0.937,-0.002,0.935,N.C. A&T
559,Bryson Spell,-1.2717,0.073,-1.1987,Elon
560,Bryson Tiller,2.4104,1.1586,3.569,Kansas
561,Bryson Tucker,-0.2696,1.2192,0.9496,Washington
562,Bryson Wilson,-2.0426,-2.2016,-4.2442,Binghamton
563,Bubu Benjamin,1.7478,2.8812,4.629,George Washington
564,Bubz Alvarez,-0.7722,0.5545,-0.2177,South Dakota State
565,Buddy Hammer,1.5332,-0.565,0.9681,North Texas
566,Bukky Oboye,-0.0287,0.0498,0.0211,Santa Clara
567,CJ Anthony,1.1673,1.3671,2.5345,Iona
568,CJ Beaumont,0.6019,0.62,1.2219,Sam Houston
569,CJ Brown,1.34,3.3236,4.6636,South Fla.
570,CJ Cox,1.8016,5.6739,7.4754,Purdue
571,CJ Evans,-2.0022,-1.7308,-3.7329,Kansas City
572,CJ Gunn,1.0934,-0.0223,1.0711,DePaul
573,CJ Hall,2.1718,-1.2683,0.9036,SIUE
574,CJ Happy,-0.7575,-0.77,-1.5275,Princeton
575,CJ Hardy,-1.2461,0.6539,-0.5922,CSU Bakersfield
576,CJ Hyland,0.0687,-0.1423,-0.0736,Western Caro.
577,CJ Ingram,-0.3795,-0.2541,-0.6336,Florida
578,CJ Jones,-0.4151,0.3812,-0.0339,Kansas State
579,CJ McPherson,-0.2162,-0.5053,-0.7215,Tennessee Tech
580,CJ O'Hara,0.816,1.0314,1.8475,Green Bay
581,CJ Parker,0.3311,0.0553,0.3863,Old Dominion
582,CJ Shaw,-0.209,1.7902,1.5812,UC Santa Barbara
583,CJ Smith,-0.6157,-0.2032,-0.8189,UTEP
584,CJ Williams,-0.7053,-0.6513,-1.3565,Auburn
585,Cade Bennett,-0.0019,0.1102,0.1083,Saint Mary's (CA)
586,Cade Haskins,1.2027,-0.7275,0.4752,William & Mary
587,Cade Hornecker,0.0075,-0.1581,-0.1506,Abilene Christian
588,Cade Kelderman,-0.3036,0.4333,0.1297,Iowa State
589,Cade Lomas,-0.0789,-0.0324,-0.1113,Ga. Southern
590,Cade Norris,0.7981,0.7578,1.556,Samford
591,Cade Orness,0.1417,-0.2146,-0.0729,Gonzaga
592,Cade Pendleton,-0.1076,0.3309,0.2233,UC San Diego
593,Cade Phillips,1.5403,-0.1503,1.3899,Tennessee
594,Cade Stinnett,0.2728,0.7092,0.9819,Western Ky.
595,Cade Tyson,0.5931,1.8168,2.4098,Minnesota
596,Caden Diggs,1.6903,0.665,2.3553,UMBC
597,Caden Hawkins,0.0653,0.3049,0.3702,Southern Ill.
598,Caden Huttenlocker,-0.0071,-0.0856,-0.0927,Indiana State
599,Caden Powell,2.0555,2.309,4.3645,Baylor
600,Caden Wilkins,0.5884,1.1216,1.71,Green Bay
601,Caedin Hamilton,1.7512,-0.481,1.2702,Marquette
602,Caelum Swanton-Rodger,0.4642,-0.6036,-0.1394,Old Dominion
603,Cahmai Crosby,0.9308,-1.7587,-0.8279,North Texas
604,Cal Conroy,0.1554,-0.4439,-0.2884,Tulsa
605,Cal Furnish,1.5603,-0.8335,0.7268,Oral Roberts
606,Cal Liston,-2.2314,-1.2102,-3.4416,VMI
607,Cale Barclay,-0.1554,-1.4999,-1.6553,Southern Utah
608,Cale Jacobsen,2.4556,-0.0824,2.3732,Nebraska
609,Caleb Blackwell,1.2554,0.0131,1.2685,UTEP
610,Caleb Crawford,1.0687,-1.4169,-0.3482,Maine
611,Caleb Delzell,0.5698,-0.1054,0.4644,South Dakota State
612,Caleb Embeya,0.1792,-0.0865,0.0927,Towson
613,Caleb Foster,1.912,4.201,6.113,Duke
614,Caleb Harrison,0.9843,0.5971,1.5814,Samford
615,Caleb Hollenbeck,-0.4533,2.1946,1.7413,Marshall
616,Caleb Kizer,0.1805,0.3265,0.507,South Dakota
617,Caleb McCarty,-0.2161,-0.52,-0.736,CSU Bakersfield
618,Caleb Middleton,0.1169,1.2105,1.3275,Elon
619,Caleb Pennyfeather,-2.5551,-0.8289,-3.3839,Little Rock
620,Caleb Reese,-0.6308,-0.7755,-1.4063,Loyola Chicago
621,Caleb Sanders,-0.1243,0.675,0.5507,South Fla.
622,Caleb Schoenrock,0.1989,0.2494,0.4483,North Dakota State
623,Caleb Shaw,2.4691,-0.2042,2.2649,Grand Canyon
624,Caleb Smith,-0.7668,-1.7576,-2.5244,Rider
625,Caleb Steger,1.0737,-1.722,-0.6483,Boston College
626,Caleb Van De Griend,0.6008,0.7698,1.3705,Idaho State
627,Caleb Versher,0.1456,-0.3967,-0.2511,San Diego
628,Caleb Walker,-0.4266,-0.973,-1.3996,Air Force
629,Caleb Williams,-1.3414,0.7173,-0.6241,Georgetown
630,Caleb Wilson,1.5041,2.3772,3.8812,North Carolina
631,Callum Richard,0.6805,0.3859,1.0665,Wofford
632,Calum Rutherfurd,-0.2442,-0.0571,-0.3013,Montana State
633,Calvin Russell,-0.0738,-0.0094,-0.0833,Syracuse
634,Cam Campbell,0.0475,-0.2182,-0.1707,ULM
635,Cam Carroll,-0.0296,1.5208,1.4912,Rice
636,Cam Denson,0.4241,-2.6389,-2.2148,Ball State
637,Cam Estevez,-1.2567,-0.1454,-1.4021,Fairfield
638,Cam Gregory,-0.2075,1.0808,0.8733,Campbell
639,Cam Haffner,-0.999,-0.2102,-1.2093,Western Ky.
640,Cam Hutson,0.7348,0.0333,0.768,Saint Louis
641,Cam Lawin,-0.0928,-0.0802,-0.173,San Diego State
642,Cam Manyawu,2.9737,1.4653,4.439,Iowa
643,Cam McDowell,1.5869,1.1003,2.6873,Tarleton State
644,Cam Miles,-0.6225,-0.3762,-0.9987,Florida State
645,Cam Morris,1.7058,1.6758,3.3816,ETSU
646,Cam Polak,0.1134,0.1132,0.2266,Youngstown State
647,Cam Thomas,0.1155,0.2775,0.3931,Tarleton State
648,Cam Thrower,1.4788,0.7766,2.2554,Penn
649,Cam Wallace,-0.5265,0.3075,-0.2191,Temple
650,Cam Wilds,1.4609,-0.3788,1.0821,Robert Morris
651,Camden Heide,-0.6224,1.6764,1.054,Texas
652,Camden Karel,0.5615,0.6781,1.2395,Bowling Green
653,Camden Webster,-0.1093,0.0144,-0.0949,Valparaiso
654,Cameron Barnes,0.8949,1.0796,1.9745,Illinois State
655,Cameron Boone,-1.0468,-1.3326,-2.3794,Missouri State
656,Cameron Boozer,4.3126,5.9174,10.23,Duke
657,Cameron Carr,1.5597,5.2548,6.8145,Baylor
658,Cameron Corhen,0.6677,1.3108,1.9785,Pittsburgh
659,Cameron Crawford,0.6246,1.6051,2.2297,Duquesne
660,Cameron Faas,1.7378,0.2045,1.9422,Fresno St.
661,Cameron Fens,0.254,0.5843,0.8383,South Dakota
662,Cameron Grant,0.6071,0.5768,1.1838,Stanford
663,Cameron Hiatt,0.9149,1.4232,2.3381,Dartmouth
664,Cameron Jackson,0.9688,-0.3448,0.624,UT Arlington
665,Cameron McNamee,0.1337,-0.7588,-0.6251,Dartmouth
666,Cameron O'Kelley,0.277,0.8118,1.0888,App State
667,Cameron Piggee,-0.4263,0.2627,-0.1636,NJIT
668,Cameron Sheffield,0.2152,0.2431,0.4582,Duke
669,Cameron Simpson,0.1215,0.2439,0.3654,Texas State
670,Cameron Wallace,0.8412,1.5475,2.3888,Little Rock
671,Cameron Ward,1.176,2.6193,3.7953,Michigan State
672,Cameron Williams,-1.2119,-0.3949,-1.6068,Portland
673,Camp Wagner,-0.2877,-0.2949,-0.5826,Indiana State
674,Campbell Duncan,0.1493,-0.1652,-0.0158,Tennessee
675,Cannon Richards,0.0271,-0.2587,-0.2317,Wofford
676,Cardell Bailey,0.0408,-0.9899,-0.949,Southern Ind.
677,Carey Booth,-0.5204,3.1455,2.6251,Colorado State
678,Carl Daughtery,1.1596,0.7347,1.8943,UC Davis
679,Carlos Coronado,-0.6132,0.2188,-0.3944,NIU
680,Carlos Harris,-0.061,0.1453,0.0843,UIC
681,Carlos Hart,1.9008,-0.1283,1.7725,Eastern Mich.
682,Carlous Williams,0.9239,0.9703,1.8941,Tennessee State
683,Carlsheon Young,-0.1936,-0.1087,-0.3023,Pacific
684,Carmelo Pacheco,0.1129,1.9975,2.1104,UCF
685,Carson Cooper,2.3192,0.5738,2.8931,Michigan State
686,Carson Johnson,-2.275,4.2283,1.9533,Denver
687,Carson Smith,0.7642,-0.3663,0.3979,North Dakota State
688,Carson Towt,-0.2381,0.5619,0.3238,Notre Dame
689,Carson Vis,-1.0698,0.3824,-0.6874,Western Mich.
690,Carter Bjerke,2.7863,3.7188,6.5052,St. Thomas (MN)
691,Carter Hopoi,1.2589,1.4613,2.7202,Valparaiso
692,Carter Kingsbury,-2.1012,-0.6417,-2.743,The Citadel
693,Carter Lang,-0.1591,-0.1286,-0.2877,Virginia
694,Carter Welling,1.5875,-0.7302,0.8573,Clemson
695,Casey O'Malley,0.1127,-0.1149,-0.0022,Marquette
696,Casey Simmons,1.9556,1.8289,3.7845,Yale
697,Cash McSweeney,0.5508,0.2304,0.7812,Princeton
698,Casmir Chavis,2.2382,-0.2112,2.027,UT Arlington
699,Casper Pohto,0.3946,0.2344,0.629,St. John's (NY)
700,Cassius Bonjasky,-1.2808,0.0568,-1.224,The Citadel
701,Cassius Brooks,-0.5986,-1.337,-1.9356,UTEP
702,Cavan Reilly,-0.2469,-0.3379,-0.5848,Delaware
703,Cavin Holden,1.0654,-0.175,0.8903,Montana State
704,Cayden Boozer,2.5883,3.8722,6.4605,Duke
705,Cayden Charles,-0.1055,2.3203,2.2148,St. Bonaventure
706,Cayden Gehlhausen,0.1451,-0.472,-0.3269,Southern Ind.
707,Cayden Vasko,-0.7464,2.3849,1.6384,Wofford
708,Cayden Ward,-2.3622,1.1306,-1.2316,Cal Poly
709,Cbo Newton,-0.3578,0.7521,0.3942,Abilene Christian
710,Cedric Lath,0.9652,0.3663,1.3315,Houston
711,Chace Watley,-1.0865,-1.3157,-2.4022,Wofford
712,Chad Baker-Mazara,2.2021,2.1819,4.384,Southern California
713,Chad Moodie,0.1433,-2.2124,-2.0691,App State
714,Chadlyn Traylor,1.0688,-0.4538,0.615,Col. of Charleston
715,Chance Mallory,1.7747,4.025,5.7997,Virginia
716,Chance Moore,-0.9194,0.6493,-0.2701,West Virginia
717,Chance Puryear,-0.6745,0.2954,-0.3791,SMU
718,Chance Trujillo,-0.2719,0.9631,0.6912,Utah Tech
719,Chance Westry,1.1291,2.5791,3.7083,UAB
720,Chancellor White,0.1766,0.9277,1.1044,Northern Colo.
721,Chandler Bing,-1.2497,1.9628,0.7131,Vanderbilt
722,Chandler Cuthrell,0.0729,0.9942,1.0672,Elon
723,Chandler Jackson,1.0302,3.2749,4.3051,Milwaukee
724,Chandler Jackson,1.0302,3.2749,4.3051,Arkansas State
725,Chandler Pigge,1.7455,0.8583,2.6039,Harvard
726,Chane Bynum,0.1823,0.3702,0.5526,UNC Greensboro
727,Chansey Willis,1.0656,-0.686,0.3796,Minnesota
728,Charles Bediako,-0.8884,0.418,-0.4704,Alabama
729,Charles Chukwu,1.1078,-0.1687,0.939,Portland State
730,Charles Dunlap,0.1769,-0.1195,0.0574,Coastal Carolina
731,Charles Johnston,3.0019,1.9406,4.9424,Furman
732,Charles Outlaw,-0.17,-0.3878,-0.5578,Massachusetts
733,Charles Stone,-0.2463,-0.1678,-0.4141,Kennesaw St.
734,Charlie Dortch,0.0019,0.5229,0.5248,Colorado State
735,Charlie May,-0.194,0.0243,-0.1697,Michigan
736,Charlie OSullivan,0.284,1.2607,1.5448,Brown
737,Chas Kelley,-0.4949,0.6017,0.1069,Georgia Tech
738,Chase Cormier,0.26,-0.9016,-0.6416,Iona
739,Chase Courbat,1.6531,-0.0635,1.5896,UNI
740,Chase Dawson,-1.2312,-0.251,-1.4821,Morehead State
741,Chase Forte,1.0208,0.4215,1.4423,Boston College
742,Chase Henderson,0.1299,-0.9066,-0.7767,Montana
743,Chase Lowe,0.9123,2.2595,3.1717,William & Mary
744,Chase Martin,0.802,-0.9513,-0.1492,Oral Roberts
745,Chase McCarty,2.5045,0.4753,2.9798,Houston
746,Chase McKey,0.2834,-0.3941,-0.1107,Western Caro.
747,Chase Rawlins,0.3669,0.0747,0.4415,UC Davis
748,Chase Ross,1.3497,-0.2263,1.1234,Marquette
749,Chase Thompson,2.1041,0.4751,2.5793,Clemson
750,Chase Walker,2.6508,2.4969,5.1477,Illinois State
751,Chase Williams,0.1689,-0.5803,-0.4114,The Citadel
752,Chauncey Wiggins,0.8622,0.856,1.7182,Florida State
753,Chaze Harris,1.2601,2.0519,3.312,South Alabama
754,Cheikh Ndiaye,0.2002,0.0717,0.2719,Sam Houston
755,Cheikh Sow,0.9732,1.2754,2.2487,Idaho State
756,Chendall Weaver,-1.0141,4.3714,3.3573,Texas
757,Chevalier Emery,-3.7634,2.1768,-1.5865,Cleveland State
758,Chiante Tramble,0.886,0.0113,0.8973,Southern Miss.
759,Chike Ndefo,1.9193,-0.2727,1.6466,Towson
760,Chisom Okpara,0.8847,0.6901,1.5748,Stanford
761,Chol Machot,0.5448,0.0292,0.574,Col. of Charleston
762,Chris Bell,0.4658,1.2924,1.7581,California
763,Chris Catchings,0.2754,-0.074,0.2015,Air Force
764,Chris Cenac,3.6822,3.1041,6.7863,Houston
765,Chris Davis,1.3008,1.0362,2.337,Col. of Charleston
766,Chris Dockery,-1.8324,0.1377,-1.6948,Kansas City
767,Chris Fields,1.6984,0.1763,1.8747,Campbell
768,Chris Hodges,2.1055,0.8831,2.9886,Montana State
769,Chris Howell,0.8123,0.3426,1.1549,New Mexico
770,Chris Johnson,-0.3845,1.4113,1.0268,UCF
771,Chris Komin,-1.4736,0.8393,-0.6343,Northern Ariz.
772,Chris Kumu,-0.714,-2.0738,-2.7878,Canisius
773,Chris Loofe,1.4035,0.0619,1.4654,Middle Tenn.
774,Chris Lotito,-0.0806,0.0612,-0.0194,Penn State
775,Chris McDermott,-0.4943,0.8116,0.3173,Texas A&M
776,Chris Morgan,0.0132,-2.1743,-2.1612,Purdue Fort Wayne
777,Chris Mpaka,-0.3034,-0.5115,-0.815,Tarleton State
778,Chris Riddle,0.1317,0.3925,0.5242,Toledo
779,Chris Terrell,0.508,0.6098,1.1177,New Mexico State
780,Chris Torres,-0.2969,-0.2519,-0.5488,Siena
781,Christ Essandoko,1.3146,-0.6182,0.6965,South Carolina
782,Christian Alston,-0.0482,-2.9019,-2.9501,Abilene Christian
783,Christian Anderson,1.483,4.2249,5.708,Texas Tech
784,Christian Beam,0.5874,-1.9432,-1.3558,Georgia State
785,Christian Bliss,-0.6263,-0.4036,-1.0299,Delaware
786,Christian Brown,-0.7401,-0.1611,-0.9011,James Madison
787,Christian Coleman,0.2503,3.2439,3.4942,Oklahoma State
788,Christian Dedivanaj,0.4055,-0.0543,0.3512,Bowling Green
789,Christian Fermin,-0.0585,-0.1219,-0.1804,VCU
790,Christian Gurdak,3.3242,-0.2346,3.0896,Virginia Tech
791,Christian Hammond,1.6825,2.0591,3.7415,Santa Clara
792,Christian Harmon,1.1297,2.5582,3.6879,Arkansas State
793,Christian Henry,2.0277,0.0371,2.0649,Fordham
794,Christian Horry,0.0657,-0.305,-0.2393,UCLA
795,Christian Hughes,-0.8294,0.1808,-0.6486,Little Rock
796,Christian Jeffrey,0.7407,0.7867,1.5274,Villanova
797,Christian Jones,-0.0259,0.5927,0.5669,George Washington
798,Christian Jones,-0.0259,0.5927,0.5669,Long Beach State
799,Christian Jones,-0.0259,0.5927,0.5669,Siena
800,Christian King,0.2425,1.0639,1.3063,Montana State
801,Christian Landry,-0.1244,0.0476,-0.0768,Louisiana
802,Christian May,-1.0098,0.563,-0.4468,UNCW
803,Christian Moore,-1.374,0.6635,-0.7105,The Citadel
804,Christian Reeves,0.8624,0.4971,1.3595,Col. of Charleston
805,Christian Richardson,2.0966,1.351,3.4477,Omaha
806,Christian Villegas,0.4098,0.2022,0.612,New Mexico State
807,Christian Watson,-0.4924,-0.2731,-0.7655,Hampton
808,Christian Williams,0.0003,-0.0217,-0.0214,Cal St. Fullerton
809,Christoph Tilly,1.1085,3.1865,4.2949,Ohio State
810,Christopher Baudreau,-0.027,-0.4615,-0.4885,Nevada
811,Christopher Cox,-0.1048,0.0004,-0.1045,UC San Diego
812,Christopher Jones,0.3114,-1.1279,-0.8165,Georgia State
813,Christopher Nwuli,0.3735,0.645,1.0185,Rutgers
814,Christopher Skenderi,0.2736,0.238,0.5116,Quinnipiac
815,Chuck Bailey,0.8797,1.4329,2.3125,Nevada
816,Chuck Love,-1.2567,0.7489,-0.5078,Loyola Chicago
817,Chudi Dioramma,0.281,0.5989,0.8799,Arkansas State
818,Chuks Isitua,0.0546,-0.1331,-0.0785,Southern Utah
819,Cian Medley,1.0992,2.9904,4.0897,Kent State
820,Clarence Massamba,0.6595,0.4868,1.1464,Tennessee
821,Clayton Jackson,3.1437,-0.3961,2.7476,Lindenwood
822,Clayton Parker,-0.4618,-0.7334,-1.1952,Morehead State
823,Cliff Davis,0.5158,2.6716,3.1874,James Madison
824,Clinton Efinda,-1.1639,1.3629,0.199,UNC Greensboro
825,Clyde Bailey,1.4711,1.2838,2.7549,UNC Greensboro
826,Cobi Campbell,-0.2064,1.3237,1.1173,Troy
827,Coen Carr,1.2309,3.2262,4.4572,Michigan State
828,Colby Duggan,0.1489,1.3677,1.5166,Col. of Charleston
829,Colby Garland,-0.1049,1.4835,1.3786,San Jose State
830,Cole Andrews-Heitz,0.2291,0.0416,0.2707,Rice
831,Cole Bott,0.5421,-0.3544,0.1877,Texas
832,Cole Bowser,-0.2057,1.1415,0.9357,Furman
833,Cole Certa,-0.3545,2.7292,2.3747,Notre Dame
834,Cole Farrell,-0.5443,-1.5627,-2.1069,Long Beach State
835,Cole Franklin,0.6058,-0.5827,0.0231,North Texas
836,Cole Hargrove,-0.0962,-0.3666,-0.4628,Providence
837,Cole Kirouac,0.2001,-0.4696,-0.2695,Georgia Tech
838,Cole McCabe,-0.8151,-2.2705,-3.0856,Rider
839,Cole Pepe,-0.3256,-0.2604,-0.586,Grand Canyon
840,Cole Scherer,-0.4798,0.9878,0.508,Eastern Wash.
841,Cole Sherman,0.1313,0.1055,0.2368,Louisville
842,Coleson Messer,0.3982,-0.0222,0.376,Vanderbilt
843,Colin Ayers,-0.4194,0.1137,-0.3057,Tennessee Tech
844,Colin Ndaw,0.636,0.1737,0.8097,William & Mary
845,Colin Porter,0.0151,2.2995,2.3146,Liberty
846,Colin Smith,1.5429,1.6901,3.233,UC Santa Barbara
847,Colin Walton,-0.2388,0.1352,-0.1036,Michigan State
848,Colin White,-0.1315,0.343,0.2115,Ohio State
849,Collin Chandler,-0.3312,3.0197,2.6885,Kentucky
850,Collin Metcalf,0.5373,-0.5637,-0.0264,Maryland
851,Collin Mulholland,-1.175,0.3867,-0.7883,Chattanooga
852,Collin O'Connor,1.4998,-0.0806,1.4191,Stony Brook
853,Collin O'Neal,-0.5065,-0.2914,-0.7978,Furman
854,Collin Tanner,-1.0561,0.8377,-0.2184,Richmond
855,Collins Onyejiaka,-0.1554,-0.3676,-0.523,Alabama
856,Colt Langdon,-0.1625,-0.3091,-0.4716,NC State
857,Colt Ness,0.705,-0.1704,0.5346,Portland State
858,Comeh Emuobor,-0.8072,0.3697,-0.4374,New Hampshire
859,Conner Groce,0.8429,-0.2748,0.5681,Akron
860,Connor Amundsen,-1.5958,0.5537,-1.0421,Dartmouth
861,Connor Dick,0.9708,-2.1067,-1.1359,Montana
862,Connor Dow,-1.1932,0.8377,-0.3555,Oral Roberts
863,Connor Essegian,0.713,0.7254,1.4385,Nebraska
864,Connor Gal,-0.0191,0.0382,0.0191,Temple
865,Connor Hickman,-0.468,0.6723,0.2043,Col. of Charleston
866,Connor Hollenbeck,-2.0848,0.1521,-1.9326,Idaho State
867,Connor Horan,-0.0278,-0.2262,-0.254,Iona
868,Connor Igoe,1.2546,1.9323,3.1869,Columbia
869,Connor Loy,1.4846,0.0739,1.5585,Jacksonville State
870,Connor Martin,0.0474,-0.0787,-0.0313,Coastal Carolina
871,Connor Serven,1.5296,1.3059,2.8355,Mercer
872,Connor Sevilla,-1.5145,0.9172,-0.5973,UC Davis
873,Connor Turnbull,1.6901,-0.6541,1.036,Evansville
874,Conor Enright,0.5727,2.5361,3.1088,Indiana
875,Cooper Bean,-0.0169,-0.3825,-0.3994,Indiana State
876,Cooper Bowser,-0.4502,0.4835,0.0332,Furman
877,Cooper Campbell,0.3098,3.3899,3.6998,Troy
878,Cooper Haynes,0.7083,-0.3082,0.4002,Belmont
879,Cooper Jones,0.6461,0.072,0.7181,Old Dominion
880,Cooper Josefsberg,-0.1187,0.0785,-0.0402,Florida
881,Cooper Koch,0.9131,2.2954,3.2085,Iowa
882,Cooper Mueller,0.0682,0.0744,0.1425,Princeton
883,Cooper Nadler,-0.11,-0.4245,-0.5346,Siena
884,Cooper Noard,-2.2933,2.2864,-0.0068,Cornell
885,Cooper Schwieger,-0.4645,1.5977,1.1332,Wake Forest
886,Cooper Smith,-1.0618,-1.6519,-2.7137,LMU (CA)
887,Cooper Smith,-1.0618,-1.6519,-2.7137,Eastern Mich.
888,Corbin Green,0.0819,-0.3058,-0.2239,Troy
889,Corbin Zentner,-0.0661,1.5341,1.468,Cornell
890,Cord Stansberry,-0.1903,0.4094,0.2191,Western Caro.
891,Corentin Efono,-0.0582,-0.2497,-0.3079,SIUE
892,Corey Boston,-0.0412,0.2412,0.2,IU Indy
893,Corey Brown,-0.0344,-0.2701,-0.3045,Samford
894,Corey Camper,1.1165,2.6842,3.8006,Nevada
895,Corey Caulker,-0.1132,0.4032,0.29,East Carolina
896,Corey Chest,2.4146,0.2335,2.648,Ole Miss
897,Corey Floyd,-0.8461,3.0696,2.2235,Providence
898,Corey Hadnot,1.0566,1.0111,2.0676,Purdue Fort Wayne
899,Corey Miller,0.7346,-0.5098,0.2248,Monmouth
900,Corey Stephenson,0.9435,3.0061,3.9496,FIU
901,Corey Thomas,2.0263,1.4377,3.4641,Bradley
902,Corey Washington,-0.1694,4.2338,4.0644,SMU
903,Corleone Dandridge,0.1944,-0.0413,0.153,Denver
904,Cornelius Robinson,-0.6196,-0.2456,-0.8652,Monmouth
905,Cougar Downing,0.2917,0.6071,0.8988,UMBC
906,Courtland Muldrew,0.066,1.0052,1.0712,Washington
907,Courtney Anderson,1.1159,0.6424,1.7583,Montana
908,Courtney Wallace,0.3473,0.9797,1.3271,Yale
909,Cris Carroll,1.4182,0.52,1.9383,Youngstown State
910,Cruz Davis,0.6418,1.7755,2.4173,Hofstra
911,Curt Lewis,0.6169,0.7702,1.3871,Southern Miss.
912,Curtis Givens,-1.5478,0.4893,-1.0585,Memphis
913,Curtis Stinson,1.5194,-0.8174,0.702,North Texas
914,Curtis Williams,-0.4208,1.7483,1.3275,Tulane
915,Cyr Malonga,1.8164,-1.4584,0.358,New Mexico State
916,Cyril Arvanitis,0.514,0.1079,0.622,Robert Morris
917,Cyril Franklin,-0.1843,0.2822,0.0979,UC Davis
918,D'Andre Harrison,1.3114,-0.2601,1.0513,Kansas City
919,DJ Armstrong,2.7203,0.0342,2.7546,UMBC
920,DJ Dormu,-1.06,-1.5519,-2.6119,Tarleton State
921,DJ Dudley,0.8081,0.4937,1.3018,Louisiana Tech
922,DJ Hall,0.2843,1.642,1.9264,Texas State
923,DJ Nix,-1.1245,0.6385,-0.486,Cornell
924,DJ Smith,0.6071,1.2772,1.8843,Campbell
925,DJ Stickman,0.9994,0.4253,1.4246,Fresno St.
926,DJ Thomas,-0.1694,0.5689,0.3995,West Virginia
927,DJ Wagner,-0.004,3.041,3.037,Arkansas
928,DaJohn Craig,0.3422,0.687,1.0292,Coastal Carolina
929,DaMaryon Fishburn,-1.0113,1.0114,0.0001,Cornell
930,Daemar Kelly,-2.7954,-2.173,-4.9684,NIU
931,Dai Dai Ames,1.7259,1.9255,3.6514,California
932,Dailin Smith,-2.1034,-0.9788,-3.0822,CSU Bakersfield
933,Dailyn Swain,1.1187,3.1223,4.241,Texas
934,Daimion Collins,0.9747,0.6612,1.6359,South Fla.
935,Dalen Davis,0.2959,-0.0696,0.2263,Princeton
936,Dallas Hobbs,-0.6438,-0.6591,-1.3029,Rice
937,Dallas Thomas,0.379,1.2531,1.6322,Clemson
938,Dallas Washington,-0.8872,-2.4555,-3.3427,Long Beach State
939,Dallin Grant,0.3136,0.2736,0.5872,Utah Tech
940,Dallin Hall,3.2155,3.0736,6.2891,Virginia
941,Dalton Scantlebury,2.102,0.4636,2.5656,Penn
942,Dalyn Brandon,0.166,-0.3361,-0.1701,Southern Miss.
943,Damarco Minor,1.843,1.3062,3.1492,Pittsburgh
944,Damari Wheeler-Thomas,0.3242,1.3889,1.7131,North Dakota State
945,Damarion Dennis,-0.4133,2.9508,2.5376,Wyoming
946,Damarius Owens,0.5185,-0.2547,0.2638,Marquette
947,Dame Sarr,4.9398,1.9203,6.8601,Duke
948,Damien King,2.4728,-0.3575,2.1153,UT Martin
949,Damien Mayo,1.4866,2.9621,4.4487,Southern Ill.
950,Damion Porter,1.0235,-1.8931,-0.8697,Tarleton State
951,Damon Friery,-0.3014,-0.2473,-0.5487,Dayton
952,Damon Howard,0.3449,0.1035,0.4483,Tennessee State
953,Damon Nicholas,3.7123,1.8463,5.5586,Sam Houston
954,Damon Strand,0.2159,-0.4213,-0.2054,La Salle
955,Damon Wilkinson,-0.8354,1.4783,0.6429,South Dakota State
956,Damone King,-0.7967,-1.4309,-2.2276,Rhode Island
957,Damoni Harrison,-1.2445,2.0888,0.8443,Charlotte
958,Dan Gherezgher,-1.448,1.2667,-0.1813,Northern Ky.
959,Dan Skillings,0.6535,3.1128,3.7664,Baylor
960,Dani Pounds,0.7197,0.9437,1.6634,Tennessee Tech
961,Daniel Akitoby,-0.7324,0.0501,-0.6823,UTSA
962,Daniel Akoue,0.4894,0.4322,0.9216,Bryant
963,Daniel Egbuniwe,-0.8512,0.0462,-0.805,St. Bonaventure
964,Daniel Freitag,-0.0157,2.7483,2.7326,Buffalo
965,Daniel Guetta,0.1221,-0.6371,-0.515,Oklahoma State
966,Daniel Hankins-Sanford,-0.3508,0.7677,0.4168,Massachusetts
967,Daniel Helterhoff,-1.6974,-0.126,-1.8234,Rider
968,Daniel Jacobsen,-0.3614,0.291,-0.0704,Purdue
969,Daniel Johnson,1.2341,0.4553,1.6893,Hampton
970,Daniel Marcellinus,0.1557,-0.2134,-0.0577,Campbell
971,Daniel Ogunyemi,0.5658,1.3789,1.9447,Yale
972,Daniel Rivera,1.0504,-0.1746,0.8758,UAB
973,Daniel Shao,-0.0885,-0.01,-0.0985,Buffalo
974,Daniel Tobiloba,0.511,0.3574,0.8684,UC Riverside
975,Daniil Glazkov,0.6481,-0.695,-0.0469,Loyola Chicago
976,Danilo Dozic,-1.2924,0.1194,-1.173,Pepperdine
977,Danilo Jovanovich,-0.0391,1.1232,1.084,Milwaukee
978,Danny Carbuccia,-0.9973,1.3179,0.3206,Massachusetts
979,Danny Murray,-0.11,-0.48,-0.59,Siena
980,Danny Stephens,-2.0095,-2.4776,-4.4871,Western Ill.
981,Dante Allen,1.569,0.1406,1.7096,Miami (FL)
982,Dante Censori-Hercules,0.6386,0.9533,1.5919,Portland
983,Dante Harris,-0.0574,2.8481,2.7906,Tennessee State
984,Dante Kearse,-1.2176,0.7293,-0.4883,The Citadel
985,Daquan Davis,0.5326,-0.1239,0.4087,Providence
986,Dario Domingos,0.876,0.8615,1.7376,Utah Tech
987,Darius Acuff,0.3436,4.0326,4.3762,Arkansas
988,Darius Adams,-0.288,-0.7541,-1.0421,Maryland
989,Darius Duffy,-0.8062,0.9086,0.1024,Purdue Fort Wayne
990,Darius Livingston,0.6667,0.0916,0.7583,Robert Morris
991,Darius Robinson,0.8291,0.6132,1.4423,SIUE
992,Darius Washington,0.9929,1.0903,2.0832,Kennesaw St.
993,Dariyus Woodson,-1.1826,-2.8893,-4.0719,Louisiana
994,Darnez Slater,-0.3462,0.7861,0.4399,Colorado State
995,Darrae Goodwin,1.5665,-0.7797,0.7869,San Diego
996,Darren Buchanan,-0.9668,0.842,-0.1249,Rutgers
997,Darren Harris,1.1388,0.279,1.4177,Duke
998,Darrion Baker,-0.3963,-0.4974,-0.8937,SIUE
999,Darrion Sutton,-0.4975,0.2298,-0.2678,Missouri State
1000,Darrion Williams,0.4565,1.8927,2.3492,NC State
1001,Darryl Simmons,-0.0213,2.5423,2.521,St. Bonaventure
1002,Darryn Peterson,1.6151,0.2985,1.9135,Kansas
1003,Dasear Haskins,1.9668,2.0376,4.0044,Saint Joseph's
1004,Dashon Gittens,-0.4782,2.6137,2.1355,Sacred Heart
1005,Dasonte Bowen,0.6287,1.6167,2.2454,St. Bonaventure
1006,Davi Remagen,1.014,0.2071,1.2212,Georgia Tech
1007,Davian Brown,1.7313,1.1768,2.9081,Montana State
1008,David Bolden,-0.6835,-1.1921,-1.8757,NJIT
1009,David Castillo,0.5267,0.0839,0.6106,Kansas State
1010,David Coit,-2.3938,0.8847,-1.5091,Maryland
1011,David Dixon,0.2953,0.6569,0.9523,Duquesne
1012,David Douglas,-0.0413,-0.3894,-0.4307,Fresno St.
1013,David Fuchs,-0.8002,-0.3177,-1.1179,San Francisco
1014,David Gabriel,-0.094,-0.1656,-0.2596,Seton Hall
1015,David Giddens,0.059,0.0721,0.1311,Cleveland State
1016,David Gomez,0.0848,0.0042,0.089,Charlotte
1017,David Green,1.6476,3.6046,5.2522,Tulsa
1018,David Hansen,0.9704,0.0279,0.9982,Weber State
1019,David Idada,1.9423,0.257,2.1993,Southeast Mo. St.
1020,David Mager,-0.6748,0.2965,-0.3783,Pepperdine
1021,David Mirkovic,1.4702,4.1802,5.6504,Illinois
1022,David Punch,3.0714,0.8287,3.9001,TCU
1023,David Rochester,2.3881,-0.7222,1.6659,Brown
1024,David Simon,0.9072,0.3991,1.3064,Vermont
1025,David Terrell,1.7225,0.9947,2.7172,North Texas
1026,David Thomas,1.4107,0.8221,2.2328,Richmond
1027,David Tubek,0.4765,-0.5568,-0.0803,UTEP
1028,Davide Poser,-1.4837,-0.9378,-2.4215,New Hampshire
1029,Davion Bradford,-0.6677,-0.7657,-1.4334,Tulane
1030,Davion Cunningham,-0.3906,0.4713,0.0806,Morehead State
1031,Davion Hannah,1.8744,1.1042,2.9786,Alabama
1032,Davion Hill,0.1328,1.0322,1.165,Ball State
1033,Davion Sykes,3.2893,0.1616,3.4509,Southern Ill.
1034,Davis Bynum,-1.5436,-1.0716,-2.6152,Rider
1035,Davis Fogle,2.3393,2.6284,4.9678,Gonzaga
1036,Davis Miller,0.0648,-0.0036,0.0612,Wofford
1037,Davis White,-1.6801,-1.4617,-3.1418,Cal St. Fullerton
1038,Davius Loury,1.6215,-1.0292,0.5924,CSUN
1039,Dawson Baker,0.1439,0.274,0.4179,BYU
1040,Day Day Thomas,3.2472,1.6776,4.9248,Cincinnati
1041,Dayan Nessah,-0.3745,2.141,1.7665,Cleveland State
1042,Dayjaun Anderson,2.3262,0.4507,2.7769,UAB
1043,Daylon Dickerson,-0.6773,-0.2828,-0.9601,UMBC
1044,Dayton Forsythe,0.3553,0.6265,0.9818,Oklahoma
1045,De'Shayne Montgomery,3.3815,2.1285,5.5101,Dayton
1046,De'Undrae Perteete,-0.467,1.3355,0.8686,UC Riverside
1047,De'Vion Lavergne,0.7006,0.1145,0.8151,Louisiana
1048,DeAndre Craig,-1.1254,2.4079,1.2825,Purdue Fort Wayne
1049,DeJour Reaves,1.4759,0.1401,1.616,Fordham
1050,DeJuan Campbell,0.4089,-1.2417,-0.8329,California
1051,DeMarco Johnson,-0.9069,1.6297,0.7228,Elon
1052,DeSean Goode,2.0503,3.5322,5.5825,Robert Morris
1053,DeShawn Gory,-0.5451,0.5877,0.0426,Fresno St.
1054,DeShawn Harris-Smith,0.3472,-0.0124,0.3348,Georgetown
1055,DeWayne Brown,1.5399,1.0576,2.5975,Tennessee
1056,Deandre Jones,0.2559,0.026,0.2819,Kent State
1057,Deangelo Elisee,-0.0436,0.706,0.6623,Purdue Fort Wayne
1058,Declan Cutler,0.779,-0.4736,0.3054,Weber State
1059,Declan Duru,1.4088,0.2057,1.6144,Texas
1060,Declan Peterson,0.7176,-0.7055,0.0121,Western Mich.
1061,Declan Wucherpfennig,1.1832,1.0533,2.2364,Fairfield
1062,Dedan Thomas,1.7634,2.4095,4.1729,LSU
1063,Deke Thompson,-0.0142,-0.0898,-0.104,Texas State
1064,Dellquan Warren,0.6116,-0.4304,0.1812,Mississippi State
1065,Delrecco Gillespie,0.2561,2.8122,3.0683,Kent State
1066,Demarion Burch,0.3364,-0.8412,-0.5048,Bradley
1067,Demarion Watson,2.3667,-0.8991,1.4676,North Texas
1068,Demetrius Lilley,-1.1869,-2.0325,-3.2194,Binghamton
1069,Demitri Gardner,-0.4372,1.5301,1.0929,East Carolina
1070,Denham Wojcik,-0.5906,0.5888,-0.0018,Michigan State
1071,Denis Badalau,-0.4388,-0.5552,-0.994,Rutgers
1072,Dennis Evans,0.9892,-0.0073,0.9819,Grand Canyon
1073,Denver Anglin,0.1288,-0.062,0.0669,Iona
1074,Denzel Aberdeen,2.447,2.857,5.3039,Kentucky
1075,Denzel Hines,-0.0969,0.3191,0.2222,UC Riverside
1076,Derek Dixon,-0.1463,2.3971,2.2507,North Carolina
1077,Derek Simpson,1.5614,-0.3322,1.2292,Saint Joseph's
1078,Derek Vorst,-0.7545,-1.0515,-1.806,Indiana State
1079,Derin Saran,3.1836,-0.7414,2.4422,UC Irvine
1080,Derrian Ford,-0.7544,2.295,1.5406,Temple
1081,Derrick Anderson,0.3254,0.555,0.8804,Youngstown State
1082,Derrick Green,-1.5292,0.972,-0.5572,Coastal Carolina
1083,Derrick Michael Xzavierro,0.019,-1.3356,-1.3166,Long Beach State
1084,Derrick Talton,1.0615,0.3479,1.4094,Buffalo
1085,Derrion Reid,-0.634,1.5327,0.8987,Oklahoma
1086,Desmond Claude,0.4044,1.163,1.5674,Washington
1087,Desmond Roberts,-0.0392,-0.2377,-0.2768,Virginia
1088,Deuce Jones,-1.2628,-0.3426,-1.6054,Saint Joseph's
1089,Deuce Turner,-1.5123,-0.2516,-1.7638,Fairfield
1090,Devan Cambridge,0.2855,2.0612,2.3467,UCF
1091,Devean Williams,0.6482,-0.9329,-0.2847,Rider
1092,Devin Askew,2.1225,0.2891,2.4116,Villanova
1093,Devin Booker,-0.3857,-0.5941,-0.9798,George Mason
1094,Devin Brown,1.9858,-1.0669,0.9189,Davidson
1095,Devin Carney,0.228,0.0391,0.267,Denver
1096,Devin Ceaser,0.3321,-0.5527,-0.2206,UMBC
1097,Devin Curtis,-0.4985,-0.6246,-1.1231,Southern Ind.
1098,Devin Dinkins,-1.9296,-0.2652,-2.1948,Manhattan
1099,Devin Haid,0.2462,1.5599,1.8061,South Fla.
1100,Devin McGlockton,1.9886,2.0415,4.0302,Vanderbilt
1101,Devin Royal,0.5863,2.3138,2.9002,Ohio State
1102,Devin Tillis,0.4766,1.784,2.2606,Virginia
1103,Devin Vanterpool,1.5617,1.6837,3.2453,Fla. Atlantic
1104,Devin Williams,1.1291,-0.6789,0.4502,Fla. Atlantic
1105,Devon Arlington,-1.851,-0.479,-2.33,Yale
1106,Devon Barnes,0.898,0.6213,1.5193,Ball State
1107,Devon Malcolm,0.9963,-0.6991,0.2972,California Baptist
1108,Devon Pryor,-0.3031,-1.0997,-1.4028,Oregon
1109,Deyton Albury,0.6651,1.17,1.8351,New Mexico
1110,Deywilk Tavarez,0.6707,0.5376,1.2083,Loyola Chicago
1111,Dez White,-1.8951,0.8653,-1.0298,Oregon State
1112,Dezayne Mingo,0.31,2.8522,3.1622,Charlotte
1113,Dezdrick Lindsay,1.7229,1.918,3.6408,Oregon
1114,Dezmon Briscoe,0.7821,-2.1864,-1.4043,Kent State
1115,Dhiaukuei Manyiel Dut,0.7466,-0.3765,0.3701,California
1116,Didier Maleng,0.832,0.8652,1.6971,Denver
1117,Diego Campisano,-1.9011,0.9926,-0.9085,Northern Ariz.
1118,Dietrich Richardson,0.7202,-0.7672,-0.0469,Bradley
1119,Dillan Shaw,2.2168,2.5961,4.8129,Saint Mary's (CA)
1120,Dillon Battie,1.5342,-0.5467,0.9876,Wichita State
1121,Dillon Hunter,2.2428,0.8107,3.0535,Clemson
1122,Dillon Mitchell,3.2853,2.4425,5.7277,St. John's (NY)
1123,Dillon Tingler,2.5754,0.9357,3.5111,Drexel
1124,Dimitri Clerc,0.256,-1.1163,-0.8602,Massachusetts
1125,Dimitrije Vukicevic,-0.1439,-1.1584,-1.3023,UC San Diego
1126,Dimp Pernell,0.7407,0.8729,1.6136,Texas State
1127,Dio Blakely,-0.0582,-0.0892,-0.1475,Washington State
1128,Dion Brown,2.2407,1.662,3.9027,Saint Louis
1129,Dior Conners,-0.5911,0.2202,-0.3709,Ohio
1130,Dior Johnson,-0.4656,3.0039,2.5382,Tarleton State
1131,Divine Ugochukwu,1.0251,0.4856,1.5107,Michigan State
1132,Djahi Binet,2.0422,-1.0552,0.9869,Southern Miss.
1133,Djordje Curcic,0.9684,0.1547,1.1231,Col. of Charleston
1134,Dok Muordar,1.3493,-0.1321,1.2172,Monmouth
1135,Dola Adebayo,0.2632,1.9719,2.2351,George Mason
1136,Dom Aekins,-0.9713,-0.5677,-1.5389,Duquesne
1137,Domas Kauzonas,-1.6383,-1.4677,-3.1059,UNC Greensboro
1138,Dominic Pangonis,0.9061,2.4043,3.3104,Wright State
1139,Dominic Parolin,1.1619,2.0183,3.1802,Boise State
1140,Dominick Harris,-0.5719,-0.3495,-0.9213,Loyola Chicago
1141,Dominick Nelson,-0.3155,1.2162,0.9008,Iowa State
1142,Dominick Stewart,-0.9902,1.0914,0.1012,Penn State
1143,Dominique Daniels,1.1673,1.8657,3.033,California Baptist
1144,Dominique Diomande,1.8359,-0.1223,1.7136,BYU
1145,Dominique Ford,0.3938,0.6811,1.0749,San Diego
1146,Dominykas Butka,1.6774,0.315,1.9924,Campbell
1147,Dominykas Pleta,1.5089,1.7719,3.2809,Iowa State
1148,Don McHenry,-0.998,2.4722,1.4742,Utah
1149,Donald Hand,1.1013,-1.4084,-0.3072,Boston College
1150,Donald Whitehead,-0.5724,0.8464,0.274,UNC Greensboro
1151,Donavin Young,-0.268,0.094,-0.174,Stanford
1152,Donnie Freeman,0.9869,1.3134,2.3003,Syracuse
1153,Donovan Atwell,1.7473,4.4408,6.1881,Texas Tech
1154,Donovan Brown,0.0799,-0.5514,-0.4715,Massachusetts
1155,Donovan Dent,0.4791,2.811,3.2901,UCLA
1156,Donovan Oday,1.5626,3.9712,5.5339,Northern Ky.
1157,Donovan Rakotonanahary,0.105,0.166,0.2711,Northern Ky.
1158,Donovan Raymond,-0.2943,-1.788,-2.0823,Old Dominion
1159,Dontrell Hewlett,-0.4154,-0.645,-1.0604,Green Bay
1160,Dontrez Williams,1.0124,-0.4323,0.5801,Lindenwood
1161,Dorian Finister,-1.1665,0.1403,-1.0261,Louisiana
1162,Dorian Hayes,-2.3562,-1.8345,-4.1908,UTSA
1163,Dorin Buca,2.7266,-1.1408,1.5858,Kansas State
1164,Doryan Onwuchekwa,-0.1345,0.0561,-0.0785,Tulsa
1165,Douglas Langford,-0.3382,0.7323,0.3942,San Jose State
1166,Dovydas Butka,-0.09,0.7616,0.6715,Campbell
1167,Dozie Onyirimba,0.0395,-0.1528,-0.1134,Kennesaw St.
1168,Dra Gibbs-Lawhorn,-0.5419,1.6073,1.0654,UNLV
1169,Dragos Lungu,0.6922,0.2049,0.8971,UT Martin
1170,Drake Allen,0.7041,4.4738,5.1779,Utah State
1171,Drake Cardwell,-0.3112,0.2202,-0.0909,Auburn
1172,Drayton Jones,2.7505,1.1467,3.8972,Butler
1173,Dre Bullock,1.6471,1.2218,2.8689,Hawaii
1174,Dre Kindell,0.9933,1.3726,2.3659,Wichita State
1175,Drew Bessette,0.0242,-0.0774,-0.0533,Vermont
1176,Drew Carter,-0.334,-0.8164,-1.1504,Oregon
1177,Drew Fielder,0.4161,1.6352,2.0513,Boise State
1178,Drew Fuquay,-1.1408,0.7855,-0.3553,Marshall
1179,Drew Grimes,-0.6211,0.4001,-0.2209,Liberty
1180,Drew Hollifield,-0.2153,-0.215,-0.4303,Western Caro.
1181,Drew Huffman,-0.0862,0.3844,0.2982,Kent State
1182,Drew Kania,1.0012,0.0972,1.0985,Brown
1183,Drew Larson,-0.6821,-1.8012,-2.4833,Niagara
1184,Drew McElroy,-0.0885,-0.3784,-0.4669,TCU
1185,Drew McKenna,0.5897,-0.9621,-0.3724,Old Dominion
1186,Drew Perry,0.1562,-0.0344,0.1218,Baylor
1187,Drew Scharnowski,-0.8315,1.2463,0.4147,Belmont
1188,Drew Snively,-0.144,-0.2072,-0.3511,Indiana
1189,Drew Steffe,3.1765,0.1702,3.3467,Southern Ill.
1190,Drissa Traore,-0.3483,-3.2932,-3.6415,Rhode Island
1191,Duce Paschal,1.6096,0.3945,2.0041,Weber State
1192,Dug McDaniel,0.3232,0.8079,1.1311,Memphis
1193,Duke Brennan,3.3332,2.4511,5.7843,Villanova
1194,Duke Miles,2.5049,3.722,6.227,Vanderbilt
1195,Duncan Powell,-1.7775,0.0976,-1.6799,Providence
1196,Dusty Stromer,1.3608,-0.5641,0.7968,Grand Canyon
1197,Dutch Dowdell,0.1746,-0.3463,-0.1717,Harvard
1198,Dwayne Aristode,3.0443,2.0571,5.1013,Arizona
1199,Dwayne Koroma,1.3593,-0.3864,0.9729,UConn
1200,Dwayne Pierce,-1.654,-1.3359,-2.9899,N.C. A&T
1201,Dwayne Williams,-0.2517,-0.3892,-0.6408,Ga. Southern
1202,Dwayne Wimbley,0.8529,-1.0602,-0.2074,Massachusetts
1203,Dylan Anderson,0.2441,-0.1374,0.1066,Murray State
1204,Dylan Andrews,-0.9685,2.3535,1.385,Boise State
1205,Dylan Arnett,0.7593,-1.0604,-0.3011,North Texas
1206,Dylan Brumfield,0.5612,1.3522,1.9134,Southern Miss.
1207,Dylan Darling,4.5074,0.5303,5.0377,St. John's (NY)
1208,Dylan Diaz,0.4295,0.3662,0.7957,ULM
1209,Dylan Ducommun,0.8236,-2.2951,-1.4715,NIU
1210,Dylan Faulkner,0.109,3.5109,3.6199,Samford
1211,Dylan Godfrey,-0.7948,0.0132,-0.7816,UC Riverside
1212,Dylan Grant,0.4018,0.4558,0.8576,Rutgers
1213,Dylan James,0.7634,-0.461,0.3024,Georgia
1214,Dylan Jones,-2.5471,0.7388,-1.8084,Southern Utah
1215,Dylan Lakatos,0.0499,0.2547,0.3045,Kent State
1216,Dylan Purnell,-0.7285,-0.7026,-1.4311,CSU Bakersfield
1217,Dylan Saunders,0.721,-0.2432,0.4778,New Hampshire
1218,Dylan Veillette,1.4716,-1.013,0.4586,Merrimack
1219,Dylan Williams,-0.0747,0.3172,0.2426,Penn
1220,Dylan Williamson,1.4701,1.2586,2.7286,Towson
1221,EJ Horton,0.4216,-0.4102,0.0115,North Texas
1222,EJ Mosley,0.7237,-0.0011,0.7226,Purdue Fort Wayne
1223,EJ Neal,-0.0973,-0.583,-0.6803,Southern California
1224,EJ Paymon,-0.1169,-0.2212,-0.3381,Southern Miss.
1225,EJ Ryans,-0.573,1.4884,0.9154,Western Mich.
1226,EJ Spillman,-0.5306,-0.3386,-0.8692,UC Riverside
1227,EJ Walker,-0.4401,-0.7047,-1.1448,South Carolina
1228,Easton Foster,0.8459,0.1747,1.0206,Ball State
1229,Ebrahim Kaba,0.5335,1.8678,2.4013,Purdue Fort Wayne
1230,Ebuka Okorie,1.9353,3.6764,5.6118,Stanford
1231,Eddie Cooke,-0.1446,0.2946,0.1501,Robert Morris
1232,Eddie Ricks,-0.4365,-0.2224,-0.6589,James Madison
1233,Eddrin Bronson,1.447,-0.655,0.792,Furman
1234,Eduardo Klafke,0.3229,1.5588,1.8817,Ole Miss
1235,Edwin Bai,0.0817,0.0796,0.1613,Columbia
1236,Edwin Daniel,1.5564,-0.7697,0.7867,La Salle
1237,Edwin Suarez,-0.8634,1.0815,0.218,Weber State
1238,Eemeli Yalaho,-1.9682,2.0158,0.0476,Washington State
1239,Efe Demirel,1.0575,-0.2195,0.838,Grand Canyon
1240,Efe Vatan,0.0019,-0.2852,-0.2833,Oregon
1241,Efeosa Oliogu-Elabor,-0.077,-0.4474,-0.5244,Butler
1242,Efrem Johnson,1.3686,0.907,2.2756,Clemson
1243,Egan Shields,0.8205,0.7191,1.5396,Northern Colo.
1244,Ege Demir,0.227,-0.2183,0.0086,Oregon
1245,Eian Elmer,1.8652,2.7237,4.5888,Miami (OH)
1246,Eli Beard,-0.7204,-0.3259,-1.0463,Drexel
1247,Eli DeLaurier,0.9045,-1.0314,-0.1269,East Carolina
1248,Eli Ellis,-0.429,2.3724,1.9434,South Carolina
1249,Eli King,0.8773,2.1383,3.0156,North Dakota
1250,Eli Rice,0.7392,0.629,1.3682,Penn State
1251,Eli Robinson,-1.3812,-4.3398,-5.721,Air Force
1252,Eli Shetlar,1.7228,2.6851,4.4079,Drake
1253,Eli Sparkman,-0.0731,0.208,0.1349,South Carolina
1254,Eli Wilborn,0.281,-0.2422,0.0388,James Madison
1255,Eli Yofan,0.1369,0.6674,0.8043,Miami (OH)
1256,Elias Ralph,0.8345,1.2046,2.0391,Pacific
1257,Elias Rapieque,0.3333,1.4626,1.7959,Kansas State
1258,Elijah Chol,2.2695,2.1542,4.4237,UC Irvine
1259,Elijah Crawford,2.5469,2.2506,4.7974,UIC
1260,Elijah Davis,-0.9174,-0.9947,-1.9121,North Carolina
1261,Elijah Duval,-1.3826,0.0086,-1.3739,Southern Utah
1262,Elijah Elliott,0.8022,0.9264,1.7286,New Mexico State
1263,Elijah Elliott,0.8022,0.9264,1.7286,Ohio
1264,Elijah Espinosa,-0.0995,-0.317,-0.4165,Mount St. Mary's
1265,Elijah Fisher,3.2598,-0.774,2.4857,Seton Hall
1266,Elijah Gertrude,0.2357,0.1661,0.4018,Virginia
1267,Elijah Hulsewe,-0.3961,-1.3007,-1.6968,UCF
1268,Elijah Jones,-0.0958,2.3188,2.223,UTEP
1269,Elijah Kennedy,3.2008,0.7008,3.9017,Hampton
1270,Elijah Lewis,1.7867,-0.2399,1.5468,Marist
1271,Elijah Mahi,1.4412,3.7961,5.2373,Santa Clara
1272,Elijah Malone,0.5897,0.5846,1.1742,Colorado
1273,Elijah Moore,-0.0059,0.1226,0.1168,Utah
1274,Elijah Perkins,1.6971,-0.6012,1.0958,Saint Peter's
1275,Elijah Perryman,1.6184,-0.241,1.3774,Utah State
1276,Elijah Price,2.3963,1.7685,4.1649,Nevada
1277,Elijah Saunders,-0.7225,0.2104,-0.5121,Maryland
1278,Elijah Strong,-0.8052,1.5954,0.7902,South Carolina
1279,Elijah Thomas,-1.1537,-0.1598,-1.3135,Eastern Wash.
1280,Elliot Cadeau,2.2213,4.0974,6.3187,Michigan
1281,Elliot Lowndes,-1.1551,0.3081,-0.847,Southeast Mo. St.
1282,Elliott Taite,0.4703,0.0162,0.4865,Air Force
1283,Elmarko Jackson,0.3104,1.8975,2.208,Kansas
1284,Elmir Dzafic,-0.9844,-0.4485,-1.4329,Arkansas
1285,Elmore James,0.3122,-2.8698,-2.5576,Ball State
1286,Elyjah Freeman,1.4799,2.3045,3.7845,Auburn
1287,Elzie Harrington,1.8096,0.497,2.3065,San Diego State
1288,Emanuel Prospere,1.5152,2.2014,3.7166,UC San Diego
1289,Emanuel Sharp,4.4057,2.7323,7.138,Houston
1290,Emeka Opurum,0.4691,0.5824,1.0515,Auburn
1291,Emil Skytta,1.843,1.2741,3.1171,North Dakota State
1292,Emmanuel Callas,0.389,-4.3093,-3.9204,San Diego
1293,Emmanuel Clarton,1.0126,-0.4513,0.5613,Troy
1294,Emmanuel Innocenti,3.777,2.1356,5.9126,Gonzaga
1295,Emmanuel Kanga,0.995,1.0142,2.0092,George Mason
1296,Emmanuel Manyuon,0.8515,0.2557,1.1072,Pacific
1297,Emmanuel Ogbole,-0.6755,-0.7387,-1.4142,Rutgers
1298,Emmanuel Okorafor,0.2963,-1.0247,-0.7283,Wichita State
1299,Emmanuel Stephen,0.8375,-1.9252,-1.0877,UNLV
1300,Emmanuel Ugbo,-0.9394,-1.0481,-1.9876,Washington State
1301,Emmett Marquardt,-1.945,1.0297,-0.9152,Eastern Wash.
1302,Emmitt Byther,0.5801,-0.2209,0.3592,Maine
1303,Emondrek Erkins-Ford,-0.5466,1.8569,1.3103,Jacksonville State
1304,Enel St Bernard,2.1387,0.956,3.0947,Indiana State
1305,Enoch Kalambay,0.2125,-1.1954,-0.9829,Campbell
1306,Eoin Dillon,0.0219,3.1943,3.2162,Belmont
1307,Eren Banks,1.7839,1.054,2.838,App State
1308,Eren Karakaya,-0.1542,0.3442,0.1899,San Jose State
1309,Erez Poran,0.0423,0.4898,0.532,Northern Ariz.
1310,Eric Acker,-0.1807,0.4683,0.2876,La Salle
1311,Eric Brown,0.1126,0.0947,0.2074,Cal Poly
1312,Eric Chatfield,-0.9801,-0.1524,-1.1325,Georgia Tech
1313,Eric Dailey,0.247,3.0365,3.2835,UCLA
1314,Eric Dibami,2.0864,-0.7133,1.373,FIU
1315,Eric Freeny,1.9024,0.5394,2.4418,UCLA
1316,Eric Holland,-0.4324,-0.2114,-0.6438,Kennesaw St.
1317,Eric Mahaffey,2.1567,3.98,6.1367,Akron
1318,Eric Mejia,-0.5103,-0.1642,-0.6745,Fairfield
1319,Eric Morgan,-0.5598,0.4911,-0.0687,Saint Peter's
1320,Eric Mulder,-0.4401,-0.1252,-0.5653,Iowa State
1321,Eric Reibe,-0.1277,1.0893,0.9616,UConn
1322,Erich Harding,-0.315,-1.3077,-1.6227,Marshall
1323,Erik Oliver-Bush,0.5553,-1.3012,-0.7459,Manhattan
1324,Erik Pratt,-0.7393,1.1978,0.4586,Stony Brook
1325,Ernest Shelton,-0.6852,0.452,-0.2332,Merrimack
1326,Ernest Udeh,1.4564,2.1047,3.5611,Miami (FL)
1327,Esyah Pippa-White,0.4039,1.2736,1.6774,Milwaukee
1328,Eternity Eguagie,0.2193,0.2602,0.4795,Rice
1329,Ethan Anish,0.2749,-0.2742,0.0008,Duquesne
1330,Ethan Burg,2.7121,0.8396,3.5516,Tennessee
1331,Ethan Butler,-0.3053,-0.2399,-0.5453,Charlotte
1332,Ethan Croley,-0.5328,-0.5019,-1.0347,Nevada
1333,Ethan Elliott,1.9672,0.121,2.0882,Northern Ky.
1334,Ethan Greenberg,-0.7343,-0.8798,-1.6141,Air Force
1335,Ethan Kitch,-0.1363,0.0821,-0.0542,Stanford
1336,Ethan Kizer,-0.4816,0.0479,-0.4337,South Dakota
1337,Ethan Lathan,-0.2156,0.3798,0.1641,Boise State
1338,Ethan McComb,0.0325,0.2297,0.2622,Butler
1339,Ethan Potter,-0.1304,1.5333,1.4029,Utah Tech
1340,Ethan Roberts,0.4173,1.9024,2.3197,Penn
1341,Ethan Simmon,0.2218,-1.029,-0.8072,Stony Brook
1342,Ethan Wright,0.0221,0.3202,0.3423,Miami (OH)
1343,Ethane Bourgade,0.6939,0.223,0.9169,Bryant
1344,Etienne Strothers,0.345,1.4856,1.8306,Hampton
1345,Eunique Rink,-1.7414,-2.1297,-3.8712,Hampton
1346,Evan Anderson,-0.0683,0.1371,0.0689,South Dakota
1347,Evan Boisdur,-0.5367,-1.1964,-1.733,Grand Canyon
1348,Evan Chatman,1.8936,-0.8963,0.9974,UAB
1349,Evan Cochran,0.231,-0.0022,0.2287,Rice
1350,Evan Dickey,-0.0339,0.0942,0.0603,Dayton
1351,Evan Griffin,1.3633,-0.8733,0.4901,Troy
1352,Evan Haywood,-0.3315,-0.2587,-0.5902,Butler
1353,Evan Ipsaro,1.3996,0.554,1.9536,Miami (OH)
1354,Evan Mahaffey,2.2869,4.1533,6.4402,Akron
1355,Evan Nelson,-0.0078,1.1492,1.1414,Arizona
1356,Evan Otten,-1.1461,0.8866,-0.2594,Idaho State
1357,Evan Smith,-0.1924,0.3513,0.1589,North Carolina
1358,Evan Stinson,0.0352,-0.3439,-0.3087,Stanford
1359,Evan van der Plas,-0.6471,-1.4042,-2.0513,Canisius
1360,Evans Kipruto,2.6837,0.211,2.8947,UC Santa Barbara
1361,Ewan Steele,0.4636,1.2097,1.6733,Idaho
1362,Eyal Harel,0.1663,0.3307,0.4969,Pacific
1363,Eze Wali,-0.021,-2.0062,-2.0272,The Citadel
1364,Ezra Ausar,0.6285,0.8602,1.4887,Southern California
1365,Ezra McKenna,-0.2188,0.1492,-0.0696,Buffalo
1366,Fabian Flores,2.1556,-0.7458,1.4098,DePaul
1367,Faizon Fields,0.8234,-0.7627,0.0607,Milwaukee
1368,Fallou Diagne,-0.0878,-1.1902,-1.278,Southern Miss.
1369,Fallou Gueye,0.2532,0.1579,0.411,Sacred Heart
1370,Fatt Hill,0.1626,0.2225,0.3851,George Mason
1371,"Fawaz ""Tacko"" Ifaola",0.7299,0.3961,1.126,Colorado
1372,Federiko Federiko,0.9808,1.3258,2.3066,Texas A&M
1373,Fedor Zugic,-0.4216,-0.8256,-1.2472,Creighton
1374,Felipe Patino,0.7608,-0.8434,-0.0826,Southern Miss.
1375,Felix Kossaras,-0.3382,2.2829,1.9447,Colorado
1376,Felix Okpara,0.7804,1.308,2.0884,Tennessee
1377,Filip Borovicanin,-0.217,2.9646,2.7476,Xavier
1378,Filip Jovic,0.7085,2.632,3.3404,Auburn
1379,Filip Petkovski,1.5102,-0.2542,1.2559,UT Martin
1380,Filip Radakovic,2.5405,1.2674,3.8079,UT Martin
1381,Finley Bizjack,-0.1575,2.1066,1.9491,Butler
1382,Finley Woodward,-1.9861,2.364,0.3778,IU Indy
1383,Finn Lally,-0.2309,1.2652,1.0343,William & Mary
1384,Fischer Brown,1.0591,1.1614,2.2205,Western Caro.
1385,Flash Burton,-2.5207,-1.3736,-3.8943,Rider
1386,Fletcher Loyer,3.851,5.1483,8.9993,Purdue
1387,Flory Bidunga,5.1181,3.9284,9.0465,Kansas
1388,Foster Wonders,-2.1075,-0.9889,-3.0964,Cleveland State
1389,Fotis Konstantinidis,-0.3215,0.0466,-0.2749,St. John's (NY)
1390,Francis Chukwudebelu,0.8081,1.2644,2.0725,Santa Clara
1391,Francis Folefac,1.5609,-0.4342,1.1266,Siena
1392,Francis Okwuosah,-0.0531,-0.1314,-0.1844,Western Ill.
1393,Franck Emmou,0.1633,2.9246,3.0879,Texas State
1394,Franck Kepnang,2.2635,1.4292,3.6927,Washington
1395,Frank Mitchell,-0.1669,1.6847,1.5178,St. Bonaventure
1396,Frankie Collins,1.0125,-0.2248,0.7877,Vanderbilt
1397,Frankie Mannino,1.4552,0.4411,1.8963,Harvard
1398,Frankie Vassalluzzo,-0.1481,-0.1407,-0.2887,Bryant
1399,Frankquon Sherman,0.7743,0.8873,1.6616,Kennesaw St.
1400,Fraser Roxburgh,-1.6695,0.6919,-0.9776,Manhattan
1401,Fred Payne,1.1675,0.1772,1.3447,Boston College
1402,Freddie Dilione V,-0.772,0.8351,0.0631,Penn State
1403,Freddy Hicks,0.776,1.8447,2.6207,Tarleton State
1404,Fredrick King,-0.8932,3.2536,2.3603,Murray State
1405,Fredy-Salam Sylla,0.1311,0.8707,1.0017,Arkansas State
1406,Gabe Cupps,0.719,1.2107,1.9298,Ohio State
1407,Gabe Dynes,1.5302,-0.11,1.4203,Southern California
1408,Gabe Hernandez,0.7265,0.2901,1.0167,The Citadel
1409,Gabe Newhof,0.2264,1.0539,1.2803,James Madison
1410,Gabe Oldham,-0.5978,1.696,1.0982,Denver
1411,Gabe Pickens,2.0367,-0.6254,1.4113,New Mexico State
1412,Gabe Sisk,1.3885,-0.668,0.7204,ETSU
1413,Gabe Stewart,-1.1491,-0.4424,-1.5915,IU Indy
1414,Gael Dalmau Torresola,0.1463,0.8605,1.0068,Niagara
1415,Garfield Turner,2.3455,0.3089,2.6544,Drexel
1416,Garrett Anderson,-0.3968,-0.3389,-0.7356,North Dakota
1417,Garrett Johnson,-1.8832,3.2188,1.3355,George Washington
1418,Garrett Nuckolls,0.5401,1.3687,1.9088,Portland
1419,Garrett Sever,0.0019,0.5879,0.5898,IU Indy
1420,Garrett Spielman,0.1867,-0.3384,-0.1517,Wyoming
1421,Garrett Sundra,3.1631,0.0151,3.1782,Notre Dame
1422,Garry Clark,2.4903,2.3596,4.85,Utah State
1423,Gasper Kocevar,0.5284,-0.9338,-0.4054,Fresno St.
1424,Gavin Doty,1.0522,-0.2177,0.8344,Siena
1425,Gavin Gores,0.481,1.5014,1.9824,Wyoming
1426,Gavin Griffiths,1.5211,0.1742,1.6953,Temple
1427,Gavin Hightower,1.1404,0.0391,1.1795,South Fla.
1428,Gavin Paull,0.1493,-0.1652,-0.0158,Tennessee
1429,Gavin Ripp,-0.3085,2.0136,1.7052,San Diego
1430,Gavin Sykes,0.4334,0.5321,0.9655,Long Beach State
1431,Gavin Walsh,1.868,2.4476,4.3157,UNCW
1432,Geon Hutchins,1.3853,0.0252,1.4105,UNI
1433,George Beale,-0.9746,0.4655,-0.5091,UCF
1434,George Marshall,-1.1086,1.761,0.6524,Morehead State
1435,George Natsvlishvili,-1.6858,-0.2941,-1.9799,North Dakota
1436,George Perkins,0.0827,0.0982,0.1809,Rice
1437,George Tupy,0.189,-0.1516,0.0374,LMU (CA)
1438,George Turkson,-0.9796,0.6304,-0.3492,Maryland
1439,Gerard O'Keefe,-0.1339,1.6914,1.5575,Columbia
1440,German Plotnikov,0.9509,1.8371,2.788,Hofstra
1441,Gevonte Ware,-0.3959,-0.2701,-0.6661,Rutgers
1442,Gianni Cobb,0.9604,-0.3422,0.6182,NIU
1443,Giannos Xanthopoulos,0.9272,-0.7931,0.1341,New Hampshire
1444,Gicarri Harris,-0.1345,-1.0496,-1.1841,Purdue
1445,Gio Sanford,-0.4555,-0.6341,-1.0896,Bryant
1446,Gioacchino Panzini,-0.9037,1.8048,0.9011,Cornell
1447,Giovanni Emejuru,-0.4445,-0.4336,-0.8782,East Carolina
1448,Goanar Biliew,-0.5875,-2.1676,-2.7551,Western Ill.
1449,Godslove Nwabude,0.6984,0.3827,1.0811,Eastern Mich.
1450,Godswill Erheriene,0.358,-0.9707,-0.6128,Seton Hall
1451,Grady Lewis,-2.1289,0.6818,-1.4472,CSUN
1452,Grady Whitt,0.0798,-0.3013,-0.2215,UNCW
1453,Graham Ike,2.4117,3.4334,5.8451,Gonzaga
1454,Grant Clayton,0.098,0.2735,0.3715,App State
1455,Grant Darbyshire,0.167,-0.3143,-0.1473,Cincinnati
1456,Grant Hurst,0.1493,-0.1652,-0.0158,Tennessee
1457,Grant Kepley,0.8604,0.1215,0.9819,Montana
1458,Grant Moore,0.0359,0.0542,0.0901,Marshall
1459,Grant Newell,1.3632,1.013,2.3762,Western Ky.
1460,Grant Polk,0.1007,0.5221,0.6228,South Carolina
1461,Grant Randall,-0.3464,-0.2027,-0.5491,Quinnipiac
1462,Grant Slatten,-1.0661,-0.0039,-1.07,Tennessee Tech
1463,Grant Stubblefield,1.075,0.0175,1.0925,Omaha
1464,Graydon Lemke,-0.3497,-0.0736,-0.4233,Belmont
1465,Grayson Collins,0.0385,0.266,0.3045,Wofford
1466,Grayson Gaddis,-0.1911,-0.0571,-0.2483,Montana State
1467,Grayson Grove,1.5189,0.2938,1.8127,Minnesota
1468,Greedy Williams,2.9924,1.3967,4.3891,UNCW
1469,Greg Cooper,0.1845,-0.3876,-0.2031,Harvard
1470,Greg Gazarian,-0.1868,-0.0603,-0.2471,CSUN
1471,Gregory Lawson,1.6834,0.0494,1.7327,Eastern Mich.
1472,Greyson Uelmen,-1.3236,-0.5515,-1.8751,North Dakota
1473,Griffen Goodbary,1.34,0.351,1.691,Drake
1474,Guillermo Del Pino,1.2079,-0.366,0.8419,Maryland
1475,Guillermo Diaz Graham,0.3933,1.2874,1.6807,San Francisco
1476,Gunnar Lewis,0.2745,0.4211,0.6956,Furman
1477,Gus Etchison,-0.6183,-0.4133,-1.0316,Idaho State
1478,Gus Hurlburt,-0.1867,0.1118,-0.0749,Northwestern
1479,Gus Rugaard,0.01,-0.0273,-0.0173,Bradley
1480,Gus Yalden,-0.1873,1.4543,1.267,Vermont
1481,Gustav Winther,-1.8495,0.9058,-0.9436,NIU
1482,Guzman Vasilic,1.8517,0.8262,2.678,Cal Poly
1483,Gytis Nemeiksa,1.4392,-1.233,0.2062,Hawaii
1484,Hagan Preston,-0.6565,-0.1403,-0.7968,Tennessee Tech
1485,Halil Barre,0.0181,1.4292,1.4473,Akron
1486,Halon Rawlins,0.1828,0.5312,0.714,Fairfield
1487,Halvine Dzellat,1.1653,-0.1235,1.0418,Cincinnati
1488,Hamad Mousa,-1.1037,2.2531,1.1494,Cal Poly
1489,Hamed Olayinka,1.943,1.1382,3.0812,FIU
1490,Hampton Sanders,0.8665,1.5714,2.4379,Columbia
1491,Hamza Asadallah,0.2912,-0.2148,0.0764,Hampton
1492,Handje Tamba,-0.442,-0.4003,-0.8423,St. John's (NY)
1493,Handy Toussaint,0.0962,-0.0391,0.0571,Bradley
1494,Hannes Steinbach,1.5234,3.5263,5.0498,Washington
1495,Hantz Louis Jeune,1.2041,-1.202,0.0021,South Alabama
1496,Haris Elezovic,-0.5257,-0.8454,-1.3711,Northeastern
1497,Harlan Obioha,3.1105,-0.8567,2.2538,West Virginia
1498,Harrison Alexander,0.2141,-0.8314,-0.6172,SIUE
1499,Harrison Carrington,0.9691,-0.2409,0.7283,UC Irvine
1500,Harry Rouhliadeff,1.1573,2.3434,3.5008,Hawaii
1501,Harry Wessels,1.3794,1.5455,2.9249,Saint Mary's (CA)
1502,Harun Zrno,-0.5794,-0.178,-0.7574,Rutgers
1503,Hasan Abdul Hakim,1.257,-1.2138,0.0432,Memphis
1504,Hassan Washington,1.1871,-1.8135,-0.6264,NIU
1505,Hayden Assemian,1.0705,1.8587,2.9292,South Carolina
1506,Hayden Jones,-0.1798,0.3946,0.2148,Wisconsin
1507,Hayden Tibbits,-0.3974,3.1025,2.7051,St. Thomas (MN)
1508,Hayden Welling,-0.5239,-1.0719,-1.5958,Utah Valley
1509,Henri Veesaar,4.5956,4.2119,8.8076,North Carolina
1510,Henry Sisemore,0.4172,-0.1069,0.3103,ETSU
1511,Henry Thengvall,0.3235,0.3742,0.6977,Wichita State
1512,Henry Thole,-0.3643,-0.0245,-0.3888,Xavier
1513,Hikaru Awata,0.1538,-0.1359,0.0179,Troy
1514,Hobert Grayson,-0.1613,-0.1491,-0.3104,Ole Miss
1515,Holden Pierre-Louis,-0.0876,0.7176,0.63,Cleveland State
1516,Honor Huff,0.8883,1.3765,2.2648,West Virginia
1517,Horace Simmons,-0.6003,-0.456,-1.0562,Drexel
1518,Hosana Kitenge,-0.0469,0.5384,0.4915,UC Santa Barbara
1519,Houran Dan,1.0359,-0.5708,0.4651,Seattle U
1520,Houston Emory,-0.4705,-0.2256,-0.6961,Delaware
1521,Houston Holland,0.3151,2.3263,2.6414,Chattanooga
1522,Houston Mallette,1.8286,4.6856,6.5142,Alabama
1523,Howard Eisley,0.2342,-0.1788,0.0554,Michigan
1524,Howie Fleming,0.9418,1.6123,2.554,UNLV
1525,Howie Keene,0.6283,2.5475,3.1758,Montana State
1526,Hudson Greer,0.0234,-0.3668,-0.3434,Creighton
1527,Hudson Mayes,0.5643,0.7153,1.2796,UC San Diego
1528,Hudson Ward,-0.214,-0.6383,-0.8523,Western Mich.
1529,Hunter Adam,0.833,1.1666,1.9996,Davidson
1530,Hunter Caldwell,-0.6472,0.559,-0.0882,Northern Colo.
1531,Hunter Carter,0.1485,0.4016,0.5501,Hawaii
1532,Hunter Erickson,2.6295,0.8709,3.5004,Hawaii
1533,Hunter Harding,-0.9474,0.1646,-0.7829,Indiana State
1534,Hunter Jacobson,0.0236,-0.742,-0.7185,UNI
1535,IJ Ezuma,0.5137,-0.562,-0.0483,Southern Miss.
1536,Ian Imegwu,-0.5194,1.9361,1.4167,Cornell
1537,Ian Inman,-0.4298,-0.0987,-0.5285,Colorado
1538,Ian Jackson,0.3744,1.8808,2.2551,St. John's (NY)
1539,Ian Platteeuw,-1.0701,1.1668,0.0967,Davidson
1540,Ian Sabourin,-0.4095,0.067,-0.3425,Xavier
1541,Ian Scott,-0.788,1.7112,0.9232,Indiana State
1542,Ian Smikle,0.2498,-0.0609,0.1889,Tulsa
1543,Ian Stephens,-0.1245,0.0662,-0.0584,Indiana
1544,Iaroslav Niagu,1.6487,-1.3034,0.3453,Jacksonville State
1545,Ibrahim Olajuwon,-1.8063,0.1544,-1.6519,FIU
1546,Ibrahim Souare,1.2089,1.1383,2.3472,Syracuse
1547,Ibrahima Traore,2.2169,0.3159,2.5328,Utah
1548,Ibu Yamazaki,-0.3202,0.9744,0.6543,Northern Colo.
1549,Ife West-Ingram,0.1937,1.5833,1.7769,UAlbany
1550,Ifeanyi Ufochukwu,0.1536,0.2706,0.4242,Duke
1551,Ifiok Peter,-0.5672,-0.2785,-0.8456,Western Ill.
1552,Ignacio Campoy Galvez,0.2008,0.0758,0.2766,Drexel
1553,Ike Cornish,0.3463,0.0268,0.3731,James Madison
1554,Iker Garmendia,0.2591,-0.3896,-0.1305,Elon
1555,Ilia Ermakov,1.9074,-0.8286,1.0788,St. Bonaventure
1556,Ilias Kamardine,-0.5132,1.1872,0.674,Ole Miss
1557,Ilija Milijasevic,-0.0616,1.458,1.3963,DePaul
1558,Imanuel Zorgvol,1.0358,1.2582,2.294,Youngstown State
1559,Immanuel Lewis,-0.0869,0.6441,0.5572,Long Beach State
1560,Isaac Abidde,1.4055,1.7765,3.182,UAlbany
1561,Isaac Asuma,0.8718,2.6794,3.5512,Minnesota
1562,Isaac Bonilla,1.327,-1.6557,-0.3287,Maine
1563,Isaac Bruns,-2.249,1.3702,-0.8789,South Dakota
1564,Isaac Carr,-0.21,1.3139,1.1039,Wake Forest
1565,Isaac Celiscar,0.4976,4.3487,4.8463,Yale
1566,Isaac Davis,2.1346,2.4616,4.5961,Utah Valley
1567,Isaac Dye,-0.4956,-0.5576,-1.0533,Abilene Christian
1568,Isaac Finlinson,-0.3672,-0.3667,-0.734,Hawaii
1569,Isaac Gard,0.0873,-0.1071,-0.0198,Wisconsin
1570,Isaac Garrett,-0.7547,1.7295,0.9748,Oakland
1571,Isaac Harrell,-2.3217,2.1566,-0.1651,Elon
1572,Isaac Hawkins,2.0003,-0.0923,1.908,Utah Valley
1573,Isaac Holmes,0.4962,-0.4353,0.061,Saint Louis
1574,Isaac Jack,0.8768,1.8204,2.6972,Pacific
1575,Isaac Johnson,2.5893,2.8134,5.4027,Hawaii
1576,Isaac McKneely,3.3276,2.8743,6.2019,Louisville
1577,Isaac Munkadi,1.5132,0.4647,1.9779,Fairfield
1578,Isaac Shingange,-0.3369,-0.0804,-0.4174,UC Santa Barbara
1579,Isaac Taveras,1.0731,1.1473,2.2203,Southern Miss.
1580,Isaac Traudt,1.1293,1.6094,2.7387,Creighton
1581,Isaac Williams,-1.892,4.1041,2.2121,Baylor
1582,Isaia Howard,1.6175,2.7906,4.4081,Iowa
1583,Isaiah Abraham,0.4129,0.945,1.3579,Georgetown
1584,Isaiah Barganier,0.7867,-0.1472,0.6395,Texas State
1585,Isaiah Barnes,-0.399,-1.8294,-2.2284,Valparaiso
1586,Isaiah Brickner,1.7796,1.5292,3.3089,Idaho
1587,Isaiah Bronson,0.6909,-0.052,0.6389,Sacramento St.
1588,Isaiah Brown,1.8904,3.3797,5.2702,Florida
1589,Isaiah Campbell-Finch,0.9904,0.0002,0.9906,Samford
1590,Isaiah Carr,1.1253,0.7123,1.8377,Drake
1591,Isaiah Carrillo,0.0008,0.3124,0.3132,Abilene Christian
1592,Isaiah Chappell,1.5591,-0.6765,0.8826,UC Davis
1593,Isaiah Coleman,0.3489,0.4187,0.7676,Oklahoma State
1594,Isaiah Cottrell,0.7474,-2.103,-1.3556,Southern Utah
1595,Isaiah Denis,0.1137,0.2327,0.3463,North Carolina
1596,Isaiah Dorceus,-0.6948,0.5173,-0.1775,Milwaukee
1597,Isaiah Elohim,1.2808,0.779,2.0599,Fla. Atlantic
1598,Isaiah Evans,3.4812,4.4827,7.9639,Duke
1599,Isaiah Griffin,-2.8336,-2.2605,-5.0941,Western Ill.
1600,Isaiah Henderson,-1.7436,-0.9753,-2.7189,Siena
1601,Isaiah Johnson,0.4536,2.2037,2.6573,Colorado
1602,Isaiah Johnson-Arigu,0.9624,1.5798,2.5423,St. Thomas (MN)
1603,Isaiah Jones,3.098,2.6755,5.7735,South Fla.
1604,Isaiah Kerr,1.9324,-0.0664,1.866,Hawaii
1605,Isaiah Langham,-0.7826,-0.2233,-1.0059,Brown
1606,Isaiah Lewis,1.2043,-0.0373,1.167,Long Beach State
1607,Isaiah Manning,1.7519,0.5256,2.2774,Sam Houston
1608,Isaiah Mbeng,-0.2215,-1.0159,-1.2374,East Carolina
1609,Isaiah Moses,-0.3508,2.4544,2.1036,Eastern Wash.
1610,Isaiah Placide,-2.7572,1.8601,-0.8971,Massachusetts
1611,Isaiah Sealy,-0.1329,-0.4153,-0.5482,Arkansas
1612,Isaiah Shaw,-1.5721,-0.7437,-2.3159,Northern Ariz.
1613,Isaiah Sherrard,-0.2584,-1.7149,-1.9733,Georgia State
1614,Isaiah Stafford,0.2926,0.5683,0.8608,Southern Ill.
1615,Isaiah Stewart,0.0843,0.0289,0.1132,NIU
1616,Isaiah Sutherland,-0.4025,0.6274,0.2249,ETSU
1617,Isaiah Sy,0.2532,0.8548,1.108,Oregon State
1618,Isaiah Walker,-0.3627,0.2853,-0.0774,Xavier
1619,Isaiah Washington,0.309,-0.4147,-0.1057,NIU
1620,Isaiah Watts,1.2785,1.9587,3.2372,Maryland
1621,Isaiah West,0.9138,-0.6854,0.2284,Belmont
1622,Isaiah Williams,0.9039,-0.4339,0.47,Portland State
1623,Ishan Sharma,1.7497,5.4214,7.1711,Saint Louis
1624,Isiah Harwell,2.8295,1.193,4.0224,Houston
1625,Ismael Diouf,0.7446,-0.1635,0.5811,UNI
1626,Ismail Habib,0.015,-1.5883,-1.5733,Southern Ind.
1627,Ismaila Diagne,2.4199,-0.049,2.3709,Gonzaga
1628,Israel Hart,-0.835,0.5066,-0.3284,Southern Miss.
1629,Issac Williamson,0.3744,-1.0529,-0.6786,UNLV
1630,Ivan Juric,-1.5031,3.038,1.535,Penn State
1631,Ivan Kharchenkov,2.5073,3.4843,5.9916,Arizona
1632,Ivan Matlekovic,-0.1018,0.36,0.2582,North Carolina
1633,Ivan Njegovan,1.053,-0.5018,0.5512,Ohio State
1634,Ivan Spirov,-1.3084,0.7626,-0.5457,Cleveland State
1635,Iwo Baganc,-0.1086,0.7831,0.6745,SIUE
1636,Izaiah Pasha,0.1804,-1.1975,-1.0171,Virginia Tech
1637,Izaiyah Nelson,3.3331,3.0059,6.3391,South Fla.
1638,J'Quan Ewing,-1.3571,-1.3093,-2.6664,Saint Peter's
1639,J'Vonne Hadley,0.6696,3.8896,4.5593,Louisville
1640,JB Frankel,-1.246,0.1513,-1.0947,Northeastern
1641,JC Brooks,0.3685,-0.8672,-0.4987,Tennessee State
1642,JC Shirer,-0.158,-0.2736,-0.4317,Liberty
1643,JJ Chaikovsky,0.9291,-0.9042,0.0249,Long Beach State
1644,JJ Harper,1.9873,1.165,3.1522,Liberty
1645,JJ Kelly,0.6726,1.1592,1.8318,Ohio
1646,JJ Mandaquit,1.6982,-0.4555,1.2427,Washington
1647,JJ Starling,0.7782,-0.6017,0.1765,Syracuse
1648,JJ Taylor,-0.1834,0.1823,-0.0011,NIU
1649,JJ Traynor,-0.6281,-0.6483,-1.2763,Murray State
1650,JJ Wheat,-0.3174,-1.598,-1.9154,South Alabama
1651,JJ White,-0.7381,-0.0115,-0.7496,Baylor
1652,JP Dragas,-0.8901,-2.1128,-3.0029,IU Indy
1653,JP Estrella,2.0006,4.1787,6.1793,Tennessee
1654,JT Amundsen,0.3551,0.1157,0.4708,Northern Ariz.
1655,JT Elder,-0.3134,-0.6502,-0.9636,Eastern Ill.
1656,JT Pettigrew,1.3212,0.3969,1.7182,Valparaiso
1657,JT Rock,2.7208,0.989,3.7099,New Mexico
1658,JT Toppin,3.077,2.0287,5.1057,Texas Tech
1659,Ja'Borri McGhee,0.8139,1.896,2.71,Mississippi State
1660,Ja'Juan Carr,-1.771,1.7768,0.0057,Elon
1661,Ja'Kobi Gillespie,2.5069,6.5514,9.0582,Tennessee
1662,Ja'Quavian Florence,1.0226,-0.0388,0.9838,Tennessee Tech
1663,Ja'Quavis Williford,0.0062,-0.0538,-0.0476,Oregon State
1664,Ja'Sean Glover,0.7427,1.2058,1.9485,Omaha
1665,JaJuan Nicholls,-1.3696,1.9967,0.6272,Tennessee Tech
1666,"JaQualon ""JQ"" Roberts",0.5941,0.6731,1.2671,Davidson
1667,JaVaughn Hannah,0.1129,-0.1852,-0.0722,San Jose State
1668,Jabez Jenkins,2.4733,2.0849,4.5582,Belmont
1669,Jabrion Spikes,2.0599,-2.5084,-0.4485,Tennessee State
1670,Jac Mani,2.0519,0.3445,2.3963,Fresno St.
1671,Jacari Brim,0.9532,1.3506,2.3038,App State
1672,Jacari Lane,1.3361,2.2415,3.5775,Texas A&M
1673,Jacari White,-0.8563,3.3007,2.4444,Virginia
1674,Jace Howard,0.3029,0.1781,0.481,Fordham
1675,Jace Posey,-0.1383,1.7853,1.6471,TCU
1676,Jace Rayl,-0.1524,0.0059,-0.1466,Purdue
1677,Jace Whiting,1.276,0.3155,1.5914,Weber State
1678,Jace Winkleman,-0.0329,0.3275,0.2946,Morehead State
1679,Jack Benter,0.9719,2.0614,3.0332,Purdue
1680,Jack Campion,1.5066,1.587,3.0936,SIUE
1681,Jack Collins,0.7635,0.57,1.3335,Monmouth
1682,Jack Daugherty,2.0202,0.3433,2.3635,Illinois State
1683,Jack DeRose,0.2644,-0.2903,-0.0259,St. Bonaventure
1684,Jack DiDonna,0.052,-0.0028,0.0492,Boston College
1685,Jack Doumbia,3.5749,0.0016,3.5766,Towson
1686,Jack Edelen,-0.5644,-1.2541,-1.8185,Western Ky.
1687,Jack Fagan,0.0536,0.0,0.0536,Alabama
1688,Jack Francis,-0.0016,-0.0951,-0.0967,Texas Tech
1689,Jack Graham,-0.1636,-2.7768,-2.9403,New Hampshire
1690,Jack Janicki,2.1024,-0.1075,1.9949,Wisconsin
1691,Jack Leahy,-0.1984,-0.3678,-0.5662,Monmouth
1692,Jack Lusk,-0.1738,-0.0108,-0.1846,Purdue
1693,Jack McCaffery,0.4274,-0.2846,0.1428,Butler
1694,Jack Payne,0.1791,-0.3638,-0.1846,Idaho
1695,Jack Robison,-0.26,-0.0832,-0.3432,Wisconsin
1696,Jack Scott,0.2163,0.3005,0.5168,Duke
1697,Jack Seidler,0.2153,-0.4653,-0.25,UCLA
1698,Jack Smiley,-0.0156,3.3674,3.3518,Belmont
1699,Jack Stanton,0.8595,0.6173,1.4768,Princeton
1700,Jack Sullivan,1.1297,-0.842,0.2877,Yale
1701,Jack Tauer,-0.1336,0.1987,0.0651,St. Thomas (MN)
1702,Jack Turner,-0.9105,-0.097,-1.0075,Oral Roberts
1703,Jack Walter,0.1704,-0.2723,-0.1019,The Citadel
1704,Jack Whitbourn,-0.3161,-0.2611,-0.5772,Fordham
1705,Jack Williams,0.1569,-0.0524,0.1045,Providence
1706,Jackson Benigni,-1.2706,0.4252,-0.8454,Binghamton
1707,Jackson Cook,-0.4313,-0.3681,-0.7994,Arizona
1708,Jackson Delaney,0.4298,0.2342,0.664,Manhattan
1709,Jackson Fazande,0.0786,0.2458,0.3244,UTSA
1710,Jackson Fields,-0.1045,1.7997,1.6953,West Virginia
1711,Jackson Francois,-0.5202,-0.3187,-0.8389,Arizona
1712,Jackson Hicke,-0.2835,1.7702,1.4867,Princeton
1713,Jackson Holcombe,1.9811,3.4217,5.4028,Utah Valley
1714,Jackson Keil,0.4151,0.1262,0.5413,Coastal Carolina
1715,Jackson Keith,0.9674,0.5413,1.5088,Butler
1716,Jackson Kotecki,0.5857,1.2098,1.7955,Miami (OH)
1717,Jackson McAndrew,0.0293,0.1926,0.2219,Creighton
1718,Jackson Mosley,-0.5082,0.865,0.3568,Cal Poly
1719,Jackson Munro,-1.2561,1.75,0.4938,Dartmouth
1720,Jackson Paveletzke,-1.7862,0.5715,-1.2147,Ohio
1721,Jackson Rasmussen,1.9744,2.1373,4.1116,Idaho
1722,Jackson Shelstad,0.2876,1.7777,2.0653,Oregon
1723,Jackson Skipper,0.8286,-0.1118,0.7168,Vermont
1724,Jacob Bannarbie,0.4884,2.8632,3.3516,UNLV
1725,Jacob Beccles,-0.2075,1.9284,1.7209,Cornell
1726,Jacob Cofie,2.7545,2.3561,5.1106,Southern California
1727,Jacob Conner,0.8946,-0.5463,0.3483,Dayton
1728,Jacob Crews,0.2617,3.4068,3.6686,Missouri
1729,Jacob Dar,0.0384,0.1517,0.1901,Seton Hall
1730,Jacob Furphy,-0.3152,-0.6272,-0.9424,UConn
1731,Jacob Hammond,-0.4729,-0.8098,-1.2827,Princeton
1732,Jacob Huggins,0.7204,0.6653,1.3857,Princeton
1733,Jacob Koch,-0.2613,0.0932,-0.1682,Iowa
1734,Jacob Martin,-0.1636,-0.0158,-0.1794,Alabama
1735,Jacob McFarland,0.2442,-0.1109,0.1333,Houston
1736,Jacob Meyer,-1.2969,1.0319,-0.2651,UAB
1737,Jacob Ognacevic,-0.6768,-0.223,-0.8998,Washington
1738,Jacob Patrick,1.4044,0.8578,2.2623,Utah
1739,Jacob Tsai,0.0252,-0.1318,-0.1066,Yale
1740,Jacob Walker,-0.3917,2.559,2.1674,Sam Houston
1741,Jacob Wilson,0.1245,-0.4553,-0.3308,Morehead State
1742,Jacobe Coleman,0.7171,0.0188,0.736,Sam Houston
1743,Jacobe Whitted,0.5933,0.4383,1.0317,Tennessee Tech
1744,Jacoby Hill,0.8765,0.2871,1.1637,Jacksonville State
1745,Jaden Alexander,1.0497,1.2651,2.3148,CSU Bakersfield
1746,Jaden Bobbett,0.2311,-0.0484,0.1827,LSU
1747,Jaden Bradley,4.0861,2.7865,6.8727,Arizona
1748,Jaden Brownell,0.4485,1.1132,1.5617,Southern California
1749,Jaden Clayton,2.4708,1.7211,4.1919,Pacific
1750,Jaden Daughtry,4.0858,1.9626,6.0484,Richmond
1751,Jaden Daughtry,4.0858,1.9626,6.0484,Marist
1752,Jaden Goodall,0.3687,-0.0951,0.2736,San Jose State
1753,Jaden Harris,1.4299,2.0572,3.487,Kennesaw St.
1754,Jaden Henderson,0.7994,0.4307,1.2301,Cal St. Fullerton
1755,Jaden Henley,2.7688,1.813,4.5818,Grand Canyon
1756,Jaden Jackson,1.1356,1.4872,2.6229,South Dakota State
1757,Jaden Johnson,-1.0497,-0.3371,-1.3869,La Salle
1758,Jaden Karuletwa,-0.8175,-0.2687,-1.0863,Arkansas
1759,Jaden Kempson,-1.1278,-0.5436,-1.6714,UAlbany
1760,Jaden Newell,0.5169,0.1924,0.7093,Georgia
1761,Jaden Rogers,-0.0559,-0.6241,-0.68,South Dakota State
1762,Jaden Schertz,0.4509,-0.23,0.2209,Saint Louis
1763,Jaden Schutt,1.7474,3.4675,5.2149,Virginia Tech
1764,Jaden Slaughter,-0.4808,-1.4925,-1.9733,Sacred Heart
1765,Jaden Smith,-0.4431,-1.0444,-1.4874,Saint Joseph's
1766,Jaden Steppe,0.9114,1.6352,2.5466,Montana State
1767,Jaden Toombs,-1.0731,0.7682,-0.3049,SMU
1768,Jaden Vance,1.2566,-0.3574,0.8992,UC San Diego
1769,Jaden Winston,-1.2494,0.3749,-0.8745,Manhattan
1770,Jaden Zimmerman,1.6794,-0.0868,1.5926,Quinnipiac
1771,Jadin Booth,-1.037,2.5154,1.4784,Samford
1772,Jadin Collins-Roberts,2.1287,-1.9199,0.2088,Marist
1773,Jadis Jones,0.8186,1.0638,1.8824,Lindenwood
1774,Jadon Jones,1.4955,1.7372,3.2328,Oklahoma
1775,Jadrian Tracey,-0.8392,1.4958,0.6566,VCU
1776,Jadyn Cascio Jensen,0.4744,0.3446,0.8189,South Dakota State
1777,Jae'Coby Osborne,0.8529,2.3169,3.1698,New Mexico State
1778,Jaeden Marshall,-0.9029,-1.4131,-2.3161,La Salle
1779,Jaeden Mustaf,0.2337,-0.9086,-0.6749,Georgia Tech
1780,Jaeden Roberts,0.2916,1.1013,1.3929,Hofstra
1781,Jaedyn Brown,-0.0038,0.0851,0.0813,Idaho State
1782,Jaehshon Thomas,-0.345,1.3847,1.0397,Drake
1783,Jael Martin,0.6002,1.023,1.6232,LMU (CA)
1784,Jaelyn Lee,0.1392,-0.3024,-0.1632,Texas State
1785,Jah'Kim Payne,-1.4652,-0.1103,-1.5755,Tennessee Tech
1786,Jah'Likai King,0.2231,0.7066,0.9297,UMBC
1787,Jahari Long,1.7543,2.636,4.3903,George Mason
1788,Jahari Williamson,0.04,2.0494,2.0894,Kent State
1789,Jaheem Webber,1.9033,-0.6953,1.208,Southern Ill.
1790,Jaheim Nyam,-0.1257,-0.1325,-0.2581,Bryant
1791,Jahki Gupton,1.8225,-0.1553,1.6672,Saint Peter's
1792,Jahki Howard,-0.5485,-0.7572,-1.3057,Utah
1793,Jahmere Tripp,2.6015,1.2191,3.8206,Rhode Island
1794,Jahnathan Lamothe,-0.4228,-0.7711,-1.1939,UNCW
1795,Jahni Summers,-1.7671,1.3868,-0.3803,Sacramento St.
1796,Jahseem Felton,0.0166,0.0036,0.0202,Seton Hall
1797,Jahvin Carter,0.3717,1.78,2.1517,Middle Tenn.
1798,Jai Anthoni Bearden,2.2474,1.4474,3.6947,Ball State
1799,Jai Chisolm,2.1335,-0.8856,1.2479,CSUN
1800,Jaiden Cole,0.8922,0.1187,1.011,Towson
1801,Jaiden Feroah,-0.2136,2.5119,2.2983,Southern Utah
1802,Jaiden Glover-Toscano,1.4588,2.1266,3.5854,Saint Joseph's
1803,Jaiden Haynes,-0.3552,1.3024,0.9473,Youngstown State
1804,Jaidon Lipscomb,1.1108,1.7901,2.9009,Cleveland State
1805,Jailen Bedford,-3.1346,1.7945,-1.3401,Virginia Tech
1806,Jailen Daniel-Dalton,-0.8454,0.566,-0.2794,UC Riverside
1807,Jaion Pitt,0.1676,-0.7824,-0.6147,Pacific
1808,Jaiun Simon,1.4213,0.4445,1.8659,Dayton
1809,Jakai Newton,0.9553,-0.317,0.6383,Georgia State
1810,Jakai Robinson,-0.459,-0.7961,-1.2551,Bryant
1811,Jake Blackburn,-0.8653,1.0567,0.1914,Binghamton
1812,Jake Brack,-1.0366,0.1129,-0.9236,South Dakota
1813,Jake Davis,1.2936,1.9328,3.2264,Illinois
1814,Jake Davis,1.2936,1.9328,3.2264,Cal Poly
1815,Jake DiMichele,-0.0569,-0.8891,-0.946,Duquesne
1816,Jake Dykstra,-0.8276,0.3849,-0.4427,Belmont
1817,Jake Edwards,0.2781,0.0695,0.3476,Western Ill.
1818,Jake Ensminger,3.4572,4.5675,8.0246,Santa Clara
1819,Jake Fiegen,0.2723,4.3132,4.5855,Cornell
1820,Jake Hall,2.2216,2.9098,5.1314,New Mexico
1821,Jake Hansen,-0.04,0.0723,0.0323,Oklahoma
1822,Jake Harbatkin,-0.004,-0.1267,-0.1308,Stony Brook
1823,Jake Heidbreder,2.0105,-1.1579,0.8526,Fresno St.
1824,Jake Shapiro,-0.3036,0.3481,0.0446,Tulane
1825,Jake Stout,0.0611,-0.2349,-0.1738,UMBC
1826,Jake Sussberg,-0.1518,-0.2542,-0.4061,Princeton
1827,Jake Wahlin,1.549,2.7637,4.3127,Clemson
1828,Jake West,2.1063,1.1912,3.2975,Northwestern
1829,Jake Wilkins,1.9959,0.7353,2.7312,Georgia
1830,Jakub Necas,1.9918,1.3059,3.2976,Duquesne
1831,Jaland Lowe,1.27,0.2685,1.5385,Kentucky
1832,Jalen Bolden,0.3032,-1.0666,-0.7634,Texas State
1833,Jalen Breath,0.7113,-0.8117,-0.1004,Ohio
1834,Jalen Celestine,1.3771,1.671,3.0481,Cincinnati
1835,Jalen Crawford,-0.2473,-0.1601,-0.4074,Florida State
1836,Jalen Cunningham,0.5519,0.3752,0.927,UNLV
1837,Jalen Dollar,-0.264,0.1855,-0.0784,California Baptist
1838,Jalen Griffith,-1.8065,1.6066,-0.1999,Western Mich.
1839,Jalen Hampton,-0.1893,1.9861,1.7968,Arkansas State
1840,Jalen Haralson,-0.1789,-1.1153,-1.2942,Notre Dame
1841,Jalen Harper,-0.585,-0.8818,-1.4667,Rhode Island
1842,Jalen Haynes,2.5474,-0.5911,1.9563,Southern Ill.
1843,Jalen Jackson,1.5264,1.0163,2.5426,Butler
1844,Jalen Kampen,0.9492,-2.0308,-1.0816,Central Mich.
1845,Jalen Lee,0.2922,-0.5066,-0.2144,Southern Utah
1846,Jalen Myers,0.2607,-0.09,0.1707,Hawaii
1847,Jalen Pitre,2.281,0.6324,2.9135,Tennessee State
1848,Jalen Quinn,-1.0227,1.6634,0.6407,Drake
1849,Jalen Reece,-0.9804,0.7529,-0.2274,LSU
1850,Jalen Reed,1.741,0.7313,2.4723,LSU
1851,Jalen Shelley,1.5508,0.9552,2.506,LMU (CA)
1852,Jalen Smith,-0.7418,-0.4748,-1.2166,Rice
1853,Jalen Speer,0.4798,1.7982,2.278,Marshall
1854,Jalen Stokes,0.1567,1.1809,1.3375,UC Davis
1855,Jalen Tot,0.5729,1.0941,1.6669,App State
1856,Jalen Warley,4.9676,1.8103,6.7779,Gonzaga
1857,Jalen Washington,0.9753,2.2459,3.2212,Vanderbilt
1858,Jalil Bethea,-0.8122,0.1381,-0.6741,Alabama
1859,Jalin Holland,0.5506,0.9793,1.53,Colorado
1860,Jalyke Gaines-Wyatt,-0.3662,-0.2753,-0.6415,Hampton
1861,Jamai Felt,0.7587,0.2625,1.0213,Temple
1862,Jamal West,0.9503,-0.4659,0.4844,UTEP
1863,Jamar Brown,1.7927,0.8622,2.6549,UCLA
1864,Jamar Franklin,1.6775,1.7585,3.4361,Jacksonville State
1865,Jamari McDowell,1.5902,1.2549,2.8451,Kansas
1866,Jamari Phillips,0.0253,-0.7278,-0.7024,Oregon
1867,Jamaria Clark,-0.8331,-2.0846,-2.9177,Kansas City
1868,Jamarion Batemon,2.1253,1.9434,4.0687,Iowa State
1869,Jamarion Davis-Fleming,-0.7321,-0.074,-0.8061,Mississippi State
1870,Jamarques Lawrence,2.2244,2.2292,4.4536,Nebraska
1871,Jameel Brown,0.0272,0.0453,0.0726,Delaware
1872,James Brown,-0.274,-0.7461,-1.0201,North Carolina
1873,James Cooper,0.6106,1.1651,1.7757,Georgia State
1874,James Dent,2.1755,-0.2207,1.9548,Middle Tenn.
1875,James Dyson-Merwe,1.5625,-1.7639,-0.2014,Evansville
1876,James Evans,1.6943,0.0188,1.713,CSUN
1877,James Goodis,0.1367,-0.0808,0.0559,Baylor
1878,James Nnaji,-0.0798,-1.2871,-1.3669,Baylor
1879,James O'Donnell,-0.5902,-0.452,-1.0422,Portland
1880,James Okonkwo,-1.3652,-0.0089,-1.374,Utah
1881,James Scott,2.5445,0.7147,3.2592,Ole Miss
1882,Jameson Heck,0.1657,-0.6509,-0.4852,The Citadel
1883,Jameson O'Toole,0.0953,-0.4202,-0.3249,Fordham
1884,Jamichael Davis,0.4025,-0.9082,-0.5057,Rutgers
1885,Jamichael Stillwell,1.8633,2.5464,4.4097,UCF
1886,Jamie Kaiser,0.3315,1.7143,2.0458,Butler
1887,Jamie Vinson,0.9699,0.4811,1.451,Texas A&M
1888,Jamier Jones,1.7846,2.6283,4.4129,Providence
1889,Jamir McNeil,-0.9736,-0.0625,-1.0361,Rider
1890,Jamir Simpson,-1.7102,-0.8682,-2.5784,UTSA
1891,Jamison Guerra,-0.431,1.8169,1.3859,Idaho State
1892,Jamyron Keller,-0.2344,-0.4079,-0.6423,Louisiana
1893,Jan Vide,0.7075,1.8135,2.521,LMU (CA)
1894,Jao Ituka,1.7274,2.1854,3.9128,NIU
1895,Japhet Moupadele,-1.3571,1.6405,0.2834,San Jose State
1896,Jaquan Johnson,1.9183,2.2928,4.2111,Bradley
1897,Jaquan Womack,2.3398,0.2823,2.6221,Towson
1898,Jared Garcia,0.3879,-0.6269,-0.239,Nebraska
1899,Jared Harris,0.6945,0.1461,0.8406,Wyoming
1900,Jared Lary,-0.3587,-0.5195,-0.8782,Detroit Mercy
1901,Jared McGregor,-0.3284,-0.3522,-0.6806,BYU
1902,Jared Turner,1.6042,1.1853,2.7895,Old Dominion
1903,Jaret Valencia,0.4823,-0.5714,-0.0891,Wichita State
1904,Jarin Stevenson,0.8734,3.0024,3.8758,North Carolina
1905,Jarne Elouna Eyenga,0.7594,0.1151,0.8745,Charlotte
1906,Jaron Pierre,1.2605,3.5523,4.8128,SMU
1907,Jarred Hall,0.2496,0.4554,0.7049,Middle Tenn.
1908,Jasai Miles,0.0229,0.1188,0.1417,Indiana
1909,Jase Butler,0.6221,1.5419,2.164,Colorado State
1910,Jasen Green,1.3428,1.7422,3.0851,Creighton
1911,Jasir Rencher,0.4898,0.3069,0.7966,Washington
1912,Jason Asemota,-0.0044,0.2532,0.2488,Boston College
1913,Jason Clarke,-2.8653,-1.0092,-3.8745,App State
1914,Jason Edwards,0.2343,0.2571,0.4914,Providence
1915,Jason Fontenet,-0.046,0.8923,0.8462,UC Santa Barbara
1916,Jason Jakstys,0.283,1.0778,1.3608,Illinois
1917,Jason Kimbrough,2.4017,0.8396,3.2413,Bowling Green
1918,Jason Nelson,1.3263,0.795,2.1213,Youngstown State
1919,Jason Rivera-Torres,1.9981,0.799,2.7971,Monmouth
1920,Jason Schofield,1.1924,-1.2077,-0.0153,Marist
1921,Jason Scott,0.2615,-0.2275,0.0341,Cal Poly
1922,Jason Sepe,-0.2211,-0.0346,-0.2557,Bryant
1923,Jasper Floyd,5.0457,0.3982,5.4438,West Virginia
1924,Jasper Johnson,0.6403,1.1805,1.8208,Kentucky
1925,Javan Buchanan,0.7649,2.4539,3.2188,Boise State
1926,Javan Simmons,-0.2729,2.0998,1.8268,Ohio
1927,Javante Edwards,0.2204,-1.8313,-1.6109,Canisius
1928,Javen Colbert,1.165,-0.4014,0.7636,Troy
1929,Javon Bennett,2.3607,1.2826,3.6434,Dayton
1930,Javon Cooley,-1.8493,0.0091,-1.8401,Pepperdine
1931,Javon Jackson,-0.2245,1.3219,1.0974,Murray State
1932,Javon Ruffin,0.9799,0.7573,1.7372,Bowling Green
1933,Javontae Campbell,2.1198,1.7899,3.9097,Bowling Green
1934,Jax Abalos,-0.2925,1.1879,0.8953,Cornell
1935,Jax Kerr,0.9748,0.6647,1.6395,Saint Louis
1936,Jaxon Edwards,-1.0062,-0.1753,-1.1815,IU Indy
1937,Jaxon Ellingsworth,-0.9042,1.7725,0.8683,Arkansas State
1938,Jaxon Kohler,3.8107,3.6424,7.4531,Michigan State
1939,Jaxon Olvera,-1.0388,-0.997,-2.0358,Louisiana
1940,Jaxon Pollard,-1.0867,-0.5811,-1.6678,Samford
1941,Jaxon Prunty,0.1051,2.2392,2.3442,Col. of Charleston
1942,Jaxson Ford,1.0094,-0.8131,0.1963,Sam Houston
1943,Jaxson Whitaker,-1.9662,-2.3892,-4.3553,Central Mich.
1944,Jay Jones,2.589,-0.507,2.082,Penn
1945,Jay Reynolds,0.5912,-0.6457,-0.0545,Southeast Mo. St.
1946,Jayan Walker,1.3677,0.1087,1.4764,Indiana State
1947,Jayce Nathaniel,0.2714,0.199,0.4704,UIC
1948,Jayden Brewer,0.854,-0.4551,0.3988,Western Mich.
1949,Jayden Cooper,1.2894,1.1721,2.4615,South Alabama
1950,Jayden Dawson,0.8375,-0.611,0.2266,Kansas
1951,Jayden Epps,-0.8733,0.323,-0.5503,Mississippi State
1952,Jayden Forsythe,0.0847,-0.1545,-0.0699,West Virginia
1953,Jayden Fort,0.8286,0.3587,1.1873,Georgetown
1954,Jayden Hastings,2.7896,1.6145,4.4041,Boston College
1955,Jayden Jackson,1.6396,-0.6733,0.9664,California Baptist
1956,Jayden Jones,0.2362,-0.2839,-0.0477,Tennessee State
1957,Jayden Kelsey,-0.0971,-1.2321,-1.3292,Binghamton
1958,Jayden Leverett,-0.0252,1.1802,1.155,Vanderbilt
1959,Jayden Ndjigue,4.0793,1.2599,5.3392,Massachusetts
1960,Jayden Pierre,2.4347,2.6902,5.1249,TCU
1961,Jayden Quaintance,0.2276,-0.662,-0.4345,Kentucky
1962,Jayden Reid,-1.9392,1.4724,-0.4668,Northwestern
1963,Jayden Ross,3.2731,2.8032,6.0763,UConn
1964,Jayden Smoot,0.2576,-0.0121,0.2455,UT Arlington
1965,Jayden Stone,-0.6845,2.6173,1.9328,Missouri
1966,Jayden Taylor,-1.869,0.0927,-1.7763,Delaware
1967,Jayden Teat,-0.3466,0.3322,-0.0144,Sacramento St.
1968,Jayden Tyler,-0.8352,1.5942,0.7589,Wofford
1969,Jayden Williams,-0.3684,-0.3339,-0.7023,Ga. Southern
1970,Jayden Williams,-0.3684,-0.3339,-0.7023,Dartmouth
1971,Jaydon Cole,1.2055,0.3024,1.5079,Mercer
1972,Jaydon Young,0.0838,0.9523,1.0361,North Carolina
1973,Jaye Nash,0.5273,1.6989,2.2262,Jacksonville State
1974,Jaylan Ouwinga,-0.4283,-0.9432,-1.3715,Toledo
1975,Jayland Randall,1.9848,1.7225,3.7073,New Mexico State
1976,Jaylen Carey,3.336,0.3716,3.7076,Tennessee
1977,Jaylen Crocker-Johnson,1.5825,0.2261,1.8086,Minnesota
1978,Jaylen Cross,0.0057,0.3263,0.332,Wake Forest
1979,Jaylen Curry,0.1367,2.7872,2.9238,Oklahoma State
1980,Jaylen Fenner,2.6167,-0.2994,2.3173,Louisiana Tech
1981,Jaylen Harrell,0.3418,0.916,1.2578,Providence
1982,Jaylen Lawal,0.9627,2.6465,3.6092,Tulsa
1983,Jaylen Pazon,0.1656,-0.3975,-0.232,VMI
1984,Jaylen Petty,2.4212,2.6694,5.0906,Texas Tech
1985,Jaylen Robinson,-0.4168,-0.5958,-1.0126,Richmond
1986,Jaylen Smith,0.9539,1.7556,2.7095,ETSU
1987,Jaylen Stinson,0.6128,-0.8719,-0.2591,Merrimack
1988,Jaylen Thompson,-0.0375,1.687,1.6495,Stanford
1989,Jaylen Wharton,-0.5567,-1.1136,-1.6703,NIU
1990,Jaylin Henderson,2.7545,0.9656,3.72,Portland State
1991,Jaylin Sellers,-1.5897,3.0246,1.4349,Providence
1992,Jaylin Stewart,2.1778,1.4832,3.661,UConn
1993,Jaylon Dean-Vines,0.2583,0.1608,0.4192,Vanderbilt
1994,Jaylon McDaniel,-0.0598,-0.4982,-0.558,Lindenwood
1995,Jaymen Townsend,-0.2288,0.232,0.0032,Kent State
1996,Jayshayne Woodard,0.0448,-0.1334,-0.0885,East Carolina
1997,Jayson Petty,-0.0189,-0.5458,-0.5647,Kansas City
1998,Jazz Henderson,1.2659,0.5376,1.8034,Texas Tech
1999,Je'Shawn Stevenson,2.8301,0.5684,3.3985,North Texas
2000,Je'kel Cotton,0.3301,-0.9358,-0.6058,Detroit Mercy
2001,Jean Aranguren,0.7953,3.4219,4.2172,George Washington
2002,Jean Yvens Lafleur,0.0044,0.0036,0.008,Tennessee State
2003,Jeannot Basima,0.7497,0.3318,1.0815,Yale
2004,Jed Miller,0.4707,2.2713,2.742,Montana State
2005,Jeff Nwankwo,0.2899,1.1777,1.4676,Oklahoma
2006,Jefferson De La Cruz Monegro,0.8841,0.9413,1.8254,Cal St. Fullerton
2007,Jefferson Koulibaly,0.6326,0.6217,1.2543,Ga. Southern
2008,Jeffrey Akintolu,-1.2968,-0.2225,-1.5193,NJIT
2009,Jelani Hamilton,0.0042,2.4078,2.412,Georgia State
2010,Jemel Jones,1.8353,1.4264,3.2617,New Mexico State
2011,Jeremiah Burke,-2.5875,1.6657,-0.9218,Denver
2012,Jeremiah Cherry,0.7404,0.0714,0.8118,Sacramento St.
2013,Jeremiah Davis,1.1923,1.6845,2.8768,Montana State
2014,Jeremiah Evans,0.9686,-0.6434,0.3253,Louisiana
2015,Jeremiah Green,-0.5746,0.4997,-0.0749,Texas A&M
2016,Jeremiah Jacobs,0.1075,0.1765,0.284,Sacred Heart
2017,Jeremiah Jenkins,0.9306,-0.3146,0.6159,Brown
2018,Jeremiah Johnson,-0.2696,3.0521,2.7824,Campbell
2019,Jeremiah Littlejohn,0.5058,-0.5284,-0.0226,Robert Morris
2020,Jeremiah Nyarko,0.0298,-0.2068,-0.177,Sacramento St.
2021,Jeremiah Oden,1.127,-0.7679,0.3591,San Diego State
2022,Jeremiah Quigley,-2.5012,-0.5209,-3.022,Binghamton
2023,Jeremiah Talton,1.5632,0.8894,2.4526,Lindenwood
2024,Jeremiah Wilkinson,-0.7096,2.7276,2.0179,Georgia
2025,Jeremiah Williams,0.3728,1.1749,1.5477,Georgetown
2026,Jeremy Clayville,-0.3411,-2.0706,-2.4116,NJIT
2027,Jeremy Dent-Smith,1.057,0.8474,1.9044,Stanford
2028,Jeremy Fears,3.9261,3.8197,7.7458,Michigan State
2029,Jeremy Foumena,-0.3599,0.336,-0.0239,UCF
2030,Jeremy Lorenz,-0.3999,-0.6187,-1.0186,DePaul
2031,Jeriah Coleman,0.4718,0.0754,0.5472,Nevada
2032,Jermaine Ballisager Webb,-0.5395,-1.1726,-1.7121,Portland
2033,Jermaine Coleman,-1.1919,-0.8484,-2.0402,St. Thomas (MN)
2034,Jermaine O'Neal,0.6912,0.1839,0.8751,SMU
2035,Jermaine Washington,-1.8272,1.087,-0.7402,San Jose State
2036,Jermaurhiyun Anderson,0.7094,-0.8947,-0.1852,Louisiana Tech
2037,Jerome Brewer,1.4124,-0.7451,0.6673,La Salle
2038,Jerome Palm,-0.6148,-1.3968,-2.0116,Kansas City
2039,Jerone Morton,-2.6509,2.744,0.0932,Washington State
2040,Jerrell Bellamy,1.569,1.751,3.32,Troy
2041,Jerry Deng,0.8386,0.262,1.1005,NC State
2042,Jerry Easter,-0.3156,0.7444,0.4289,Southern California
2043,Jerry Huang,0.3044,-0.0111,0.2933,Utah
2044,Jerry Ngopot,0.1541,0.8425,0.9967,Coastal Carolina
2045,Jess Esso Essis,-0.9158,-0.8518,-1.7676,Cal Poly
2046,Jesse Burris,0.5013,0.5201,1.0213,Ohio
2047,Jesse McCulloch,0.227,-0.8703,-0.6432,Michigan State
2048,Jesse Mcintosh,-1.0546,0.582,-0.4726,South Dakota
2049,Jestin Porter,2.9341,3.2047,6.1388,Clemson
2050,Jevin Muniz,0.1654,2.8045,2.97,Colorado State
2051,Jevon Porter,1.6917,0.3982,2.0899,Missouri
2052,Jhei-R Jones,0.5668,-0.2581,0.3087,William & Mary
2053,Jikari Johnson,0.5635,0.3293,0.8928,Chattanooga
2054,Jimmie Williams,1.2991,2.9621,4.2612,Duquesne
2055,Jimmy Ball,0.0,-0.0516,-0.0516,Rhode Island
2056,Jimmy Oladokun,0.4377,1.152,1.5897,Rice
2057,Jinup Dobuol,0.9039,0.1322,1.0361,Monmouth
2058,Jizzle James,0.3516,2.4776,2.8292,Cincinnati
2059,Jlynn Counter,0.31,0.6979,1.0079,Col. of Charleston
2060,Jo Valrie,2.4511,1.1722,3.6233,SIUE
2061,Jo Van Buggenhout,-1.111,-0.3817,-1.4927,Indiana State
2062,Jo'el Emanuel,1.1042,2.5246,3.6288,William & Mary
2063,JoJo Fullwood,0.0418,-0.2969,-0.2551,UNCW
2064,Joah Chappelle,-0.4932,-0.3452,-0.8384,Georgia State
2065,Joao Das Chagas,0.1502,-0.203,-0.0527,UAB
2066,Joaquim ArauzMoore,0.2511,-0.3009,-0.0498,Gonzaga
2067,Joe Ganton,0.2806,0.0786,0.3592,Fairfield
2068,Joe Hurlburt,1.1883,-0.2304,0.958,Davidson
2069,Joe Sayler,0.8907,0.829,1.7196,South Dakota State
2070,Joe Vick,-0.0564,0.1552,0.0988,Valparaiso
2071,Joel Armotrading,0.8982,-0.9397,-0.0414,Nevada
2072,Joel Foxwell,0.0256,0.8799,0.9055,Portland
2073,Joey Chammaa,0.3846,-0.8149,-0.4303,Arkansas State
2074,Joey Hart,0.4611,-0.4527,0.0084,Ball State
2075,Joey Kahn,0.1917,0.0744,0.2661,UAB
2076,Joey Matteoni,0.0585,0.2364,0.2949,Iowa
2077,Joey Scarpitti,-0.141,-0.2217,-0.3627,Col. of Charleston
2078,Johan Munch,0.4203,-1.3597,-0.9395,Oregon State
2079,Johann Grunloh,2.1739,3.3112,5.485,Virginia
2080,John Blackwell,1.3511,3.4778,4.8289,Wisconsin
2081,John Bol,1.3174,1.9669,3.2843,UCF
2082,John Broom,0.3527,1.3879,1.7406,South Alabama
2083,John Camden,2.8537,3.803,6.6567,California
2084,John Christofilis,2.5918,0.7306,3.3224,Seattle U
2085,John Holbrook,-0.1924,0.3513,0.1589,North Carolina
2086,John Hugley,-0.4833,-1.4517,-1.9349,Duquesne
2087,John Kelly,-1.3794,-2.3871,-3.7665,NJIT
2088,John Laboy,0.2659,-0.0353,0.2306,Miami (FL)
2089,John Miller,-0.2951,-0.0386,-0.3338,Mount St. Mary's
2090,John Mobley,0.7485,3.6601,4.4086,Ohio State
2091,John Nowland,-0.1186,-0.1204,-0.239,Davidson
2092,John Shanu,-0.0844,-1.8293,-1.9138,Eastern Mich.
2093,John Simcoe,-0.1423,-0.2242,-0.3665,UC Santa Barbara
2094,John Squire,-0.8892,-1.6748,-2.564,New Hampshire
2095,Johnathan Lawson,-1.2646,-1.1352,-2.3998,Little Rock
2096,Johnnie Walter,-0.0519,0.0982,0.0463,Penn
2097,Johnny Kinziger,1.104,0.8836,1.9876,Illinois State
2098,Johnny Radford,0.8339,1.1083,1.9422,Eastern Wash.
2099,Jojo Anderson,-0.7174,1.6205,0.9031,Eastern Wash.
2100,Jojo McIver,0.9443,-0.1452,0.7991,Colorado State
2101,Jojo Murphy,1.994,-0.3418,1.6522,Seattle U
2102,Jon Carroll,-1.1973,2.7548,1.5574,Morehead State
2103,Jon Mekonnen,-0.1035,-0.1349,-0.2383,Colorado State
2104,Jon O'Neill,-0.1771,-0.4099,-0.5869,New Hampshire
2105,Jon Sanders,0.7013,-1.3734,-0.6721,Eastern Mich.
2106,Jonah Butler,1.5647,0.7735,2.3382,Stony Brook
2107,Jonah Drezner,0.6181,1.0293,1.6474,Brown
2108,Jonah Goorin,-0.1325,-0.0791,-0.2117,Southern California
2109,Jonah Hinton,3.0026,-1.1221,1.8805,Rhode Island
2110,Jonah Lucas,0.1127,-0.1149,-0.0022,Marquette
2111,Jonathan Beagle,2.8914,0.7558,3.6471,Richmond
2112,Jonathan Griman,2.083,0.4389,2.5219,California Baptist
2113,Jonathan Noudjihidi,0.2863,0.0772,0.3634,UC Davis
2114,Jonathan Powell,1.8183,0.2029,2.0211,North Carolina
2115,Jordan Battle,-0.2477,-0.1249,-0.3726,Old Dominion
2116,Jordan Brathwaite,-0.7342,3.1334,2.3992,Yale
2117,Jordan Brinson,-0.6282,-0.4656,-1.0939,CSUN
2118,Jordan Burks,-0.7234,1.7359,1.0124,UCF
2119,Jordan Butler,0.0157,1.3516,1.3673,South Carolina
2120,Jordan Clayton,2.5537,1.8662,4.4198,Northwestern
2121,Jordan Crawford,-0.4424,0.3532,-0.0892,South Dakota
2122,Jordan Derkack,1.6296,0.7535,2.3831,Dayton
2123,Jordan Fisher,0.8326,-0.1341,0.6985,Ohio
2124,Jordan Frison,-0.1105,0.8946,0.7841,Chattanooga
2125,Jordan Gabriel,0.8561,0.1199,0.9761,Marist
2126,Jordan Hernandez,0.0519,0.0973,0.1493,UTEP
2127,Jordan Lowery,2.1191,-0.2241,1.895,UT Arlington
2128,Jordan Marsh,0.3991,1.2196,1.6187,Southern California
2129,Jordan Mason,1.3392,1.6113,2.9505,Temple
2130,Jordan McCullum,2.3544,1.391,3.7453,ETSU
2131,Jordan Mizell,2.0384,-1.0309,1.0075,Tarleton State
2132,Jordan Muller,0.1642,0.0403,0.2046,California Baptist
2133,Jordan Pickett,0.6455,-0.5703,0.0752,SIUE
2134,Jordan Pope,1.3779,3.19,4.5678,Texas
2135,Jordan Riley,0.1963,0.4793,0.6756,East Carolina
2136,Jordan Rogers,0.223,-0.8998,-0.6768,NJIT
2137,Jordan Ross,1.3546,0.4683,1.8228,Georgia
2138,Jordan Scott,2.2205,2.5111,4.7316,Michigan State
2139,Jordan Snell,-0.2488,-0.1976,-0.4464,NC State
2140,Jordan Tillery,0.6282,0.9941,1.6223,VCU
2141,Jordan Williams,-0.1351,-1.6654,-1.8005,Rice
2142,Jordann Dumont,0.3984,-0.2809,0.1175,VCU
2143,Jorden Brooks,-0.3743,-0.5459,-0.9202,Central Mich.
2144,Jordi Rodriguez,0.6373,-0.9655,-0.3283,Cincinnati
2145,Jordy Barnes,-0.3147,1.628,1.3133,Utah State
2146,Jordyn Kee,-0.1607,-0.6372,-0.7979,Miami (FL)
2147,Jorge Diaz Graham,0.6516,1.4934,2.145,Oregon State
2148,Jorge Moreno,1.1786,-0.1316,1.047,Southern Ill.
2149,Jose Roberto Tanchyn,1.2869,1.4876,2.7745,UMBC
2150,Joseph Barrio,-0.2507,0.1096,-0.141,CSUN
2151,Joseph Carter,0.5669,0.1035,0.6704,ETSU
2152,Joseph Grahovac,0.4986,1.7173,2.216,St. Bonaventure
2153,Joseph Green,-0.0299,-0.5099,-0.5398,Bryant
2154,Joseph Martinez,0.6128,-0.1529,0.4599,Tarleton State
2155,Joseph Pinion,2.6057,3.1606,5.7662,South Fla.
2156,Joseph Quartey,0.3296,-0.3709,-0.0413,Harvard
2157,Joseph Scott,-1.1724,0.2705,-0.9019,Abilene Christian
2158,Joseph Teich,-0.1786,0.1774,-0.0012,Tulane
2159,Joseph Thomas,0.6913,0.4974,1.1887,Little Rock
2160,Joseph Tugler,3.4875,3.6267,7.1142,Houston
2161,Joseph Venzant,1.5787,-1.3274,0.2514,Abilene Christian
2162,Josh Baldwin,1.309,2.5196,3.8286,Cornell
2163,Josh Bowman,-0.0673,-0.4862,-0.5535,Chattanooga
2164,Josh Clark,1.061,0.2431,1.304,Marquette
2165,Josh Dix,1.3918,2.0892,3.481,Creighton
2166,Josh Dixon,-2.3133,0.9983,-1.3151,Milwaukee
2167,Josh Gatete,-0.5686,-0.3127,-0.8813,Air Force
2168,Josh Hayes,-2.1097,0.9929,-1.1168,Utah
2169,Josh Hecht,0.346,-4.6115,-4.2655,San Diego
2170,Josh Hill,-0.9019,-1.1803,-2.0822,Robert Morris
2171,Josh Hines,1.1081,0.0788,1.187,Green Bay
2172,Josh Holloway,1.3376,1.3069,2.6445,Texas A&M
2173,Josh Hubbard,-0.4581,1.3443,0.8862,Mississippi State
2174,Josh Jones,2.4644,1.6001,4.0644,North Dakota
2175,Josh Lee,0.6069,1.9731,2.58,Denver
2176,Josh Odunowo,0.282,1.5168,1.7988,UMBC
2177,Josh Ogundele,0.1255,0.3311,0.4567,Hampton
2178,Josh Omojafo,1.4288,0.6978,2.1266,South Fla.
2179,Josh Pascarelli,-0.0324,0.3687,0.3363,Colorado State
2180,Josh Reed,-0.2358,0.254,0.0182,Penn State
2181,Josh Reed,-0.2358,0.254,0.0182,Drexel
2182,Josh Rivera,1.4491,1.0084,2.4575,Seton Hall
2183,Josh Scovens,0.3138,1.8529,2.1666,Davidson
2184,Josh Smith,0.5394,2.5917,3.1311,Liberty
2185,Josh Townley-Thomas,0.2797,0.0882,0.3679,Creighton
2186,Josh Ward,0.6345,0.5261,1.1606,Cal St. Fullerton
2187,Joshua Aaron Reaves,2.4954,-0.2848,2.2105,Hofstra
2188,Joshua Beadle,0.7982,-0.0201,0.7781,Coastal Carolina
2189,Joshua Dalton,-0.4073,-0.2905,-0.6978,LMU (CA)
2190,Joshua DeCady,0.8807,1.8749,2.7556,Hofstra
2191,Joshua Dent,3.5255,3.9165,7.4421,Saint Mary's (CA)
2192,Joshua Hughes,-1.3614,0.106,-1.2554,Evansville
2193,Joshua Jefferson,3.5457,4.3671,7.9128,Iowa State
2194,Joshua Lewis,-1.0369,-0.8097,-1.8465,Louisiana
2195,Joshua O'Garro,0.8089,1.2247,2.0336,CSUN
2196,Joshua Ola-Joseph,-1.7631,-0.3389,-2.102,Loyola Chicago
2197,Josiah Cunningham,0.2958,-0.0636,0.2322,Columbia
2198,Josiah Davis,-1.0543,0.6708,-0.3835,CSUN
2199,Josiah Dunham,-0.6165,-0.0321,-0.6487,Southern Ind.
2200,Josiah Hammons,-0.845,1.1694,0.3244,UIC
2201,Josiah Harris,-2.7138,-0.0353,-2.7491,La Salle
2202,Josiah Harris,-2.7138,-0.0353,-2.7491,Cleveland State
2203,Josiah Lake,1.8042,1.4131,3.2173,Oregon State
2204,Josiah LeGree,1.0257,1.9523,2.978,Morehead State
2205,Josiah Moore,1.2789,-1.0938,0.1852,Tulane
2206,Josiah Moseley,-0.139,0.0621,-0.0769,Texas Tech
2207,Josiah Parker,-0.2426,0.0501,-0.1925,Fla. Atlantic
2208,Josiah Sabino,0.1375,-1.707,-1.5695,Niagara
2209,Josiah Sanders,-0.4292,1.5385,1.1093,Colorado
2210,Josiah Shackelford,0.8294,2.2933,3.1227,Bowling Green
2211,Josiah Shackleford,1.3964,-1.2954,0.1011,North Texas
2212,Joson Sanon,0.0752,0.5594,0.6347,St. John's (NY)
2213,Joul Karram,0.1184,-0.1218,-0.0034,Utah Valley
2214,Jovan Jester,3.3611,-0.0836,3.2775,UC Irvine
2215,Jovan Milicevic,-1.3146,2.1798,0.8652,Xavier
2216,Juan Reyna,0.201,-0.0322,0.1687,Santa Clara
2217,Juanse Gorosito,-0.5593,-0.5854,-1.1447,San Diego
2218,Judson Bjornstad,-1.1365,-2.1121,-3.2485,Samford
2219,Juke Harris,0.3803,3.5211,3.9013,Wake Forest
2220,Julian Bowie,0.3129,-0.1651,0.1478,Boise State
2221,Julian Mackey,-1.5517,0.859,-0.6927,FIU
2222,Julian Margrave,-0.4766,-0.1457,-0.6223,Omaha
2223,Julien Soumaoro,-1.6907,-0.4914,-2.1821,Western Caro.
2224,Julius Halaifonua,-0.3176,0.6656,0.348,Georgetown
2225,Julius Mims,-1.0516,1.7047,0.6531,New Mexico State
2226,Julius Rollins,-2.5596,0.9146,-1.645,Denver
2227,Julius Thedford,0.8743,1.1917,2.066,Memphis
2228,Jun Seok Yeo,1.8646,-1.7018,0.1627,Seattle U
2229,Junior Sileu,0.5616,0.7409,1.3025,Western Mich.
2230,Junjie Wang,1.1653,-0.2871,0.8782,San Francisco
2231,Jurian Dixon,2.7235,1.2512,3.9747,UC Irvine
2232,Jusaun Holt,-0.0077,0.6345,0.6268,Utah Tech
2233,Justice Ajogbor,2.2224,1.2944,3.5168,Saint Joseph's
2234,Justice Shoats,1.5744,2.1595,3.7339,Siena
2235,Justice Williams,-0.9821,1.6202,0.6381,Western Mich.
2236,Justin Abson,0.8401,-0.4555,0.3845,Georgia
2237,Justin Allen,-1.6354,2.1593,0.5239,Green Bay
2238,Justin Amadi,1.9137,-0.3074,1.6063,Mount St. Mary's
2239,Justin Archer,0.1448,-0.1357,0.0091,La Salle
2240,Justin Bailey,1.8362,1.3986,3.2348,Georgia
2241,Justin Begg,1.1214,1.4234,2.5448,Sam Houston
2242,Justin Bolis,0.2744,-0.438,-0.1636,Nebraska
2243,Justin Cross,-0.2474,-0.0652,-0.3126,Kansas
2244,Justin Hawkins,-0.3706,-0.5646,-0.9352,Niagara
2245,Justin Hinds,-0.3217,-1.7523,-2.074,Air Force
2246,Justin Houser,-0.7775,-0.4829,-1.2604,Penn State
2247,Justin Johnson,-0.5197,0.6534,0.1337,Western Caro.
2248,Justin Kirby,0.0368,0.2661,0.3029,Miami (OH)
2249,Justin McBride,-1.4266,1.0547,-0.3719,James Madison
2250,Justin Menard,1.7038,1.2641,2.9678,Marist
2251,Justin Moore,-2.3096,-0.1377,-2.4472,Loyola Chicago
2252,Justin Mullins,0.4333,0.7874,1.2207,Northwestern
2253,Justin Neely,-1.1599,1.1559,-0.004,UNC Greensboro
2254,Justin Page,-2.3487,-1.1903,-3.539,Niagara
2255,Justin Pippen,1.0533,0.5928,1.6461,California
2256,Justin Ray,0.8532,0.9549,1.808,Monmouth
2257,Justin Rochelin,0.1743,0.731,0.9053,Pacific
2258,Justin Taylor,1.5036,-0.7867,0.7169,James Madison
2259,Justin Thomas,2.7399,0.0682,2.808,Bowling Green
2260,Justus McNair,-1.1564,0.4177,-0.7387,Valparaiso
2261,Justyn Fernandez,-1.0602,0.4112,-0.649,Delaware
2262,Juwan Maxey,2.1628,-1.8679,0.2949,Ball State
2263,K'Jei Parker,-0.44,0.263,-0.1771,Massachusetts
2264,KC Ibekwe,0.8898,1.053,1.9428,Pacific
2265,KC Ugwuakazi,2.3756,0.6461,3.0217,Merrimack
2266,KJ Cochran,-1.6619,1.2123,-0.4496,Santa Clara
2267,KJ Debrick,0.9465,-0.3541,0.5924,N.C. A&T
2268,KJ Greene,0.0189,1.2777,1.2966,Tulane
2269,KJ Lewis,1.7195,2.1125,3.832,Georgetown
2270,KJ Martin,0.0536,1.538,1.5916,Tulsa
2271,KJ Tenner,0.2952,0.0514,0.3466,Murray State
2272,KJ Thomas,1.3852,0.33,1.7153,UTEP
2273,KJ Windham,1.1797,-0.2557,0.9241,Northwestern
2274,KJ Younger,-0.692,0.4876,-0.2045,UNC Greensboro
2275,Kaan Yarkut,-0.0443,0.0461,0.0018,Oregon State
2276,Kabeya Tshibangu,-0.3405,0.0475,-0.293,Niagara
2277,Kachi Nzeh,0.2679,-1.0217,-0.7538,Little Rock
2278,Kacper Klaczek,-0.0246,2.5881,2.5635,Elon
2279,Kadar Waller,-0.719,-2.5058,-3.2248,CSU Bakersfield
2280,Kade Douglas,0.594,-0.2808,0.3132,Tarleton State
2281,Kade Unseld,0.5215,-1.0275,-0.506,Western Ky.
2282,Kaden Brown,0.0055,-1.6067,-1.6012,Southern Ind.
2283,Kaden Cooper,3.6923,-0.4743,3.218,Louisiana Tech
2284,Kaden Gumbs,0.9821,-0.7402,0.2419,Texas State
2285,Kaden Magwood,-0.4668,1.005,0.5382,Auburn
2286,Kaden Metheny,-0.6971,3.0709,2.3738,Liberty
2287,Kaden Powers,0.2774,-0.2115,0.0659,Rutgers
2288,Kaden Rickard,0.0042,-0.3598,-0.3556,Kennesaw St.
2289,Kaden Stuckey,0.0284,-0.7519,-0.7234,VMI
2290,Kadyn Betts,0.5109,0.2668,0.7777,Montana
2291,Kael Combs,1.8263,1.0126,2.8389,Iowa
2292,Kael Robinson,1.6467,0.7913,2.4381,Northern Ky.
2293,Kahlil Singleton,0.4067,-1.0882,-0.6814,Canisius
2294,Kahmare Holmes,0.3229,1.5979,1.9208,Wofford
2295,Kai Burdick,-0.7125,1.05,0.3375,Southern Utah
2296,Kai Rogers,-0.8857,-0.3473,-1.233,Oklahoma
2297,Kai Shinholster,0.8788,-0.6151,0.2637,Minnesota
2298,Kai Spears,-0.4993,1.168,0.6687,Marshall
2299,Kai Yu,0.0696,-1.2703,-1.2007,Bradley
2300,Kaia Berridge,0.1328,-0.6704,-0.5377,Evansville
2301,Kaia Isaac,1.7899,0.3914,2.1814,Tarleton State
2302,Kaidon Rayfield,1.428,-1.6474,-0.2194,UTSA
2303,Kajus Kublickas,1.5585,-1.0152,0.5433,Pacific
2304,Kaleb Banks,1.0738,0.0387,1.1125,DePaul
2305,Kaleb Brown,0.751,-0.1772,0.5739,Robert Morris
2306,Kaleb Lowery,0.2941,2.6422,2.9363,Nevada
2307,Kaleb Smith,-0.974,-1.4229,-2.3969,Grand Canyon
2308,Kaleb Spencer,0.328,0.271,0.599,William & Mary
2309,Kalen Garry,-0.4985,1.2418,0.7433,South Dakota State
2310,Kalifa Sakho,0.656,0.7768,1.4328,Houston
2311,Kam Craft,-1.0097,1.5485,0.5388,Georgia Tech
2312,Kam Martin,-0.6073,-0.3379,-0.9452,Samford
2313,Kam Sanders,-1.0115,-2.1203,-3.1319,Air Force
2314,Kam Williams,3.3535,2.2827,5.6362,Kentucky
2315,Kam Woods,-0.1354,-0.1745,-0.3099,Southern California
2316,Kamari Jones,-1.4566,0.2777,-1.1789,Cleveland State
2317,Kamari Lands,-0.5277,-0.0961,-0.6238,Middle Tenn.
2318,Kameron Tinsley,-1.219,0.3271,-0.892,IU Indy
2319,Kameryn Mitchell,0.7756,0.2448,1.0204,Troy
2320,Kamryn Thomas,-0.4252,1.8456,1.4204,Omaha
2321,Kanaan Carlyle,1.9744,1.1219,3.0963,Fla. Atlantic
2322,Kanon Catchings,-0.2519,3.8766,3.6247,Georgia
2323,Kany Tchanda,-0.4864,-0.45,-0.9364,Boston College
2324,Kanye Clary,-1.021,3.2834,2.2624,Oklahoma State
2325,Kareem Stagg,1.3152,1.5109,2.826,Georgia
2326,Kareem Thomas,0.4933,0.1724,0.6658,Dartmouth
2327,Karl Poom,-1.3746,0.9001,-0.4745,Northern Ariz.
2328,Karmello Branch,-1.8975,-2.0356,-3.9331,Kansas City
2329,Karon Boyd,2.249,1.7481,3.9971,Wichita State
2330,Karris Bilal,-0.4846,0.4353,-0.0493,Louisiana
2331,Karson Ouse,0.2092,-1.1786,-0.9695,North Dakota
2332,Karson Templin,1.7487,2.6712,4.42,Utah State
2333,Karter Knox,0.5334,2.3141,2.8475,Arkansas
2334,Karyiek Dixon,0.9909,-0.1887,0.8022,Western Ill.
2335,Kase Wynott,-0.0268,-0.3613,-0.3881,Washington State
2336,Kasean Pryor,0.1761,-0.5396,-0.3635,Louisville
2337,Kaseem Watson,0.2597,0.6963,0.956,UTEP
2338,Kasen Carpenter,-0.4398,0.0878,-0.352,Idaho State
2339,Kasen Jennings,1.2896,0.4334,1.723,App State
2340,Kash Polk,-0.2151,-0.0033,-0.2184,Arizona State
2341,Kasheem Grady,-0.0124,-2.459,-2.4715,Kansas City
2342,Kashie Natt,0.848,3.4642,4.3122,Sam Houston
2343,Kaspar Sepp,-0.8092,0.1972,-0.612,Cornell
2344,Kavien Jones,-0.2941,0.0799,-0.2141,Tennessee State
2345,Kavion McClain,0.4118,1.2716,1.6834,Monmouth
2346,Kavon Bradford,-1.52,-0.5726,-2.0926,Northern Ariz.
2347,Kayde Dotson,-1.9599,0.7287,-1.2312,Loyola Chicago
2348,Kayden Edwards,-0.0132,-0.4842,-0.4974,TCU
2349,Kayden Fish,0.2109,-1.0026,-0.7917,Ball State
2350,Kayden Mingo,-1.7704,0.932,-0.8384,Penn State
2351,Kayden Nation,0.4562,-0.3374,0.1188,Central Mich.
2352,Kayvaun Mulready,0.6295,-0.1414,0.488,Georgetown
2353,KeShawn Murphy,-0.9614,1.8263,0.8649,Auburn
2354,Kean Webb,0.4019,0.669,1.0708,Portland State
2355,Keanu Dawes,1.1048,2.1891,3.2939,Utah
2356,Keaton Frisch,0.0543,0.0979,0.1522,Air Force
2357,Keaton Norris,1.5511,0.3902,1.9413,Samford
2358,Keaton Wagler,2.3723,6.6422,9.0145,Illinois
2359,Keba Keita,1.408,0.7587,2.1667,BYU
2360,Kebba Njie,1.8014,0.8977,2.6992,Notre Dame
2361,Keegan Harvey,-0.5829,-0.7189,-1.3018,Bryant
2362,Keegan Rowell,0.6739,0.5858,1.2597,Louisiana Tech
2363,Keegan Van Kauwenberg,-0.035,0.0104,-0.0246,Green Bay
2364,Keelan Steele,-0.2603,-1.7571,-2.0174,Maine
2365,Keenan Garner,-1.2997,0.1295,-1.1702,Central Mich.
2366,Keeyan Itejere,0.9869,0.6299,1.6168,Rhode Island
2367,Keishon Porter,0.2636,-1.1657,-0.9021,Evansville
2368,Keitenn Bristow,-0.0553,-1.0281,-1.0833,Alabama
2369,Keith McKnight,0.4417,0.5151,0.9568,Quinnipiac
2370,Keith Palek,0.239,1.8867,2.1257,Missouri State
2371,Keith Robbins,-0.728,0.1597,-0.5683,Belmont
2372,Kelcy Phipps,1.1197,0.6179,1.7375,Portland State
2373,Kellan Lewis,-0.1069,0.0897,-0.0171,Hampton
2374,Kellen Hampton,0.055,-0.0622,-0.0072,Pacific
2375,Kellen Pickett,1.5477,1.4663,3.014,Wright State
2376,Kellen Thames,1.8795,1.7591,3.6386,Saint Louis
2377,Kelson Gebbers,0.0498,-0.4523,-0.4025,Portland
2378,Kelvin Odih,0.0528,-0.2696,-0.2168,St. John's (NY)
2379,Kenan Parrish,0.5791,-0.4253,0.1538,Harvard
2380,Kendall Blue,-0.3317,-1.5937,-1.9254,Nebraska
2381,Kendall Taylor,0.1173,-1.1663,-1.049,Col. of Charleston
2382,Kendrick De Luna,0.8197,-1.5668,-0.7471,Cal St. Fullerton
2383,Kendyl Sanders,-0.6978,0.0764,-0.6214,Utah
2384,Kennard Davis,0.5171,2.1922,2.7093,BYU
2385,Kennedy Brown,0.4867,0.5989,1.0856,FIU
2386,Kenny Noland,0.6,1.073,1.673,Columbia
2387,Kenyon Aguino,2.056,0.5137,2.5697,Montana
2388,Kenyon Giles,2.2379,2.3271,4.565,Wichita State
2389,Keonte Jones,2.4212,-0.6215,1.7997,Dayton
2390,Kerem Konan,-0.4248,0.6103,0.1855,Creighton
2391,Kernan Bundy,0.6985,-1.2356,-0.537,Kansas City
2392,Kerr Kriisa,1.6905,-2.0167,-0.3261,Cincinnati
2393,Kerrington Kiel,1.4837,-0.2026,1.2811,Troy
2394,Keshawn Fisher,1.6437,-0.2778,1.3659,Detroit Mercy
2395,Keshawn Williams,1.4321,-1.6864,-0.2544,Iona
2396,Ketron Shaw,-0.8866,-0.8682,-1.7549,Old Dominion
2397,Kevair Kennedy,1.5378,0.8432,2.381,Merrimack
2398,Kevin Anthony,0.4931,-0.6385,-0.1454,Lindenwood
2399,Kevin Carney,0.2099,-0.2288,-0.0189,LMU (CA)
2400,Kevin Gad,0.8563,0.6968,1.5531,Saint Mary's (CA)
2401,Kevin Kearney,-1.2058,0.0503,-1.1555,Saint Joseph's
2402,Kevin Overton,0.2915,2.4879,2.7794,Auburn
2403,Kevin Patton,1.3261,0.8148,2.1409,New Mexico
2404,Kevo StHilaire,0.5067,-0.0947,0.412,Cleveland State
2405,Kevon Vanderhorst,1.8118,-1.3362,0.4756,Drexel
2406,Keynan Davis,-0.649,-0.2444,-0.8934,The Citadel
2407,Keyon Kensie,1.8873,-0.0818,1.8055,Portland State
2408,Keyshawn Hall,-0.4387,4.2215,3.7828,Auburn
2409,Keyshawn Mitchell,0.1771,1.8431,2.0202,VCU
2410,Keyshuan Tillery,1.3154,0.0235,1.3389,Cincinnati
2411,Keziah Ekissi,-0.5215,-0.1264,-0.6479,Oregon State
2412,Kezza Giffa,0.9111,1.4191,2.3302,Ole Miss
2413,Khaafiq Myers,0.4263,-0.509,-0.0827,Saint Joseph's
2414,Khaden Bennett,1.6373,0.9286,2.5659,Wyoming
2415,Khadim Mboup,2.5072,2.5593,5.0665,BYU
2416,Khai Lockwood,-0.1332,0.3465,0.2133,Dartmouth
2417,Khalil Badru,-0.1681,-1.4813,-1.6493,Iona
2418,Khalil London,0.4944,-2.2672,-1.7728,Tennessee State
2419,Khalil Williams,-1.0658,-1.4097,-2.4755,Bryant
2420,Khaman Maker,0.4246,-0.2776,0.1469,DePaul
2421,Khamani Cooper,-1.0468,0.8545,-0.1923,Omaha
2422,Khamari McGriff,-0.939,2.2915,1.3526,Kansas State
2423,Khani Rooths,2.3849,1.9929,4.3779,Louisville
2424,Khayri Dunn,0.3891,-0.7787,-0.3896,Ga. Southern
2425,Khoi Thurmon,0.1894,-0.0869,0.1025,Oakland
2426,KiJan Robinson,-1.0839,0.0086,-1.0753,New Hampshire
2427,Kiani Saxon,0.8649,-0.0092,0.8557,Wyoming
2428,Kieran Elliott,-0.3889,-2.5897,-2.9786,Cal Poly
2429,Kieran Mullen,-0.6041,-1.0186,-1.6227,Pittsburgh
2430,Kiir Kuany,-0.9649,-0.7775,-1.7425,Ohio
2431,Kilian Brockhoff,0.8924,0.5131,1.4055,William & Mary
2432,Killian Gribben,-0.1304,-0.1928,-0.3232,Maine
2433,Killyan Toure,3.2991,3.1917,6.4908,Iowa State
2434,Kimani Hamilton,2.1919,0.5779,2.7697,UNLV
2435,King Grace,-1.09,-0.5024,-1.5924,Mississippi State
2436,King Ijeoma,-0.4004,-1.1174,-1.5178,Canisius
2437,Kingston Flemings,1.8454,5.637,7.4823,Houston
2438,Kingston Price,0.753,0.4278,1.1808,Fordham
2439,Kirby Mooney,0.1171,-0.2004,-0.0833,Richmond
2440,Kiree Huie,0.283,-0.5151,-0.2321,Eastern Wash.
2441,Kirill Elatontsev,0.2775,2.1611,2.4387,Oklahoma
2442,Kirk Cole,-0.218,-0.0831,-0.3011,Oklahoma State
2443,Kiwane Garris,-0.1137,1.5688,1.4551,Cal St. Fullerton
2444,Kiyan Anthony,0.0282,-0.907,-0.8788,Syracuse
2445,Klark James,0.0536,0.0,0.0536,Alabama
2446,Koa Peat,4.1131,3.187,7.3001,Arizona
2447,Koat Keat Tong,0.7173,0.5917,1.309,UC Santa Barbara
2448,Kobe Knox,0.6881,0.45,1.1381,South Carolina
2449,Kobe MaGee,0.0166,1.6712,1.6878,Florida State
2450,Kobe Rodgers,1.9208,0.3753,2.2961,Louisville
2451,Kobi Williams,0.7573,1.9414,2.6987,Missouri State
2452,Kody Clancy,1.9349,0.7549,2.6898,Ball State
2453,Kody Williams,1.4081,-1.7868,-0.3787,Hampton
2454,Kohl Rosario,1.388,-0.0088,1.3793,Kansas
2455,Kolby Gilles,-0.6475,-0.3556,-1.0031,Air Force
2456,Kolby King,-0.5464,3.0669,2.5205,Utah State
2457,Kolton Mitchell,-0.296,2.1733,1.8773,Idaho
2458,Kooper Jacobi,-0.6685,-0.8067,-1.4752,Eastern Ill.
2459,Kordel Jefferson,0.0821,-0.0951,-0.0129,Houston
2460,Koren Johnson,1.9884,1.9512,3.9396,Ole Miss
2461,Kory Mincy,1.0014,3.386,4.3873,George Mason
2462,Kose Egbule,0.9178,1.1014,2.0192,James Madison
2463,Kosy Akametu,0.5754,0.2436,0.819,Iona
2464,Kowacie Reeves,1.1725,0.876,2.0484,Georgia Tech
2465,Kris Parker,0.3619,1.2502,1.6121,UCF
2466,Kristers Skrinda,0.394,-0.117,0.277,Stanford
2467,Kristian Gonzalez,-0.0722,-0.1803,-0.2525,Idaho
2468,Kristupas Kepezinskas,0.7494,-0.7834,-0.0341,Rider
2469,Kruz McClure,0.639,-1.4059,-0.7669,DePaul
2470,Krystian Lewis,-2.5968,-0.8597,-3.4565,ULM
2471,Kuluel Mading,-1.9863,-0.1286,-2.1149,Charlotte
2472,Kuol Atak,-0.7934,1.8038,1.0103,Oklahoma
2473,Kur Teng,3.1944,3.282,6.4764,Michigan State
2474,Kwame Evans,0.5256,0.3909,0.9165,Oregon
2475,Kwame Tanic,-0.1389,0.1377,-0.0011,Georgia State
2476,Ky Pernell,-0.4931,-0.3096,-0.8026,Texas State
2477,Kyan Evans,3.1924,0.9177,4.1101,North Carolina
2478,KyeRon Lindsay-Martin,0.0637,3.0774,3.1411,UAB
2479,Kylan Blackmon,-1.2076,0.9366,-0.271,Charlotte
2480,Kylan Boswell,1.7667,3.3805,5.1472,Illinois
2481,Kylan Howze,1.8766,-0.4199,1.4567,Louisiana Tech
2482,Kyle Counts,-0.2841,-0.1126,-0.3967,St. Thomas (MN)
2483,Kyle Cuffe,-2.259,0.9645,-1.2946,Mercer
2484,Kyle Evans,1.5736,2.1285,3.7021,UC Irvine
2485,Kyle Frazier,1.1506,-0.1516,0.999,William & Mary
2486,Kyle Haughy,-0.1224,-0.1722,-0.2946,UC Santa Barbara
2487,Kyle Jones,0.2878,0.7591,1.0469,Buffalo
2488,Kyle Jorgensen,1.2595,2.3599,3.6194,Colorado State
2489,Kyle Marshall,0.127,-0.9175,-0.7906,Air Force
2490,Kyle Pock,3.6822,-0.8851,2.797,UNI
2491,Kyle Pulliam,0.0888,0.3955,0.4843,William & Mary
2492,Kyle Thomas,1.3496,-0.9246,0.425,SIUE
2493,Kyle Waltz,1.4446,2.5417,3.9864,Miami (OH)
2494,Kyler D'Augustino,-1.3284,0.6926,-0.6359,IU Indy
2495,Kyler VanderJagt,-1.948,0.1121,-1.8358,Toledo
2496,Kymany Houinsou,-1.4792,-1.5976,-3.0768,Loyola Chicago
2497,Kyndall Davis,2.1985,-0.96,1.2385,Texas State
2498,Kyonte Thomas,-0.2948,-0.0229,-0.3177,Valparaiso
2499,Kyran Ratliff,-0.3699,-1.8356,-2.2054,Louisiana
2500,Kyrese Mullen,0.8708,-0.2099,0.6609,New Mexico State
2501,LA Hayes,1.1931,-0.5741,0.619,UTEP
2502,LA Pratt,1.2177,-0.901,0.3166,Northeastern
2503,LJ Brown,-0.2872,0.2255,-0.0617,UTSA
2504,LJ Cason,1.9325,2.591,4.5234,Michigan
2505,LJ Hackman,1.8281,1.8884,3.7164,Western Ky.
2506,LJ Thomas,-1.9053,1.359,-0.5463,Old Dominion
2507,LJ Wells,0.8212,2.294,3.1152,Northern Ky.
2508,Labaron Philon,0.2617,4.1176,4.3792,Alabama
2509,Lachlan Brewer,-1.1759,2.5317,1.3558,Idaho State
2510,Lachlan Smith,0.2567,-0.0465,0.2102,Fla. Atlantic
2511,Lachlan Thompson,0.3047,-0.054,0.2507,Louisiana Tech
2512,Ladji Dembele,-0.5678,0.6598,0.0921,UNLV
2513,Ladji Kante,-0.0428,0.2527,0.2099,NIU
2514,Ladontae Felton,-0.3329,0.063,-0.2699,East Carolina
2515,Lajae Jones,0.7248,2.3709,3.0958,Florida State
2516,Lamar Washington,0.5877,-0.3441,0.2435,Georgia Tech
2517,Lamar Wilkerson,0.7323,3.2602,3.9925,Indiana
2518,Lamin Sabally,-2.0123,0.5688,-1.4435,Iona
2519,Lamine Niang,1.5187,-0.9381,0.5805,UT Martin
2520,Lance Carr,0.8512,0.0666,0.9178,UAB
2521,Lance Stone,0.3884,0.4469,0.8353,Detroit Mercy
2522,Lance Waddles,-0.8208,1.1603,0.3395,Omaha
2523,Landen Birley,-0.9714,-0.4406,-1.4121,Idaho State
2524,Landen Joseph,-0.3647,2.0043,1.6396,Marshall
2525,Landon Clark,-0.8938,0.1303,-0.7635,Princeton
2526,Landon King,-0.0322,-0.3872,-0.4193,UNC Greensboro
2527,Landon Lewis,1.0068,-1.3054,-0.2986,Brown
2528,Landon Moore,0.5421,0.2851,0.8272,Illinois State
2529,Landon Seaman,-0.4248,2.0914,1.6665,Cal St. Fullerton
2530,Landon Vanderwarker,-0.5445,-0.146,-0.6905,Kent State
2531,Landon Williams,0.071,-0.0122,0.0589,Niagara
2532,Landon Wolf,0.7256,1.753,2.4787,Illinois State
2533,Landren Blocker,2.1558,-0.9662,1.1896,Southeast Mo. St.
2534,Lane Sparks,-0.2128,0.2917,0.0788,Oral Roberts
2535,Langston Bailey,-0.2682,-0.2077,-0.4758,Bryant
2536,Langston Binns,-0.6639,0.0992,-0.5647,Southern Utah
2537,Langston Love,-1.0563,-0.0836,-1.1399,Georgetown
2538,Langston Reynolds,0.5284,0.6439,1.1722,Minnesota
2539,Larry Hughes,0.079,1.2318,1.3108,CSUN
2540,Lassina Traore,1.1938,0.7256,1.9194,Texas
2541,Lathan Sommerville,0.0047,-2.116,-2.1114,Washington
2542,Latif Diouf,0.9103,0.3254,1.2357,Chattanooga
2543,Latrell Wrightsell,2.0326,3.6982,5.7308,Alabama
2544,Lav Cvetkovic',0.5342,-0.2481,0.2861,IU Indy
2545,Lavell Brodnex,-3.0381,1.9575,-1.0806,ULM
2546,Layden Blocker,1.7445,-0.3237,1.4208,DePaul
2547,Layne Taylor,-0.1619,3.1861,3.0242,Murray State
2548,Lazar Djokovic,3.3337,2.0187,5.3524,VCU
2549,Lazar Milosevic,0.5063,0.6731,1.1794,Duquesne
2550,LeBron Thomas,-1.1176,-0.491,-1.6086,Green Bay
2551,LeJuan Watts,-1.4326,2.9719,1.5393,Texas Tech
2552,Lee Dort,1.5678,0.7757,2.3435,California
2553,Leeroy Odiahi,-0.5106,0.1221,-0.3885,Western Ky.
2554,Lefteris Liotopoulos,1.755,0.4648,2.2199,St. John's (NY)
2555,Lefteris Mantzoukas,0.5769,-0.6573,-0.0804,Oklahoma State
2556,Legend Geeter,-1.4948,0.8974,-0.5974,Detroit Mercy
2557,Legend Smiley,1.9165,1.9707,3.8872,San Francisco
2558,Leif Moeller,-2.0045,-0.1666,-2.1711,Evansville
2559,Leland Coleman,0.8738,-0.2582,0.6156,Columbia
2560,Leland Walker,-0.4331,1.5089,1.0758,Wyoming
2561,Lennart Weber,-0.7504,-1.3341,-2.0845,Bryant
2562,Leo Amari,0.1491,-0.2865,-0.1374,Evansville
2563,Leo Beath,1.4483,1.3791,2.8274,UC San Diego
2564,Leo Curtis,-0.2151,-0.6508,-0.8659,Nebraska
2565,Leon Bond,1.9383,1.2386,3.1768,UNI
2566,Leon Horner,1.4108,1.2914,2.7022,Texas Tech
2567,Leon Nahar,0.4523,0.239,0.6913,Stony Brook
2568,Leon Sifferlin,0.1816,0.3175,0.4991,Tulsa
2569,Leonardo Bettiol,2.8826,2.0321,4.9147,Massachusetts
2570,Leopold Levillain,0.8769,0.1708,1.0477,Long Beach State
2571,Leroy Blyden,0.3932,3.307,3.7001,Toledo
2572,Leroy Kelly,1.7866,0.4668,2.2534,Tarleton State
2573,Lewis Walker,-1.625,1.2826,-0.3424,N.C. A&T
2574,Liam Campbell,2.2075,0.7921,2.9997,Saint Mary's (CA)
2575,Liam Dagostino,0.1955,0.0185,0.214,Stony Brook
2576,Liam Dayco-Green,0.1868,-0.0321,0.1547,Fla. Atlantic
2577,Liam Koelsch,1.0315,-0.0859,0.9456,Northeastern
2578,Liam McChesney,-0.468,0.0365,-0.4315,Creighton
2579,Liam Murphy,-0.1153,-0.4712,-0.5865,Purdue
2580,Lilian Marville,-2.864,0.5268,-2.3373,UNC Greensboro
2581,Lino Mark,0.3464,1.0624,1.4088,Rutgers
2582,Linus Holmstrom,1.92,1.281,3.201,VMI
2583,Liutauras Lelevicius,1.8948,1.8004,3.6952,TCU
2584,Loch Cunningham,0.0587,-0.154,-0.0953,Denver
2585,Logan Applegate,-0.3244,1.4168,1.0924,The Citadel
2586,Logan Carey,1.0064,-0.5149,0.4915,Maine
2587,Logan Epes,0.2969,0.7439,1.0408,Missouri State
2588,Logan Imes,0.2445,1.5066,1.751,Notre Dame
2589,Logan Kinsey,-0.6014,3.4191,2.8177,Denver
2590,Logan McIntire,0.1327,1.77,1.9027,Central Mich.
2591,Logan Menefee,0.0151,-0.5882,-0.5731,The Citadel
2592,Logan Myers,-0.0775,-0.1059,-0.1834,Louisiana
2593,Logan Stephens,1.9835,0.5162,2.4997,Southern Utah
2594,Logan Woods,0.787,1.4309,2.2178,Wright State
2595,London Jemison,1.3583,1.6749,3.0332,Alabama
2596,London Maiden,-0.1852,-0.4119,-0.5971,Detroit Mercy
2597,London Praytor,-0.3819,-0.0256,-0.4074,Toledo
2598,Lorenzo Abellar,-0.4209,-1.0189,-1.4398,Southern Utah
2599,Louie Semona,0.5962,0.8417,1.4379,Western Ky.
2600,Louis Bond,0.5499,0.2854,0.8353,Idaho State
2601,Louis Lesmond,0.3417,0.2109,0.5526,Fordham
2602,Luca Ace-Nasteski,0.3322,-0.4682,-0.136,Harvard
2603,Luca Colceag,1.8192,-0.8953,0.9239,UT Martin
2604,Luca Soroa Schaller,0.2787,-0.4557,-0.177,Northeastern
2605,Lucas Burton,-0.3401,0.1643,-0.1758,Cleveland State
2606,Lucas Denault,0.0,-0.0087,-0.0087,Princeton
2607,Lucas Hobin,-2.4657,-1.4007,-3.8664,Air Force
2608,Lucas Langarita,-1.0065,-0.929,-1.9355,Utah
2609,Lucas Lorenzen,-2.9424,-1.5877,-4.5301,Western Ill.
2610,Lucas Mari,0.5194,-0.8427,-0.3234,Vermont
2611,Lucas Orchard,-0.174,-0.5227,-0.6968,Monmouth
2612,Lucas Prolla,0.3258,-0.1329,0.1929,Duquesne
2613,Lucas Scroggins,1.0695,2.2746,3.3441,Saint Peter's
2614,Lucas-Allan Lueth,2.0114,0.3062,2.3176,Penn
2615,Lucius Gibson-Savadel,0.503,-0.8977,-0.3947,Sacred Heart
2616,Luka Bogavac,2.4533,1.0681,3.5214,North Carolina
2617,Luka Damjanac,-1.6293,0.7014,-0.9278,Massachusetts
2618,Luka Jovanovic,0.122,1.0986,1.2206,Middle Tenn.
2619,Luka Tarlac,-0.7125,-1.0837,-1.7963,Cal Poly
2620,Luka Toews,0.7707,-0.6183,0.1524,Boston College
2621,Luka Vudragovic,-0.3273,-1.1751,-1.5023,Pepperdine
2622,Luke Almodovar,0.703,2.2667,2.9697,Southeast Mo. St.
2623,Luke Bamgboye,2.7472,-0.1083,2.639,Texas Tech
2624,Luke Butler,0.1332,-0.324,-0.1908,California
2625,Luke Cronin,-0.1298,0.086,-0.0439,Tulane
2626,Luke Davidson,0.3346,0.0724,0.407,Fairfield
2627,Luke Davis,0.5749,0.1966,0.7714,East Carolina
2628,Luke Fennell,0.5714,-0.5248,0.0466,Syracuse
2629,Luke Flynn,1.1812,0.7099,1.8911,Wofford
2630,Luke Gray,-0.1962,2.0625,1.8663,Oral Roberts
2631,Luke Haertle,0.7501,-0.0034,0.7467,South Dakota State
2632,Luke Haupt,2.5719,1.2831,3.855,New Mexico
2633,Luke Hunger,1.5621,1.2834,2.8455,George Washington
2634,Luke Johnson,-0.8455,0.2118,-0.6336,Oregon
2635,Luke Jungers,-0.0875,0.705,0.6174,Iona
2636,Luke Kearney,-0.9183,0.9302,0.0119,Utah State
2637,Luke Ledford,0.098,0.2735,0.3715,App State
2638,Luke McEldon,0.8405,-1.072,-0.2315,Mount St. Mary's
2639,Luke Northweather,0.7721,2.4236,3.1957,Missouri
2640,Luke Paragon,0.6799,2.6588,3.3387,Brown
2641,Luke Rasmussen,0.5748,1.2081,1.7829,Tulane
2642,Luke Skaljac,1.0766,3.1118,4.1884,Miami (OH)
2643,Luke Wilson,1.378,0.1565,1.5345,App State
2644,Luke Zuffelato,0.3755,-0.6158,-0.2404,UC Santa Barbara
2645,Lureon Walker,1.0168,-1.0962,-0.0794,N.C. A&T
2646,MJ Collins,2.8996,4.8814,7.7809,Utah State
2647,MJ Russell,-2.6711,-0.7074,-3.3786,ULM
2648,MJ Yeager,-0.1639,-0.2142,-0.3781,Oakland
2649,Ma'Kye Taylor,-0.1833,-1.3833,-1.5666,UAlbany
2650,Ma'Shy Hill,2.6814,-1.1709,1.5105,Abilene Christian
2651,Mac Wrecke,-0.7751,-1.3504,-2.1255,Green Bay
2652,Macaleab Rich,0.9467,-0.3569,0.5898,UTSA
2653,Macari Moore,0.4635,0.4029,0.8665,Pittsburgh
2654,Mackenzie Mgbako,-0.5218,1.2346,0.7127,Texas A&M
2655,Macon Emory,0.8274,-0.0881,0.7393,Delaware
2656,Maddox Monson,-0.3637,0.6394,0.2757,Eastern Wash.
2657,Madiba Owona,1.158,-0.3069,0.8511,Utah Tech
2658,Madison Durr,1.0914,-0.1267,0.9647,UNCW
2659,Magnus Entenmann,0.6112,1.5678,2.179,Kent State
2660,Magoon Gwath,2.0744,-0.2499,1.8244,San Diego State
2661,Maguire Mitchell,-0.1506,1.843,1.6924,IU Indy
2662,Mahmoud Fofana,1.6831,1.8548,3.5379,CSUN
2663,Major Freeman,-0.515,0.3163,-0.1987,Charlotte
2664,Mak Manciel,0.8997,-0.5682,0.3315,Eastern Mich.
2665,Makai Grant,-0.0325,0.01,-0.0226,Dayton
2666,Makai Kvamme,-1.2363,-0.4928,-1.7291,Western Ill.
2667,Makai Richards,0.8368,0.2012,1.0379,Chattanooga
2668,Makai Willis,0.2244,-0.1284,0.0961,Texas State
2669,Makaih Williams,2.7843,1.4815,4.2659,Grand Canyon
2670,Makel Smith,0.0617,-0.0276,0.0341,UNCW
2671,Makhai Valentine,-1.7776,-1.2107,-2.9883,NIU
2672,Makhan Diouf,0.7412,-1.0981,-0.3568,Fresno St.
2673,Makhi Leach,1.652,1.5496,3.2016,Bowling Green
2674,Maki Johnson,1.5104,2.1448,3.6552,ETSU
2675,Makoi Mabor Makoi,-0.7088,-2.3124,-3.0212,UNCW
2676,Malachi Arrington,-0.0449,-2.2035,-2.2483,NJIT
2677,Malachi Brown,-0.4624,-0.5378,-1.0003,Georgia State
2678,Malachi Moreno,1.9784,2.5689,4.5473,Kentucky
2679,Malachi Palmer,1.2892,2.2693,3.5584,Villanova
2680,Malachi Smith,2.0743,0.3138,2.388,UConn
2681,Malcolm Christie,-0.1961,-0.7059,-0.902,Oregon State
2682,Malcolm Flaggs,0.0109,-0.0528,-0.0419,Villanova
2683,Malcolm Thomas,-0.7317,0.1619,-0.5698,Dayton
2684,Malcolm Wrisby-Jefferson,1.4835,-1.8996,-0.4161,Brown
2685,Maleek Arington,2.0571,-1.2549,0.8021,Seattle U
2686,Malek Archie,0.4622,0.0623,0.5245,Tarleton State
2687,Malek Gomma,1.1656,2.2621,3.4277,Weber State
2688,Malick Diallo,-0.0884,-0.4926,-0.581,TCU
2689,Malick Kordel,0.1336,-0.1898,-0.0561,Michigan
2690,Malik Abdullahi,0.1802,-0.3685,-0.1883,Princeton
2691,Malik Dia,1.7093,0.4605,2.1699,Ole Miss
2692,Malik Edmead,-0.2408,-1.3018,-1.5426,Merrimack
2693,Malik Ferguson,-1.8167,-0.3292,-2.1459,Tennessee Tech
2694,Malik Mack,1.1463,1.9744,3.1206,Georgetown
2695,Malik Messina-Moore,0.7381,1.2422,1.9803,Xavier
2696,Malik Olafioye,-0.8351,-1.0914,-1.9265,Eastern Ill.
2697,Malik Presley,0.3022,0.1895,0.4917,George Mason
2698,Malik Reneau,1.5213,3.3972,4.9185,Miami (FL)
2699,Malik Sheppard,0.0167,0.1164,0.1331,Sacred Heart
2700,Malik Thomas,1.3205,0.6942,2.0147,Virginia
2701,Maliq Brown,0.956,1.1964,2.1524,Duke
2702,Malique Ewin,0.9307,4.2365,5.1672,Arkansas
2703,Manie Joses,1.9673,1.2747,3.2419,Davidson
2704,Manny Hill,0.5483,-0.0966,0.4517,Cleveland State
2705,Mantas Juzenas,0.3583,-0.2376,0.1207,Saint Mary's (CA)
2706,Mantas Kocanas,-0.9198,-0.6828,-1.6026,California
2707,Marcell McCreary,1.4596,0.479,1.9386,UT Arlington
2708,Marcos Gonzales,-2.101,-1.0708,-3.1719,The Citadel
2709,Marcus Adams,-0.5923,0.5431,-0.0491,Arizona State
2710,Marcus Allen,1.2382,-0.6593,0.5789,Miami (FL)
2711,Marcus Banks,-1.6756,1.5449,-0.1307,Massachusetts
2712,Marcus Fitzgerald,0.3139,-1.1137,-0.7998,Jacksonville State
2713,Marcus Greene,0.4246,-0.0886,0.336,Fordham
2714,Marcus Hall,-1.5104,1.6011,0.0908,Green Bay
2715,Marcus Hill,1.8197,2.323,4.1427,Texas A&M
2716,Marcus Jackson,-0.1534,-0.837,-0.9904,Siena
2717,Marcus Johnson,-0.446,-0.1054,-0.5514,Kansas State
2718,Marcus Kell,-0.8515,1.9086,1.0571,Western Caro.
2719,Marcus Millender,0.4671,4.5873,5.0544,Georgia
2720,Marcus Niblack,1.5795,-0.0589,1.5206,Canisius
2721,Marcus Overstreet,-0.4576,0.6441,0.1864,San Jose State
2722,Marcus Pigram,-1.2855,-0.5364,-1.8219,Western Ill.
2723,Marcus Rigsby,-0.1631,-2.2484,-2.4114,UT Arlington
2724,Marcus Whitlock,0.6089,1.602,2.2109,Middle Tenn.
2725,Marcus Wilson,1.0565,0.7661,1.8226,UC Davis
2726,Marial Akuentok,-1.2056,0.5524,-0.6532,Texas Tech
2727,Mario Saint-Supery,3.2986,2.9075,6.2061,Gonzaga
2728,Mario Tatum,-2.5728,0.6503,-1.9225,VMI
2729,Mark Brown,0.5337,-0.3232,0.2105,Valparaiso
2730,Mark Drone,0.6455,0.0264,0.6719,Texas State
2731,Mark Lavrenov,-0.2688,-0.6274,-0.8962,Sacramento St.
2732,Mark Mitchell,1.214,3.2516,4.4656,Missouri
2733,Mark Zackery,0.0282,-0.0742,-0.046,Notre Dame
2734,Markel Jennings,0.049,-0.0567,-0.0077,Georgia
2735,Markhi Strickland,0.2625,2.1206,2.3831,North Dakota State
2736,Marko Ljubicic,-1.1283,-0.2218,-1.3501,Manhattan
2737,Marko Radunovic,1.9425,-1.1037,0.8388,Boston College
2738,Markus Blackwell,0.0384,1.0378,1.0761,Eastern Ill.
2739,Markus Burton,1.6746,1.9553,3.6299,Notre Dame
2740,Markus Harding,1.4295,-1.4745,-0.045,Indiana State
2741,Marley Curtis,0.9073,-0.7043,0.2029,North Dakota
2742,Marlon Barnes,0.09,0.1782,0.2682,Evansville
2743,Marqueas Bell,-0.053,2.6036,2.5506,Southeast Mo. St.
2744,Marquel Sutton,0.1422,2.8178,2.96,LSU
2745,Marqui Worthy,0.6407,0.4757,1.1164,UC Riverside
2746,Marqus Marion,2.2356,0.8211,3.0567,Wake Forest
2747,Martel Williams,3.2373,0.4173,3.6546,California Baptist
2748,Martin Carrere,-0.3563,-0.0871,-0.4434,Virginia
2749,Martin Kalu,0.7906,-0.3435,0.4472,Col. of Charleston
2750,Martin Kawa,1.3237,-0.9385,0.3852,Marist
2751,Martin Kheil,-0.5008,1.8544,1.3536,Idaho State
2752,Martin Somerville,3.2134,2.547,5.7604,Florida State
2753,Martin de Laporterie,-1.4695,-1.9214,-3.3908,Drexel
2754,Martins Kilups,-0.9877,0.2959,-0.6918,Oral Roberts
2755,Maruan Cicic,-0.2184,0.4932,0.2747,Green Bay
2756,Marvin McGhee,1.2545,2.1341,3.3886,UC Santa Barbara
2757,Marvin Musiime-Kamali,0.4289,1.1656,1.5945,Akron
2758,Masai Troutman,1.8524,-0.9596,0.8928,George Mason
2759,Masiah Gilyard,-0.0227,0.7606,0.7379,Temple
2760,Mason Blackwood,-1.8566,-0.5428,-2.3993,Penn State
2761,Mason Ellison,-1.4695,-0.9447,-2.4142,Delaware
2762,Mason Falslev,3.0833,2.5853,5.6687,Utah State
2763,Mason Hagedorn,0.5753,-0.276,0.2993,VMI
2764,Mason Jones,0.7509,-1.3735,-0.6226,Ball State
2765,Mason Klabo,0.2541,2.0881,2.3422,Illinois State
2766,Mason Lawson,-0.4356,0.165,-0.2705,VMI
2767,Mason Matthews,-0.1037,-0.0826,-0.1863,Memphis
2768,Mason Miller,0.7553,3.2664,4.0217,Murray State
2769,Mason Moses,-0.1831,-0.0407,-0.2238,Georgetown
2770,Mason Nicholson,-0.3864,-0.1884,-0.5748,Vanderbilt
2771,Mason Ritter,0.3728,-0.3341,0.0387,Columbia
2772,Mason Shrout,1.0296,0.963,1.9926,Purdue Fort Wayne
2773,Mason Smith,0.6674,0.4694,1.1367,Furman
2774,Mason So,0.2446,-2.175,-1.9304,Mount St. Mary's
2775,Massamba Diop,2.3188,0.4237,2.7425,Arizona State
2776,Matas Buteliauskas,-0.0016,-0.2934,-0.295,Buffalo
2777,Matas Deniusas,1.6577,0.9583,2.616,UT Martin
2778,Matas Vokietaitis,1.3264,2.819,4.1454,Texas
2779,Mateen Rafiq,0.5779,3.2148,3.7927,Cornell
2780,Matheo Coffi,-1.5511,-0.2634,-1.8145,UTSA
2781,Mathieu Grujicic,0.1933,0.6014,0.7947,Ohio State
2782,Mathis Courbon,0.2623,2.1352,2.3975,Murray State
2783,Matija Belic,2.316,0.0066,2.3226,Wyoming
2784,Matija Samar,-0.5723,-0.096,-0.6683,Oregon State
2785,Matt Able,0.5069,3.2079,3.7147,NC State
2786,Matt Compas,-0.234,-1.7079,-1.942,IU Indy
2787,Matt Dann,1.0234,0.6261,1.6495,Sam Houston
2788,Matt Hayman,0.0621,0.9552,1.0173,Arkansas State
2789,Matt Hodge,1.1919,3.0921,4.284,Villanova
2790,Matt Reed,-1.5903,-1.2194,-2.8097,Iona
2791,Matt Van Komen,2.4547,1.209,3.6637,Marshall
2792,Matteo Porto,0.27,-0.3379,-0.068,Fresno St.
2793,Matthew Bothun,-0.7509,-0.777,-1.5279,North Dakota
2794,Matthew MacLellan,-0.049,-0.1841,-0.233,Notre Dame
2795,Matthew Mors,0.6466,1.977,2.6236,South Dakota State
2796,Matthew Quinlan,-0.1031,0.178,0.0749,Cal St. Fullerton
2797,Matthew Zobrist,0.1271,-0.4924,-0.3653,Bradley
2798,Matus Hronsky,-0.5217,1.1837,0.662,Portland
2799,Matyas Vrabel,0.0858,-1.2377,-1.1519,Tarleton State
2800,Maurice Odum,1.1024,1.8053,2.9077,Arizona State
2801,Maurizio D'Alessandro,0.2274,0.029,0.2564,Rider
2802,Max Burton,-1.443,0.2908,-1.1522,Western Mich.
2803,Max Davis,0.1953,0.1665,0.3618,Drexel
2804,Max Green,0.5902,1.246,1.8362,Northwestern
2805,Max Jusianiec,-0.1995,-0.407,-0.6065,Canisius
2806,Max Langenfeld,-0.4144,0.3801,-0.0343,Fla. Atlantic
2807,Max Laskey,-0.6683,0.0252,-0.6431,NIU
2808,Max Lipacis,-0.1446,-0.2458,-0.3903,La Salle
2809,Max Mackinnon,0.0902,3.067,3.1572,LSU
2810,Max Majerle,-1.7354,-0.5622,-2.2976,North Dakota State
2811,Max Miller,0.0906,-0.4519,-0.3613,Fordham
2812,Max Pikaar,0.3393,-1.3147,-0.9754,Southern Ill.
2813,Max Smith,0.249,-0.2465,0.0025,Ole Miss
2814,Max Weisbrod,3.1417,0.1959,3.3376,UNI
2815,Max Williams,-0.0794,-0.1431,-0.2226,Western Caro.
2816,Maxim Logue,0.9266,1.3873,2.3139,Fla. Atlantic
2817,Maximo Ortega,-1.5018,0.4421,-1.0597,Wofford
2818,Maximus Edwards,1.0757,-0.8898,0.1859,Duquesne
2819,Maximus Gizzi,0.0302,-0.9513,-0.9211,Minnesota
2820,Maximus Nelson,-0.0134,0.137,0.1236,Purdue Fort Wayne
2821,Maxwell Land,-0.1433,0.1922,0.0489,South Alabama
2822,Mayar Wol,-0.2572,1.984,1.7268,Bowling Green
2823,Mazi Mosley,1.0673,-0.1607,0.9067,LSU
2824,Mbaye N'Diaye,0.2677,-0.3026,-0.0349,Eastern Mich.
2825,Meechie Johnson,1.4462,0.6777,2.124,South Carolina
2826,Meechie White,1.7154,-2.4716,-0.7561,Eastern Ill.
2827,Mehki Ellison,0.6817,0.8409,1.5226,Eastern Mich.
2828,Mekai Johnson,-0.3259,-1.0539,-1.3798,Saint Joseph's
2829,Mekhi Cameron,0.7613,0.072,0.8333,Tennessee Tech
2830,Mekhi Conner,-1.5261,0.5626,-0.9634,Sacred Heart
2831,Mekhi Cooper,0.9378,-0.5448,0.393,Lindenwood
2832,Mekhi Gray,-0.874,-1.6271,-2.5012,Maine
2833,Mekhi Lowery,0.7501,2.2981,3.0482,UIC
2834,Mekhi Mason,-0.1055,1.9313,1.8258,Wake Forest
2835,Mekhi Ragland,-0.1324,-0.1435,-0.2758,Oklahoma State
2836,Mekhi Turner,-0.4174,-1.5578,-1.9752,Tennessee Tech
2837,Melakih Cunningham,-0.554,0.2856,-0.2684,Missouri State
2838,Meleek Thomas,1.4693,4.8848,6.3541,Arkansas
2839,Melian Martinez,0.3049,-0.7423,-0.4374,Louisiana Tech
2840,Melih Tunca,-0.4395,2.1308,1.6913,Penn State
2841,Melvin Bell,-2.4521,1.7633,-0.6888,San Jose State
2842,Melvin Council,3.5032,2.1588,5.6621,Kansas
2843,Melvyn Ebonkoli,2.4138,1.3234,3.7372,NJIT
2844,Mercy Miller,-0.2208,1.5543,1.3335,Houston
2845,Merritt Alderink,-0.0534,-0.8554,-0.9088,Eastern Mich.
2846,Micah Caster,-1.2145,-1.4509,-2.6654,ULM
2847,Micah Curtis,0.2947,0.0609,0.3556,North Dakota
2848,Micah Davis,-1.2308,-0.7135,-1.9443,IU Indy
2849,Micah Handlogten,0.2829,1.487,1.7699,Florida
2850,Micah Robinson,1.7799,0.8945,2.6744,TCU
2851,Micah Tucker,0.4926,-1.0869,-0.5943,Georgia State
2852,Michael Ajayi,0.6002,2.1353,2.7355,Butler
2853,Michael Belle,1.2181,4.1176,5.3358,VCU
2854,Michael Collins,0.4865,-1.7119,-1.2254,Louisiana
2855,Michael Cooper,-1.1284,2.9595,1.8311,Wright State
2856,Michael DeOrsey,-0.1257,-0.1325,-0.2581,Bryant
2857,Michael Eley,-1.5425,2.492,0.9495,Hampton
2858,Michael Gray,1.9791,0.8675,2.8466,Wichita State
2859,Michael Houge,-0.4856,0.8944,0.4087,Oakland
2860,Michael Imariagbe,1.5822,3.2957,4.878,Wright State
2861,Michael Lawlor,0.2836,0.3946,0.6782,Manhattan
2862,Michael Marcus,1.2774,1.3266,2.604,App State
2863,Michael Mouton,0.0828,0.1878,0.2705,Louisiana
2864,Michael Nwoko,-1.1185,2.7848,1.6662,LSU
2865,Michael Osei-Bonsu,2.3408,1.7057,4.0465,Missouri State
2866,Michael Phillips,1.4758,0.3198,1.7956,Marquette
2867,Michael Rataj,-1.1101,3.0556,1.9455,Baylor
2868,Michael Rogan,0.1198,-0.4192,-0.2994,Fairfield
2869,Michael Simcoe,-0.8168,0.5907,-0.2261,UC Santa Barbara
2870,Michael Sulaka,-0.7715,0.3296,-0.4419,Western Mich.
2871,Michael Van Raaphorst,-0.1763,-0.0767,-0.2529,Georgetown
2872,Michael Wolf,-0.3192,0.0293,-0.2899,Xavier
2873,Michael Zanoni,-1.6324,0.5383,-1.0942,Penn
2874,Michelangelo Oberti,0.1403,0.061,0.2013,Penn
2875,Mier Panoam,-0.4491,-0.514,-0.9631,Xavier
2876,Mihailo Boskovic,-0.5235,1.0335,0.5101,BYU
2877,Mihailo Petrovic,0.0905,-1.068,-0.9776,Illinois
2878,Mikah Ballew,0.5643,-0.1767,0.3876,Portland
2879,Mikale Stevenson,-1.1296,-0.2909,-1.4205,Purdue Fort Wayne
2880,Mike Evbagharu,-1.2036,-0.5276,-1.7313,Canisius
2881,Mike James,-0.0965,-0.2393,-0.3358,Vanderbilt
2882,Mike Loughnane,-2.5808,1.2169,-1.3639,Northeastern
2883,Mike Price,0.0015,-1.412,-1.4105,CSU Bakersfield
2884,Mike Sharavjamts,0.537,0.7988,1.3358,South Carolina
2885,Mike Walz,-0.3679,1.4893,1.1214,Richmond
2886,Mike Williams,-1.776,-0.5515,-2.3274,Seton Hall
2887,Mikel Brown,1.143,2.3948,3.5378,Louisville
2888,Mikey Lewis,1.2134,4.3061,5.5195,Saint Mary's (CA)
2889,Mikey Williams,-0.8345,-0.1974,-1.0319,Sacramento St.
2890,Mikhail Pocknett,0.5983,-0.0714,0.5269,Buffalo
2891,Mikkel Tyne,-0.1786,0.9576,0.779,Richmond
2892,Milan Mejia,0.8781,-1.8855,-1.0073,Louisiana
2893,Milan Momcilovic,4.1241,4.2012,8.3252,Iowa State
2894,Miles Amos,1.1461,0.3341,1.4802,Seattle U
2895,Miles Barnstable,0.4735,3.1132,3.5867,Tulsa
2896,Miles Byrd,1.9513,1.1647,3.1161,San Diego State
2897,Miles Daniels,1.2968,1.3596,2.6564,California Baptist
2898,Miles Franklin,1.8168,-0.4312,1.3856,Columbia
2899,Miles Goodman,0.5081,-2.3287,-1.8206,UT Arlington
2900,Miles Heide,1.8405,0.3215,2.162,San Diego State
2901,Miles Keeffe,0.402,-0.1808,0.2213,Vanderbilt
2902,Miles Klapper,1.7998,1.4567,3.2565,Idaho
2903,Miles Newton,1.4097,-0.4548,0.9549,Northeastern
2904,Miles Rose,0.3937,0.211,0.6047,UAlbany
2905,Miles Rubin,-0.0021,-0.1373,-0.1394,Loyola Chicago
2906,Miles Stewart,0.0627,-0.0532,0.0095,Oregon
2907,Milos Ilic,0.8926,0.4009,1.2936,California
2908,Milos Nenadic,1.4528,1.1428,2.5956,Lindenwood
2909,Milos Uzan,4.5568,1.691,6.2477,Houston
2910,Milos Vicentic,0.4801,0.2882,0.7683,New Mexico
2911,Milton Matthews,0.5662,1.0226,1.5887,ETSU
2912,Miro Little,1.0315,1.856,2.8875,UC Santa Barbara
2913,Mister Dean,0.6861,0.3935,1.0796,Col. of Charleston
2914,Mitchel Minor,0.224,0.1164,0.3404,Northern Ky.
2915,Mitchell Holmes,0.5186,0.4075,0.9261,SMU
2916,Mo Njie,-0.4167,-1.1145,-1.5312,UTSA
2917,Mobi Ikegwuruka,0.2367,-0.2075,0.0292,Kansas State
2918,Mohamad Diallo,0.3914,-1.0872,-0.6958,Rider
2919,Mohamed Binzagr,0.1176,-0.2585,-0.1409,George Washington
2920,Mohamed Keita,-0.201,-0.1007,-0.3017,Temple
2921,Mohamed Maxamud,0.4055,0.0196,0.4252,Bowling Green
2922,Mohamed Wague,1.6259,2.8793,4.5052,Oklahoma
2923,Mohammad Habhab,-0.0004,-0.5365,-0.5369,Eastern Mich.
2924,Momo Nkugwa,0.8665,1.041,1.9075,Vermont
2925,Money Williams,0.5015,0.9418,1.4433,Montana
2926,Montana Wheeler,1.0602,0.5381,1.5983,Bradley
2927,Monty Bowser,0.5046,-1.3345,-0.8299,California Baptist
2928,Mookie Cook,-0.8722,1.7218,0.8496,San Francisco
2929,Mor Seck,2.0186,-0.2417,1.777,Towson
2930,Morez Johnson,3.3374,2.6304,5.9678,Michigan
2931,Morgan Safford,0.4459,1.8606,2.3065,Kent State
2932,Morris Ugusuk,0.76,-0.0574,0.7027,West Virginia
2933,Mosi Clayton,-0.11,-0.48,-0.59,Siena
2934,Mostapha El Moutaouakkil,2.2532,0.551,2.8042,Jacksonville State
2935,Motiejus Krivas,5.8252,2.6415,8.4667,Arizona
2936,Mouhamed Dioubate,1.4875,2.4272,3.9147,Kentucky
2937,Mouhamed Mbaye,1.6736,-0.0536,1.6201,UTEP
2938,Mouhamed Sow,0.9593,1.3661,2.3253,Rhode Island
2939,Mouhamed Sylla,1.3231,-1.0054,0.3176,Georgia Tech
2940,Moustapha Thiam,2.9443,0.6212,3.5654,Cincinnati
2941,Mozae Downing-Rivers,1.1921,0.4098,1.6019,Portland State
2942,Mujahiid Burton,-0.6902,1.0417,0.3516,N.C. A&T
2943,Muneer Newton,-0.2366,1.1887,0.952,Campbell
2944,Musa Sagnia,2.7841,1.9195,4.7036,NC State
2945,Myles Blackley,1.3779,0.3915,1.7694,New Hampshire
2946,Myles Colvin,-0.4401,0.2759,-0.1642,Wake Forest
2947,Myles Corey,1.5927,1.5513,3.1441,Rhode Island
2948,Myles Parker,1.5653,-0.9907,0.5746,Marist
2949,Myles Rice,0.3292,-1.7796,-1.4504,Maryland
2950,Myles Rigsby,0.8813,0.3135,1.1949,Tulsa
2951,Myles Stute,-0.6239,0.6926,0.0687,South Carolina
2952,Myles Thompson,-0.1422,-1.0812,-1.2234,SIUE
2953,Myles Walker,-0.7494,0.3203,-0.4291,Nevada
2954,Myles Wilmoth,0.3903,-1.9803,-1.59,Canisius
2955,Mynor Strong,2.0462,3.0094,5.0556,Toledo
2956,Myron Amey,0.5805,0.3386,0.9191,LMU (CA)
2957,N'famara Dabo,1.064,-1.0567,0.0073,Brown
2958,ND Okafor,1.0846,1.0773,2.1619,Washington State
2959,NJ Benson,0.5473,0.9703,1.5176,DePaul
2960,NaVaughn Long,-0.8603,0.1691,-0.6912,Portland
2961,Naas Cunningham,-0.4057,1.0409,0.6352,UNLV
2962,Nadjrick Peat,2.0724,-1.1636,0.9088,Coastal Carolina
2963,Naithan George,1.1152,3.501,4.6162,Syracuse
2964,Najai Hines,2.7784,1.068,3.8464,Seton Hall
2965,Nakavieon White,-1.1508,1.7526,0.6017,Ga. Southern
2966,Nakyel Shelton,-0.5836,-0.6308,-1.2144,LMU (CA)
2967,Nana Owusu-Anane,3.729,2.4843,6.2132,Grand Canyon
2968,Nas Hart,-0.0466,-0.5089,-0.5555,La Salle
2969,Nasir Meyer,-0.0229,3.1103,3.0874,Wyoming
2970,Nasir Muhammad,-1.0875,2.5979,1.5104,UAlbany
2971,Nasir Rodriguez,1.2425,-0.2505,0.992,Fairfield
2972,Nassim Mashhour,0.0145,2.7296,2.7441,Oakland
2973,Nate Ament,2.6682,1.4897,4.1578,Tennessee
2974,Nate Bittle,1.492,0.6057,2.0977,Oregon
2975,Nate Calmese,1.3722,1.9812,3.3533,Wake Forest
2976,Nate Deer,0.2444,-0.1185,0.1259,Oakland
2977,Nate Garcia,-0.2971,-0.1313,-0.4284,California Baptist
2978,Nate Guerengomba,0.8006,0.6631,1.4638,Quinnipiac
2979,Nate Heise,2.7599,2.8932,5.6531,Iowa State
2980,Nate Johnson,0.5391,1.7516,2.2907,Kansas State
2981,Nate Johnson,0.5391,1.7516,2.2907,Detroit Mercy
2982,Nate Kasher,0.1318,0.0779,0.2098,DePaul
2983,Nate Kingz,1.6372,2.2505,3.8878,Syracuse
2984,Nathan Claerbaut,0.8809,1.5773,2.4582,Central Mich.
2985,Nazareth Fisher,-1.3519,-1.5859,-2.9378,Eastern Ill.
2986,Ned Hull,1.416,0.0978,1.5138,Elon
2987,Neel Beniwal,0.5769,-4.6071,-4.0302,San Diego
2988,Nehemiah Turner,0.227,-0.6276,-0.4005,Minnesota
2989,Neoklis Avdalas,2.6607,1.5417,4.2024,Virginia Tech
2990,Nes Emeneke,1.5515,-0.9218,0.6297,UC Irvine
2991,Nevin Ibroci,-0.2638,-0.0926,-0.3564,Binghamton
2992,Nginyu Ngala,0.2036,0.3963,0.5999,Kansas
2993,Nic Codie,-0.8507,0.7394,-0.1113,Texas
2994,Nic McClain,1.6759,1.4612,3.137,Belmont
2995,Nicco DiGiulio,0.0468,-0.3068,-0.26,Canisius
2996,Niccolo Kalischer-Stork,-0.0401,-0.1156,-0.1557,SMU
2997,Niccolo Moretti,0.9447,0.4147,1.3593,Fla. Atlantic
2998,Nicholas Errica,0.7044,-0.0338,0.6706,Western Mich.
2999,Nicholas Randall,-0.1825,-0.4354,-0.6179,Missouri
3000,Nick Anderson,-1.0905,2.0027,0.9122,Rice
3001,Nick Boyd,0.6321,4.3786,5.0107,Wisconsin
3002,Nick Coval,1.1134,1.9111,3.0246,Davidson
3003,Nick Davidson,0.82,-0.3001,0.5199,Clemson
3004,Nick Del Bosque,0.1556,-4.3991,-4.2435,San Diego
3005,Nick Dorn,-0.5603,0.9656,0.4053,Indiana
3006,Nick Ellington,3.0234,-0.7753,2.2481,George Mason
3007,Nick Hittle,-0.4993,0.1792,-0.3201,Western Ill.
3008,Nick Janowski,0.5044,0.8841,1.3885,St. Thomas (MN)
3009,Nick Lombardi,-0.1093,0.0144,-0.0949,Valparaiso
3010,Nick Martinelli,-0.8915,3.3682,2.4768,Northwestern
3011,Nick Mullen,-0.181,-1.2533,-1.4343,Central Mich.
3012,Nick Pringle,2.0457,0.4808,2.5266,Arkansas
3013,Nick Randall,-0.0356,0.0297,-0.0059,Colorado
3014,Nick Richart,-0.5678,-1.3142,-1.882,Charlotte
3015,Nick Sanders,-0.527,-0.0243,-0.5513,Michigan State
3016,Nick Sanford,0.3225,-0.3491,-0.0266,New Hampshire
3017,Nick Townsend,0.4324,3.0883,3.5207,Yale
3018,Nicolus Anderson,0.1894,-0.9353,-0.7459,Loyola Chicago
3019,Nigel Burris,-1.2939,0.8782,-0.4156,Weber State
3020,Nigel James,0.7311,1.0412,1.7722,Marquette
3021,Nigel Walls,0.1724,-0.316,-0.1436,SMU
3022,Nijel Pack,-0.1701,5.2287,5.0586,Oklahoma
3023,Nik Graves,-0.3626,3.1155,2.7529,Creighton
3024,Niklas Polonowski,-0.1534,-0.6605,-0.8139,Penn
3025,Niko Abusara,0.8934,1.2991,2.1924,Dartmouth
3026,Niko Bundalo,-0.1244,-0.2192,-0.3435,Ole Miss
3027,Niko Rocak,2.5464,0.4335,2.9799,UC Davis
3028,Nikola Djapa,1.0363,0.5751,1.6114,Colorado State
3029,Nikola Dzepina,-0.8063,0.6767,-0.1297,Washington
3030,Nikola Radovanovic,-0.3294,-0.544,-0.8734,Pepperdine
3031,Nikolaos Chitikoudis,0.6118,0.1928,0.8046,Robert Morris
3032,Nikolas Khamenia,3.3976,2.3153,5.7129,Duke
3033,Nilavan Daniels,0.2516,1.6834,1.935,Providence
3034,Nils Cooper,-0.3094,1.883,1.5737,UC Davis
3035,Nils Machowski,-0.7617,2.071,1.3093,Wofford
3036,Nimari Burnett,0.4333,2.4069,2.8403,Michigan
3037,Niyol Hauet,-0.0786,-0.1172,-0.1958,West Virginia
3038,Nnanna Njoku,0.5896,-0.3595,0.2302,Delaware
3039,Noah Amenhauser,-1.1186,0.9003,-0.2183,Oregon State
3040,Noah Barnett,1.0532,1.1171,2.1703,Vermont
3041,Noah Batchelor,-1.5236,4.2531,2.7294,Buffalo
3042,Noah Bolanga,-0.1307,1.5206,1.3899,Utah Tech
3043,Noah Boyde,-0.6142,-0.8872,-1.5015,Western Ky.
3044,Noah Collier,0.1789,0.0448,0.2237,La Salle
3045,Noah Feddersen,0.9975,1.0366,2.0342,North Dakota State
3046,Noah Haaland,0.1317,-0.4187,-0.287,Gonzaga
3047,Noah Hill,0.7014,-0.0268,0.6746,Wichita State
3048,Noah Lobdell,-0.1785,-0.1601,-0.3386,Syracuse
3049,Noah Meeusen,0.9613,-0.3976,0.5637,Arizona State
3050,Noah Norgaard,-0.7459,0.5293,-0.2167,UNC Greensboro
3051,Noah Otshudi,-1.7092,1.596,-0.1132,Marshall
3052,Noah Rogers,0.2143,0.0847,0.2989,Mount St. Mary's
3053,Noah Ross,1.9395,2.4112,4.3507,UNCW
3054,Noah Shelby,0.1314,0.2394,0.3708,Texas A&M
3055,Noah Taitz,2.0939,0.3597,2.4536,Utah Valley
3056,Noah Williamson,1.0453,1.81,2.8552,Alabama
3057,Noam Dovrat,0.071,0.8636,0.9345,Miami (FL)
3058,Nojus Indrusaitis,0.2633,0.6379,0.9012,Pittsburgh
3059,Nolan Dorsey,0.4296,-0.0612,0.3685,California
3060,Nolan Groves,0.5088,-0.0569,0.4519,Texas Tech
3061,Nolan Hodge,-0.7577,1.7775,1.0198,UNCW
3062,Nolan Minessale,1.8472,3.1883,5.0355,St. Thomas (MN)
3063,Nolan Winter,2.6167,3.7087,6.3254,Wisconsin
3064,Nordin Kapic,0.6477,-0.9,-0.2523,South Carolina
3065,Nyk Lewis,2.0197,2.4284,4.448,VCU
3066,Nyle Ralph-Beyer,-1.6752,0.8174,-0.8578,Sacred Heart
3067,O'Marion Harvey,-0.345,-1.4036,-1.7486,Monmouth
3068,Oakland Fort,1.1863,-0.5298,0.6565,Northern Ariz.
3069,Obi Agbim,0.7667,1.1898,1.9565,Baylor
3070,Obomate Abbey,0.9993,0.2436,1.243,Utah
3071,Ocypher Owens,-0.4475,-2.5316,-2.9792,Tarleton State
3072,Ofri Naveh,2.3967,-1.027,1.3697,Oral Roberts
3073,Ognjen Stankovic,-0.2924,0.6658,0.3734,Akron
3074,Okechukwu Okeke,-1.0982,1.6891,0.5909,UAlbany
3075,Okku Federiko,-1.3972,0.2993,-1.0979,Drake
3076,Ola Ajiboye,0.5854,-1.1376,-0.5522,Southern Ind.
3077,Olavi Suutela,1.039,-0.0123,1.0267,Oregon State
3078,Oleg Kojenets,0.862,-0.3373,0.5247,Stony Brook
3079,Oleksandr Kobzystyi,-0.4788,-0.11,-0.5887,Oregon
3080,Oliver Faubert,0.3108,-0.0179,0.293,Saint Mary's (CA)
3081,Olivier Rioux,-0.3313,-0.1925,-0.5238,Florida
3082,Omaha Biliew,0.8468,0.9532,1.7999,Wake Forest
3083,Omar Migues-Hibeljic,-0.2536,-0.0434,-0.297,Buffalo
3084,Omari Moore,0.5263,0.3681,0.8943,Manhattan
3085,Omari Witherspoon,0.4016,0.608,1.0096,Pittsburgh
3086,Omer Hamama,-0.3189,0.7638,0.4449,Kent State
3087,Omer Mayer,-0.7495,1.9169,1.1675,Purdue
3088,Omer Suljanovic,1.0916,-0.8656,0.226,UC Davis
3089,Onyx Nnani,-0.051,0.1413,0.0903,South Fla.
3090,Orlando Lovejoy,-0.755,-0.1021,-0.8571,Detroit Mercy
3091,Oscar Cluff,1.9839,4.7904,6.7743,Purdue
3092,Oscar Goodman,-0.1793,0.6342,0.4549,Michigan
3093,Oscar Hourruitiner,0.0249,-0.2262,-0.2013,Iona
3094,Osiris Grady,-0.7865,-0.5764,-1.3629,UC Riverside
3095,Oskar Giltay,1.3646,-0.8199,0.5447,Stanford
3096,Oswin Erhunmwunse,1.3822,2.5709,3.9532,Providence
3097,Otega Oweh,1.3504,2.4218,3.7721,Kentucky
3098,Owen Dease,1.7537,1.6034,3.357,Valparaiso
3099,Owen Freeman,1.2537,-0.2375,1.0162,Creighton
3100,Owen Kmety,-0.0942,0.0469,-0.0473,Wake Forest
3101,Owen Larson,-1.9039,0.1665,-1.7374,Drake
3102,Owen Odom,-0.322,-0.1551,-0.4771,Virginia
3103,Owen Ritger,0.5903,0.0541,0.6444,Furman
3104,Owen Schlager,0.6576,-1.0922,-0.4345,Siena
3105,Owen Varnado,-0.0239,-1.7277,-1.7516,Tennessee Tech
3106,Oziyah Sellers,2.4137,2.6503,5.0639,St. John's (NY)
3107,PJ Carter,-1.6691,0.8305,-0.8386,LSU
3108,PJ Farmer,-0.1173,-0.8813,-0.9986,Southeast Mo. St.
3109,PJ Haggerty,-0.4126,1.7492,1.3366,Kansas State
3110,Pablo Tamba,1.1449,3.715,4.8599,LSU
3111,Papa Amadou Kante,1.392,0.0489,1.4409,Pittsburgh
3112,Pape N'Diaye,0.7568,-0.7441,0.0127,Xavier
3113,Parby Kabamba,1.4469,0.8033,2.2502,Marist
3114,Parker Friedrichsen,-0.3825,0.5744,0.1919,Davidson
3115,Parker Gerrits,0.5676,0.8294,1.397,Washington State
3116,Parker Robison,1.6787,0.4094,2.0881,Chattanooga
3117,Parsa Fallah,3.1997,1.2117,4.4115,Oklahoma State
3118,Pasha Goodarzi,-2.2305,-0.3848,-2.6153,San Jose State
3119,Pasha Shemirani,0.5596,-0.57,-0.0104,Pepperdine
3120,Patrick D'Arcy,0.1649,-0.9455,-0.7806,East Carolina
3121,Patrick Haigh,1.0949,-1.0865,0.0084,Mount St. Mary's
3122,Patrick McMahon,-0.6806,0.5698,-0.1108,Montana State
3123,Patrick Ngongba,4.606,2.3627,6.9687,Duke
3124,Patrick O'Brien,-0.9591,-0.5763,-1.5354,Southern California
3125,Patrick Tivnan,0.7228,0.1533,0.8761,Dartmouth
3126,Patrick Wessler,3.1717,2.7743,5.9459,UNCW
3127,Patton Pinkins,0.9845,1.8541,2.8387,Ole Miss
3128,Paul Djobet,0.8129,0.5749,1.3878,Omaha
3129,Paul Greene,-1.0951,-0.4742,-1.5694,UMBC
3130,Paul Jones,-1.6859,-1.5442,-3.2301,James Madison
3131,Paul Lewis,0.1873,-0.2885,-0.1012,James Madison
3132,Paul Mbiya,0.3442,-0.3657,-0.0215,Kansas
3133,Paul McNeil,1.3999,4.8282,6.2282,NC State
3134,Paul Otieno,1.8208,0.0994,1.9202,Saint Louis
3135,Paulius Murauskas,2.8084,2.4794,5.2878,Saint Mary's (CA)
3136,Pavle Stosic,1.4993,0.688,2.1872,Pepperdine
3137,Payton Kamin,-0.0463,0.301,0.2548,Penn
3138,Payton Pitts,0.0624,-0.2193,-0.1569,Harvard
3139,Pearson Carmichael,1.6874,2.3539,4.0413,Boise State
3140,Pedro Santos,2.6613,-1.4772,1.1841,UT Martin
3141,Percy Daniels,-0.2829,1.5648,1.2819,Tulane
3142,Pero Zubac,1.2128,-0.1164,1.0964,Mercer
3143,Perry Smith,-0.4853,0.0927,-0.3926,Kennesaw St.
3144,Petar Majstorovic,0.5878,2.7932,3.3809,Long Beach State
3145,Petar Pinter,-0.6075,-0.4511,-1.0587,Northeastern
3146,Peter Bandelj,1.0015,0.6487,1.6502,Cal Poly
3147,Peter Oduro,0.8977,-0.329,0.5686,Hampton
3148,Peter Suder,0.2993,4.1229,4.4222,Miami (OH)
3149,Peteris Pinnis,0.8974,0.5736,1.471,Providence
3150,Peyton Law,1.1575,0.9088,2.0663,South Alabama
3151,Peyton Marshall,2.3436,-1.5594,0.7842,Georgia Tech
3152,Peyton Seals,1.0015,-0.2925,0.709,Princeton
3153,Peyton White,0.6385,0.2904,0.9288,Nevada
3154,Pharaoh Compton,2.0014,2.9842,4.9856,San Diego State
3155,Pharrel Payne,1.7864,0.4901,2.2765,Maryland
3156,Phat Phat Brooks,-0.5769,-0.1822,-0.7591,Central Mich.
3157,Phillip Kavu,-0.1094,0.1016,-0.0078,Davidson
3158,Phoenix Gill,1.1036,-0.4644,0.6392,Northwestern
3159,Phoenix Glassnor,0.7073,-0.3666,0.3407,Toledo
3160,Pierce Spencer,1.1207,-0.3142,0.8065,UTSA
3161,Pierre Geneste,0.0314,-1.0871,-1.0557,CSU Bakersfield
3162,Piotr Winkowski,0.498,-3.7128,-3.2147,San Diego
3163,Po'Boigh King,-1.2883,1.6601,0.3718,Sam Houston
3164,Poohpha Warakulnukroh,-0.0636,0.1396,0.076,UCF
3165,Pop Isaacs,-2.0201,2.7125,0.6924,Texas A&M
3166,Porter Ihnen,0.3515,0.5356,0.8871,South Dakota
3167,Preist Ryan,0.4723,-0.6988,-0.2265,Cleveland State
3168,Presley Patterson,0.2712,-0.1153,0.1559,Rice
3169,Preston Copeland,-0.8009,-0.2934,-1.0943,Ball State
3170,Preston Edmead,1.6177,2.198,3.8157,Hofstra
3171,Preston Fowler,1.1933,1.2036,2.3969,James Madison
3172,Preston Lee,-0.3367,0.5546,0.218,Portland
3173,Preston Murphy,0.1034,-0.2266,-0.1231,Alabama
3174,Preston Phillips,-0.181,0.4878,0.3068,Pepperdine
3175,Preston Ruedinger,-0.3868,2.7839,2.3971,Green Bay
3176,Preston Squire,-0.2233,0.2849,0.0616,Bowling Green
3177,Preston Turner,1.6272,-2.1672,-0.54,Eastern Ill.
3178,Preston Vandermyde,0.8736,0.0465,0.9201,Utah Tech
3179,Prince Aligbe,0.9785,-1.0318,-0.0533,Southern Ill.
3180,Prince Johnson,2.4163,0.13,2.5463,Eastern Ill.
3181,Prophet Johnson,0.118,0.5659,0.684,Sacramento St.
3182,Pryce Sandfort,3.6717,3.6649,7.3366,Nebraska
3183,Przemek Hartman,-0.7684,-0.9471,-1.7155,ULM
3184,Puff Johnson,-0.7038,-0.1116,-0.8153,Ohio State
3185,Quadir Copeland,1.6607,4.3608,6.0215,NC State
3186,Quante Berry,1.7971,-1.5622,0.2349,Memphis
3187,Quaran McPherson,1.1079,0.0316,1.1395,UAB
3188,Quel'Ron House,2.8998,-1.4876,1.4122,Southern Ill.
3189,Quentin Duncan,-0.2431,-2.2113,-2.4544,NJIT
3190,Quentin Jones,3.3655,3.4973,6.8628,Saint Louis
3191,Quentin McCoy,-0.0831,0.0,-0.0831,Arizona State
3192,Quimari Peterson,0.4768,1.3829,1.8597,Washington
3193,Quin Gorman,0.8296,-0.1123,0.7172,Stony Brook
3194,Quin Patterson,0.1067,0.9251,1.0318,Idaho State
3195,Quincy Allen,0.8851,-2.2514,-1.3663,Bryant
3196,Quincy Ballard,1.4566,1.1216,2.5782,Mississippi State
3197,Quinn Denker,1.1096,2.5025,3.612,Northern Colo.
3198,Quinn Peters,-0.2889,-0.1914,-0.4803,Monmouth
3199,Quinn Woidke,1.1514,1.0606,2.212,Kent State
3200,Quintin Cooper,1.5764,-0.1806,1.3957,Hampton
3201,Quinton Perkins,0.5877,1.3125,1.9002,Mercer
3202,Quron Elliott,-1.3561,0.331,-1.0251,Manhattan
3203,RJ Godfrey,3.039,3.5647,6.6037,Clemson
3204,RJ Greer,0.0227,0.8755,0.8981,Davidson
3205,RJ Johnson,0.2319,1.7789,2.0109,Rhode Island
3206,RJ Johnson,0.2319,1.7789,2.0109,Kennesaw St.
3207,RJ Jones,-1.0948,1.0748,-0.02,TCU
3208,RJ Keene,2.5661,1.4657,4.0318,Boise State
3209,RJ Kennedy,0.3773,-0.9216,-0.5443,New Hampshire
3210,RJ Smith,2.5094,0.632,3.1414,DePaul
3211,RJ Spencer,-0.1943,-0.2327,-0.427,Minnesota
3212,RJ Taylor,1.4362,0.2966,1.7328,UNI
3213,RaSheed Jones,-0.0132,-0.4034,-0.4166,Coastal Carolina
3214,Rafael Castro,1.746,2.6355,4.3815,George Washington
3215,Rakim Chaney,0.6158,0.6158,1.2317,Valparaiso
3216,Ralph Akuta,0.7987,-0.9264,-0.1277,Drexel
3217,Ramel Bethea,-0.8893,1.0188,0.1295,Green Bay
3218,Ramon Walker,0.4609,0.5647,1.0256,Houston
3219,Ramone Seals,1.9464,1.054,3.0004,Kennesaw St.
3220,Randall Pettus,0.4873,1.4894,1.9768,Elon
3221,Randy Brady,0.7676,0.1802,0.9478,South Alabama
3222,Rashaan Mbemba,-1.5328,0.6094,-0.9235,Colorado State
3223,Rashad King,0.2469,-1.5438,-1.2969,LSU
3224,Rashaun Agee,1.6756,2.1692,3.8448,Texas A&M
3225,Rashund Washington,0.0771,1.0671,1.1442,UIC
3226,Raul Villar,-0.7809,0.6604,-0.1205,Charlotte
3227,Ray Adams,0.8197,0.765,1.5847,Seattle U
3228,Raymar Gonzales,-0.2878,-0.0462,-0.334,San Diego State
3229,Raysean Seamster,2.2616,0.8433,3.105,UT Arlington
3230,Rayvon Griffith,0.0952,-0.6916,-0.5964,Kent State
3231,Rayzhon Bergersen,-0.2015,0.4525,0.251,Boise State
3232,Reece Hagy,1.9773,1.4413,3.4186,IU Indy
3233,Reece Robinson,2.8199,1.1676,3.9875,North Texas
3234,Reed Bailey,0.7614,2.1155,2.877,Indiana
3235,Reed Trapp,-0.393,0.0927,-0.3003,Auburn
3236,Reese Dixon-Waters,2.1016,1.1314,3.233,San Diego State
3237,Reese Miller,-1.4983,0.7961,-0.7022,William & Mary
3238,Reggie Hill,2.3391,0.355,2.6942,Coastal Carolina
3239,Reggie Prudhomme,-1.2516,0.0934,-1.1583,Niagara
3240,Reggie Thomas,-0.6782,1.9463,1.2681,North Dakota
3241,Reid Cason,-0.6472,-1.4954,-2.1425,East Carolina
3242,Reid Lovelace,-0.1573,0.2567,0.0995,Oklahoma
3243,Renars Sondors,0.071,-0.8811,-0.81,ULM
3244,Renato Ruiz,0.0923,0.1324,0.2247,FIU
3245,Rene D'Amelio,0.4156,1.0935,1.509,California Baptist
3246,Rex Stirling,0.7924,0.6874,1.4797,Wofford
3247,Rhyjon Blackwell,1.4251,0.2289,1.654,Marist
3248,Riccardo Greppi,0.0406,-0.1827,-0.1421,Wisconsin
3249,Rich Brisco,0.4217,-0.4414,-0.0197,Akron
3250,Rich Rolf,1.2174,1.3577,2.5752,Youngstown State
3251,Rich Smith,1.416,-0.3971,1.0189,Abilene Christian
3252,Richard Goods,0.0578,1.2343,1.2922,Stony Brook
3253,Richard Nweke,0.7946,1.1587,1.9533,Columbia
3254,Richie Saunders,1.4757,4.6309,6.1066,BYU
3255,Rick Issanza,1.4867,-1.0281,0.4586,LMU (CA)
3256,Ricky McKenzie,-0.0644,-0.9289,-0.9933,Marist
3257,Rieco Hellams,-0.0188,-0.3759,-0.3947,Old Dominion
3258,Rienk Mast,2.3606,2.0366,4.3972,Nebraska
3259,Rihards Vavers,-0.9401,1.3561,0.4161,Washington State
3260,Rikus Schulte,2.8694,1.0507,3.9201,Fordham
3261,Riley Allenspach,-0.9481,1.6672,0.7191,George Mason
3262,Riley Dering,-1.5061,-0.2688,-1.7749,Air Force
3263,Riley Fox,0.2728,2.0176,2.2903,Yale
3264,Riley Jacobs,0.5548,-1.3005,-0.7456,UMBC
3265,Riley Kugel,1.2592,2.2629,3.5221,UCF
3266,Riley Massey,0.545,1.2313,1.7763,North Dakota State
3267,Riley Mulvey,0.8571,1.6632,2.5202,Siena
3268,Riley Parker,-0.1553,-0.1169,-0.2723,Portland
3269,Riley Saunders,0.197,0.1606,0.3577,North Dakota State
3270,Ring Malith,0.9577,0.0073,0.965,SIUE
3271,Ring Nyeri,0.6028,0.5266,1.1294,Northern Colo.
3272,Rob Brown,0.2836,0.0245,0.3081,Stony Brook
3273,Rob Diaz,0.1039,-0.7816,-0.6777,Long Beach State
3274,Rob Dockery,0.9893,1.0466,2.0359,La Salle
3275,Rob Stroud,0.0248,-0.5534,-0.5286,Green Bay
3276,Rob Whaley,-0.3768,-0.0144,-0.3912,Kent State
3277,Robbie Avila,3.0211,4.9882,8.0093,Saint Louis
3278,Robert Cowherd,-0.2093,-1.118,-1.3274,Southern Miss.
3279,Robert Davis,-0.9517,-0.1726,-1.1243,Old Dominion
3280,Robert Fields,0.1285,1.4365,1.5651,Texas State
3281,Robert Hinton,1.5636,-0.8539,0.7097,Harvard
3282,Robert Jennings,0.2718,-0.0053,0.2665,Oklahoma State
3283,Robert Lewis,-0.0518,-0.94,-0.9918,Lindenwood
3284,Robert McCray V,0.4669,3.1728,3.6397,Florida State
3285,Robert Miller,1.3449,-0.0023,1.3426,LSU
3286,Robert Moore,-0.6223,-0.4044,-1.0267,Tulane
3287,Robert Thibiant,-0.0781,0.0645,-0.0136,CSUN
3288,Robert Vaihola,0.9052,0.6443,1.5495,Minnesota
3289,Robert Wilmote,-0.2371,0.1247,-0.1125,Saint Peter's
3290,Robert Wright,0.9193,4.26,5.1793,BYU
3291,Roberts Blums,2.0506,1.3159,3.3664,Davidson
3292,Rocco Awad,-0.8916,-1.5714,-2.463,NJIT
3293,Roddie Anderson,-1.2071,-0.1913,-1.3984,Xavier
3294,Roddy Gayle,1.6278,1.338,2.9658,Michigan
3295,Rodney Brown,0.497,0.214,0.711,LMU (CA)
3296,Rodney Johnson,0.5555,-0.0515,0.504,Central Mich.
3297,Rodney Rice,1.1771,1.0736,2.2507,Southern California
3298,Rokas Jocius,0.1107,-0.4601,-0.3493,LMU (CA)
3299,Rollie Castineyra,0.2246,-0.6893,-0.4647,Massachusetts
3300,Rolyns Aligbe,-0.659,-0.0972,-0.7562,Southern Ill.
3301,Romad Dean,-1.051,2.6481,1.597,Tulsa
3302,Roman Domon,0.753,2.5934,3.3464,Murray State
3303,Roman Siulepa,-0.1528,0.3973,0.2445,Pittsburgh
3304,Romari Robinson,1.8618,-0.6412,1.2206,Sacramento St.
3305,Ron Zipper,0.3978,0.0884,0.4862,LSU
3306,Ronald Jessamy,-0.6221,0.089,-0.5332,CSU Bakersfield
3307,Ronell Giles,0.6179,0.1663,0.7842,Quinnipiac
3308,Rontavious Blackshear,0.6392,0.78,1.4192,Youngstown State
3309,Roor Akhuar,2.0555,0.4506,2.5061,Fordham
3310,Rory Hawke,1.8791,-0.4101,1.469,Saint Mary's (CA)
3311,Rowan Brumbaugh,-0.335,1.0564,0.7214,Tulane
3312,Rowan Irelan,0.5984,-0.6773,-0.0789,The Citadel
3313,Roy Marom,0.5513,-0.194,0.3573,Tarleton State
3314,Royal Blue Smith,0.3337,-0.6551,-0.3214,Arkansas State
3315,Royce Parham,0.1759,1.5895,1.7653,Marquette
3316,Rrezon Elezaj,0.2026,-0.128,0.0746,UConn
3317,Ruben Dominguez,0.61,2.0261,2.6361,Texas A&M
3318,Ruben Prey,1.6059,1.3324,2.9383,St. John's (NY)
3319,Rueben Chinyelu,4.4386,2.9329,7.3715,Florida
3320,Ryan Abelman,0.8123,1.6857,2.498,Northern Ariz.
3321,Ryan Agarwal,0.7947,0.9733,1.768,Stanford
3322,Ryan Beasley,0.338,0.7556,1.0937,San Francisco
3323,Ryan Burbach,-0.5543,0.1729,-0.3814,Cornell
3324,Ryan Conway,0.8944,0.8353,1.7297,Towson
3325,Ryan Conwell,0.6948,4.0358,4.7306,Louisville
3326,Ryan Cornish,-0.1932,-0.1725,-0.3657,Southern California
3327,Ryan Crotty,-0.434,0.2251,-0.2089,Oklahoma State
3328,Ryan Dufault,-1.7742,1.3632,-0.411,St. Thomas (MN)
3329,Ryan Erikson,0.4797,0.5421,1.0218,North Dakota
3330,Ryan Jackson,2.606,1.6576,4.2636,William & Mary
3331,Ryan Jones,0.2137,-0.6358,-0.4221,Liberty
3332,Ryan Kalambay,2.6401,1.5881,4.2282,Detroit Mercy
3333,Ryan Lafferty,1.4005,-0.4416,0.959,St. Thomas (MN)
3334,Ryan Lopez,0.302,0.1302,0.4323,Chattanooga
3335,Ryan Mabrey,-0.9173,-1.8775,-2.7948,Maine
3336,Ryan Mandes,0.3016,0.0438,0.3454,Princeton
3337,Ryan Mela,-0.3752,1.8969,1.5216,Providence
3338,Ryan Myers,1.576,0.2439,1.8199,Western Ky.
3339,Ryan Pettis,0.6585,0.478,1.1365,Fordham
3340,Ryan Prather,-0.0996,3.811,3.7114,Robert Morris
3341,Ryan Richardson,0.565,-0.477,0.0879,Binghamton
3342,Ryan Sabol,-0.3042,1.7002,1.396,Buffalo
3343,Ryan Skerry,0.7384,0.0798,0.8182,Towson
3344,Ryan Soulis,1.4212,1.0517,2.4729,Columbia
3345,Ryan Sullivan,0.6274,-1.4438,-0.8164,Harvard
3346,Ryan Tolliver,-0.2817,-0.7111,-0.9928,Northern Ky.
3347,Ryan Williams,-2.7728,-0.0352,-2.808,Northeastern
3348,Ryan Zan,-1.6203,-0.4979,-2.1182,Fairfield
3349,Ryder Cheesman,0.3708,0.146,0.5168,Missouri State
3350,Ryder Elisaldez,-0.7029,0.0048,-0.6981,UC San Diego
3351,Ryder Frost,-0.6454,0.3126,-0.3329,Notre Dame
3352,Rylan Griffen,1.0074,0.7904,1.7978,Texas A&M
3353,Rytis Petraitis,0.6893,0.5778,1.2671,California
3354,Saahil Thakkar,0.21,-0.3363,-0.1262,UMBC
3355,Saba Gigiberia,-0.0811,0.1159,0.0348,San Francisco
3356,Sader Servilus,1.6439,0.607,2.2509,Valparaiso
3357,Sadiku Ibine Ayo,1.5642,-0.3568,1.2074,St. John's (NY)
3358,Sadiq White,0.6545,-0.6733,-0.0188,Syracuse
3359,Sadraque NgaNga,-1.814,0.8335,-0.9804,San Jose State
3360,Salih Altuntas,0.0222,1.4049,1.4271,Miami (FL)
3361,Salim London,2.3377,0.6457,2.9834,UAB
3362,Sam Alamutu,0.7541,1.8224,2.5764,Wright State
3363,Sam Alexis,0.1076,1.9861,2.0937,Indiana
3364,Sam Brown,2.3523,2.4276,4.7799,Davidson
3365,Sam Hoiberg,4.956,2.0273,6.9834,Nebraska
3366,Sam Imade,-0.3805,0.0194,-0.3611,Air Force
3367,Sam Lewis,1.908,2.4231,4.3311,Virginia
3368,Sam Orme,2.0976,1.8827,3.9803,Belmont
3369,Sam Silverstein,1.1563,1.5644,2.7207,UIC
3370,Sam Towns,2.3879,-0.7397,1.6482,Bowling Green
3371,Sam Walters,-1.1913,-0.6547,-1.8459,SMU
3372,Samet Yigitoglu,2.4673,2.1572,4.6245,SMU
3373,Samis Calderon,0.5302,-0.4642,0.066,Kansas
3374,Sammie Yeanay,0.0315,-0.3762,-0.3447,California
3375,Samson Aletan,0.3726,1.3397,1.7124,Yale
3376,Samson Reilly,-0.9424,1.0134,0.071,Quinnipiac
3377,Samuel Ariyibi,1.0296,-1.1462,-0.1166,Utah Tech
3378,Samuel Dada,-0.7324,2.2339,1.5015,Western Caro.
3379,Samuel Noland,-0.2599,-0.1966,-0.4565,Portland
3380,Samuel Nosakhare,-0.3903,-0.3846,-0.7749,Quinnipiac
3381,Samuel Obenjo,0.7724,0.286,1.0584,Robert Morris
3382,Samuel Stewart,0.5101,0.656,1.1661,Portland State
3383,Samuel Yurasek,-0.2805,-0.0049,-0.2854,Loyola Chicago
3384,Sananda Fru,2.1753,2.2097,4.385,Louisville
3385,Santiago Trouet,-1.1918,0.3009,-0.8909,Arizona State
3386,Sasa Ciani,1.6882,-0.4795,1.2087,Penn State
3387,Sash Gavalyugov,0.2309,3.3228,3.5537,Santa Clara
3388,Savion Taylor,0.1646,0.07,0.2346,Elon
3389,Savon Wykle,0.3389,0.2574,0.5963,Middle Tenn.
3390,Scooter Williams,1.2064,0.1263,1.3327,Louisiana Tech
3391,Scottie Ebube,-1.4158,-0.1719,-1.5877,NC State
3392,Scottie Hubbard,1.617,1.6361,3.2532,Old Dominion
3393,Scotty Middleton,0.3165,0.3076,0.6241,Tulane
3394,Seal Diouf,-0.3599,-0.3488,-0.7087,Georgetown
3395,Seamus McDermott,0.1707,-0.27,-0.0993,Duquesne
3396,Sean Blake,0.3727,2.4011,2.7738,Vermont
3397,Sean Blakely Drummond,0.0097,-0.2458,-0.2361,San Francisco
3398,Sean Craig,1.6966,3.1928,4.8894,Toledo
3399,Sean Cusano,-0.2128,0.5401,0.3274,Chattanooga
3400,Sean Jones,-0.401,-1.3172,-1.7182,Marquette
3401,Sean Logan,2.1788,-0.3269,1.852,Davidson
3402,Sean Newman,0.3302,2.8121,3.1423,San Diego State
3403,Sean Pouedet,0.107,-0.5566,-0.4496,Dayton
3404,Sean Smith,1.1717,1.7691,2.9407,Middle Tenn.
3405,Sean Stewart,-0.7767,0.7183,-0.0584,Oregon
3406,Sean Van Dorn,0.6636,0.2478,0.9114,Ga. Southern
3407,Sebastian Akins,0.6952,0.0663,0.7615,Wake Forest
3408,Sebastian Hartmann,1.2729,1.2935,2.5664,Chattanooga
3409,Sebastian Mack,0.332,-0.5297,-0.1977,Missouri
3410,Sebastian Rancik,0.7054,1.2209,1.9263,Colorado
3411,Sebastian Robinson,0.3966,-1.0235,-0.6269,NJIT
3412,Sebastian Tidor,1.1261,0.5312,1.6574,Portland State
3413,Sebastian Whitfield,0.2388,-1.7735,-1.5346,Princeton
3414,Sebastian Williams-Adams,0.1553,2.0592,2.2145,Auburn
3415,Sekou Konneh,-0.9383,-0.1618,-1.1001,Milwaukee
3416,Semetri (TT) Carr,0.9357,1.8542,2.7899,California
3417,Sencire Harris,2.5291,-0.7807,1.7483,Cincinnati
3418,Sergej Macura,1.315,1.2135,2.5285,Mississippi State
3419,Seth Amunrud,-0.0113,1.4166,1.4053,Montana State
3420,Seth Hubbard,-0.2759,1.0644,0.7885,Milwaukee
3421,Seth Joba,0.7633,0.3975,1.1608,Idaho
3422,Seth Trimble,-1.6193,2.8887,1.2694,North Carolina
3423,Seydou Traore,0.985,0.4561,1.4411,Utah
3424,Shaedon Simpson,-0.1748,1.3614,1.1866,Saint Peter's
3425,Shaheed Solebo,0.176,0.3441,0.5201,Youngstown State
3426,Shahid Muhammad,-0.377,-0.0032,-0.3803,Florida State
3427,Shainen Carter,0.2434,-2.3791,-2.1357,Ga. Southern
3428,Shamarrie Hugie,-1.8096,-0.2801,-2.0897,Marshall
3429,Shammah Scott,-0.3789,2.8764,2.4975,Akron
3430,Shane Blakeney,1.4534,0.2058,1.6591,Drexel
3431,Shane Thomas,0.1678,0.6063,0.7741,Creighton
3432,Shanon Simango,0.521,0.4706,0.9916,Dartmouth
3433,Shaqir O'Neal,-0.2067,-0.1259,-0.3327,Sacramento St.
3434,Shaquil Bender,-0.4091,-0.0242,-0.4333,Long Beach State
3435,Sharod Barnes,-1.1572,-1.2314,-2.3886,Western Mich.
3436,Sharron Young,1.7138,2.1302,3.844,Akron
3437,Shaumba Ngoyi,-0.2211,-0.7597,-0.9808,Eastern Wash.
3438,Shaun Wysocki,-2.2335,0.0716,-2.1619,Denver
3439,Shawn Jones,0.5974,-0.6065,-0.0091,Mississippi State
3440,Shawn Nelson,-0.4943,-0.4803,-0.9745,Northern Ky.
3441,Shawn Phillips,0.8685,0.8768,1.7453,Missouri
3442,Shay Johnson,-1.104,0.2223,-0.8817,Long Beach State
3443,Shelton Henderson,1.9085,1.8567,3.7652,Miami (FL)
3444,Shemani Fuller,-0.4493,-1.311,-1.7603,Rider
3445,Sheridan Sharp,1.9773,-3.1602,-1.1829,Southern Ind.
3446,Sherman Weatherspoon,-0.0307,0.5262,0.4955,Utah Valley
3447,Shey Eberwein,-2.3664,-0.0286,-2.395,South Dakota
3448,Shon Abaev,1.3153,-1.0004,0.3149,Cincinnati
3449,Shon Tupuola,-0.7249,-1.1759,-1.9008,Valparaiso
3450,Sidi Gueye,-0.3798,0.2682,-0.1116,Arizona
3451,Silas Bennion,0.512,-0.2825,0.2294,South Dakota
3452,Silas Demary,1.7532,4.2278,5.981,UConn
3453,Silas Sunday,1.1285,2.0474,3.1759,Hofstra
3454,Simeon Cottle,0.8211,2.5062,3.3272,Kennesaw St.
3455,Simeon German,-0.5466,-3.2264,-3.773,The Citadel
3456,Simeon Murchison,-0.3491,0.5737,0.2246,Milwaukee
3457,Simeon Wilcher,1.4087,1.7864,3.1952,Texas
3458,Simm Saadi,-0.6373,0.1726,-0.4647,Wyoming
3459,Simon Hildebrandt,0.369,1.7167,2.0856,Washington State
3460,Simon Majok,0.5296,1.6225,2.1521,Memphis
3461,Simon Walker,-1.016,0.6187,-0.3973,Auburn
3462,Sin'Cere Jones,0.3874,-0.4704,-0.083,Virginia Tech
3463,Sincere Clemons,0.0266,0.0177,0.0442,Vermont
3464,Sincere Parker,0.911,1.0313,1.9424,Memphis
3465,Sir Issac Herron,-0.6394,-0.3137,-0.953,Louisiana Tech
3466,Sir Mohammed,-2.5325,1.3972,-1.1353,Notre Dame
3467,Sivert Wærstad Nordheim,0.052,-0.1964,-0.1445,Indiana State
3468,Skyy Clark,1.7535,4.133,5.8865,UCLA
3469,Sola Adebisi,0.1249,0.7675,0.8924,The Citadel
3470,Solo Ball,3.0675,1.5541,4.6216,UConn
3471,Solomon Callaghan,-2.5973,0.3106,-2.2867,Wright State
3472,Solomon Washington,-0.1454,-0.0194,-0.1648,Maryland
3473,Somto Cyril,0.8483,3.9272,4.7755,Georgia
3474,Sonny Wilson,-0.5252,1.8946,1.3694,Toledo
3475,Spence Wewe,-0.369,1.5883,1.2192,Quinnipiac
3476,Spencer Ahrens,-0.5191,0.839,0.3198,Boise State
3477,Spencer Elliott,0.021,1.4269,1.4479,Charlotte
3478,Spencer Legg,0.1325,0.008,0.1405,Louisville
3479,Spencer Mahoney,-0.3703,0.0318,-0.3384,Temple
3480,Stanley Borden,1.4527,-0.3806,1.0721,UTSA
3481,Stas Sivka,0.8674,1.8214,2.6888,George Mason
3482,Steele Venters,1.6669,3.0002,4.6671,Gonzaga
3483,Stef van Bussel,0.4701,-0.996,-0.526,Duquesne
3484,Stefan Cicic,-0.7238,-1.992,-2.7158,Pepperdine
3485,Stefan Vaaks,-1.2447,2.9665,1.7218,Providence
3486,Stefanos Spartalis,-0.4521,-1.1269,-1.579,Monmouth
3487,Stephan Snagg,-0.3852,0.9829,0.5976,Binghamton
3488,Stephen Giwa,1.2525,0.4564,1.7089,Rice
3489,Stephen Olowoniyi,0.0019,0.0362,0.0381,Oregon State
3490,Stephen Osei,0.1201,-0.2404,-0.1203,Kansas State
3491,Stephen Williams,-0.0346,1.476,1.4415,South Alabama
3492,Stephon Marbury,0.4229,-0.3788,0.0442,California
3493,Stephon Payne,-0.377,1.6045,1.2275,Seton Hall
3494,Sterling Young,1.2704,1.4244,2.6948,Indiana State
3495,Steven Clay,0.4272,0.9832,1.4104,Southern Ind.
3496,Steven Jamerson,2.3884,1.2862,3.6746,UCLA
3497,Steven Solano,-1.1155,-0.6924,-1.8079,Saint Joseph's
3498,Steven Tipton,0.035,-0.2738,-0.2388,Western Ill.
3499,Stevie Elam,-0.2831,0.9493,0.6662,Milwaukee
3500,Straton Rogers,-1.8956,0.0068,-1.8888,Eastern Wash.
3501,Stratos Papastavrou,0.9219,0.7808,1.7028,Seattle U
3502,Styles Phipps,-0.2694,0.062,-0.2073,Pepperdine
3503,Sven Djopmo,-0.3031,-0.0675,-0.3706,Arizona
3504,TJ Biel,0.8946,-1.6362,-0.7416,Maine
3505,TJ Burch,1.565,0.2454,1.8103,Wright State
3506,TJ Caldwell,0.3529,-0.7471,-0.3942,Arkansas State
3507,TJ Drain,-0.0708,0.6005,0.5297,Liberty
3508,TJ Grant,1.0814,0.1686,1.2499,Mercer
3509,TJ Hurley,0.6948,1.209,1.9037,Vermont
3510,TJ James,-0.1605,-0.4023,-0.5628,CSU Bakersfield
3511,TJ Johnson,-2.986,-0.9755,-3.9615,VMI
3512,TJ Long,0.0278,1.0858,1.1136,Vermont
3513,TJ Nadeau,-0.386,1.7833,1.3972,Detroit Mercy
3514,TJ Power,1.0785,0.7549,1.8334,Penn
3515,TJ Prosise,0.0577,-0.3732,-0.3155,George Mason
3516,TJ Robinson,-0.4416,-0.0443,-0.486,Saint Peter's
3517,TJ Wainwright,0.3121,1.48,1.7921,Pacific
3518,TJ Williams,0.0191,3.5944,3.6135,Wichita State
3519,TO Barrett,-0.9564,2.0219,1.0655,Missouri
3520,Ta'Zir Smith,-1.4863,0.8006,-0.6857,Robert Morris
3521,Tae Davis,0.7745,3.9512,4.7257,Oklahoma
3522,Tae Dozier,-0.5491,1.4119,0.8627,Northern Ky.
3523,Tae Simmons,1.4837,1.5757,3.0594,San Diego State
3524,Tafara Gapare,0.8158,-0.0163,0.7994,Villanova
3525,Tahaad Pettiford,1.388,2.5672,3.9551,Auburn
3526,Tahlan Pettway,1.7406,1.7484,3.4891,Western Caro.
3527,Tai Turnage,1.0922,1.5801,2.6723,Quinnipiac
3528,Tai Walters-Whitaker,0.4338,-0.2827,0.1512,UIC
3529,Taison Chatman,0.532,0.7934,1.3254,Ohio State
3530,Taj Bryant,-0.0956,-1.2746,-1.3702,Sacred Heart
3531,Taj DeGourville,2.338,1.682,4.0199,San Diego State
3532,Taj Glover,-0.5528,1.4706,0.9179,Sacramento St.
3533,Taj Manning,1.8547,-1.0027,0.852,Kansas State
3534,Taj Walters,0.2367,-0.8626,-0.626,NIU
3535,Tajae Jones,-0.1431,-0.3618,-0.5049,Siena
3536,Tajavis Miller,1.5536,-0.5032,1.0504,New Mexico
3537,Tajuan Simpkins,3.3818,-0.3078,3.074,Seton Hall
3538,Takai Simpkins,0.7921,1.6844,2.4766,Oregon
3539,Talan Taylor,0.0713,-0.0358,0.0354,Wyoming
3540,Tallis Toure,0.0807,-0.3453,-0.2646,Stanford
3541,Tama Isaac,3.1961,0.1723,3.3683,UC Irvine
3542,Tamario Adley,-0.2837,2.2134,1.9297,Central Mich.
3543,Tamaury Releford,2.3459,-0.4697,1.8762,Morehead State
3544,Tamin Lipsey,2.976,1.378,4.354,Iowa State
3545,Tan Yildizoglu,-2.9622,-1.117,-4.0793,VMI
3546,Tanner Braketa,-0.1464,1.033,0.8866,Northern Colo.
3547,Tanner Davis,0.1786,0.0726,0.2513,Utah Tech
3548,Tanner Hayhurst,1.0327,2.5881,3.6208,Southern Utah
3549,Tanner Ostop,0.1792,-0.0029,0.1763,Fairfield
3550,Tanner Toolson,-1.0034,1.1759,0.1725,TCU
3551,Tarence Guinyard,0.388,2.5732,2.9612,Duquesne
3552,Tarik Watson,-0.4719,-1.0211,-1.493,Marist
3553,Tariq Francis,0.2925,2.6109,2.9033,Rutgers
3554,Tariq Ingraham,1.9964,0.2161,2.2125,Memphis
3555,Tarique Foster,-0.1794,-0.047,-0.2265,UAlbany
3556,Tarris Reed,2.4635,3.2188,5.6823,UConn
3557,Tasman Goodrick,0.9264,0.4933,1.4197,Siena
3558,Tasos Cook,-1.6808,0.3027,-1.3781,Campbell
3559,Tate Darner,-0.6084,3.4436,2.8352,Chattanooga
3560,Tate MacKenzie,-0.3054,-0.6618,-0.9671,Milwaukee
3561,Tate Sage,0.1292,0.9679,1.0971,Iowa
3562,Tavari Johnson,0.376,3.9978,4.3738,Akron
3563,Tavarus Webb,-0.601,2.5994,1.9984,Ga. Southern
3564,Tavion Banks,2.3779,2.7787,5.1565,Iowa
3565,Tay Knox,0.7163,-1.9087,-1.1924,Texas State
3566,Tay Smith,0.6922,0.385,1.0772,North Dakota State
3567,Tayeshaun Smith,-0.3372,0.0727,-0.2645,Western Caro.
3568,Taylor Bol Bowen,0.6775,0.8123,1.4897,Alabama
3569,Tayshawn Comer,-0.1362,1.9459,1.8097,Nevada
3570,Tayton Conerway,1.5216,2.2197,3.7413,Indiana
3571,Te'Jon Sawyer,-0.0737,0.6088,0.5351,Montana
3572,Teagan Moore,1.0582,3.4231,4.4814,Western Ky.
3573,Teddy Washington,-0.9082,-0.8485,-1.7567,Chattanooga
3574,Tegra Izay,-0.3977,1.173,0.7753,Southern Miss.
3575,Terrance Arceneaux,0.0269,1.1855,1.2123,NC State
3576,Terrance Jones,-1.0165,0.6196,-0.3969,Manhattan
3577,Terrance Williams,-1.7281,-0.5448,-2.2729,Southern California
3578,Terren Frank,-0.7205,0.2845,-0.436,Campbell
3579,Terrence Brown,0.957,0.7565,1.7135,Utah
3580,Terrence Hill,1.6336,2.5049,4.1385,VCU
3581,Terri Miller,3.0299,1.02,4.0498,Portland State
3582,Terrion Burgess,-0.3632,-0.6993,-1.0626,Little Rock
3583,Terrion Murdix,0.7079,1.807,2.5149,Western Ky.
3584,Terry McMorris,1.2606,0.0505,1.3111,Eastern Ill.
3585,Tey Barbour,0.2652,2.0805,2.3457,Harvard
3586,Teysean Eaglestaff,0.0199,-0.0663,-0.0464,New Mexico State
3587,Themus Fulks,1.5732,2.6329,4.2062,UCF
3588,Theo Pierre-Justin,-0.6822,-1.0383,-1.7205,DePaul
3589,Theo Seng,0.8403,0.5815,1.4218,Troy
3590,Thiago Sucatzky,-1.6651,1.1035,-0.5616,FIU
3591,Thierno Sylla,1.2866,-0.2937,0.9929,Memphis
3592,Thierry Darlan,1.6149,1.5121,3.1269,Santa Clara
3593,Thijs De Ridder,3.6594,3.0848,6.7442,Virginia
3594,Thokbor Majak,0.0406,-0.0827,-0.0421,San Diego State
3595,Thomas Bassong,-0.0534,0.0495,-0.0039,Florida State
3596,Thomas Batties,0.529,2.0372,2.5662,Harvard
3597,Thomas Dowd,0.3861,2.2954,2.6816,Troy
3598,Thomas Haugh,2.5615,3.6825,6.244,Florida
3599,Thomas Ndong,1.2415,0.289,1.5305,California Baptist
3600,Thomas Tillman,0.123,0.2143,0.3373,Furman
3601,Thomas Tut,0.3015,0.1872,0.4887,Jacksonville State
3602,Tibor Mirtic,0.4844,0.5472,1.0316,Penn State
3603,Tidiane d'Almeida,1.3164,0.3103,1.6267,Lindenwood
3604,Tidjiane Dioumassi,-0.3915,1.7627,1.3712,Western Caro.
3605,Tiefing Diawara,-0.0599,-0.0326,-0.0925,Syracuse
3606,Tijan Saine,-0.6495,1.0417,0.3922,Weber State
3607,Tim Eze,-0.2771,-0.1881,-0.4652,UMBC
3608,Tim Franks,-0.3435,0.4605,0.1171,St. Thomas (MN)
3609,Tim Moore,-0.8609,1.7878,0.927,San Diego
3610,Tim Oboh,0.1336,-1.184,-1.0505,Buffalo
3611,Timeo Pons,0.0924,-0.2389,-0.1465,New Mexico
3612,Timo George,1.0739,-0.4043,0.6696,Portland
3613,Timofei Rudovskii,-0.8843,-1.6628,-2.547,Bryant
3614,Timotej Malovec,1.2062,1.7723,2.9785,Miami (FL)
3615,Timoty van der Knaap,-0.7515,-0.1679,-0.9195,Bradley
3616,Tishan Ahir,-0.1286,0.7051,0.5764,UC Irvine
3617,Tobe Awaka,0.3979,3.3018,3.6997,Arizona
3618,Tobi Lawal,-1.0719,0.0691,-1.0028,Virginia Tech
3619,Toby Harris,-0.2783,0.4131,0.1348,Iona
3620,Toby Nnadozie,2.3901,-0.0422,2.3478,Jacksonville State
3621,Toby Nwokolo,-0.0253,0.2582,0.2328,Toledo
3622,Toby Onyekonwu,0.5881,-1.3406,-0.7525,Stony Brook
3623,Todd Bieg,1.3935,0.2109,1.6044,Lindenwood
3624,Todd Brogna,1.7972,-0.3569,1.4403,Merrimack
3625,Todd Jones,-0.0958,0.7894,0.6936,Louisiana
3626,Tolu Samuels,0.7121,0.0871,0.7991,Southern Ind.
3627,Tom Beattie,3.4715,-0.9666,2.5049,UC San Diego
3628,Tom House,2.2603,0.2896,2.5499,Furman
3629,Tom Mark,0.028,0.0541,0.0821,CSU Bakersfield
3630,Tomas Thrastarson,1.4983,-0.4672,1.0311,Washington State
3631,Tomas Valentiny,0.3266,-0.128,0.1986,Stony Brook
3632,Tomislav Buljan,0.8142,1.4616,2.2758,New Mexico
3633,Tomislav Ivisic,0.1542,2.9259,3.0801,Illinois
3634,Tommy Humphries,0.2737,0.1406,0.4143,St. Thomas (MN)
3635,Toneari Lane,-1.6864,1.7942,0.1078,San Diego
3636,Tony Duckett,1.5092,-0.8538,0.6554,Saint Mary's (CA)
3637,Tony Osburn,-1.9252,0.4304,-1.4948,Omaha
3638,Tony Williams,0.6972,0.9081,1.6053,Fairfield
3639,Torey Alston,1.526,1.5174,3.0434,Middle Tenn.
3640,Torr Sorensen,-0.0716,0.4691,0.3975,Liberty
3641,Tounde Yessoufou,-0.2915,1.5736,1.2821,Baylor
3642,Trace Sadler,-0.1728,-0.4004,-0.5732,Southeast Mo. St.
3643,Trace Salton,0.7317,-0.8886,-0.1569,Marist
3644,Tracy Steele,-0.1257,-0.7669,-0.8925,Little Rock
3645,Trae Broadnax,0.2395,1.4839,1.7234,Rice
3646,Trae Taylor,1.715,-0.4395,1.2755,Montana
3647,Traivar Jackson,1.1132,-1.2361,-0.123,Northern Ariz.
3648,Tramon Mark,0.2822,2.5463,2.8285,Texas
3649,Trap Johnson,0.1943,-0.4698,-0.2754,UC San Diego
3650,Travis Harper,0.2286,3.6069,3.8355,Tennessee State
3651,Travis Perry,0.8972,1.0446,1.9418,Ole Miss
3652,Tre Beard,-4.5501,2.2006,-2.3495,Cleveland State
3653,Tre Carroll,1.3565,1.0798,2.4364,Xavier
3654,Tre Dinkins,-0.0108,2.0453,2.0345,George Washington
3655,Tre Donaldson,1.8524,4.4542,6.3066,Miami (FL)
3656,Tre Green,-0.2795,2.0945,1.8151,Middle Tenn.
3657,Tre Holloman,-0.1304,1.687,1.5566,NC State
3658,Tre Norman,0.7303,-1.3626,-0.6323,Marquette
3659,Tre Singleton,1.0795,0.1241,1.2036,Northwestern
3660,Tre White,1.2338,0.9164,2.1502,Kansas
3661,Tre'Von Spillers,1.4704,1.8901,3.3606,Wake Forest
3662,Tre-Vaughn Minott,0.5332,0.2922,0.8254,Portland State
3663,Trent Burns,-0.4024,-0.3335,-0.7359,Missouri
3664,Trent Hudgens,0.044,-0.0837,-0.0398,South Dakota
3665,Trent Hundley,-0.3142,-0.8834,-1.1976,Evansville
3666,Trent Middleton,-0.9696,1.366,0.3964,N.C. A&T
3667,Trent Noah,1.9607,0.0884,2.0491,Kentucky
3668,Trent Perry,1.1857,3.4267,4.6125,UCLA
3669,Trent Pierce,0.6394,1.4265,2.0659,Missouri
3670,Trent Sisley,1.7634,-0.2491,1.5143,Indiana
3671,Trent Steinour,0.1569,0.2773,0.4342,Clemson
3672,Trenton Walters,-0.8811,-0.6752,-1.5563,Niagara
3673,Trevan Leonhardt,1.8153,2.3532,4.1685,Utah Valley
3674,Trevian Carson,3.1835,3.6504,6.8339,North Dakota State
3675,Trevin Jirak,-1.1212,0.735,-0.3862,Iowa
3676,Trevon Blassingame,1.8084,0.2061,2.0145,Idaho
3677,Trevon Brazile,0.9775,4.7758,5.7533,Arkansas
3678,Trevor Augustine,-0.0054,-0.2558,-0.2612,Canisius
3679,Trevor Best,-0.2694,-0.2255,-0.4949,Arizona State
3680,Trevor Hennig,0.2978,1.2755,1.5734,Weber State
3681,Trevor Mullin,2.343,3.6743,6.0173,Yale
3682,Trey Autry,1.3038,1.953,3.2568,George Washington
3683,Trey Booker-Lowery,-0.0614,-0.8973,-0.9587,Kansas City
3684,Trey Buchanan,1.0189,0.5822,1.6011,South Dakota State
3685,Trey Campbell,2.2741,1.2305,3.5045,UNI
3686,Trey Deveaux,-0.1218,-2.6338,-2.7556,Mount St. Mary's
3687,Trey Fort,-0.9849,-0.2156,-1.2005,Michigan State
3688,Trey Green,-0.0742,2.9689,2.8946,Saint Louis
3689,Trey Horton,-0.1883,-2.2761,-2.4643,UTEP
3690,Trey Kaufman-Renn,1.5522,5.101,6.6533,Purdue
3691,Trey Lewis,-0.4553,0.4454,-0.01,Western Mich.
3692,Trey McKenney,4.6674,3.9554,8.6229,Michigan
3693,Trey Parker,3.261,-0.6466,2.6144,Seton Hall
3694,Trey Patterson,-0.4558,-0.31,-0.7658,Rice
3695,Trey Perry,-0.8935,1.4756,0.5821,Miami (OH)
3696,Trey Scott,0.6387,0.0251,0.6638,Georgia State
3697,Trey Simpson,0.2426,2.058,2.3006,Kennesaw St.
3698,Trey Stuart,0.0149,-0.3451,-0.3301,TCU
3699,Trey Thomas,-0.1551,-0.5391,-0.6943,Southern Ind.
3700,Trey Utter,-0.0846,-0.2269,-0.3115,SMU
3701,Trey Williams,-0.811,1.902,1.0911,Missouri State
3702,Trey Woodyard,-0.454,0.0305,-0.4235,Vermont
3703,Treysen Eaglestaff,3.9093,1.7368,5.6461,West Virginia
3704,Treyson Anderson,0.624,1.3307,1.9547,North Dakota State
3705,Tristan Beckford,0.1314,0.4037,0.5351,South Fla.
3706,Tristan Gross,0.3306,0.8097,1.1403,Mercer
3707,Tristan Smith,2.8949,2.4989,5.3937,UNI
3708,Tristan Thompson,1.9968,-0.2309,1.7659,Coastal Carolina
3709,Troy Cole,1.2247,-0.5608,0.6639,Southeast Mo. St.
3710,Troy Glover,1.126,0.8627,1.9887,Bowling Green
3711,Troy Henderson,0.7063,0.0588,0.7651,Tennessee
3712,Troy Jenkins,-0.1835,-0.3762,-0.5597,Fresno St.
3713,Troy Plumtree,0.1501,0.2987,0.4487,Cal Poly
3714,Tru Washington,0.7054,2.4228,3.1281,Miami (FL)
3715,Truman Claytor,-0.869,-0.2744,-1.1434,Little Rock
3716,Truth Harris,-1.9603,-0.7531,-2.7134,La Salle
3717,Tryce Grensing,0.0361,-0.0395,-0.0034,Indiana
3718,Tsvet Sotirov,1.6233,1.4089,3.0322,Ga. Southern
3719,Tuburu Naivalurua,-1.8397,1.8104,-0.0293,Oakland
3720,Tucker Anderson,-0.7677,0.3744,-0.3933,Utah State
3721,Tucker DeVries,2.4291,4.4803,6.9095,Indiana
3722,Tucker Tornatta,0.6605,0.1769,0.8374,Valparaiso
3723,Tunde Vahlberg Fasasi,0.1685,2.325,2.4935,William & Mary
3724,Tuongthach Gatkek,1.5704,2.5681,4.1385,Little Rock
3725,Ty Bevins,1.2141,-0.4312,0.7829,George Washington
3726,Ty Blake,-0.0494,0.0643,0.0149,Illinois State
3727,Ty Davis,0.7185,-0.0543,0.6643,Creighton
3728,Ty Francis,-1.4707,-0.202,-1.6726,Northeastern
3729,Ty Harper,-0.5915,0.3742,-0.2173,Oral Roberts
3730,Ty Iwanonkiw,0.5375,0.031,0.5685,Cornell
3731,Ty Owens,1.0273,0.3589,1.3862,Tennessee Tech
3732,Ty Pence,2.128,1.3149,3.4429,Illinois State
3733,Ty Price,1.292,0.4989,1.7909,UT Martin
3734,Ty Tabales,0.2342,-0.2017,0.0324,Bryant
3735,Ty'Reek Coleman,4.5299,1.1138,5.6437,Illinois State
3736,Ty-Laur Johnson,0.1526,-0.5637,-0.4111,San Diego
3737,Tybo Bailey,1.1909,-2.24,-1.0491,East Carolina
3738,Tye Dorset,0.2048,0.3091,0.5139,Merrimack
3739,Tyeree Bryan,0.8875,1.2588,2.1463,Texas Tech
3740,Tylan Lewis,0.7528,-0.2413,0.5115,Abilene Christian
3741,Tylen Riley,0.7441,3.2079,3.952,Tulsa
3742,Tyler Behrend,1.9029,5.5027,7.4056,Tulsa
3743,Tyler Betsey,-1.0911,1.7885,0.6974,Syracuse
3744,Tyler Bike,1.8837,-1.7994,0.0844,New Hampshire
3745,Tyler Bilodeau,1.1354,3.4286,4.5639,UCLA
3746,Tyler Cochran,1.8,0.0542,1.8543,Rhode Island
3747,Tyler Coleman,-1.2032,0.8914,-0.3118,Towson
3748,Tyler Garrett,0.6138,0.8779,1.4917,Dartmouth
3749,Tyler Harris,3.3684,1.7415,5.1099,Vanderbilt
3750,Tyler Hendricks,2.874,2.6993,5.5733,Utah Valley
3751,Tyler Houser,0.5376,0.5905,1.128,Delaware
3752,Tyler Isaak,-0.6019,-0.8862,-1.4881,Montana
3753,Tyler Johnson,0.6696,2.3347,3.0043,Virginia Tech
3754,Tyler Jones,0.5074,-0.1534,0.354,UC Riverside
3755,Tyler King,1.2583,-0.1959,1.0624,SIUE
3756,Tyler Kropp,-0.4122,1.0049,0.5927,Northwestern
3757,Tyler Lundblade,0.2484,5.5189,5.7672,Belmont
3758,Tyler McKinley,0.4336,-0.234,0.1996,Cincinnati
3759,Tyler Medaris,1.7978,-0.2854,1.5124,Utah Valley
3760,Tyler Mrus,0.841,1.9938,2.8348,BYU
3761,Tyler Nickel,0.7547,5.3104,6.0651,Vanderbilt
3762,Tyler Ode,-0.5509,-0.2455,-0.7963,Toledo
3763,Tyler Perkins,0.6591,1.9354,2.5945,Villanova
3764,Tyler Powell,-0.941,1.2824,0.3414,Eastern Wash.
3765,Tyler Ringgold,0.5878,-0.9035,-0.3157,Tulane
3766,Tyler Robbins,0.9245,2.0129,2.9373,Miami (OH)
3767,Tyler Robinett,0.6967,-0.6445,0.0522,Youngstown State
3768,Tyler Rolison,1.1345,1.0857,2.2201,Nevada
3769,Tyler Schmidt,-0.5252,0.7564,0.2312,Towson
3770,Tyler Spratt,0.073,1.6861,1.7591,Detroit Mercy
3771,Tyler Tanner,2.0499,3.7795,5.8294,Vanderbilt
3772,Tyler Tejada,0.3011,-0.6188,-0.3178,Towson
3773,Tyler Thompson,2.5071,3.0443,5.5514,Montana
3774,Tyler Weaver,0.3933,-0.0617,0.3317,Utah Valley
3775,Tylik Weeks,1.0745,0.5089,1.5835,Southern Miss.
3776,Tyon Grant-Foster,2.5061,2.1626,4.6687,Gonzaga
3777,Tyonne Farrell,-0.1912,0.0602,-0.131,Morehead State
3778,Tyran Cook,-0.0877,-1.2681,-1.3559,Western Ill.
3779,Tyran Mason,0.7855,-0.2173,0.5683,UT Arlington
3780,Tyreese Watson,-0.8304,-1.0822,-1.9126,UTEP
3781,Tyrell Ward,1.5497,-0.2534,1.2963,VCU
3782,Tyren Moore,-1.0755,2.0123,0.9368,Ga. Southern
3783,Tyrin Jones,0.0797,2.4432,2.5229,UNLV
3784,Tyrique Brooks,-0.1439,0.6751,0.5311,Missouri State
3785,Tyrone Marshall,1.9069,0.3601,2.267,George Washington
3786,Tyrone Riley,3.0631,3.6745,6.7376,San Francisco
3787,Ubong Okon,0.9552,-0.4462,0.509,Robert Morris
3788,Ugnius Jarusevicius,-0.0957,-0.0393,-0.135,Nebraska
3789,Ugonna Onyenso,1.159,1.1631,2.3222,Virginia
3790,Urban Klavzar,1.6763,4.6507,6.3269,Florida
3791,Uriah Tenette,3.7704,1.8966,5.667,New Mexico
3792,Uriyah Rojas,1.1736,1.1825,2.3561,Wyoming
3793,Uros Paunovic,-0.0123,-0.2528,-0.2652,UConn
3794,Uzziah Buntyn,0.5984,1.7864,2.3848,South Dakota
3795,Valentino Pinedo,-0.4768,1.5234,1.0466,UNC Greensboro
3796,Valentino Simon,-0.2493,0.8978,0.6485,Omaha
3797,Vangelis Zougris,0.141,1.7072,1.8482,Louisville
3798,Vasilije Kuridza,-0.1275,0.1308,0.0033,Tulane
3799,Vaughn Weems,1.1737,1.5195,2.6932,Nevada
3800,Veljko Ilic,1.568,2.1439,3.7119,Sam Houston
3801,Ven-Allen Lubin,0.1286,1.7067,1.8353,NC State
3802,Veniamin Abosi,2.2272,0.9982,3.2254,San Francisco
3803,Vernon Collins,0.5838,-0.4676,0.1162,Western Caro.
3804,Vianney Salatchoum,1.0421,-1.2922,-0.2501,TCU
3805,Vice Zanki,-0.3605,-1.1119,-1.4724,Niagara
3806,Victor Panov,2.3339,1.5125,3.8464,Drexel
3807,Victor Valdes,0.8846,0.2257,1.1103,Troy
3808,Victory Onuetu,0.9551,0.6193,1.5743,Hofstra
3809,Viktor Mikic,0.0073,-0.1975,-0.1901,Florida
3810,Viljami Vartiainen,-0.1801,2.3348,2.1548,Weber State
3811,Villiam Garcia Adsten,-0.8733,-2.3171,-3.1904,Drexel
3812,Vince Buzelis,0.1444,-0.7969,-0.6525,South Dakota
3813,Vince Dawson,1.0052,1.3249,2.3301,Morehead State
3814,Vincent Delano,-1.5959,0.5537,-1.0422,Northern Colo.
3815,Vincent Iwuchukwu,2.8581,1.034,3.8921,Georgetown
3816,Vincent Neugebauer,0.5949,0.97,1.5649,Fla. Atlantic
3817,Vincent Ricchiuti,0.104,0.1818,0.2858,Wake Forest
3818,Vito Perkovic,-0.3647,-0.2066,-0.5713,East Carolina
3819,Vladimer Salaridze,-1.2185,1.343,0.1244,Youngstown State
3820,Vladimir Khryapa,2.699,-2.6718,0.0272,UT Martin
3821,Vladimir Sudar,-0.8456,0.189,-0.6566,Pepperdine
3822,Vuk Boskovic,-1.5593,2.0522,0.4929,San Diego
3823,Vukasin Masic,0.4709,0.3864,0.8573,San Francisco
3824,Vukasin Todorovic,-0.0606,-0.0047,-0.0653,Green Bay
3825,Vyctorius Miller,-0.0199,1.2549,1.2351,Oklahoma State
3826,Wade Chiddick,0.0573,-0.0406,0.0168,Villanova
3827,Waka Mbatch,0.8489,0.2134,1.0623,Montana State
3828,Walker Andrews,1.8328,-0.2808,1.5521,VMI
3829,Walker Asp,-0.1253,0.1475,0.0222,Northern Colo.
3830,Walker Horn,0.2532,-0.0314,0.2218,Kentucky
3831,Walker Timme,-0.234,-0.0417,-0.2758,Northern Ariz.
3832,Walter Brown,-0.0836,2.195,2.1114,UNLV
3833,Warren Marshall,0.1788,-0.4768,-0.298,Oakland
3834,Wei Lin,0.3128,-0.473,-0.1602,Oregon
3835,Weilun Zhao,-0.3571,-0.0595,-0.4166,San Francisco
3836,Wes Enis,0.7854,1.8651,2.6506,South Fla.
3837,Wes Peterson,-1.5833,-0.5449,-2.1281,Binghamton
3838,Wesley Celichowski,0.1018,-3.5327,-3.4309,Air Force
3839,Wesley Yates,0.4115,1.5143,1.9258,Washington
3840,Weston Aigner,0.1941,-0.2555,-0.0614,Evansville
3841,Wilder Evers,-0.1786,-0.4163,-0.5949,Kansas
3842,Wilguens Jr Exacte,1.6806,0.669,2.3496,Drake
3843,Wilhelm Breidenbach,1.3487,0.0054,1.3541,Grand Canyon
3844,Will Allen,1.9546,-0.0924,1.8622,Louisiana Tech
3845,Will Ashford,0.1723,-0.5582,-0.386,Central Mich.
3846,Will Berg,1.71,2.9896,4.6996,Wichita State
3847,Will Eggemeier,0.052,-0.0028,0.0492,Boston College
3848,Will Felton,-1.0506,0.1885,-0.862,N.C. A&T
3849,Will Garlock,-0.5118,0.5968,0.085,Wisconsin
3850,Will Hanke,0.0857,-0.0584,0.0273,Louisville
3851,Will Harper,-0.4895,0.4339,-0.0556,Richmond
3852,Will Heimbrodt,2.6485,-0.3891,2.2594,Seattle U
3853,Will Hornseth,1.3586,-0.7011,0.6575,UNI
3854,Will James,0.8734,1.8435,2.7169,Toledo
3855,Will Johnston,-1.4403,1.6291,0.1888,Richmond
3856,Will Kuykendall,-0.0343,0.1335,0.0992,Baylor
3857,Will Lange,0.0303,0.0946,0.1249,Saint Joseph's
3858,Will Maxwell,0.0079,-0.0204,-0.0125,Dayton
3859,Will McClendon,1.0167,-0.241,0.7757,North Texas
3860,Will Mortimore,0.6698,-0.6067,0.0631,Col. of Charleston
3861,Will Shaver,-0.1179,0.0738,-0.0441,Samford
3862,Will Shortt,-0.1966,-1.7918,-1.9884,Niagara
3863,Will Thengvall,-0.0212,-0.1307,-0.152,Kansas
3864,Will Tschetter,1.5951,3.5604,5.1555,Michigan
3865,Will Underwood,0.0471,-0.0464,0.0007,Wake Forest
3866,William Ball,-0.4553,-1.137,-1.5923,ULM
3867,William Campbell,0.6494,0.172,0.8214,Lindenwood
3868,William Humer,0.482,0.4844,0.9664,Northern Colo.
3869,William Jeffress,1.5012,-1.9054,-0.4042,Louisiana Tech
3870,William Kermoury,-0.7914,1.648,0.8567,Northeastern
3871,William Kruse,-0.0259,0.56,0.5341,Penn
3872,William Kutzler,0.1344,0.1555,0.2899,Princeton
3873,William Kyle,0.3327,-0.43,-0.0973,Syracuse
3874,William Whorton,0.0873,-0.4861,-0.3988,Memphis
3875,Wilson Dubinsky,2.5907,1.9763,4.567,Marshall
3876,Wilson Jacques,1.2757,1.1986,2.4744,Fresno St.
3877,Win Miller,-1.0622,-1.3798,-2.442,Belmont
3878,Winters Grady,0.4986,-0.4743,0.0243,Michigan
3879,Wyatt DeGraaf,1.318,-0.2808,1.0372,Brown
3880,Wyatt Fricks,0.6839,2.6802,3.3641,Marshall
3881,Wylee Delorme,-1.8186,0.8519,-0.9668,North Dakota
3882,Xaivian Lee,3.6909,1.704,5.3949,Florida
3883,Xander Alarie,0.8441,-0.4848,0.3594,Northeastern
3884,Xander Pintelon,1.101,1.7548,2.8558,Fla. Atlantic
3885,Xander Wedlow,-0.2224,-0.4084,-0.6308,St. Bonaventure
3886,Xavier Abreu,-1.6113,0.5173,-1.094,Northeastern
3887,Xavier Amos,1.9129,0.5778,2.4908,Loyola Chicago
3888,Xavier Booker,-0.2255,-0.5628,-0.7882,UCLA
3889,Xavier Brown,-0.0496,0.1003,0.0507,South Fla.
3890,Xavier Edmonds,0.7153,2.528,3.2433,TCU
3891,Xavier Hall,1.688,0.2496,1.9375,Indiana State
3892,Xavier Istomin-Monroe,0.7967,-0.2025,0.5942,Detroit Mercy
3893,Xavier Lipscomb,-1.8144,-0.1539,-1.9683,Mount St. Mary's
3894,Xavier Nesbitt,2.0313,-0.0425,1.9888,Harvard
3895,Xavion Staton,-0.2497,0.1841,-0.0656,BYU
3896,Xzavier Long,0.1565,-1.7774,-1.6209,Hampton
3897,Xzavion Mitchell,-0.2546,0.1535,-0.101,Iowa State
3898,Xzayvier Brown,-0.7269,1.7378,1.0109,Oklahoma
3899,Yaak Yaak,0.2049,0.5824,0.7873,Oregon State
3900,Yacine Toumi,0.8351,-1.7942,-0.9591,Hawaii
3901,Yakhya Diop,0.8135,-0.0626,0.7509,Mount St. Mary's
3902,Yame Butler,-0.2975,0.0771,-0.2203,Butler
3903,Yancarlos Cueto,0.5632,-0.188,0.3752,N.C. A&T
3904,Yaniel Rivera,-0.4343,0.0127,-0.4216,Abilene Christian
3905,Yanis Bamba,-0.2421,-1.0564,-1.2986,Maine
3906,Yann Farell,-1.5245,1.2018,-0.3227,Sacred Heart
3907,Yaphet Moundi,0.8604,0.636,1.4964,San Jose State
3908,Yaqub Mir,-0.0465,-0.0552,-0.1017,UC San Diego
3909,Yaxel Lendeborg,4.9975,6.8083,11.8058,Michigan
3910,Yaya Keita,0.5495,-1.0756,-0.5261,UAlbany
3911,Yohan Traore,-1.9881,1.4317,-0.5564,Butler
3912,Yohann Sissoko,-0.2653,1.9081,1.6428,Fla. Atlantic
3913,Yonatan Levy,-1.0353,0.5246,-0.5107,Pepperdine
3914,Youri Fritz,-0.5717,0.2955,-0.2762,Northeastern
3915,Yuto Kawashima,1.2024,0.4779,1.6803,Seattle U
3916,Yuto Yamanouchi-Williams,-0.4652,-2.4722,-2.9374,Oral Roberts
3917,Yuval Levin,1.4005,0.6395,2.04,Purdue Fort Wayne
3918,Zaakir Williamson,0.5311,-0.3697,0.1615,Saint Peter's
3919,Zac Foster,1.6783,1.4964,3.1747,Clemson
3920,Zacch Wiggins,-0.0678,1.1765,1.1088,Old Dominion
3921,Zach Bell,-2.5854,-2.4682,-5.0536,Southern Utah
3922,Zach Bloch,0.7163,2.6826,3.3989,Northern Colo.
3923,Zach Christian,0.1089,-0.3599,-0.251,Canisius
3924,Zach Clemence,0.9884,1.5482,2.5366,Texas A&M
3925,Zach Cleveland,0.7424,3.0033,3.7457,Liberty
3926,Zach Davis,1.3084,1.15,2.4584,Memphis
3927,Zach Day,0.3472,-0.3161,0.0311,Ole Miss
3928,Zach Halligan,1.5842,-0.0963,1.4878,Akron
3929,Zach Keller,0.4417,0.0358,0.4776,Utah State
3930,Zach Kinziger,0.9376,-0.3601,0.5775,Wisconsin
3931,Zach Kraft,1.2729,1.0107,2.2837,North Dakota
3932,Zach Lamey,0.3994,0.5134,0.9128,Samford
3933,Zach Matulu,-0.0515,-0.702,-0.7534,UAlbany
3934,Zach Tow,0.2532,-0.0314,0.2218,Kentucky
3935,Zachary Johnson,-0.3145,0.0304,-0.2841,UCF
3936,Zachary Royster,0.1179,-0.2883,-0.1704,Loyola Chicago
3937,Zachiah Clark,0.0921,0.268,0.3601,UC Santa Barbara
3938,Zack Davidson,1.0444,-1.2074,-0.163,Northern Ariz.
3939,Zack Scherler,-0.8988,-0.745,-1.6438,NJIT
3940,Zaide Lowery,0.9558,0.0428,0.9987,Marquette
3941,Zaire Williams,0.8169,2.6273,3.4442,Mercer
3942,Zak Abdalla,0.3567,-0.1323,0.2244,Detroit Mercy
3943,Zamoku Weluche-Ume,-0.4593,-0.0447,-0.5039,N.C. A&T
3944,Zander Carter,2.258,0.112,2.37,Liberty
3945,Zander Yates,-1.2176,0.2625,-0.9552,Liberty
3946,Zane Nelson,0.4773,2.4177,2.8951,Denver
3947,Zaon Collins,1.0811,1.8861,2.9672,Fresno St.
3948,Zarique Nutter,0.719,0.0893,0.8084,Fordham
3949,Zawdie Jackson,1.6197,0.8893,2.5089,FIU
3950,Zaxton King,0.983,-0.4518,0.5312,Missouri State
3951,Zayden High,-0.1603,-1.1959,-1.3563,North Carolina
3952,Zeplin Kidd,0.8482,0.3798,1.228,Southern Utah
3953,Ziare Wells,0.6047,1.4824,2.0871,Oakland
3954,Zine Eddine Bedri,0.8358,-0.1804,0.6553,Columbia
3955,Zio Kim,0.2176,-0.0709,0.1467,Princeton
3956,Zion Cruz,-1.1633,-1.0018,-2.1651,Rider
3957,Zion Fruster,0.5755,0.5889,1.1643,Eastern Ill.
3958,Zion Sensley,-0.2846,2.4522,2.1677,UC Santa Barbara
3959,Zion Stanford,-0.3437,-0.6098,-0.9535,Villanova
3960,Zion Wilburn,0.8759,0.2922,1.1681,Samford
3961,Zoom Diallo,1.7873,2.68,4.4673,Washington
3962,Zubayr Griffin,-0.1704,-0.1364,-0.3068,Monmouth
3963,Zuby Ejiofor,2.5441,2.59,5.1341,St. John's (NY)
3964,Zvonimir Ivisic,2.2352,3.8094,6.0446,Illinois
3965,Zy Wright,1.0993,0.7374,1.8368,Abilene Christian
3966,Zyair Greene,-0.5185,0.3081,-0.2104,Indiana State
3967,Zyier Beverly,1.1314,-2.5127,-1.3813,Binghamton
