,player,DRAPM,ORAPM,Total_RAPM,team
0,AB Coulibaly,-2.3031,-1.9582,-4.2613,Rider
1,AC Bryant,-1.5703,4.6275,3.0572,Jacksonville State
2,AJ Bates,-2.6368,3.9173,1.2804,Louisiana Tech
3,AJ Casey,-2.4609,2.859,0.398,Evansville
4,AJ Clark,-2.5851,-1.8845,-4.4696,VMI
5,AJ Dancler,-2.3134,1.2988,-1.0146,Coastal Carolina
6,AJ Dent,-1.0146,0.0989,-0.9157,Tarleton State
7,AJ Dybantsa,0.5001,12.0606,12.5607,BYU
8,AJ Economou,-0.3958,-1.4995,-1.8953,Hawaii
9,AJ Fowler,-0.2763,-0.2145,-0.4908,Col. of Charleston
10,AJ George,-4.3487,-0.5318,-4.8805,CSU Bakersfield
11,AJ Hopkins,0.5968,-0.3345,0.2622,UT Martin
12,AJ LaBeau,-0.4862,-0.0617,-0.5478,Cornell
13,AJ Levine,0.8269,-0.7645,0.0624,Penn
14,AJ Lopez,-3.7531,5.7054,1.9524,Richmond
15,AJ McBride,-0.2556,-0.1579,-0.4134,Niagara
16,AJ Patterson,-1.2811,-3.4769,-4.7581,Air Force
17,AJ Redd,-0.5131,0.0998,-0.4132,Illinois
18,AJ Riggs,0.3499,0.4776,0.8275,Utah Valley
19,AJ Rohosy,-0.6051,2.6159,2.0108,Stanford
20,AJ Smith,-1.3291,5.2329,3.9038,Temple
21,AJ Smith,-1.3291,5.2329,3.9038,Bradley
22,AJ Staton-McCray,1.5356,3.5549,5.0905,Seton Hall
23,AJ Storr,-3.645,3.4146,-0.2305,Ole Miss
24,AJ Swinton,0.6127,1.9436,2.5564,Florida State
25,AJ Thomas,-0.8355,-1.2672,-2.1026,LMU (CA)
26,AJ Wills,-0.1057,-0.6,-0.7057,Hofstra
27,AK Okereke,-0.5266,4.5402,4.0137,Vanderbilt
28,Aaron Bradshaw,-0.1193,2.37,2.2507,Memphis
29,Aaron Clark,-2.5155,3.6273,1.1118,Pepperdine
30,Aaron Davis,-3.2471,1.0728,-2.1742,Bryant
31,Aaron Fine,-0.6655,-0.1364,-0.8019,Purdue
32,Aaron Franklin,-0.4636,1.1917,0.728,Milwaukee
33,Aaron Hunkin-Claytor,2.0041,1.0472,3.0513,Hawaii
34,Aaron Jacob,-1.0925,0.7073,-0.3852,Oral Roberts
35,Aaron McBride,2.1089,2.7312,4.8401,LMU (CA)
36,Aaron Nkrumah,0.6468,4.1284,4.7752,Tennessee State
37,Aaron Price,-0.4858,-1.039,-1.5248,Cal Poly
38,Abass Bodija,-0.6754,0.6512,-0.0242,Fordham
39,Abdi Bashir,-0.8714,5.088,4.2166,Kansas State
40,Abdou Khadre Kebe,0.0499,-0.3372,-0.2873,Mount St. Mary's
41,Abdou Samb,-0.1906,-0.5237,-0.7142,Towson
42,Abdou Yadd,-4.0458,-3.8591,-7.9049,Sacred Heart
43,Abdoulaye Fall,-1.9836,-0.86,-2.8436,UAlbany
44,Abdul Momoh,-0.1058,1.7501,1.6443,UIC
45,Abdulai Fanta Kabba,0.1618,1.4968,1.6586,Western Caro.
46,Abdullah Ahmed,1.4187,0.0722,1.4909,BYU
47,Abdullah Amzil,-0.4002,0.4016,0.0014,UC Davis
48,Abdullahi Bashir,-1.0911,-0.2626,-1.3537,Auburn
49,Abijah Franklin,0.8968,-1.0023,-0.1055,Furman
50,Abou Magassa,0.4155,-0.2126,0.2029,Wyoming
51,Abraham Oyeadier,0.0558,-0.1703,-0.1145,West Virginia
52,Acaden Lewis,0.0114,3.3678,3.3792,Villanova
53,Ace Buckner,-1.0159,4.1443,3.1284,Clemson
54,Ace Flagg,-0.9681,-1.671,-2.639,Maine
55,Ace Glass lll,-0.5805,4.0924,3.5119,Washington State
56,Ace Valentine,-1.785,3.0699,1.2849,UMBC
57,Achille Lonati,-1.6189,0.0567,-1.5622,St. Bonaventure
58,Achor Achor,-0.2598,1.8824,1.6226,Mississippi State
59,Adam Clark,2.4442,4.2854,6.7296,Seton Hall
60,Adam Harakow,-2.1733,3.3857,1.2123,Wyoming
61,Adam Hinton,-2.4106,5.0104,2.5998,Cornell
62,Adam Miller,1.451,2.7142,4.1652,Gonzaga
63,Adam Olsen,-2.6209,3.8507,1.2298,South Alabama
64,Adam Stewart,-0.2134,-0.315,-0.5285,TCU
65,Adam Tauer,-0.713,-0.0702,-0.7832,St. Thomas (MN)
66,Aday Mara,5.4949,5.9984,11.4933,Michigan
67,Addarin Scott,-2.874,-2.2108,-5.0849,Kansas City
68,Addison Archer,-1.6674,-0.7356,-2.403,Northern Ky.
69,Addison Arnold,-0.7883,-0.4109,-1.1992,Arizona
70,Addison Patterson,0.1907,2.8549,3.0456,Eastern Mich.
71,Ade Popoola,-0.6204,5.3102,4.6897,Tulsa
72,Aden Holloway,-0.9822,9.4867,8.5045,Alabama
73,Adetokunbo Bakare,-1.4564,0.8516,-0.6048,Saint Peter's
74,Adlan Elamin,0.1273,3.9405,4.0677,Utah State
75,Adria Rodriguez,1.6488,-0.1324,1.5164,Washington State
76,Adrian McIntyre,-1.0101,4.6079,3.5978,San Diego
77,Adrian Myers,-2.6803,2.7548,0.0744,San Jose State
78,Adrian Uchidiuno,-1.8213,-2.0328,-3.8541,Brown
79,Adrian Wooley,1.5623,5.6895,7.2519,Louisville
80,Adriel Nyorha,-1.2286,1.569,0.3404,South Fla.
81,Adrien Stevens,0.8502,3.1029,3.953,Marquette
82,Afan Trnka,-1.6215,-1.5561,-3.1775,UT Martin
83,Aginaldo Neto,1.0452,-0.6126,0.4326,Boise State
84,Ahmad Henderson,-1.5822,0.808,-0.7742,UIC
85,Ahmad Nowell,-0.415,1.7778,1.3628,VCU
86,Ahmad Robinson,0.3428,1.0615,1.4044,UAB
87,Ahmet Jonovic,-0.1799,1.205,1.0251,Bradley
88,Aidan Alexander,-0.2573,-0.7108,-0.9681,The Citadel
89,Aidan Braccia,-0.5101,-1.4527,-1.9628,San Francisco
90,Aidan Burke,-1.0304,2.8846,1.8543,UC San Diego
91,Aidan Cammann,-0.6074,3.3072,2.6998,Stanford
92,Aidan Crotty,-0.3247,-0.4067,-0.7314,Fordham
93,Aidan Driggers,0.4389,0.2957,0.7346,Jacksonville State
94,Aidan Hadaway,-1.4874,2.9774,1.49,Ohio
95,Aidan Haskins,-0.2038,0.5743,0.3705,Hampton
96,Aidan Mahaney,-3.5525,3.043,-0.5096,UC Santa Barbara
97,Aidan Noyes,-2.7623,2.0733,-0.689,Belmont
98,Aidan Rubio,-2.1899,-0.4333,-2.6232,Eastern Mich.
99,Aidan Sevilla,-0.6083,-0.3888,-0.997,Idaho
100,Aidan Shaw,0.4423,-0.2143,0.228,Boston College
101,Aidan Skradis,-0.1736,0.0477,-0.1259,Omaha
102,Aiden Argabright,0.5578,3.3541,3.9118,Richmond
103,Aiden Goins,1.1046,-0.272,0.8327,Bowling Green
104,Aiden Miller,-3.2323,0.8566,-2.3757,IU Indy
105,Aiden Sherrell,2.104,6.8092,8.9131,Alabama
106,Aiden Tobiason,-2.692,4.6748,1.9828,Temple
107,Aitor Anabitarte,1.4136,1.3273,2.741,Jacksonville State
108,Ajay Holubar,-0.0032,-0.3101,-0.3133,IU Indy
109,Ajay Sheldon,-0.8518,2.0586,1.2068,Ohio
110,Ajay Tew,-0.5806,-0.3433,-0.9238,ULM
111,Akai Fleming,-1.8133,1.416,-0.3973,Georgia Tech
112,Akintola Akinniyi,-0.1763,0.0017,-0.1747,Quinnipiac
113,Akira Jacobs,0.0208,1.3753,1.3961,Fordham
114,Akiva McBirney-Griffin,1.0902,-3.4669,-2.3768,UC Irvine
115,Al Amadou,-1.1374,-1.1533,-2.2907,Saint Joseph's
116,Al Green,-2.5393,2.5772,0.038,UNLV
117,Albert Vargas,-1.7395,0.274,-1.4656,Robert Morris
118,Alden Applewhite,-2.9911,4.4998,1.5087,Ga. Southern
119,Alec Blair,-0.0214,-0.0052,-0.0266,Oklahoma
120,Alec Millender,0.019,-0.4601,-0.4411,UConn
121,Alec Oglesby,-0.2357,1.7434,1.5077,Middle Tenn.
122,Alec Squires,-0.1401,-0.3445,-0.4846,South Dakota State
123,Alejandro Aviles,0.8784,-1.4394,-0.561,San Diego
124,Aleks Alston,-0.8508,-1.7969,-2.6476,Maryland
125,Aleks Szymczyk,-0.1113,-0.3575,-0.4688,CSUN
126,Aleksa Ristic,-0.9381,-0.4278,-1.3659,Indiana
127,Aleksa Vlajic,0.0282,0.054,0.0822,Buffalo
128,Aleksas Bieliauskas,-0.7062,3.0715,2.3653,Wisconsin
129,Aleksej Kostic,-1.4156,0.2975,-1.1182,BYU
130,Alem Fejzic,-1.04,-2.1893,-3.2294,Southern Ind.
131,Alex Bossinakis,0.4259,0.3141,0.74,UT Arlington
132,Alex Bruskotter,-0.5392,1.8282,1.289,Wright State
133,Alex Chaikin,-1.6289,1.9942,0.3653,UC San Diego
134,Alex Condon,3.0847,6.0255,9.1102,Florida
135,Alex Crawford,-1.0671,-2.3911,-3.4581,Rhode Island
136,Alex Dupre,-0.5088,-1.3385,-1.8473,Portland State
137,Alex Farley,-0.0374,0.0003,-0.0371,Ball State
138,Alex Garcia,-0.7113,-0.5816,-1.2928,Tennessee State
139,Alex Hemenway,-2.0273,-0.6679,-2.6951,Evansville
140,Alex Huguet Carrasco,-0.6306,-0.0019,-0.6324,ULM
141,Alex Huibregtse,-1.0143,5.428,4.4137,Bradley
142,Alex Karaban,1.4031,8.0772,9.4803,UConn
143,Alex Kazanecki,-3.2191,1.7291,-1.4899,Delaware
144,Alex Koch,-0.0454,-0.534,-0.5794,Mercer
145,Alex Kovatchev,-0.1239,-0.4287,-0.5526,Florida
146,Alex Lloyd,-0.4817,-1.4641,-1.9458,Florida
147,Alex Massung,-1.0272,0.2265,-0.8007,Penn
148,Alex McFadden,-0.3788,0.2735,-0.1054,Delaware
149,Alex Molofeev,-2.6178,-3.1539,-5.7718,ULM
150,Alex Olander,-0.0582,-0.1872,-0.2453,Elon
151,Alex Steen,-1.0806,4.2747,3.1941,Florida State
152,Alex Tsynkevich,-0.0561,-1.2835,-1.3396,Hofstra
153,Alex Wilkins,-3.0848,3.1748,0.09,Furman
154,Alex Williams,-2.0744,4.6209,2.5465,Duquesne
155,Alex Woodring,-0.214,-0.0527,-0.2667,Sacred Heart
156,Alexander Daushvili,-0.4465,-0.0281,-0.4746,VMI
157,Alexander Richardson,-1.1551,0.7057,-0.4494,Loyola Chicago
158,Alexis Marmolejos,0.3316,0.7186,1.0501,Pacific
159,Ali Assran,-1.6438,-1.5492,-3.193,Cal Poly
160,Ali Dibba,1.4074,2.396,3.8034,Texas A&M
161,Alier Maluk,0.0426,-0.7817,-0.7391,Florida State
162,Alijah Adem,0.0261,-0.0738,-0.0477,Bowling Green
163,Alijah Arenas,-0.8626,0.6129,-0.2497,Southern California
164,Aliou Cisse,-1.6774,-1.3301,-3.0075,Merrimack
165,All Wright,-2.1994,3.4637,1.2643,Xavier
166,Allen Graves,0.4991,8.4767,8.9758,Santa Clara
167,Allen Mukeba,0.8441,3.1548,3.9989,Arizona State
168,Allen Strothers,0.9032,-0.7203,0.183,ETSU
169,Alliou Fall,3.1928,-2.6158,0.577,Iona
170,Almar Atlason,-2.2267,3.173,0.9462,Miami (OH)
171,Alon Michaeli,-2.1556,1.7671,-0.3885,Colorado
172,Alonzo Dodd,-0.0483,3.3074,3.2591,App State
173,Alton Hamilton,-1.2651,5.9641,4.699,Eastern Wash.
174,Alvaro Folgueiras,0.4239,5.9585,6.3824,Iowa
175,Alvin Loving,-0.2823,0.0781,-0.2042,Yale
176,Aly Khalifa,3.2713,3.1214,6.3927,Louisville
177,Aly Tounkara,1.2871,-0.8411,0.446,Arkansas State
178,Alyn Breed,0.9927,0.0176,1.0103,NC State
179,Ama Sow,-0.2858,-0.1129,-0.3987,UT Martin
180,Amadou Doumbia,0.6156,-0.5378,0.0777,N.C. A&T
181,Amael L'Etang,0.9849,3.2448,4.2297,Dayton
182,Amani Hansberry,1.4521,7.5462,8.9983,Virginia Tech
183,Amani Lyles,-0.9536,4.9644,4.0108,Akron
184,Amar Amkou,-1.3061,3.7694,2.4633,Fla. Atlantic
185,Amar Augillard,-4.1457,1.3271,-2.8186,Milwaukee
186,Amar Kuljuhovic,0.2179,0.5939,0.8119,Missouri State
187,Amar'e Marshall,-0.1446,-0.6193,-0.7639,St. Bonaventure
188,Amarco Doyle,0.0091,0.5486,0.5577,New Mexico State
189,Amare Allen,-1.9779,-4.9993,-6.9771,Maine
190,Amare Bynum,0.7985,4.5665,5.365,Ohio State
191,Amaree Abram,2.5445,0.0842,2.6288,Tennessee
192,Amaree Brown,-4.1554,-0.1913,-4.3467,Southern Ind.
193,Amari Allen,0.3989,5.9006,6.2996,Alabama
194,Amari Evans,2.9167,1.4714,4.3881,Tennessee
195,Amari Jedkins,-1.5517,-0.5945,-2.1462,Montana
196,Amari McCottry,1.2348,1.6386,2.8734,Saint Louis
197,Amari Reed,2.7437,0.3359,3.0796,UT Arlington
198,Amarion Dickerson,0.1529,1.3837,1.5366,Southern California
199,Amarion Nimmers,-0.4654,-0.5244,-0.9897,FIU
200,Amarri Monroe,1.5822,2.1638,3.746,Quinnipiac
201,Amere Brown,-1.1425,-0.6888,-1.8314,Arkansas
202,Amier Ali,-0.0415,0.9125,0.871,Mississippi State
203,Amir Arrington,-0.2014,-0.3414,-0.5429,George Washington
204,Amir Jenkins,-1.026,-0.4201,-1.4461,West Virginia
205,Amir Lindsey,-4.3142,3.2245,-1.0897,UAlbany
206,Amir Taylor,2.2609,3.2704,5.5312,Kennesaw St.
207,Amir Williams,0.6565,-0.374,0.2825,Hofstra
208,Amire Robinson,0.4267,-0.2742,0.1525,Nevada
209,Anastasios Rozakeas,-2.5638,-1.1174,-3.6812,Mount St. Mary's
210,Andre Henry,-0.9729,1.7182,0.7453,UC Irvine
211,Andre Mills,-0.5642,5.6189,5.0548,Maryland
212,Andre Washington,-1.8083,0.0779,-1.7305,Eastern Ill.
213,Andrea Holden,1.599,-0.2733,1.3256,Wright State
214,Andrej Kostic,-3.0124,3.3956,0.3833,Kansas State
215,Andrej Shoshkikj,-0.1069,0.8423,0.7354,Stony Brook
216,Andrej Stojakovic,-0.3713,5.5574,5.186,Illinois
217,Andrell Burton,0.6018,-0.3563,0.2455,South Dakota State
218,Andreo Ash,-0.376,-0.7981,-1.1741,Canisius
219,Andres Burney,-2.5113,2.2435,-0.2678,Ga. Southern
220,Andres Marrero,-2.3041,1.8996,-0.4045,Merrimack
221,Andrew Akuchie,-0.3432,-1.4752,-1.8184,Rice
222,Andrew Alia,-0.7671,1.4757,0.7085,Drake
223,Andrew Austin,-1.9674,-1.4663,-3.4338,Eastern Ill.
224,Andrew Bailey,-0.1895,-0.2671,-0.4566,Charlotte
225,Andrew Ball,-0.8557,2.6118,1.7561,Monmouth
226,Andrew Crawford,0.1623,-0.0844,0.0779,Colorado
227,Andrew Henderson,-2.3469,3.881,1.5341,UC Riverside
228,Andrew King,-2.4372,0.5572,-1.8799,Youngstown State
229,Andrew McKeever,1.8024,3.6401,5.4425,Saint Mary's (CA)
230,Andrew Meadow,-1.5384,5.1434,3.605,Boise State
231,Andrew Okafor,-0.3405,-0.1171,-0.4575,Stony Brook
232,Andrew Osasuyi,2.185,1.4429,3.6279,St. Bonaventure
233,Andrew Rohde,0.6974,2.0453,2.7427,Wisconsin
234,Andrija Bukumirovic,-0.2505,5.5253,5.2748,UT Martin
235,Andrija Grbovic,-0.1256,0.9987,0.8731,Arizona State
236,Andrija Jelavic,0.2315,1.8237,2.0552,Kentucky
237,Andrija Vukovic,0.1123,2.2923,2.4046,Oklahoma State
238,Andrin Njock,-0.7879,0.7729,-0.015,App State
239,Andy Johnson,0.1339,2.3255,2.4594,UIC
240,Andy Sigiscar,1.1619,-0.1813,0.9807,Tarleton State
241,Andy Stefonowicz,-0.1062,2.5657,2.4595,North Dakota State
242,Angelo Brizzi,-2.9864,3.6679,0.6815,Buffalo
243,Angelo Ciaravino,0.9799,3.6714,4.6513,Northwestern
244,Angelo Winkel,-0.1098,-0.1239,-0.2336,Eastern Wash.
245,Anias Futrell,-0.8379,3.6507,2.8128,Lindenwood
246,Annor Boateng,-0.389,-1.328,-1.717,Missouri
247,Anouar Mellouk,-3.6001,1.7818,-1.8183,Morehead State
248,Anquan Hill,-2.9986,1.9965,-1.0021,Sacred Heart
249,Anson Beard,-0.1423,-0.1832,-0.3255,Wake Forest
250,Ante Beljan,0.3495,-0.2387,0.1109,UIC
251,Anthon McDermott,0.2954,-0.2119,0.0835,Texas
252,Anthony Arrington,-1.0843,-4.1651,-5.2494,Mount St. Mary's
253,Anthony Benard,-3.8743,-1.4314,-5.3057,Canisius
254,Anthony Dell'Orso,0.6219,3.8267,4.4487,Arizona
255,Anthony Doppler,-1.0405,-1.278,-2.3185,North Dakota
256,Anthony Enoh,-1.6017,-1.1486,-2.7504,Georgia State
257,Anthony Finkley,-1.311,-1.0665,-2.3775,Saint Joseph's
258,Anthony Isaac,-4.3304,2.6592,-1.6712,Manhattan
259,Anthony Johnson,-0.1128,3.6827,3.5699,Arizona State
260,Anthony Martinez,-0.6253,-2.3948,-3.0201,Monmouth
261,Anthony Nimani,-2.182,2.1964,0.0144,Cornell
262,Anthony Peoples,0.0346,-0.358,-0.3234,UCLA
263,Anthony Rise,-0.1879,-0.5101,-0.698,Iowa State
264,Anthony Robinson,1.2189,-0.0411,1.1777,Xavier
265,Anthony Robinson,1.2189,-0.0411,1.1777,Missouri
266,Anthony Roy,-1.7628,7.1682,5.4054,Oklahoma State
267,Anthony Smith lll,-3.0598,2.0111,-1.0488,North Dakota
268,Anthony Wrzeszcz,-3.5887,0.2531,-3.3357,New Mexico State
269,Antoine Lorick,-2.5005,1.4421,-1.0584,Tennessee State
270,Anton Bonke,-0.838,5.008,4.17,Charlotte
271,Anton Strelnikov,-0.0271,0.8897,0.8626,Dartmouth
272,Antoni Siewruk,-0.3419,0.1871,-0.1547,New Hampshire
273,Antoni Vlogianitis,-0.4709,-0.8305,-1.3014,Marist
274,Antonio Chandler,-0.8916,2.9889,2.0973,Siena
275,Antonio Chol,-2.9921,4.3185,1.3264,New Mexico
276,Antonio Dorn,-0.4046,0.9484,0.5439,Virginia Tech
277,Antwan Burnett,0.828,-1.3466,-0.5186,Missouri State
278,Antwan Wilson,-3.5474,-1.8073,-5.3548,Rider
279,Antwann Jones,-0.1111,-1.233,-1.3442,UNC Greensboro
280,Antwaun Massey,-2.1629,-1.7388,-3.9017,Western Ill.
281,Antwone Woolfolk,1.054,2.8864,3.9404,Miami (OH)
282,Apostolos Roumoglou,1.6049,-0.022,1.5828,Richmond
283,ArDarius Grayson,-0.4628,0.9207,0.4579,Weber State
284,Aram Soqui Urbano,-1.5731,-0.8676,-2.4407,Fresno St.
285,Arden Conyers,-2.5376,2.6067,0.0691,Charlotte
286,Ari Fulton,-3.7533,1.9904,-1.7629,NJIT
287,Ari Gooch,1.8517,-0.3002,1.5515,UAB
288,Ariik Mawien,-0.183,0.1591,-0.0239,Northern Colo.
289,Arlan Masharaliyev,-0.0769,-0.0966,-0.1735,La Salle
290,Arlandus Keyes,-0.1998,2.529,2.3292,Mount St. Mary's
291,Arman Madi,-0.506,1.3612,0.8552,Sacramento St.
292,Armani Mighty,-0.8531,6.0936,5.2405,Mercer
293,Armelo Boone,-0.3776,1.7334,1.3558,Western Ky.
294,Armoni Zeigler,-1.8991,1.6673,-0.2318,Ball State
295,Arnas Sakenis,2.3926,2.3946,4.7872,SIUE
296,Arne Osojnik,-2.7304,0.1907,-2.5397,Northern Ariz.
297,Arop Arop,-0.3384,-0.808,-1.1465,Memphis
298,Arrinten Page,1.0715,3.6779,4.7495,Northwestern
299,Aryan Arora,-0.0097,0.4616,0.4519,Manhattan
300,Asa Thomas,-1.7777,3.5256,1.7479,Furman
301,Asher Woods,-2.4849,0.3376,-2.1473,Tulane
302,Ashley Sims,-3.9376,-0.71,-4.6475,Bryant
303,Ashton Hardaway,0.2202,0.2046,0.4248,Memphis
304,Ashton Simmons,-1.0152,-0.2682,-1.2834,TCU
305,Ashton Smith,-0.879,-0.5445,-1.4235,South Dakota
306,Ashton Walker,-0.0353,1.889,1.8537,La Salle
307,Ashton Williamson,0.8119,-0.8506,-0.0387,FIU
308,Asier Miguel Torrero,-0.9244,-0.1052,-1.0296,Manhattan
309,Asim Jones,-3.1188,0.5999,-2.519,Quinnipiac
310,Assane Diop,-1.6522,0.4328,-1.2194,San Diego
311,Assane Mandian,1.0663,-0.2958,0.7705,UNC Greensboro
312,Assane Mbaye,-0.2552,-0.3021,-0.5573,Seton Hall
313,Augustinas Kiudulas,0.3818,2.2119,2.5937,Colorado State
314,Augustine Ekwe,0.373,0.7613,1.1344,New Mexico State
315,Augusto Cassia,1.821,1.4974,3.3184,Ole Miss
316,Augustus Gerhart,-2.8314,0.808,-2.0234,Penn
317,Austin Cross,-0.9118,-1.342,-2.2538,Troy
318,Austin Goode,-3.2761,1.3492,-1.9269,Cal Poly
319,Austin Herro,3.5266,2.2379,5.7645,St. Thomas (MN)
320,Austin Hunt,-0.1827,0.7565,0.5738,Harvard
321,Austin Maurer,3.0029,1.5033,4.5062,Seattle U
322,Austin Montgomery,-0.3508,-0.1396,-0.4904,Georgetown
323,Austin Nunez,-3.998,-2.4436,-6.4416,UTSA
324,Austin Parks,-0.2245,2.395,2.1705,Toledo
325,Austin Rapp,0.8794,4.8377,5.7172,Wisconsin
326,Austin Swartz,-1.9474,3.7381,1.7907,Creighton
327,Austin Villarreal,0.3125,0.0062,0.3187,Milwaukee
328,Austin Williford,0.9296,1.8533,2.7829,Saint Joseph's
329,Avery Brown,-0.6307,-1.4829,-2.1136,Columbia
330,Avery Thomas,0.4886,2.0365,2.5251,Louisiana Tech
331,Avner Dror,-0.2365,-0.1999,-0.4365,Harvard
332,Aydan Clinton,-0.0627,0.0444,-0.0183,FIU
333,Ayden Carter,-1.9975,1.0762,-0.9213,Detroit Mercy
334,Ayden Davis,0.1241,-0.8674,-0.7433,Wright State
335,Ayden Evans,-0.2197,-0.1031,-0.3228,Ohio
336,Ayden Kelley,-0.9368,-0.4192,-1.356,Arkansas
337,Ayomide Bamisile,-2.6983,-3.0898,-5.7881,ULM
338,Ayouba Berthe,-2.1032,-2.5497,-4.6529,Georgia State
339,Ayuba Bryant,-0.2716,-0.9892,-1.2609,Temple
340,Azavier Robinson,1.6027,2.1476,3.7503,Butler
341,BJ Davis,2.6412,4.8641,7.5054,San Diego State
342,BJ Davis-Ray,-2.4381,0.2488,-2.1893,SMU
343,BJ Edwards,1.9853,6.1354,8.1207,SMU
344,BJ Fisher,0.0361,-0.7647,-0.7286,California
345,BJ Kolly,0.6667,-2.8393,-2.1726,UC Riverside
346,BJ Ward,-3.2262,1.9217,-1.3045,Southeast Mo. St.
347,Baba Miller,4.6235,6.1235,10.747,Cincinnati
348,Babacar Mbengue,-0.3422,-3.5719,-3.9141,Kansas City
349,Babatunde Durodola,-1.0073,0.6811,-0.3262,Temple
350,Baboucarr Njie,-1.0904,0.4794,-0.611,UTSA
351,Bahsil Laster,1.6376,0.7866,2.4242,UT Arlington
352,Bailey Nunn,-0.7807,1.6452,0.8645,Cal St. Fullerton
353,Bangot Dak,1.2035,4.3865,5.59,Colorado
354,Baraka Okojie,-3.1397,3.9601,0.8204,Mercer
355,Baron Smith,-0.2834,-3.3372,-3.6207,Oral Roberts
356,Barrett Loer,-0.51,-0.065,-0.575,Rhode Island
357,Barrington Hargress,-2.1109,7.0925,4.9816,Colorado
358,Barry Dunning,-1.5486,4.9793,3.4307,Pittsburgh
359,Barry Evans,-0.2789,2.1972,1.9184,VCU
360,Bashir N'Galang,-1.2812,-2.9049,-4.1861,Maine
361,Bastien Rieber,-0.599,-1.7197,-2.3187,Fresno St.
362,Bautista Giralt,-0.3373,-0.2082,-0.5456,UAlbany
363,Baye Fall,-0.3697,-0.8584,-1.2281,Rutgers
364,Baye Ndongo,0.2745,3.5651,3.8396,Georgia Tech
365,Belal El Shakery,-0.6722,-0.2403,-0.9124,New Hampshire
366,Ben Bradford,-3.1644,3.1304,-0.0339,Charlotte
367,Ben Brown,-1.2299,-2.3543,-3.5842,Dartmouth
368,Ben Egbo,-0.9684,-1.0646,-2.033,UC Irvine
369,Ben Eisendrath,-1.4209,-1.7499,-3.1708,Harvard
370,Ben Ezeagu,-0.5394,-2.703,-3.2424,Southern Ind.
371,Ben Gold,-1.4885,2.2601,0.7716,Marquette
372,Ben Hammond,1.2126,4.73,5.9426,Virginia Tech
373,Ben Humrichous,2.2543,6.103,8.3573,Illinois
374,Ben Johnson,-3.0473,3.8533,0.806,Vermont
375,Ben Michaels,-2.3325,-4.106,-6.4384,Vermont
376,Ben Nacey,-0.8447,-0.5021,-1.3468,Old Dominion
377,Ben Oosterbaan,0.1048,2.3791,2.4839,St. Thomas (MN)
378,Ben Roseborough,0.3823,0.5419,0.9241,San Jose State
379,Ben Schwieger,1.5453,3.9532,5.4985,UNI
380,Ben Vander Wal,-2.6031,2.8931,0.29,Furman
381,Ben Waller,-1.6734,-0.6595,-2.3328,UC Riverside
382,Ben Wesson,0.0727,-0.3482,-0.2755,Vermont
383,Ben Woodward,-0.2611,-0.6057,-0.8668,George Mason
384,Bencao Vungo,1.4303,-0.7158,0.7145,Jacksonville State
385,Bendji Pierre,-0.8472,-0.0123,-0.8595,Mercer
386,Benjamin Ahmed,-1.5993,1.7442,0.1449,Oklahoma State
387,Benjamin Winker,-1.2213,-0.2208,-1.4421,Cal St. Fullerton
388,Bennett Stirtz,1.3069,10.7273,12.0342,Iowa
389,Benny Gealer,-0.0093,5.3521,5.3428,Stanford
390,Bentley Waller,-2.2657,-1.4596,-3.7253,CSU Bakersfield
391,Berke Buyuktuncel,3.8803,1.6763,5.5567,Nebraska
392,Bhan Buom,-0.4276,0.4005,-0.0272,Boise State
393,Biggie Patterson,-0.694,1.0581,0.3641,Hofstra
394,Biko Johnson,-0.5298,2.0389,1.5091,Idaho
395,Billy Rayer,-0.9614,-0.1761,-1.1375,Saint Joseph's
396,Billy Richmond,1.6836,4.4408,6.1244,Arkansas
397,Billy Smith,-3.767,0.7451,-3.0219,Chattanooga
398,Bishop Boswell,2.2175,3.0323,5.2498,Tennessee
399,Blair Thompson,-3.1322,3.2691,0.1369,Columbia
400,Blaise Keita,0.7174,0.4052,1.1226,Western Ky.
401,Blaize Sagna,0.027,-0.749,-0.722,Southeast Mo. St.
402,Blake Barkley,-2.7822,3.9347,1.1525,ETSU
403,Blake Buchanan,1.3668,4.6671,6.0339,Iowa State
404,Blake Daberkow,-0.9472,0.9383,-0.0089,Idaho State
405,Blake Fagbemi,-0.7133,-0.1181,-0.8314,Illinois
406,Blake Harper,-0.2334,2.5937,2.3603,Creighton
407,Blake Muschalek,0.1897,-0.8674,-0.6776,Auburn
408,Blue Cain,-0.427,8.4255,7.9985,Georgia
409,Bobby Durkin,-0.608,3.8967,3.2887,Minnesota
410,Bobby Montgomery,-0.7664,-1.17,-1.9364,UTEP
411,Boden Kapke,-0.0147,0.9052,0.8905,Boston College
412,Boden Skunberg,-2.8978,2.0116,-0.8862,Illinois State
413,Bodey Howell,-0.6104,-1.0076,-1.618,Rice
414,Bol Agu,-1.6817,0.093,-1.5887,Saint Peter's
415,Bol Dengdit,-0.7338,2.2206,1.4868,UC San Diego
416,Boogie Fland,3.046,5.7086,8.7546,Florida
417,Boopie Miller,-0.5537,8.6257,8.072,SMU
418,Boston Harker,0.8315,-0.5215,0.31,Utah Tech
419,Bouna Kebe,1.5482,-1.8456,-0.2974,Delaware
420,Bourgeois Tshilobo,-0.4496,0.4427,-0.0069,Weber State
421,Bowen Hardman,-1.7854,1.5257,-0.2597,Akron
422,Bowyn Beatty,-0.5182,-1.0454,-1.5636,La Salle
423,Braden Appelhans,-0.8086,2.2786,1.47,Drake
424,Braden Frager,-0.1518,7.2382,7.0864,Nebraska
425,Braden Housley,-0.3248,-0.2855,-0.6103,Utah Valley
426,Braden Huff,1.2907,6.7663,8.0569,Gonzaga
427,Braden Pierce,-0.5748,-2.0452,-2.62,Villanova
428,Braden Smith,-0.247,10.195,9.948,Purdue
429,Braden Sparks,-1.8176,4.6387,2.8211,Fairfield
430,Bradey Henige,0.7589,0.2826,1.0416,California Baptist
431,Bradley Douglas,-3.9056,1.6055,-2.3001,James Madison
432,Brady Dunlap,-0.1229,5.2516,5.1287,Saint Louis
433,Brady Fitzgerald,0.1791,-0.2107,-0.0316,Green Bay
434,Brady Ganley,0.3797,0.9265,1.3062,Miami (OH)
435,Brady Kester,-0.4761,-0.5632,-1.0393,Liberty
436,Brady Koehler,0.149,0.9948,1.1438,Notre Dame
437,Brady Loughlin,-1.0277,0.261,-0.7667,Brown
438,Brady Shoulders,-1.3374,0.7113,-0.6262,Mercer
439,Brady Smith,-0.2049,-0.1781,-0.383,Weber State
440,Brady Stevens,-0.2829,-0.3512,-0.634,Notre Dame
441,Brady Swartz,-2.7315,1.7665,-0.965,Western Mich.
442,Bradyn Foster,-0.2634,0.0942,-0.1691,Penn
443,Bradyn Hubbard,0.0775,2.7621,2.8396,Abilene Christian
444,Braedan Lue,-0.0925,2.7039,2.6114,Kennesaw St.
445,Braeden Brenn,0.0175,-0.1625,-0.145,Marquette
446,Braeden Carlsen,0.373,0.5157,0.8887,Mercer
447,Braeden Carrington,-2.6454,7.5348,4.8894,Wisconsin
448,Braeden MacVicar,-1.0494,-1.9471,-2.9965,Coastal Carolina
449,Braeden Shrewsberry,-0.6972,5.5059,4.8088,Notre Dame
450,Braeden Smith,1.4099,3.2536,4.6635,Gonzaga
451,Braelon Green,-2.4397,0.0427,-2.397,Eastern Mich.
452,Brandin Cummings,-2.4389,2.9499,0.511,Pittsburgh
453,Brandon Baffone,-0.5331,0.2481,-0.285,Delaware
454,Brandon Benjamin,-3.3885,3.8819,0.4934,San Diego
455,Brandon Benjamin,-3.3885,3.8819,0.4934,Fairfield
456,Brandon Gardner,0.0233,-1.6586,-1.6353,Sacramento St.
457,Brandon Garrison,0.4305,1.7041,2.1345,Kentucky
458,Brandon Hall,-0.5635,-0.8398,-1.4033,Duquesne
459,Brandon Jennings,2.0235,3.8092,5.8327,VCU
460,Brandon Klatsky,0.2959,0.339,0.635,Georgia
461,Brandon Lee,-0.3384,-0.6911,-1.0295,Illinois
462,Brandon Legris,-0.0202,-0.3806,-0.4007,Merrimack
463,Brandon Lieb,0.0311,-2.0992,-2.068,Illinois State
464,Brandon Maclin,1.4216,3.5328,4.9544,DePaul
465,Brandon Mitchell-Day,0.2205,1.555,1.7755,Dartmouth
466,Brandon Muntu,-2.5151,1.2347,-1.2804,Tennessee Tech
467,Brandon Noel,-0.5542,1.5394,0.9852,Ohio State
468,Brandon Rechsteiner,-2.4595,6.2217,3.7622,Colorado State
469,Brandon Roy,-0.1913,0.2485,0.0571,Washington
470,Brandon Stores,-0.1697,-0.4303,-0.6,Georgia Tech
471,Brandon Taylor,-0.1843,-0.2829,-0.4672,Texas
472,Brandon Walker,-1.0887,0.162,-0.9266,Mississippi State
473,Brandon Williams,-2.1131,1.7432,-0.3699,UCLA
474,Branford Edmonds,0.9174,0.2634,1.1808,VMI
475,Brant Byers,-2.568,5.3661,2.7981,Miami (OH)
476,Braxton Bayless,-3.5952,-2.1968,-5.792,Little Rock
477,Braxton Jones,-0.6078,-1.5565,-2.1644,Southern Ind.
478,Braxton Stacker,1.5298,0.6541,2.1839,Southeast Mo. St.
479,Braxton Williams,-6.5575,4.2731,-2.2844,The Citadel
480,Brayden Barron,-0.7807,-0.0604,-0.8411,Portland State
481,Brayden Burries,3.6308,8.2664,11.8972,Arizona
482,Brayden Crump,0.1124,1.1235,1.2359,ETSU
483,Brayden Fagbemi,0.8605,0.6549,1.5155,UC Davis
484,Brayden Johnson,-0.1982,0.9122,0.7139,Southern Utah
485,Brayden Maldonado,0.3224,5.0597,5.3822,Seattle U
486,Brayden O'Connor,0.4906,-0.7359,-0.2454,George Mason
487,Brayden Shorter,-2.578,1.5379,-1.0401,Murray State
488,Brayden Young,-0.9912,-1.5034,-2.4946,Loyola Chicago
489,Braylan Ritvo,-0.4893,-1.0631,-1.5524,Quinnipiac
490,Braylen Bowman,0.187,0.0312,0.2182,UNC Greensboro
491,Braylen Nash,-0.2961,0.0978,-0.1983,Ohio State
492,Braylon Mullins,1.0182,4.0673,5.0854,UConn
493,Brendan Coyle,-2.1313,1.721,-0.4103,Siena
494,Brendan Hausen,-1.8058,2.1811,0.3754,Iowa
495,Brendan Johnson,-0.855,-1.3008,-2.1558,Merrimack
496,Brendan Martin,-2.2067,-0.0023,-2.209,Air Force
497,Brendan Oliver,-2.677,-2.8404,-5.5174,Canisius
498,Brendan Rigsbee,-2.8251,-0.4197,-3.2448,Wofford
499,Brendan Terry,-0.7052,0.8039,0.0986,Southeast Mo. St.
500,Brendan Yarusso,0.2812,0.3797,0.6609,Santa Clara
501,Brenden Moss,-0.6697,-0.424,-1.0937,Kent State
502,Brenen Lorient,2.3147,2.8348,5.1496,West Virginia
503,Brennan Peterson,-3.8115,1.5072,-2.3043,Northern Ariz.
504,Brennan Ramirez,-0.285,0.0639,-0.221,Boise State
505,Brennan Walton,-0.436,0.0164,-0.4197,Michigan State
506,Brennan Watkins,-4.3511,2.2128,-2.1383,Chattanooga
507,Brent Bland,-1.0771,3.2656,2.1885,Saint Peter's
508,Brent Moss,-2.4739,2.3373,-0.1366,UTSA
509,Brenton Knapper,-0.156,2.1833,2.0273,Santa Clara
510,Brett Decker,-4.3189,8.1476,3.8287,Liberty
511,Brett Rumpel,-1.0965,-0.9357,-2.0322,Manhattan
512,Brett White,-1.7341,4.7994,3.0653,Oakland
513,Brewer Carruth,-1.7312,-2.7745,-4.5056,Southern Miss.
514,Brian Amuneke,0.1673,-1.4052,-1.2379,Wichita State
515,Brian Griffith,-3.7245,-0.2447,-3.9691,Niagara
516,Brian Hawthorne,-1.6524,-1.4564,-3.1087,South Alabama
517,Brian Moore,-2.1078,2.8633,0.7555,Grand Canyon
518,Brian Sumpter,-2.8596,0.6669,-2.1927,Wofford
519,Brian Taylor,-2.7319,3.6097,0.8778,ETSU
520,Brigham Rogers,1.8515,2.9709,4.8224,Belmont
521,Brit Burden,-0.2973,-0.152,-0.4493,Southern California
522,Brit Harris,-1.161,1.0418,-0.1191,FIU
523,Britton Berrett,-1.3682,2.7354,1.3671,Utah Tech
524,Broc Bidwell,-0.9696,-0.1806,-1.1503,Campbell
525,Brock Felder,-0.5233,0.3841,-0.1393,Seattle U
526,Brock Harding,1.9843,1.7796,3.7639,TCU
527,Brock Matheny,-0.2408,0.6591,0.4184,Davidson
528,Brock Scholl,-2.395,-1.8125,-4.2075,Omaha
529,Brock Vice,-0.3102,1.2265,0.9163,Murray State
530,Brock Wisne,-0.4923,5.4787,4.9864,Northern Colo.
531,Brody Robinson,-3.8227,6.5623,2.7397,Oakland
532,Brody Rowbury,-1.2769,1.1396,-0.1373,Idaho
533,Brody Whitaker,0.2742,3.2892,3.5634,Valparaiso
534,Broek Ostrom,-0.059,-0.3024,-0.3615,St. Bonaventure
535,Brooklyn Hicks,-1.1268,2.0832,0.9563,Montana
536,Brooklyn Vick,-0.9172,-2.7971,-3.7142,N.C. A&T
537,Bruce Thornton,1.8127,12.1437,13.9564,Ohio State
538,Bruno Alocen,-0.5257,0.9508,0.4251,Indiana State
539,Bryan Etumnu,0.3719,0.1463,0.5181,Wright State
540,Bryan Ndjonga,-4.1301,0.1737,-3.9565,Canisius
541,Bryant Selebangue,0.1927,1.8724,2.065,Western Ky.
542,Bryce Baker,-0.4468,-1.4194,-1.8661,Col. of Charleston
543,Bryce Cofield,-0.202,1.1432,0.9412,Cal St. Fullerton
544,Bryce Darbyshire,1.3377,-1.785,-0.4473,Northern Ky.
545,Bryce Dortch,1.9859,0.456,2.4419,Rutgers
546,Bryce Eaton,-2.9996,2.0986,-0.901,Saint Peter's
547,Bryce Ford,-1.2613,2.8228,1.5615,Arizona State
548,Bryce Heard,-2.4066,2.5923,0.1857,Dayton
549,Bryce Hopkins,1.4065,7.0449,8.4513,St. John's (NY)
550,Bryce Lindsay,-1.4915,4.9727,3.4812,Villanova
551,Bryce Quinet,-1.6774,0.0691,-1.6083,Evansville
552,Bryce Slay,-0.4309,-0.441,-0.8719,Marshall
553,Bryce Zephir,0.8991,-1.5915,-0.6924,Syracuse
554,Brycen Long,-0.4414,-0.1404,-0.5818,Portland State
555,Bryson Cokley,-3.0115,1.3414,-1.6701,Elon
556,Bryson Dawkins,-1.0217,2.3507,1.329,Youngstown State
557,Bryson McGlothin,-0.4028,-0.2797,-0.6824,Richmond
558,Bryson Ogletree,-1.4623,0.0215,-1.4409,N.C. A&T
559,Bryson Spell,-2.489,-2.5317,-5.0207,Elon
560,Bryson Tiller,2.0713,1.7109,3.7823,Kansas
561,Bryson Tucker,-0.7875,1.8781,1.0906,Washington
562,Bryson Wilson,-4.7675,-2.0637,-6.8312,Binghamton
563,Bubu Benjamin,0.318,2.9805,3.2984,George Washington
564,Bubz Alvarez,-2.0901,0.1454,-1.9447,South Dakota State
565,Buddy Hammer,0.8408,-0.1615,0.6794,North Texas
566,Bukky Oboye,0.3639,1.6911,2.055,Santa Clara
567,CJ Anthony,-0.9782,3.4222,2.444,Iona
568,CJ Beaumont,-0.5312,0.8123,0.2811,Sam Houston
569,CJ Brown,0.014,3.1664,3.1805,South Fla.
570,CJ Cox,1.3613,7.9411,9.3024,Purdue
571,CJ Evans,-3.0053,1.2834,-1.7219,Kansas City
572,CJ Gunn,-0.4069,2.406,1.9991,DePaul
573,CJ Hall,0.092,-2.3975,-2.3055,SIUE
574,CJ Happy,-2.5312,-1.5082,-4.0393,Princeton
575,CJ Hardy,-3.0456,2.3368,-0.7089,CSU Bakersfield
576,CJ Hyland,-1.6644,-0.8001,-2.4645,Western Caro.
577,CJ Ingram,-0.9006,0.4827,-0.4179,Florida
578,CJ Jones,-1.7573,1.8118,0.0545,Kansas State
579,CJ McPherson,-2.343,0.5015,-1.8415,Tennessee Tech
580,CJ O'Hara,-1.3452,2.8962,1.551,Green Bay
581,CJ Parker,0.1823,-0.1054,0.0769,Old Dominion
582,CJ Shaw,-2.2929,4.0262,1.7333,UC Santa Barbara
583,CJ Smith,-1.2304,-1.3459,-2.5764,UTEP
584,CJ Williams,-1.1342,-0.4558,-1.59,Auburn
585,Cade Bennett,-0.234,0.333,0.0991,Saint Mary's (CA)
586,Cade Haskins,-1.2034,-0.3192,-1.5227,William & Mary
587,Cade Hornecker,-1.2923,0.0491,-1.2432,Abilene Christian
588,Cade Kelderman,-0.5046,0.8665,0.3619,Iowa State
589,Cade Lomas,-0.2191,-0.1511,-0.3703,Ga. Southern
590,Cade Norris,-1.6505,1.8271,0.1766,Samford
591,Cade Orness,-0.2294,-0.5787,-0.8081,Gonzaga
592,Cade Pendleton,-0.9954,0.0249,-0.9705,UC San Diego
593,Cade Phillips,1.4645,-0.3346,1.1299,Tennessee
594,Cade Stinnett,-0.5918,0.5085,-0.0833,Western Ky.
595,Cade Tyson,-1.3892,7.7541,6.3649,Minnesota
596,Caden Diggs,-0.7276,1.5117,0.7841,UMBC
597,Caden Hawkins,-0.6677,-0.2037,-0.8714,Southern Ill.
598,Caden Huttenlocker,-0.6473,-0.2429,-0.8902,Indiana State
599,Caden Powell,1.6203,4.516,6.1363,Baylor
600,Caden Wilkins,-1.3506,1.166,-0.1846,Green Bay
601,Caedin Hamilton,1.2153,-1.0865,0.1287,Marquette
602,Caelum Swanton-Rodger,-0.4651,-0.5515,-1.0166,Old Dominion
603,Cahmai Crosby,-0.9047,-1.5791,-2.4838,North Texas
604,Cal Conroy,-0.2108,-0.6501,-0.8609,Tulsa
605,Cal Furnish,-0.1685,-0.9351,-1.1037,Oral Roberts
606,Cal Liston,-4.832,-1.9842,-6.8162,VMI
607,Cale Barclay,-2.2811,-1.8146,-4.0957,Southern Utah
608,Cale Jacobsen,3.1184,0.6947,3.8131,Nebraska
609,Caleb Blackwell,-0.3918,1.3542,0.9624,UTEP
610,Caleb Crawford,-1.0632,-2.6929,-3.7561,Maine
611,Caleb Delzell,-0.3375,-0.7854,-1.123,South Dakota State
612,Caleb Embeya,-0.4822,-0.9718,-1.454,Towson
613,Caleb Foster,0.8485,4.8242,5.6727,Duke
614,Caleb Harrison,0.4059,1.1564,1.5623,Samford
615,Caleb Hollenbeck,-2.8839,2.4711,-0.4128,Marshall
616,Caleb Kizer,-0.4902,0.0652,-0.425,South Dakota
617,Caleb McCarty,-0.6935,-0.5013,-1.1948,CSU Bakersfield
618,Caleb Middleton,-1.8135,1.9599,0.1464,Elon
619,Caleb Pennyfeather,-3.8717,-0.8477,-4.7195,Little Rock
620,Caleb Reese,-1.5031,-2.936,-4.4392,Loyola Chicago
621,Caleb Sanders,-0.8152,1.2173,0.4021,South Fla.
622,Caleb Schoenrock,-0.096,0.2984,0.2023,North Dakota State
623,Caleb Shaw,1.5557,1.4417,2.9973,Grand Canyon
624,Caleb Smith,-2.9082,-0.8855,-3.7938,Rider
625,Caleb Steger,0.3665,-1.8247,-1.4583,Boston College
626,Caleb Van De Griend,-1.5917,4.0251,2.4334,Idaho State
627,Caleb Versher,-0.3051,-0.4351,-0.7403,San Diego
628,Caleb Walker,-2.284,0.6983,-1.5857,Air Force
629,Caleb Williams,-4.6204,4.6621,0.0418,Georgetown
630,Caleb Wilson,2.0721,7.9998,10.0719,North Carolina
631,Callum Richard,0.1816,-0.0063,0.1753,Wofford
632,Calum Rutherfurd,-0.6035,-0.1111,-0.7146,Montana State
633,Calvin Russell,-0.1567,-0.0658,-0.2225,Syracuse
634,Cam Campbell,-0.1583,-0.3196,-0.4778,ULM
635,Cam Carroll,-1.9196,0.7995,-1.12,Rice
636,Cam Denson,-0.029,-5.1156,-5.1447,Ball State
637,Cam Estevez,-2.966,-0.9113,-3.8773,Fairfield
638,Cam Gregory,-2.2219,1.4224,-0.7995,Campbell
639,Cam Haffner,-2.132,0.9305,-1.2015,Western Ky.
640,Cam Hutson,-0.3314,-1.1127,-1.4441,Saint Louis
641,Cam Lawin,-0.4628,0.016,-0.4468,San Diego State
642,Cam Manyawu,3.6119,3.5842,7.1961,Iowa
643,Cam McDowell,0.0289,2.7997,2.8286,Tarleton State
644,Cam Miles,-2.127,-0.3405,-2.4675,Florida State
645,Cam Morris,0.6645,4.0897,4.7542,ETSU
646,Cam Polak,-2.1307,0.052,-2.0787,Youngstown State
647,Cam Thomas,-0.8028,-0.4147,-1.2175,Tarleton State
648,Cam Thrower,-0.0395,1.5904,1.5509,Penn
649,Cam Wallace,-1.3968,-0.0667,-1.4635,Temple
650,Cam Wilds,0.5234,0.5006,1.0239,Robert Morris
651,Camden Heide,-1.1203,3.6533,2.533,Texas
652,Camden Karel,-0.4465,-0.6783,-1.1248,Bowling Green
653,Camden Webster,-0.2813,-0.087,-0.3683,Valparaiso
654,Cameron Barnes,0.3617,0.6312,0.9929,Illinois State
655,Cameron Boone,-1.0046,-2.3487,-3.3533,Missouri State
656,Cameron Boozer,4.2933,14.7545,19.0478,Duke
657,Cameron Carr,1.1123,10.8631,11.9754,Baylor
658,Cameron Corhen,-0.7582,3.8601,3.1018,Pittsburgh
659,Cameron Crawford,-1.5217,0.8751,-0.6466,Duquesne
660,Cameron Faas,0.7734,0.913,1.6864,Fresno St.
661,Cameron Fens,-1.4069,3.3101,1.9032,South Dakota
662,Cameron Grant,-0.2793,0.1421,-0.1372,Stanford
663,Cameron Hiatt,-0.3977,0.72,0.3223,Dartmouth
664,Cameron Jackson,0.2159,-0.3745,-0.1586,UT Arlington
665,Cameron McNamee,-1.5402,0.2238,-1.3164,Dartmouth
666,Cameron O'Kelley,0.7697,1.8696,2.6393,App State
667,Cameron Piggee,-1.6301,0.4819,-1.1482,NJIT
668,Cameron Sheffield,-0.3139,0.1405,-0.1734,Duke
669,Cameron Simpson,-0.3584,0.2449,-0.1136,Texas State
670,Cameron Wallace,-2.9054,3.2322,0.3267,Little Rock
671,Cameron Ward,1.2578,3.2301,4.4879,Michigan State
672,Cameron Williams,-2.999,1.1389,-1.8601,Portland
673,Camp Wagner,-2.534,1.6857,-0.8483,Indiana State
674,Campbell Duncan,0.059,-0.2261,-0.1671,Tennessee
675,Cannon Richards,-0.146,-0.2425,-0.3885,Wofford
676,Cardell Bailey,-2.5584,1.1684,-1.39,Southern Ind.
677,Carey Booth,-1.6126,6.3264,4.7138,Colorado State
678,Carl Daughtery,-0.5927,2.5336,1.9408,UC Davis
679,Carlos Coronado,-2.7722,-0.4546,-3.2268,NIU
680,Carlos Harris,-0.3574,0.3475,-0.0099,UIC
681,Carlos Hart,0.4114,1.4341,1.8454,Eastern Mich.
682,Carlous Williams,-1.537,-0.0864,-1.6234,Tennessee State
683,Carlsheon Young,-0.341,-0.1885,-0.5295,Pacific
684,Carmelo Pacheco,-0.9789,4.1371,3.1582,UCF
685,Carson Cooper,2.7609,3.2034,5.9643,Michigan State
686,Carson Johnson,-5.3996,7.8108,2.4112,Denver
687,Carson Smith,-1.1114,-1.3487,-2.4601,North Dakota State
688,Carson Towt,-0.6161,2.3342,1.7182,Notre Dame
689,Carson Vis,-2.6028,1.6069,-0.9959,Western Mich.
690,Carter Bjerke,0.3283,4.9241,5.2524,St. Thomas (MN)
691,Carter Hopoi,0.135,1.7255,1.8605,Valparaiso
692,Carter Kingsbury,-4.4952,-0.5755,-5.0707,The Citadel
693,Carter Lang,-0.6094,-0.1183,-0.7277,Virginia
694,Carter Welling,1.4852,2.6116,4.0968,Clemson
695,Casey O'Malley,0.0102,-0.1667,-0.1565,Marquette
696,Casey Simmons,0.4271,3.1083,3.5353,Yale
697,Cash McSweeney,-0.3531,-0.729,-1.0821,Princeton
698,Casmir Chavis,0.3541,0.4725,0.8266,UT Arlington
699,Casper Pohto,-0.1072,-0.1453,-0.2525,St. John's (NY)
700,Cassius Bonjasky,-2.5459,-0.1792,-2.7251,The Citadel
701,Cassius Brooks,-1.8991,-2.5082,-4.4073,UTEP
702,Cavan Reilly,-0.7969,-0.9858,-1.7828,Delaware
703,Cavin Holden,0.8509,-0.134,0.7169,Montana State
704,Cayden Boozer,1.4038,5.1001,6.5039,Duke
705,Cayden Charles,-1.6434,4.7323,3.0889,St. Bonaventure
706,Cayden Gehlhausen,-0.2516,-0.5282,-0.7798,Southern Ind.
707,Cayden Vasko,-2.6285,3.6583,1.0298,Wofford
708,Cayden Ward,-4.758,2.5476,-2.2105,Cal Poly
709,Cbo Newton,-2.0541,3.0103,0.9562,Abilene Christian
710,Cedric Lath,0.8157,0.1504,0.9661,Houston
711,Chace Watley,-3.981,-1.5031,-5.4841,Wofford
712,Chad Baker-Mazara,1.2013,7.2664,8.4677,Southern California
713,Chad Moodie,-0.849,-3.1874,-4.0364,App State
714,Chadlyn Traylor,-0.5624,-0.2077,-0.7701,Col. of Charleston
715,Chance Mallory,1.9821,6.6534,8.6355,Virginia
716,Chance Moore,-0.6995,4.5083,3.8088,West Virginia
717,Chance Puryear,-1.2275,-0.2749,-1.5023,SMU
718,Chance Trujillo,-2.7856,2.7981,0.0125,Utah Tech
719,Chance Westry,0.1074,6.8742,6.9816,UAB
720,Chancellor White,-0.7995,-0.0474,-0.8469,Northern Colo.
721,Chandler Bing,-1.8686,2.7609,0.8924,Vanderbilt
722,Chandler Cuthrell,-1.9908,4.777,2.7862,Elon
723,Chandler Jackson,-1.374,5.9057,4.5317,Milwaukee
724,Chandler Jackson,-1.374,5.9057,4.5317,Arkansas State
725,Chandler Pigge,-0.0136,2.3708,2.3572,Harvard
726,Chane Bynum,-0.7008,0.1915,-0.5093,UNC Greensboro
727,Chansey Willis,1.5686,-2.1413,-0.5727,Minnesota
728,Charles Bediako,-0.3694,1.5234,1.1541,Alabama
729,Charles Chukwu,0.486,-1.1522,-0.6663,Portland State
730,Charles Dunlap,-0.0531,-0.2549,-0.308,Coastal Carolina
731,Charles Johnston,1.8027,3.5807,5.3834,Furman
732,Charles Outlaw,-0.4033,-1.0006,-1.4039,Massachusetts
733,Charles Stone,-0.7379,-0.6654,-1.4033,Kennesaw St.
734,Charlie Dortch,-0.4898,0.5911,0.1013,Colorado State
735,Charlie May,-0.3294,-0.1136,-0.4431,Michigan
736,Charlie OSullivan,-1.2858,1.351,0.0653,Brown
737,Chas Kelley,-1.8563,1.2642,-0.5921,Georgia Tech
738,Chase Cormier,-1.0371,-2.008,-3.0451,Iona
739,Chase Courbat,1.3381,-0.2072,1.131,UNI
740,Chase Dawson,-4.2423,0.0092,-4.2331,Morehead State
741,Chase Forte,0.2321,0.6832,0.9153,Boston College
742,Chase Henderson,-1.0207,-1.4196,-2.4403,Montana
743,Chase Lowe,-0.1773,4.8267,4.6494,William & Mary
744,Chase Martin,-0.7573,-1.3563,-2.1136,Oral Roberts
745,Chase McCarty,2.2178,2.5482,4.766,Houston
746,Chase McKey,0.1093,-0.3596,-0.2504,Western Caro.
747,Chase Rawlins,-0.5911,0.2546,-0.3365,UC Davis
748,Chase Ross,1.044,2.1538,3.1977,Marquette
749,Chase Thompson,1.6172,1.5443,3.1615,Clemson
750,Chase Walker,2.705,5.2704,7.9754,Illinois State
751,Chase Williams,-0.4262,-0.623,-1.0493,The Citadel
752,Chauncey Wiggins,-0.9049,4.8777,3.9728,Florida State
753,Chaze Harris,-0.231,4.9463,4.7153,South Alabama
754,Cheikh Ndiaye,-0.0247,0.0845,0.0598,Sam Houston
755,Cheikh Sow,0.3047,0.2397,0.5444,Idaho State
756,Chendall Weaver,-1.4222,6.149,4.7268,Texas
757,Chevalier Emery,-7.4305,3.6533,-3.7773,Cleveland State
758,Chiante Tramble,-0.6494,-0.3751,-1.0245,Southern Miss.
759,Chike Ndefo,0.9159,-1.1822,-0.2663,Towson
760,Chisom Okpara,-0.5912,1.6992,1.108,Stanford
761,Chol Machot,0.3586,1.4431,1.8017,Col. of Charleston
762,Chris Bell,-1.2832,4.856,3.5728,California
763,Chris Catchings,0.0763,-0.1562,-0.0799,Air Force
764,Chris Cenac,3.0174,5.3873,8.4047,Houston
765,Chris Davis,-1.0668,2.6039,1.5372,Col. of Charleston
766,Chris Dockery,-3.9815,0.7275,-3.2539,Kansas City
767,Chris Fields,0.5642,1.1884,1.7526,Campbell
768,Chris Hodges,1.1524,0.1241,1.2765,Montana State
769,Chris Howell,1.1017,0.5632,1.665,New Mexico
770,Chris Johnson,-0.6478,4.0758,3.4281,UCF
771,Chris Komin,-2.7359,2.5769,-0.1591,Northern Ariz.
772,Chris Kumu,-1.5768,-0.5467,-2.1235,Canisius
773,Chris Loofe,-0.0494,-1.1901,-1.2395,Middle Tenn.
774,Chris Lotito,-0.2963,-0.1107,-0.407,Penn State
775,Chris McDermott,-1.0199,0.8154,-0.2045,Texas A&M
776,Chris Morgan,-1.5872,-2.9945,-4.5817,Purdue Fort Wayne
777,Chris Mpaka,-2.1543,-0.2438,-2.398,Tarleton State
778,Chris Riddle,-0.2979,0.0806,-0.2173,Toledo
779,Chris Terrell,-0.4122,0.6785,0.2663,New Mexico State
780,Chris Torres,-0.5832,-0.4645,-1.0476,Siena
781,Christ Essandoko,0.6723,-1.3327,-0.6604,South Carolina
782,Christian Alston,-1.6453,-3.2092,-4.8544,Abilene Christian
783,Christian Anderson,-0.1813,9.5492,9.368,Texas Tech
784,Christian Beam,-0.3993,-3.1732,-3.5724,Georgia State
785,Christian Bliss,-2.4988,3.5812,1.0824,Delaware
786,Christian Brown,-0.5542,-2.1882,-2.7425,James Madison
787,Christian Coleman,-0.5615,5.1395,4.578,Oklahoma State
788,Christian Dedivanaj,0.3133,0.2833,0.5967,Bowling Green
789,Christian Fermin,-0.1596,-0.3625,-0.522,VCU
790,Christian Gurdak,2.2546,1.8402,4.0948,Virginia Tech
791,Christian Hammond,-0.3746,4.955,4.5803,Santa Clara
792,Christian Harmon,-1.3071,5.5049,4.1978,Arkansas State
793,Christian Henry,-0.0803,1.008,0.9277,Fordham
794,Christian Horry,-0.1712,-0.4384,-0.6096,UCLA
795,Christian Hughes,-1.6766,-1.5523,-3.2289,Little Rock
796,Christian Jeffrey,1.4968,1.7891,3.2858,Villanova
797,Christian Jones,-2.7276,-0.4527,-3.1803,George Washington
798,Christian Jones,-2.7276,-0.4527,-3.1803,Long Beach State
799,Christian Jones,-2.7276,-0.4527,-3.1803,Siena
800,Christian King,-2.2803,2.0446,-0.2357,Montana State
801,Christian Landry,-0.245,-0.019,-0.264,Louisiana
802,Christian May,-2.7041,1.2692,-1.4349,UNCW
803,Christian Moore,-4.6966,3.5153,-1.1812,The Citadel
804,Christian Reeves,-0.3294,4.1421,3.8127,Col. of Charleston
805,Christian Richardson,0.9601,1.4585,2.4186,Omaha
806,Christian Villegas,-0.0717,0.0429,-0.0288,New Mexico State
807,Christian Watson,-2.8279,-0.0677,-2.8956,Hampton
808,Christian Williams,-0.7269,1.0559,0.329,Cal St. Fullerton
809,Christoph Tilly,1.151,4.6788,5.8298,Ohio State
810,Christopher Baudreau,-0.2873,-0.5605,-0.8478,Nevada
811,Christopher Cox,-0.3093,0.084,-0.2253,UC San Diego
812,Christopher Jones,-0.9288,-1.4196,-2.3484,Georgia State
813,Christopher Nwuli,-0.0682,-0.2969,-0.3651,Rutgers
814,Christopher Skenderi,-0.2243,0.0093,-0.2149,Quinnipiac
815,Chuck Bailey,-0.5485,2.3288,1.7804,Nevada
816,Chuck Love,-2.9018,1.4284,-1.4734,Loyola Chicago
817,Chudi Dioramma,-0.9882,0.2331,-0.7551,Arkansas State
818,Chuks Isitua,-0.6273,-0.4905,-1.1178,Southern Utah
819,Cian Medley,-2.0074,2.8216,0.8143,Kent State
820,Clarence Massamba,0.1371,-0.3081,-0.171,Tennessee
821,Clayton Jackson,-0.3416,-1.1153,-1.4569,Lindenwood
822,Clayton Parker,-2.5949,-1.7527,-4.3476,Morehead State
823,Cliff Davis,-2.0632,6.3822,4.319,James Madison
824,Clinton Efinda,-3.4594,1.5798,-1.8796,UNC Greensboro
825,Clyde Bailey,0.6864,0.8472,1.5336,UNC Greensboro
826,Cobi Campbell,-2.1683,1.5744,-0.5939,Troy
827,Coen Carr,0.4689,5.1534,5.6223,Michigan State
828,Colby Duggan,-2.0675,1.3141,-0.7534,Col. of Charleston
829,Colby Garland,-1.6239,7.0483,5.4244,San Jose State
830,Cole Andrews-Heitz,0.0555,0.0213,0.0769,Rice
831,Cole Bott,0.2204,-0.3928,-0.1724,Texas
832,Cole Bowser,-1.0422,0.4371,-0.6051,Furman
833,Cole Certa,-2.551,6.5421,3.991,Notre Dame
834,Cole Farrell,-2.7146,-1.4689,-4.1835,Long Beach State
835,Cole Franklin,-0.1291,-0.153,-0.2821,North Texas
836,Cole Hargrove,-0.05,-0.9133,-0.9633,Providence
837,Cole Kirouac,0.4254,-0.3386,0.0869,Georgia Tech
838,Cole McCabe,-2.296,-3.8276,-6.1236,Rider
839,Cole Pepe,-0.5395,-0.3465,-0.886,Grand Canyon
840,Cole Scherer,-1.2636,0.1596,-1.104,Eastern Wash.
841,Cole Sherman,-0.2016,0.2245,0.0229,Louisville
842,Coleson Messer,0.0784,-0.2588,-0.1805,Vanderbilt
843,Colin Ayers,-0.6904,0.0113,-0.6791,Tennessee Tech
844,Colin Ndaw,-0.0429,-0.1911,-0.2339,William & Mary
845,Colin Porter,-1.506,2.5704,1.0644,Liberty
846,Colin Smith,-0.6782,3.8702,3.192,UC Santa Barbara
847,Colin Walton,-0.4464,0.2803,-0.1661,Michigan State
848,Colin White,-0.0249,0.0681,0.0432,Ohio State
849,Collin Chandler,-0.6265,5.5476,4.9211,Kentucky
850,Collin Metcalf,1.0198,-0.8627,0.1572,Maryland
851,Collin Mulholland,-2.8749,-0.6432,-3.518,Chattanooga
852,Collin O'Connor,0.5282,0.6712,1.1995,Stony Brook
853,Collin O'Neal,-1.589,-0.9347,-2.5237,Furman
854,Collin Tanner,-2.9303,1.7038,-1.2265,Richmond
855,Collins Onyejiaka,-0.3664,-0.6618,-1.0282,Alabama
856,Colt Langdon,-0.7796,-0.7006,-1.4803,NC State
857,Colt Ness,0.062,-0.9194,-0.8574,Portland State
858,Comeh Emuobor,-4.067,0.3178,-3.7491,New Hampshire
859,Conner Groce,0.0323,-0.5772,-0.5449,Akron
860,Connor Amundsen,-4.2851,1.3838,-2.9012,Dartmouth
861,Connor Dick,0.2835,-2.6258,-2.3423,Montana
862,Connor Dow,-3.4231,3.6282,0.205,Oral Roberts
863,Connor Essegian,-0.3517,-0.104,-0.4557,Nebraska
864,Connor Gal,-0.4065,0.0307,-0.3758,Temple
865,Connor Hickman,-2.4445,0.5882,-1.8563,Col. of Charleston
866,Connor Hollenbeck,-4.3643,3.0198,-1.3445,Idaho State
867,Connor Horan,-0.3591,-0.4086,-0.7677,Iona
868,Connor Igoe,0.118,3.5643,3.6823,Columbia
869,Connor Loy,1.3142,-0.5703,0.7439,Jacksonville State
870,Connor Martin,-0.2693,-0.2935,-0.5628,Coastal Carolina
871,Connor Serven,0.3189,1.3907,1.7096,Mercer
872,Connor Sevilla,-4.2163,2.8067,-1.4096,UC Davis
873,Connor Turnbull,1.2963,0.4613,1.7576,Evansville
874,Conor Enright,0.1274,2.9282,3.0555,Indiana
875,Cooper Bean,-0.6177,-0.5508,-1.1685,Indiana State
876,Cooper Bowser,-0.9682,3.6488,2.6806,Furman
877,Cooper Campbell,-1.5622,5.7774,4.2152,Troy
878,Cooper Haynes,-0.3598,-0.457,-0.8168,Belmont
879,Cooper Jones,0.2502,0.0163,0.2664,Old Dominion
880,Cooper Josefsberg,-0.2551,0.0653,-0.1897,Florida
881,Cooper Koch,-0.0356,5.0425,5.0069,Iowa
882,Cooper Mueller,-0.0238,0.0816,0.0578,Princeton
883,Cooper Nadler,-0.2814,-0.5651,-0.8465,Siena
884,Cooper Noard,-6.2019,6.5399,0.338,Cornell
885,Cooper Schwieger,-0.8017,2.6046,1.8029,Wake Forest
886,Cooper Smith,-1.804,-1.3635,-3.1675,LMU (CA)
887,Cooper Smith,-1.804,-1.3635,-3.1675,Eastern Mich.
888,Corbin Green,-0.5044,-0.4032,-0.9076,Troy
889,Corbin Zentner,-2.4619,1.7852,-0.6767,Cornell
890,Cord Stansberry,-2.5854,2.4661,-0.1193,Western Caro.
891,Corentin Efono,-1.0449,-2.0263,-3.0712,SIUE
892,Corey Boston,-0.7897,0.0828,-0.7069,IU Indy
893,Corey Brown,-0.6043,-0.609,-1.2134,Samford
894,Corey Camper,-0.0631,7.9782,7.9151,Nevada
895,Corey Caulker,-2.9336,0.4352,-2.4984,East Carolina
896,Corey Chest,2.7578,1.3124,4.0702,Ole Miss
897,Corey Floyd,-2.143,4.1847,2.0417,Providence
898,Corey Hadnot,-0.5905,5.7819,5.1913,Purdue Fort Wayne
899,Corey Miller,-0.0169,-0.6426,-0.6595,Monmouth
900,Corey Stephenson,-1.4469,7.2497,5.8028,FIU
901,Corey Thomas,1.4483,2.1161,3.5644,Bradley
902,Corey Washington,-1.1505,6.0758,4.9253,SMU
903,Corleone Dandridge,-0.3214,0.1627,-0.1588,Denver
904,Cornelius Robinson,-2.8484,-0.4712,-3.3196,Monmouth
905,Cougar Downing,-1.9833,0.1565,-1.8268,UMBC
906,Courtland Muldrew,-0.0247,0.9487,0.924,Washington
907,Courtney Anderson,0.106,2.6713,2.7773,Montana
908,Courtney Wallace,-0.5209,1.3965,0.8756,Yale
909,Cris Carroll,-0.8682,4.1119,3.2437,Youngstown State
910,Cruz Davis,-1.9684,5.8517,3.8833,Hofstra
911,Curt Lewis,-1.2899,1.4841,0.1942,Southern Miss.
912,Curtis Givens,-3.2618,2.3776,-0.8842,Memphis
913,Curtis Stinson,0.6152,-2.2551,-1.6399,North Texas
914,Curtis Williams,-4.21,2.6088,-1.6011,Tulane
915,Cyr Malonga,0.9465,-1.1322,-0.1857,New Mexico State
916,Cyril Arvanitis,0.4601,0.0523,0.5124,Robert Morris
917,Cyril Franklin,-0.788,-0.5642,-1.3522,UC Davis
918,D'Andre Harrison,0.8435,-1.096,-0.2525,Kansas City
919,DJ Armstrong,0.0662,3.3905,3.4566,UMBC
920,DJ Dormu,-2.3597,-2.6417,-5.0014,Tarleton State
921,DJ Dudley,-2.1107,3.0821,0.9714,Louisiana Tech
922,DJ Hall,-1.7478,6.2872,4.5394,Texas State
923,DJ Nix,-3.3362,0.3803,-2.9559,Cornell
924,DJ Smith,-1.5958,4.9913,3.3954,Campbell
925,DJ Stickman,1.3345,0.3895,1.724,Fresno St.
926,DJ Thomas,-1.5115,2.6133,1.1019,West Virginia
927,DJ Wagner,-0.8384,3.97,3.1316,Arkansas
928,DaJohn Craig,-1.5595,1.51,-0.0495,Coastal Carolina
929,DaMaryon Fishburn,-2.3627,1.4215,-0.9412,Cornell
930,Daemar Kelly,-4.5938,-2.7298,-7.3237,NIU
931,Dai Dai Ames,-0.7561,4.196,3.4399,California
932,Dailin Smith,-4.8931,2.0456,-2.8475,CSU Bakersfield
933,Dailyn Swain,1.4259,8.3462,9.7721,Texas
934,Daimion Collins,0.7944,1.4058,2.2002,South Fla.
935,Dalen Davis,-2.4036,1.0263,-1.3773,Princeton
936,Dallas Hobbs,-1.3814,-1.9923,-3.3737,Rice
937,Dallas Thomas,-0.0661,2.5994,2.5333,Clemson
938,Dallas Washington,-2.4931,-3.7572,-6.2503,Long Beach State
939,Dallin Grant,-0.8122,0.6205,-0.1917,Utah Tech
940,Dallin Hall,2.3469,4.598,6.945,Virginia
941,Dalton Scantlebury,0.9837,1.09,2.0736,Penn
942,Dalyn Brandon,-0.1566,-1.0975,-1.2541,Southern Miss.
943,Damarco Minor,1.7523,3.1847,4.937,Pittsburgh
944,Damari Wheeler-Thomas,-1.8589,3.48,1.6212,North Dakota State
945,Damarion Dennis,-1.4239,7.3181,5.8943,Wyoming
946,Damarius Owens,-0.259,0.8996,0.6406,Marquette
947,Dame Sarr,4.7899,1.8521,6.642,Duke
948,Damien King,1.9769,0.4244,2.4012,UT Martin
949,Damien Mayo,1.2168,4.6636,5.8804,Southern Ill.
950,Damion Porter,-0.0633,-2.6234,-2.6866,Tarleton State
951,Damon Friery,-0.7647,-0.0157,-0.7804,Dayton
952,Damon Howard,-1.0659,-0.9479,-2.0139,Tennessee State
953,Damon Nicholas,2.0082,2.5037,4.512,Sam Houston
954,Damon Strand,-0.7631,-0.3901,-1.1532,La Salle
955,Damon Wilkinson,-2.3467,4.3088,1.9621,South Dakota State
956,Damone King,-1.5696,-1.7834,-3.353,Rhode Island
957,Damoni Harrison,-3.7647,6.0114,2.2467,Charlotte
958,Dan Gherezgher,-4.8468,2.9619,-1.8849,Northern Ky.
959,Dan Skillings,-1.312,3.7225,2.4105,Baylor
960,Dani Pounds,-0.9289,1.9936,1.0647,Tennessee Tech
961,Daniel Akitoby,-2.4604,1.2456,-1.2147,UTSA
962,Daniel Akoue,0.0077,-1.1714,-1.1637,Bryant
963,Daniel Egbuniwe,-2.1644,1.6345,-0.53,St. Bonaventure
964,Daniel Freitag,-1.8278,6.4153,4.5875,Buffalo
965,Daniel Guetta,-0.8232,-1.2105,-2.0337,Oklahoma State
966,Daniel Hankins-Sanford,-2.35,1.52,-0.83,Massachusetts
967,Daniel Helterhoff,-3.785,-0.062,-3.8471,Rider
968,Daniel Jacobsen,-0.0735,1.9189,1.8454,Purdue
969,Daniel Johnson,-0.8062,2.1132,1.307,Hampton
970,Daniel Marcellinus,0.1109,-0.4321,-0.3212,Campbell
971,Daniel Ogunyemi,-0.4602,1.5323,1.072,Yale
972,Daniel Rivera,-0.714,1.8221,1.1082,UAB
973,Daniel Shao,-0.1961,-0.0646,-0.2607,Buffalo
974,Daniel Tobiloba,0.1747,0.1534,0.3281,UC Riverside
975,Daniil Glazkov,-0.7795,-0.3626,-1.1421,Loyola Chicago
976,Danilo Dozic,-3.4053,1.8935,-1.5118,Pepperdine
977,Danilo Jovanovich,-0.855,4.4656,3.6105,Milwaukee
978,Danny Carbuccia,-3.5354,1.7912,-1.7442,Massachusetts
979,Danny Murray,-0.3692,-0.6858,-1.0549,Siena
980,Danny Stephens,-4.2342,-3.2258,-7.46,Western Ill.
981,Dante Allen,1.3589,1.3536,2.7126,Miami (FL)
982,Dante Censori-Hercules,0.2004,2.1535,2.3539,Portland
983,Dante Harris,-2.8659,2.7849,-0.0809,Tennessee State
984,Dante Kearse,-3.4268,0.9418,-2.4849,The Citadel
985,Daquan Davis,0.2008,-0.5756,-0.3748,Providence
986,Dario Domingos,-0.6292,2.1973,1.5681,Utah Tech
987,Darius Acuff,-1.9088,10.5331,8.6243,Arkansas
988,Darius Adams,-2.3149,0.2895,-2.0255,Maryland
989,Darius Duffy,-2.4401,1.1386,-1.3015,Purdue Fort Wayne
990,Darius Livingston,-1.5151,0.4086,-1.1065,Robert Morris
991,Darius Robinson,-1.3406,-0.7219,-2.0625,SIUE
992,Darius Washington,-0.6526,0.5175,-0.1352,Kennesaw St.
993,Dariyus Woodson,-3.4917,-1.1809,-4.6726,Louisiana
994,Darnez Slater,-1.5294,-0.5746,-2.104,Colorado State
995,Darrae Goodwin,0.2598,-0.7387,-0.479,San Diego
996,Darren Buchanan,-2.0474,2.6568,0.6094,Rutgers
997,Darren Harris,0.0583,1.242,1.3003,Duke
998,Darrion Baker,-2.1881,0.2429,-1.9453,SIUE
999,Darrion Sutton,-1.4963,1.3551,-0.1412,Missouri State
1000,Darrion Williams,-0.6684,4.3311,3.6627,NC State
1001,Darryl Simmons,-1.9497,4.0334,2.0837,St. Bonaventure
1002,Darryn Peterson,2.5499,6.0287,8.5785,Kansas
1003,Dasear Haskins,0.005,4.0416,4.0466,Saint Joseph's
1004,Dashon Gittens,-1.904,4.9294,3.0254,Sacred Heart
1005,Dasonte Bowen,-1.8042,1.8662,0.062,St. Bonaventure
1006,Davi Remagen,1.1284,-1.1051,0.0233,Georgia Tech
1007,Davian Brown,0.0366,4.689,4.7256,Montana State
1008,David Bolden,-2.9437,0.2091,-2.7346,NJIT
1009,David Castillo,-1.576,1.9578,0.3818,Kansas State
1010,David Coit,-4.2675,5.2453,0.9778,Maryland
1011,David Dixon,0.401,1.9397,2.3407,Duquesne
1012,David Douglas,-0.3626,1.4777,1.1151,Fresno St.
1013,David Fuchs,-2.2472,2.5883,0.3411,San Francisco
1014,David Gabriel,-0.2785,-0.3021,-0.5806,Seton Hall
1015,David Giddens,-2.3479,0.5577,-1.7902,Cleveland State
1016,David Gomez,0.0493,0.1875,0.2368,Charlotte
1017,David Green,-0.0593,6.6271,6.5679,Tulsa
1018,David Hansen,-0.1442,-0.1626,-0.3068,Weber State
1019,David Idada,0.5989,-0.6151,-0.0162,Southeast Mo. St.
1020,David Mager,-2.5297,0.932,-1.5976,Pepperdine
1021,David Mirkovic,0.9328,7.8355,8.7683,Illinois
1022,David Punch,3.8099,4.3866,8.1964,TCU
1023,David Rochester,1.1505,-1.2856,-0.1352,Brown
1024,David Simon,0.2785,0.3858,0.6642,Vermont
1025,David Terrell,0.2425,3.8097,4.0522,North Texas
1026,David Thomas,-0.112,1.2721,1.1601,Richmond
1027,David Tubek,-0.7417,-0.9611,-1.7028,UTEP
1028,Davide Poser,-3.685,-0.4158,-4.1007,New Hampshire
1029,Davion Bradford,-1.1007,-2.0168,-3.1175,Tulane
1030,Davion Cunningham,-2.9444,1.1494,-1.795,Morehead State
1031,Davion Hannah,1.6142,0.6343,2.2486,Alabama
1032,Davion Hill,-1.6686,5.0558,3.3871,Ball State
1033,Davion Sykes,2.2479,1.4326,3.6805,Southern Ill.
1034,Davis Bynum,-3.7298,-1.6739,-5.4036,Rider
1035,Davis Fogle,1.6798,5.9931,7.6729,Gonzaga
1036,Davis Miller,-0.1436,-0.173,-0.3166,Wofford
1037,Davis White,-3.4118,-2.0628,-5.4746,Cal St. Fullerton
1038,Davius Loury,0.1496,-1.8879,-1.7383,CSUN
1039,Dawson Baker,-0.1895,0.4078,0.2183,BYU
1040,Day Day Thomas,2.0716,4.2563,6.3278,Cincinnati
1041,Dayan Nessah,-2.1333,4.2305,2.0972,Cleveland State
1042,Dayjaun Anderson,1.3289,0.0448,1.3737,UAB
1043,Daylon Dickerson,-1.8319,0.5896,-1.2423,UMBC
1044,Dayton Forsythe,-0.7557,0.8586,0.1029,Oklahoma
1045,De'Shayne Montgomery,3.0204,4.8129,7.8333,Dayton
1046,De'Undrae Perteete,-1.5104,2.0835,0.5731,UC Riverside
1047,De'Vion Lavergne,-2.0036,1.205,-0.7987,Louisiana
1048,DeAndre Craig,-3.4619,4.0023,0.5404,Purdue Fort Wayne
1049,DeJour Reaves,-0.903,2.7987,1.8957,Fordham
1050,DeJuan Campbell,-0.5301,-0.0832,-0.6133,California
1051,DeMarco Johnson,-1.5745,1.2078,-0.3667,Elon
1052,DeSean Goode,0.1876,8.2783,8.466,Robert Morris
1053,DeShawn Gory,-1.5868,4.1047,2.5179,Fresno St.
1054,DeShawn Harris-Smith,-0.0114,-0.2703,-0.2817,Georgetown
1055,DeWayne Brown,1.2018,2.3068,3.5085,Tennessee
1056,Deandre Jones,-0.4966,0.1378,-0.3588,Kent State
1057,Deangelo Elisee,-0.6986,-0.0799,-0.7785,Purdue Fort Wayne
1058,Declan Cutler,-0.2057,-0.855,-1.0607,Weber State
1059,Declan Duru,0.823,-0.2162,0.6069,Texas
1060,Declan Peterson,-0.3064,-2.279,-2.5854,Western Mich.
1061,Declan Wucherpfennig,-1.6806,3.3306,1.65,Fairfield
1062,Dedan Thomas,0.0331,5.3824,5.4154,LSU
1063,Deke Thompson,-0.357,-0.3813,-0.7383,Texas State
1064,Dellquan Warren,-0.1065,-1.3351,-1.4416,Mississippi State
1065,Delrecco Gillespie,-1.3496,5.4822,4.1326,Kent State
1066,Demarion Burch,-1.837,-0.9754,-2.8124,Bradley
1067,Demarion Watson,2.4342,-1.5206,0.9136,North Texas
1068,Demetrius Lilley,-3.3149,-0.9622,-4.2771,Binghamton
1069,Demitri Gardner,-1.5306,2.4239,0.8933,East Carolina
1070,Denham Wojcik,-0.5515,-0.2344,-0.786,Michigan State
1071,Denis Badalau,-2.0401,-0.9981,-3.0382,Rutgers
1072,Dennis Evans,1.9876,0.5691,2.5566,Grand Canyon
1073,Denver Anglin,-2.5989,-0.2984,-2.8973,Iona
1074,Denzel Aberdeen,0.3623,6.3664,6.7287,Kentucky
1075,Denzel Hines,-0.1464,0.0537,-0.0927,UC Riverside
1076,Derek Dixon,-1.3622,3.7648,2.4026,North Carolina
1077,Derek Simpson,-0.2978,3.5643,3.2665,Saint Joseph's
1078,Derek Vorst,-1.3296,-0.1163,-1.4459,Indiana State
1079,Derin Saran,1.4321,0.0977,1.5299,UC Irvine
1080,Derrian Ford,-3.9721,6.005,2.0329,Temple
1081,Derrick Anderson,-0.3601,0.56,0.1999,Youngstown State
1082,Derrick Green,-2.8375,-1.2473,-4.0848,Coastal Carolina
1083,Derrick Michael Xzavierro,-0.7706,-2.3344,-3.1049,Long Beach State
1084,Derrick Talton,-0.5562,-0.3187,-0.8748,Buffalo
1085,Derrion Reid,-2.2598,4.5633,2.3035,Oklahoma
1086,Desmond Claude,-0.7812,2.175,1.3939,Washington
1087,Desmond Roberts,-0.3739,-0.4837,-0.8576,Virginia
1088,Deuce Jones,-1.7963,1.0857,-0.7105,Saint Joseph's
1089,Deuce Turner,-4.5107,-0.3099,-4.8207,Fairfield
1090,Devan Cambridge,0.2573,3.7082,3.9655,UCF
1091,Devean Williams,0.3164,-0.8814,-0.5649,Rider
1092,Devin Askew,1.5469,3.1245,4.6714,Villanova
1093,Devin Booker,-1.2834,-1.7578,-3.0412,George Mason
1094,Devin Brown,0.3777,-0.5122,-0.1345,Davidson
1095,Devin Carney,0.0582,0.1426,0.2009,Denver
1096,Devin Ceaser,-0.1824,-0.8513,-1.0336,UMBC
1097,Devin Curtis,-1.3901,-2.0624,-3.4525,Southern Ind.
1098,Devin Dinkins,-5.5523,0.3354,-5.217,Manhattan
1099,Devin Haid,-0.4994,2.0342,1.5347,South Fla.
1100,Devin McGlockton,0.4353,4.0557,4.491,Vanderbilt
1101,Devin Royal,-0.6746,4.0265,3.3519,Ohio State
1102,Devin Tillis,-0.3358,2.8901,2.5543,Virginia
1103,Devin Vanterpool,0.8588,4.2598,5.1186,Fla. Atlantic
1104,Devin Williams,1.0217,1.1814,2.2031,Fla. Atlantic
1105,Devon Arlington,-3.0487,-2.4426,-5.4913,Yale
1106,Devon Barnes,-1.1206,2.2343,1.1137,Ball State
1107,Devon Malcolm,1.5463,0.268,1.8143,California Baptist
1108,Devon Pryor,-0.235,-0.5527,-0.7877,Oregon
1109,Deyton Albury,0.4488,3.2185,3.6673,New Mexico
1110,Deywilk Tavarez,-1.797,1.9555,0.1585,Loyola Chicago
1111,Dez White,-3.7334,2.4556,-1.2777,Oregon State
1112,Dezayne Mingo,-1.5958,6.5193,4.9236,Charlotte
1113,Dezdrick Lindsay,1.5271,2.9352,4.4622,Oregon
1114,Dezmon Briscoe,0.7792,-3.4924,-2.7132,Kent State
1115,Dhiaukuei Manyiel Dut,0.8607,-0.8476,0.013,California
1116,Didier Maleng,-0.5535,-0.0619,-0.6155,Denver
1117,Diego Campisano,-4.0445,3.281,-0.7634,Northern Ariz.
1118,Dietrich Richardson,-0.4917,-2.0156,-2.5074,Bradley
1119,Dillan Shaw,2.2024,4.3005,6.5029,Saint Mary's (CA)
1120,Dillon Battie,1.6516,1.3969,3.0485,Wichita State
1121,Dillon Hunter,1.716,2.3339,4.0499,Clemson
1122,Dillon Mitchell,3.3453,5.6872,9.0326,St. John's (NY)
1123,Dillon Tingler,2.1769,0.9412,3.1182,Drexel
1124,Dimitri Clerc,-0.8821,-1.27,-2.1522,Massachusetts
1125,Dimitrije Vukicevic,-0.7667,-1.3706,-2.1372,UC San Diego
1126,Dimp Pernell,-0.431,1.4768,1.0458,Texas State
1127,Dio Blakely,-0.1685,-0.1959,-0.3644,Washington State
1128,Dion Brown,1.0097,3.4531,4.4627,Saint Louis
1129,Dior Conners,-2.0783,-0.6668,-2.7451,Ohio
1130,Dior Johnson,-2.213,9.3082,7.0952,Tarleton State
1131,Divine Ugochukwu,1.2829,1.0611,2.344,Michigan State
1132,Djahi Binet,0.0375,2.3139,2.3514,Southern Miss.
1133,Djordje Curcic,0.6521,-0.8948,-0.2427,Col. of Charleston
1134,Dok Muordar,0.6753,-0.0191,0.6562,Monmouth
1135,Dola Adebayo,0.4977,2.076,2.5737,George Mason
1136,Dom Aekins,-2.042,-1.175,-3.217,Duquesne
1137,Domas Kauzonas,-3.2438,-3.2765,-6.5203,UNC Greensboro
1138,Dominic Pangonis,-1.2958,3.0398,1.744,Wright State
1139,Dominic Parolin,0.8106,4.9143,5.7249,Boise State
1140,Dominick Harris,-1.2894,-1.0988,-2.3882,Loyola Chicago
1141,Dominick Nelson,-1.1414,0.4898,-0.6516,Iowa State
1142,Dominick Stewart,-1.7935,2.8993,1.1057,Penn State
1143,Dominique Daniels,-1.1513,7.6869,6.5356,California Baptist
1144,Dominique Diomande,2.5353,0.0833,2.6185,BYU
1145,Dominique Ford,-0.9558,1.142,0.1862,San Diego
1146,Dominykas Butka,0.5862,-0.0999,0.4863,Campbell
1147,Dominykas Pleta,1.4459,2.7765,4.2224,Iowa State
1148,Don McHenry,-3.1052,7.4562,4.3509,Utah
1149,Donald Hand,-1.2452,-0.789,-2.0343,Boston College
1150,Donald Whitehead,-3.6653,0.9396,-2.7257,UNC Greensboro
1151,Donavin Young,-0.0319,0.0846,0.0527,Stanford
1152,Donnie Freeman,0.4337,3.3883,3.8219,Syracuse
1153,Donovan Atwell,1.0823,8.8252,9.9076,Texas Tech
1154,Donovan Brown,-0.4976,-1.6386,-2.1362,Massachusetts
1155,Donovan Dent,-0.3055,5.8395,5.534,UCLA
1156,Donovan Oday,0.4649,7.4505,7.9154,Northern Ky.
1157,Donovan Rakotonanahary,-0.7839,0.2405,-0.5434,Northern Ky.
1158,Donovan Raymond,-0.3583,-3.1151,-3.4734,Old Dominion
1159,Dontrell Hewlett,-1.0181,-0.9834,-2.0015,Green Bay
1160,Dontrez Williams,0.1849,-0.0757,0.1093,Lindenwood
1161,Dorian Finister,-3.3775,4.3212,0.9438,Louisiana
1162,Dorian Hayes,-4.7066,-1.3569,-6.0635,UTSA
1163,Dorin Buca,2.9881,-2.0051,0.9831,Kansas State
1164,Doryan Onwuchekwa,-0.2609,0.0008,-0.26,Tulsa
1165,Douglas Langford,-0.7736,-0.5367,-1.3103,San Jose State
1166,Dovydas Butka,-1.9778,3.0791,1.1013,Campbell
1167,Dozie Onyirimba,-0.4363,-0.3111,-0.7473,Kennesaw St.
1168,Dra Gibbs-Lawhorn,-2.3976,7.0572,4.6596,UNLV
1169,Dragos Lungu,0.4617,1.0073,1.469,UT Martin
1170,Drake Allen,1.5792,5.8855,7.4647,Utah State
1171,Drake Cardwell,-0.4479,0.1489,-0.299,Auburn
1172,Drayton Jones,2.5412,3.9385,6.4796,Butler
1173,Dre Bullock,-0.769,2.875,2.106,Hawaii
1174,Dre Kindell,-0.1418,2.1176,1.9759,Wichita State
1175,Drew Bessette,-0.2845,-0.1524,-0.437,Vermont
1176,Drew Carter,-0.5791,-1.1959,-1.775,Oregon
1177,Drew Fielder,-0.4514,6.1805,5.7291,Boise State
1178,Drew Fuquay,-1.7551,1.4243,-0.3308,Marshall
1179,Drew Grimes,-1.3194,-0.1031,-1.4225,Liberty
1180,Drew Hollifield,-0.6316,-0.2913,-0.9229,Western Caro.
1181,Drew Huffman,-0.4092,0.3887,-0.0205,Kent State
1182,Drew Kania,0.438,-0.4622,-0.0242,Brown
1183,Drew Larson,-2.1467,-0.9469,-3.0936,Niagara
1184,Drew McElroy,-0.2,-0.4071,-0.607,TCU
1185,Drew McKenna,-0.3379,-0.9478,-1.2857,Old Dominion
1186,Drew Perry,-0.2897,-0.3913,-0.681,Baylor
1187,Drew Scharnowski,-0.6811,3.8837,3.2026,Belmont
1188,Drew Snively,-0.4754,-0.3973,-0.8726,Indiana
1189,Drew Steffe,1.4033,1.716,3.1193,Southern Ill.
1190,Drissa Traore,-0.7209,-5.1082,-5.8291,Rhode Island
1191,Duce Paschal,0.8597,-0.5796,0.2801,Weber State
1192,Dug McDaniel,-1.5569,3.9608,2.4038,Memphis
1193,Duke Brennan,2.8362,6.2286,9.0648,Villanova
1194,Duke Miles,3.2899,7.0694,10.3593,Vanderbilt
1195,Duncan Powell,-2.4405,0.7475,-1.6931,Providence
1196,Dusty Stromer,-0.6398,-0.201,-0.8408,Grand Canyon
1197,Dutch Dowdell,-0.4307,-0.5809,-1.0116,Harvard
1198,Dwayne Aristode,2.6654,3.9632,6.6286,Arizona
1199,Dwayne Koroma,1.2651,-0.766,0.4991,UConn
1200,Dwayne Pierce,-4.2185,-2.604,-6.8225,N.C. A&T
1201,Dwayne Williams,-2.5102,-0.3321,-2.8423,Ga. Southern
1202,Dwayne Wimbley,-1.0826,-2.3828,-3.4654,Massachusetts
1203,Dylan Anderson,-0.3386,-1.1955,-1.5341,Murray State
1204,Dylan Andrews,-2.7096,4.352,1.6424,Boise State
1205,Dylan Arnett,-0.7729,-0.8734,-1.6463,North Texas
1206,Dylan Brumfield,-1.3397,1.0464,-0.2933,Southern Miss.
1207,Dylan Darling,4.9467,0.9004,5.8471,St. John's (NY)
1208,Dylan Diaz,-1.9456,0.2062,-1.7394,ULM
1209,Dylan Ducommun,-1.8645,-1.9684,-3.8328,NIU
1210,Dylan Faulkner,-1.0218,7.4988,6.477,Samford
1211,Dylan Godfrey,-2.5659,-0.1312,-2.6971,UC Riverside
1212,Dylan Grant,-1.3686,2.2974,0.9289,Rutgers
1213,Dylan James,-0.0573,0.0111,-0.0462,Georgia
1214,Dylan Jones,-5.5215,1.8717,-3.6497,Southern Utah
1215,Dylan Lakatos,-0.0606,0.4364,0.3757,Kent State
1216,Dylan Purnell,-2.3171,-1.1821,-3.4993,CSU Bakersfield
1217,Dylan Saunders,0.1904,-0.0104,0.18,New Hampshire
1218,Dylan Veillette,1.0089,-2.6693,-1.6605,Merrimack
1219,Dylan Williams,-0.7241,-0.2306,-0.9548,Penn
1220,Dylan Williamson,-2.1824,4.2642,2.0818,Towson
1221,EJ Horton,0.2317,-1.4303,-1.1986,North Texas
1222,EJ Mosley,-1.8036,-0.121,-1.9246,Purdue Fort Wayne
1223,EJ Neal,-0.5661,-1.082,-1.6481,Southern California
1224,EJ Paymon,-0.8243,-0.575,-1.3993,Southern Miss.
1225,EJ Ryans,-3.1795,1.7207,-1.4588,Western Mich.
1226,EJ Spillman,-1.1537,-1.187,-2.3407,UC Riverside
1227,EJ Walker,-0.5937,-1.683,-2.2766,South Carolina
1228,Easton Foster,0.3273,-0.2399,0.0874,Ball State
1229,Ebrahim Kaba,-1.1978,1.12,-0.0778,Purdue Fort Wayne
1230,Ebuka Okorie,0.8344,10.9748,11.8092,Stanford
1231,Eddie Cooke,-0.8235,0.6353,-0.1881,Robert Morris
1232,Eddie Ricks,-1.8414,1.603,-0.2383,James Madison
1233,Eddrin Bronson,-0.5946,-1.3515,-1.9461,Furman
1234,Eduardo Klafke,0.5697,3.8103,4.3801,Ole Miss
1235,Edwin Bai,-0.1103,-0.0647,-0.175,Columbia
1236,Edwin Daniel,1.3562,-1.6301,-0.2739,La Salle
1237,Edwin Suarez,-2.0572,1.3886,-0.6687,Weber State
1238,Eemeli Yalaho,-3.9896,5.0038,1.0142,Washington State
1239,Efe Demirel,0.648,0.8561,1.5041,Grand Canyon
1240,Efe Vatan,-0.1887,-0.3242,-0.5129,Oregon
1241,Efeosa Oliogu-Elabor,0.0065,-0.6994,-0.693,Butler
1242,Efrem Johnson,0.7889,3.039,3.8279,Clemson
1243,Egan Shields,-0.2741,1.3032,1.0291,Northern Colo.
1244,Ege Demir,-0.3823,-0.3896,-0.7719,Oregon
1245,Eian Elmer,0.1078,4.765,4.8728,Miami (OH)
1246,Eli Beard,-2.5242,1.5647,-0.9596,Drexel
1247,Eli DeLaurier,-0.2408,-2.7024,-2.9433,East Carolina
1248,Eli Ellis,-1.883,3.5835,1.7005,South Carolina
1249,Eli King,-0.092,4.8617,4.7697,North Dakota
1250,Eli Rice,-0.4094,2.1979,1.7884,Penn State
1251,Eli Robinson,-2.7976,-2.9305,-5.7281,Air Force
1252,Eli Shetlar,0.1966,5.607,5.8035,Drake
1253,Eli Sparkman,-0.4522,0.2003,-0.2519,South Carolina
1254,Eli Wilborn,-0.764,-1.6931,-2.457,James Madison
1255,Eli Yofan,-0.2864,0.2914,0.005,Miami (OH)
1256,Elias Ralph,-0.5592,5.7168,5.1576,Pacific
1257,Elias Rapieque,0.4119,1.0714,1.4834,Kansas State
1258,Elijah Chol,0.8781,3.2675,4.1456,UC Irvine
1259,Elijah Crawford,1.9327,4.9846,6.9173,UIC
1260,Elijah Davis,-4.1582,-1.5664,-5.7246,North Carolina
1261,Elijah Duval,-3.7284,1.5525,-2.176,Southern Utah
1262,Elijah Elliott,-1.5988,1.0831,-0.5157,New Mexico State
1263,Elijah Elliott,-1.5988,1.0831,-0.5157,Ohio
1264,Elijah Espinosa,-0.759,-1.1269,-1.8859,Mount St. Mary's
1265,Elijah Fisher,3.3303,0.2426,3.5729,Seton Hall
1266,Elijah Gertrude,-0.4035,-0.3379,-0.7414,Virginia
1267,Elijah Hulsewe,-0.4151,-1.266,-1.6811,UCF
1268,Elijah Jones,-2.5494,4.5811,2.0317,UTEP
1269,Elijah Kennedy,2.8905,1.2416,4.1321,Hampton
1270,Elijah Lewis,-0.0852,0.9293,0.8441,Marist
1271,Elijah Mahi,-0.3894,6.9477,6.5583,Santa Clara
1272,Elijah Malone,0.1049,0.2174,0.3223,Colorado
1273,Elijah Moore,-0.1306,-0.0041,-0.1348,Utah
1274,Elijah Perkins,0.9114,-2.0685,-1.1571,Saint Peter's
1275,Elijah Perryman,1.5411,0.3217,1.8628,Utah State
1276,Elijah Price,2.0572,3.9462,6.0034,Nevada
1277,Elijah Saunders,-2.0278,3.2905,1.2627,Maryland
1278,Elijah Strong,-2.0674,2.9182,0.8508,South Carolina
1279,Elijah Thomas,-1.6831,-1.1273,-2.8104,Eastern Wash.
1280,Elliot Cadeau,0.6884,5.684,6.3724,Michigan
1281,Elliot Lowndes,-1.5568,0.2447,-1.3121,Southeast Mo. St.
1282,Elliott Taite,0.0881,0.7177,0.8059,Air Force
1283,Elmarko Jackson,0.5864,2.159,2.7454,Kansas
1284,Elmir Dzafic,-1.2985,-0.8119,-2.1104,Arkansas
1285,Elmore James,-2.3672,-2.9079,-5.2752,Ball State
1286,Elyjah Freeman,0.9959,4.5503,5.5462,Auburn
1287,Elzie Harrington,0.6939,1.6133,2.3072,San Diego State
1288,Emanuel Prospere,1.5456,2.3936,3.9393,UC San Diego
1289,Emanuel Sharp,3.9784,6.9047,10.8831,Houston
1290,Emeka Opurum,0.3061,0.8869,1.1929,Auburn
1291,Emil Skytta,0.9362,0.7515,1.6877,North Dakota State
1292,Emmanuel Callas,0.0564,-4.9724,-4.9161,San Diego
1293,Emmanuel Clarton,0.0387,-1.2661,-1.2274,Troy
1294,Emmanuel Innocenti,3.2025,3.7555,6.9581,Gonzaga
1295,Emmanuel Kanga,0.2788,3.3792,3.6579,George Mason
1296,Emmanuel Manyuon,0.4585,-0.1686,0.2899,Pacific
1297,Emmanuel Ogbole,-0.9645,-0.1572,-1.1218,Rutgers
1298,Emmanuel Okorafor,0.334,0.1998,0.5338,Wichita State
1299,Emmanuel Stephen,0.301,-2.9017,-2.6007,UNLV
1300,Emmanuel Ugbo,-2.1791,-0.258,-2.4371,Washington State
1301,Emmett Marquardt,-3.0501,2.3284,-0.7218,Eastern Wash.
1302,Emmitt Byther,0.0385,-0.4688,-0.4303,Maine
1303,Emondrek Erkins-Ford,-1.4873,3.2132,1.7259,Jacksonville State
1304,Enel St Bernard,1.6233,2.9096,4.5329,Indiana State
1305,Enoch Kalambay,-0.4828,-1.6668,-2.1496,Campbell
1306,Eoin Dillon,-1.5273,6.6939,5.1665,Belmont
1307,Eren Banks,-0.1906,-0.1165,-0.3071,App State
1308,Eren Karakaya,-0.6262,0.2503,-0.3759,San Jose State
1309,Erez Poran,-0.7702,-0.0403,-0.8105,Northern Ariz.
1310,Eric Acker,-1.9344,1.2689,-0.6655,La Salle
1311,Eric Brown,-0.3561,-0.2237,-0.5798,Cal Poly
1312,Eric Chatfield,-1.7365,-0.9285,-2.6651,Georgia Tech
1313,Eric Dailey,-0.6671,5.0985,4.4314,UCLA
1314,Eric Dibami,1.034,0.0465,1.0805,FIU
1315,Eric Freeny,1.8288,1.0623,2.8912,UCLA
1316,Eric Holland,-0.8656,-0.2043,-1.0698,Kennesaw St.
1317,Eric Mahaffey,1.0275,5.2299,6.2574,Akron
1318,Eric Mejia,-2.0357,-2.3372,-4.3729,Fairfield
1319,Eric Morgan,-2.2417,0.2828,-1.9589,Saint Peter's
1320,Eric Mulder,-0.846,-0.4911,-1.3372,Iowa State
1321,Eric Reibe,0.1792,3.2725,3.4517,UConn
1322,Erich Harding,-1.6015,-2.1706,-3.7722,Marshall
1323,Erik Oliver-Bush,-0.5016,-2.3115,-2.813,Manhattan
1324,Erik Pratt,-3.7503,4.1885,0.4382,Stony Brook
1325,Ernest Shelton,-4.2027,3.4847,-0.718,Merrimack
1326,Ernest Udeh,1.7966,4.4229,6.2195,Miami (FL)
1327,Esyah Pippa-White,-2.1782,-0.2069,-2.3851,Milwaukee
1328,Eternity Eguagie,-1.6241,0.2391,-1.3849,Rice
1329,Ethan Anish,-0.0524,-0.471,-0.5235,Duquesne
1330,Ethan Burg,2.6003,0.4631,3.0634,Tennessee
1331,Ethan Butler,-1.4214,-0.5872,-2.0086,Charlotte
1332,Ethan Croley,-1.0733,-0.4802,-1.5535,Nevada
1333,Ethan Elliott,-0.3327,-1.4794,-1.8121,Northern Ky.
1334,Ethan Greenberg,-2.5877,0.264,-2.3237,Air Force
1335,Ethan Kitch,-0.2215,0.0446,-0.1769,Stanford
1336,Ethan Kizer,-2.3018,0.3534,-1.9484,South Dakota
1337,Ethan Lathan,-0.4105,0.2574,-0.1532,Boise State
1338,Ethan McComb,-0.0635,0.2647,0.2012,Butler
1339,Ethan Potter,-2.2303,6.2875,4.0572,Utah Tech
1340,Ethan Roberts,-1.9159,3.5665,1.6506,Penn
1341,Ethan Simmon,-1.1192,0.3146,-0.8046,Stony Brook
1342,Ethan Wright,-0.2201,0.481,0.2609,Miami (OH)
1343,Ethane Bourgade,-0.69,-0.5578,-1.2478,Bryant
1344,Etienne Strothers,-0.8714,1.685,0.8136,Hampton
1345,Eunique Rink,-2.7559,-3.4557,-6.2117,Hampton
1346,Evan Anderson,-1.6083,-0.0523,-1.6606,South Dakota
1347,Evan Boisdur,-1.0033,-2.2566,-3.2599,Grand Canyon
1348,Evan Chatman,-0.0156,1.7409,1.7253,UAB
1349,Evan Cochran,-0.6275,-0.0964,-0.7238,Rice
1350,Evan Dickey,-0.2584,-0.0622,-0.3206,Dayton
1351,Evan Griffin,-0.1082,-1.735,-1.8432,Troy
1352,Evan Haywood,-1.4964,1.6033,0.1069,Butler
1353,Evan Ipsaro,-0.0624,2.3674,2.305,Miami (OH)
1354,Evan Mahaffey,1.8861,5.6662,7.5523,Akron
1355,Evan Nelson,-0.2385,1.1057,0.8672,Arizona
1356,Evan Otten,-1.0342,-0.3439,-1.3781,Idaho State
1357,Evan Smith,-0.317,0.4648,0.1479,North Carolina
1358,Evan Stinson,-0.0874,-0.496,-0.5834,Stanford
1359,Evan van der Plas,-1.7235,-2.5182,-4.2417,Canisius
1360,Evans Kipruto,2.8099,-0.8751,1.9348,UC Santa Barbara
1361,Ewan Steele,-0.0684,0.7061,0.6377,Idaho
1362,Eyal Harel,-0.0739,0.2876,0.2137,Pacific
1363,Eze Wali,-1.4661,-3.4001,-4.8662,The Citadel
1364,Ezra Ausar,-0.5327,4.2946,3.762,Southern California
1365,Ezra McKenna,-2.1782,0.5004,-1.6777,Buffalo
1366,Fabian Flores,2.5296,1.6153,4.1449,DePaul
1367,Faizon Fields,-0.2685,-0.5384,-0.8069,Milwaukee
1368,Fallou Diagne,-1.8515,-1.3801,-3.2316,Southern Miss.
1369,Fallou Gueye,-1.471,-0.5734,-2.0444,Sacred Heart
1370,Fatt Hill,-1.1204,0.9866,-0.1339,George Mason
1371,"Fawaz ""Tacko"" Ifaola",0.3917,0.781,1.1727,Colorado
1372,Federiko Federiko,0.7596,1.3381,2.0977,Texas A&M
1373,Fedor Zugic,-1.756,0.1744,-1.5816,Creighton
1374,Felipe Patino,-0.4946,-1.4007,-1.8952,Southern Miss.
1375,Felix Kossaras,-1.2129,2.7848,1.5719,Colorado
1376,Felix Okpara,0.0681,2.9188,2.9869,Tennessee
1377,Filip Borovicanin,-0.5265,6.1526,5.6261,Xavier
1378,Filip Jovic,0.0214,4.3754,4.3968,Auburn
1379,Filip Petkovski,-0.9363,-1.6,-2.5363,UT Martin
1380,Filip Radakovic,-0.4114,0.61,0.1985,UT Martin
1381,Finley Bizjack,-2.5701,5.8334,3.2634,Butler
1382,Finley Woodward,-3.9063,3.6278,-0.2785,IU Indy
1383,Finn Lally,-0.948,2.0949,1.1469,William & Mary
1384,Fischer Brown,0.4882,1.1812,1.6694,Western Caro.
1385,Flash Burton,-5.2917,1.6062,-3.6855,Rider
1386,Fletcher Loyer,2.7577,8.8715,11.6292,Purdue
1387,Flory Bidunga,5.7066,8.3423,14.0489,Kansas
1388,Foster Wonders,-4.406,-1.0768,-5.4828,Cleveland State
1389,Fotis Konstantinidis,-0.4927,0.0342,-0.4585,St. John's (NY)
1390,Francis Chukwudebelu,0.8288,1.8424,2.6712,Santa Clara
1391,Francis Folefac,0.678,1.372,2.05,Siena
1392,Francis Okwuosah,-2.4779,1.9552,-0.5227,Western Ill.
1393,Franck Emmou,-2.3091,4.2897,1.9806,Texas State
1394,Franck Kepnang,2.7978,2.1868,4.9846,Washington
1395,Frank Mitchell,-2.0239,5.6174,3.5935,St. Bonaventure
1396,Frankie Collins,1.7727,-0.3389,1.4338,Vanderbilt
1397,Frankie Mannino,1.0748,0.2722,1.347,Harvard
1398,Frankie Vassalluzzo,-0.5299,-0.3481,-0.8779,Bryant
1399,Frankquon Sherman,-0.9326,3.5172,2.5847,Kennesaw St.
1400,Fraser Roxburgh,-4.8748,1.2857,-3.5891,Manhattan
1401,Fred Payne,-0.3985,4.6089,4.2104,Boston College
1402,Freddie Dilione V,-1.8719,5.4217,3.5498,Penn State
1403,Freddy Hicks,-0.9851,3.2658,2.2807,Tarleton State
1404,Fredrick King,-1.6803,6.3967,4.7164,Murray State
1405,Fredy-Salam Sylla,-1.4565,0.8032,-0.6533,Arkansas State
1406,Gabe Cupps,0.5126,0.5788,1.0914,Ohio State
1407,Gabe Dynes,1.5733,0.8207,2.3941,Southern California
1408,Gabe Hernandez,-0.4653,-0.7255,-1.1908,The Citadel
1409,Gabe Newhof,-1.7217,1.2652,-0.4565,James Madison
1410,Gabe Oldham,-2.0388,2.8893,0.8505,Denver
1411,Gabe Pickens,0.3407,-2.2961,-1.9554,New Mexico State
1412,Gabe Sisk,0.4369,-0.1769,0.26,ETSU
1413,Gabe Stewart,-2.3382,-0.8517,-3.1898,IU Indy
1414,Gael Dalmau Torresola,-0.5852,0.5581,-0.0271,Niagara
1415,Garfield Turner,1.5692,0.5358,2.105,Drexel
1416,Garrett Anderson,-2.6306,0.2613,-2.3692,North Dakota
1417,Garrett Johnson,-3.7495,5.4556,1.7062,George Washington
1418,Garrett Nuckolls,-0.6528,1.0382,0.3853,Portland
1419,Garrett Sever,-0.3027,0.5634,0.2607,IU Indy
1420,Garrett Spielman,0.1401,-0.1706,-0.0305,Wyoming
1421,Garrett Sundra,2.8126,0.9203,3.7329,Notre Dame
1422,Garry Clark,1.0945,4.3487,5.4432,Utah State
1423,Gasper Kocevar,-0.0296,-0.0114,-0.041,Fresno St.
1424,Gavin Doty,-1.3806,4.8132,3.4326,Siena
1425,Gavin Gores,-0.3275,2.1188,1.7914,Wyoming
1426,Gavin Griffiths,1.0875,2.4609,3.5485,Temple
1427,Gavin Hightower,1.3899,-0.2951,1.0948,South Fla.
1428,Gavin Paull,0.0344,-0.235,-0.2006,Tennessee
1429,Gavin Ripp,-1.379,1.2265,-0.1524,San Diego
1430,Gavin Sykes,-2.6532,5.4908,2.8375,Long Beach State
1431,Gavin Walsh,0.2549,3.7861,4.041,UNCW
1432,Geon Hutchins,1.0691,-1.343,-0.2739,UNI
1433,George Beale,-2.1635,0.8692,-1.2943,UCF
1434,George Marshall,-3.0513,4.7865,1.7352,Morehead State
1435,George Natsvlishvili,-2.4719,0.4289,-2.043,North Dakota
1436,George Perkins,-0.1584,-0.113,-0.2713,Rice
1437,George Tupy,0.0728,-0.2067,-0.134,LMU (CA)
1438,George Turkson,-1.3861,-0.4032,-1.7893,Maryland
1439,Gerard O'Keefe,-3.072,3.3697,0.2977,Columbia
1440,German Plotnikov,-0.1905,3.2824,3.0919,Hofstra
1441,Gevonte Ware,-0.6347,-1.0097,-1.6444,Rutgers
1442,Gianni Cobb,-1.0843,0.5109,-0.5734,NIU
1443,Giannos Xanthopoulos,-0.0193,-2.409,-2.4283,New Hampshire
1444,Gicarri Harris,0.3764,0.5708,0.9471,Purdue
1445,Gio Sanford,-2.0842,-1.8992,-3.9834,Bryant
1446,Gioacchino Panzini,-2.6832,1.2939,-1.3892,Cornell
1447,Giovanni Emejuru,-2.1312,2.5759,0.4447,East Carolina
1448,Goanar Biliew,-3.5902,-3.5671,-7.1574,Western Ill.
1449,Godslove Nwabude,0.2992,0.5583,0.8575,Eastern Mich.
1450,Godswill Erheriene,0.0889,-1.6405,-1.5515,Seton Hall
1451,Grady Lewis,-3.0667,0.9093,-2.1574,CSUN
1452,Grady Whitt,-0.4222,-0.6576,-1.0799,UNCW
1453,Graham Ike,1.5565,8.364,9.9205,Gonzaga
1454,Grant Clayton,-0.2513,0.362,0.1107,App State
1455,Grant Darbyshire,-0.174,-0.6005,-0.7745,Cincinnati
1456,Grant Hurst,0.0344,-0.235,-0.2006,Tennessee
1457,Grant Kepley,-0.5394,-0.7579,-1.2972,Montana
1458,Grant Moore,-0.1818,-0.1094,-0.2912,Marshall
1459,Grant Newell,-1.2877,3.5938,2.3061,Western Ky.
1460,Grant Polk,-1.4732,1.7278,0.2546,South Carolina
1461,Grant Randall,-2.7979,2.3256,-0.4723,Quinnipiac
1462,Grant Slatten,-2.3532,-0.5401,-2.8933,Tennessee Tech
1463,Grant Stubblefield,0.951,0.178,1.129,Omaha
1464,Graydon Lemke,-0.7016,-0.042,-0.7436,Belmont
1465,Grayson Collins,-0.2072,0.0502,-0.157,Wofford
1466,Grayson Gaddis,-0.5471,-0.1111,-0.6582,Montana State
1467,Grayson Grove,3.2267,1.0587,4.2853,Minnesota
1468,Greedy Williams,0.6718,2.5909,3.2626,UNCW
1469,Greg Cooper,-0.0603,-0.58,-0.6402,Harvard
1470,Greg Gazarian,-0.9994,-0.8175,-1.8169,CSUN
1471,Gregory Lawson,-0.8956,1.3112,0.4155,Eastern Mich.
1472,Greyson Uelmen,-3.8659,3.0395,-0.8265,North Dakota
1473,Griffen Goodbary,0.5582,1.672,2.2302,Drake
1474,Guillermo Del Pino,0.4209,0.4138,0.8347,Maryland
1475,Guillermo Diaz Graham,-0.0558,2.5586,2.5028,San Francisco
1476,Gunnar Lewis,0.0378,0.4628,0.5007,Furman
1477,Gus Etchison,-2.37,3.3234,0.9534,Idaho State
1478,Gus Hurlburt,-0.3276,0.1118,-0.2158,Northwestern
1479,Gus Rugaard,-0.2691,-0.1577,-0.4268,Bradley
1480,Gus Yalden,-2.2347,5.1247,2.89,Vermont
1481,Gustav Winther,-3.5898,1.4299,-2.16,NIU
1482,Guzman Vasilic,0.1118,1.8566,1.9685,Cal Poly
1483,Gytis Nemeiksa,-0.0625,0.1968,0.1343,Hawaii
1484,Hagan Preston,-1.3019,-0.5582,-1.86,Tennessee Tech
1485,Halil Barre,-0.4606,1.0008,0.5401,Akron
1486,Halon Rawlins,-1.3915,-1.3478,-2.7393,Fairfield
1487,Halvine Dzellat,0.4691,-0.1753,0.2937,Cincinnati
1488,Hamad Mousa,-3.1709,7.0543,3.8834,Cal Poly
1489,Hamed Olayinka,0.4094,2.6701,3.0796,FIU
1490,Hampton Sanders,-0.9546,1.6273,0.6726,Columbia
1491,Hamza Asadallah,-0.1752,0.0712,-0.104,Hampton
1492,Handje Tamba,-0.8154,-0.1998,-1.0152,St. John's (NY)
1493,Handy Toussaint,-0.1157,-0.137,-0.2527,Bradley
1494,Hannes Steinbach,0.8095,9.9719,10.7814,Washington
1495,Hantz Louis Jeune,-0.2708,0.2662,-0.0046,South Alabama
1496,Haris Elezovic,-1.792,-1.6585,-3.4505,Northeastern
1497,Harlan Obioha,2.6156,-0.0684,2.5472,West Virginia
1498,Harrison Alexander,-0.8256,-0.2724,-1.098,SIUE
1499,Harrison Carrington,-0.4266,1.8536,1.4271,UC Irvine
1500,Harry Rouhliadeff,-0.4697,4.7685,4.2988,Hawaii
1501,Harry Wessels,1.3622,1.9917,3.3539,Saint Mary's (CA)
1502,Harun Zrno,-1.841,1.8283,-0.0127,Rutgers
1503,Hasan Abdul Hakim,0.5307,-0.2915,0.2392,Memphis
1504,Hassan Washington,-0.5685,-4.4659,-5.0344,NIU
1505,Hayden Assemian,0.6153,1.2515,1.8668,South Carolina
1506,Hayden Jones,-0.7688,-0.0719,-0.8407,Wisconsin
1507,Hayden Tibbits,-1.6236,3.492,1.8684,St. Thomas (MN)
1508,Hayden Welling,-2.5054,-0.9859,-3.4913,Utah Valley
1509,Henri Veesaar,4.0706,9.4572,13.5278,North Carolina
1510,Henry Sisemore,-0.0207,-0.0765,-0.0971,ETSU
1511,Henry Thengvall,-0.1229,-0.0932,-0.2161,Wichita State
1512,Henry Thole,-0.5447,-0.0602,-0.6049,Xavier
1513,Hikaru Awata,-0.1963,-0.2589,-0.4552,Troy
1514,Hobert Grayson,-0.246,-0.1657,-0.4117,Ole Miss
1515,Holden Pierre-Louis,-1.1296,-1.9783,-3.108,Cleveland State
1516,Honor Huff,-1.4108,5.7169,4.306,West Virginia
1517,Horace Simmons,-1.5249,-0.5776,-2.1025,Drexel
1518,Hosana Kitenge,-0.3138,-0.4436,-0.7574,UC Santa Barbara
1519,Houran Dan,0.0358,-0.973,-0.9372,Seattle U
1520,Houston Emory,-0.3825,-1.1516,-1.5341,Delaware
1521,Houston Holland,-1.3004,2.3874,1.087,Chattanooga
1522,Houston Mallette,0.5759,6.9265,7.5024,Alabama
1523,Howard Eisley,0.0353,-0.3395,-0.3042,Michigan
1524,Howie Fleming,-0.4168,3.1462,2.7294,UNLV
1525,Howie Keene,-0.192,1.5342,1.3422,Montana State
1526,Hudson Greer,0.0372,0.484,0.5211,Creighton
1527,Hudson Mayes,-0.238,3.3163,3.0782,UC San Diego
1528,Hudson Ward,-0.8781,0.0128,-0.8653,Western Mich.
1529,Hunter Adam,-0.0467,3.7163,3.6695,Davidson
1530,Hunter Caldwell,-1.3698,1.4249,0.055,Northern Colo.
1531,Hunter Carter,-0.449,-0.1738,-0.6228,Hawaii
1532,Hunter Erickson,0.9532,1.683,2.6363,Hawaii
1533,Hunter Harding,-0.8192,0.015,-0.8042,Indiana State
1534,Hunter Jacobson,-0.3504,-1.0271,-1.3775,UNI
1535,IJ Ezuma,-0.6144,-1.3871,-2.0015,Southern Miss.
1536,Ian Imegwu,-1.5053,4.5639,3.0586,Cornell
1537,Ian Inman,-1.0404,1.0644,0.024,Colorado
1538,Ian Jackson,-0.4584,3.1017,2.6433,St. John's (NY)
1539,Ian Platteeuw,-1.3386,1.4442,0.1057,Davidson
1540,Ian Sabourin,-0.5709,0.2075,-0.3634,Xavier
1541,Ian Scott,-1.1008,5.9059,4.8051,Indiana State
1542,Ian Smikle,-0.5517,-0.7075,-1.2592,Tulsa
1543,Ian Stephens,-0.2899,0.1321,-0.1577,Indiana
1544,Iaroslav Niagu,1.4781,-1.591,-0.1129,Jacksonville State
1545,Ibrahim Olajuwon,-3.1976,1.6103,-1.5873,FIU
1546,Ibrahim Souare,1.8404,0.113,1.9534,Syracuse
1547,Ibrahima Traore,2.1173,0.4482,2.5655,Utah
1548,Ibu Yamazaki,-2.5828,1.529,-1.0538,Northern Colo.
1549,Ife West-Ingram,-0.7639,1.8085,1.0446,UAlbany
1550,Ifeanyi Ufochukwu,-0.228,-0.1372,-0.3653,Duke
1551,Ifiok Peter,-1.9511,-1.5622,-3.5133,Western Ill.
1552,Ignacio Campoy Galvez,0.0887,0.0216,0.1104,Drexel
1553,Ike Cornish,-0.0214,-0.427,-0.4484,James Madison
1554,Iker Garmendia,-0.6592,-1.1038,-1.7631,Elon
1555,Ilia Ermakov,1.4076,-1.0764,0.3312,St. Bonaventure
1556,Ilias Kamardine,-1.5233,3.1477,1.6244,Ole Miss
1557,Ilija Milijasevic,-0.4206,1.3098,0.8892,DePaul
1558,Imanuel Zorgvol,1.4087,0.6394,2.048,Youngstown State
1559,Immanuel Lewis,-0.3769,0.7158,0.3389,Long Beach State
1560,Isaac Abidde,-1.393,2.1236,0.7306,UAlbany
1561,Isaac Asuma,0.1785,3.8249,4.0034,Minnesota
1562,Isaac Bonilla,0.1798,-2.2291,-2.0493,Maine
1563,Isaac Bruns,-5.116,3.9999,-1.1161,South Dakota
1564,Isaac Carr,-0.6549,1.0902,0.4353,Wake Forest
1565,Isaac Celiscar,-1.1028,7.7174,6.6147,Yale
1566,Isaac Davis,0.304,4.0051,4.3091,Utah Valley
1567,Isaac Dye,-2.1873,-0.4187,-2.606,Abilene Christian
1568,Isaac Finlinson,-1.9197,1.0545,-0.8652,Hawaii
1569,Isaac Gard,-0.2198,0.0202,-0.1996,Wisconsin
1570,Isaac Garrett,-1.6971,3.9778,2.2807,Oakland
1571,Isaac Harrell,-4.3611,3.5967,-0.7644,Elon
1572,Isaac Hawkins,1.3439,2.5144,3.8583,Utah Valley
1573,Isaac Holmes,0.1401,-0.275,-0.1349,Saint Louis
1574,Isaac Jack,-0.3445,3.785,3.4405,Pacific
1575,Isaac Johnson,1.959,6.6513,8.6104,Hawaii
1576,Isaac McKneely,1.4803,5.8473,7.3276,Louisville
1577,Isaac Munkadi,0.3218,0.7584,1.0802,Fairfield
1578,Isaac Shingange,-0.5418,-0.3906,-0.9324,UC Santa Barbara
1579,Isaac Taveras,-0.1025,2.5607,2.4582,Southern Miss.
1580,Isaac Traudt,-0.5739,3.4352,2.8613,Creighton
1581,Isaac Williams,-2.4711,6.4018,3.9308,Baylor
1582,Isaia Howard,2.1574,3.4578,5.6152,Iowa
1583,Isaiah Abraham,-0.2719,1.1216,0.8497,Georgetown
1584,Isaiah Barganier,0.6721,-0.5491,0.123,Texas State
1585,Isaiah Barnes,-2.3763,-2.5265,-4.9028,Valparaiso
1586,Isaiah Brickner,0.3756,4.2325,4.6082,Idaho
1587,Isaiah Bronson,0.1646,-0.2714,-0.1067,Sacramento St.
1588,Isaiah Brown,0.9129,2.7867,3.6996,Florida
1589,Isaiah Campbell-Finch,-1.6125,-0.7302,-2.3427,Samford
1590,Isaiah Carr,1.5385,0.0124,1.5509,Drake
1591,Isaiah Carrillo,-0.2025,0.4612,0.2587,Abilene Christian
1592,Isaiah Chappell,-0.3197,0.2664,-0.0534,UC Davis
1593,Isaiah Coleman,-0.7185,1.2091,0.4906,Oklahoma State
1594,Isaiah Cottrell,-0.7757,-1.502,-2.2777,Southern Utah
1595,Isaiah Denis,-0.2028,0.3559,0.1531,North Carolina
1596,Isaiah Dorceus,-3.6447,0.1107,-3.534,Milwaukee
1597,Isaiah Elohim,-0.9142,3.1488,2.2346,Fla. Atlantic
1598,Isaiah Evans,1.9283,8.0143,9.9426,Duke
1599,Isaiah Griffin,-5.7868,-1.1628,-6.9496,Western Ill.
1600,Isaiah Henderson,-3.8427,-1.7036,-5.5462,Siena
1601,Isaiah Johnson,-0.9555,7.98,7.0245,Colorado
1602,Isaiah Johnson-Arigu,-1.1761,2.457,1.2809,St. Thomas (MN)
1603,Isaiah Jones,3.2744,4.108,7.3825,South Fla.
1604,Isaiah Kerr,0.7918,0.3415,1.1333,Hawaii
1605,Isaiah Langham,-3.4604,-0.3503,-3.8107,Brown
1606,Isaiah Lewis,0.0052,-0.4744,-0.4692,Long Beach State
1607,Isaiah Manning,0.5567,2.229,2.7857,Sam Houston
1608,Isaiah Mbeng,-2.0381,-1.7275,-3.7656,East Carolina
1609,Isaiah Moses,-3.4023,6.437,3.0347,Eastern Wash.
1610,Isaiah Placide,-4.1544,2.8437,-1.3107,Massachusetts
1611,Isaiah Sealy,-0.3765,-0.3627,-0.7392,Arkansas
1612,Isaiah Shaw,-3.5858,0.6346,-2.9512,Northern Ariz.
1613,Isaiah Sherrard,-0.8856,-2.6684,-3.554,Georgia State
1614,Isaiah Stafford,-0.8113,0.6998,-0.1115,Southern Ill.
1615,Isaiah Stewart,-0.7616,0.4056,-0.356,NIU
1616,Isaiah Sutherland,-2.312,0.9848,-1.3273,ETSU
1617,Isaiah Sy,-1.7688,3.0208,1.252,Oregon State
1618,Isaiah Walker,-1.3909,2.5329,1.142,Xavier
1619,Isaiah Washington,-1.1521,-0.9636,-2.1157,NIU
1620,Isaiah Watts,1.1861,1.6606,2.8467,Maryland
1621,Isaiah West,0.5663,-1.8769,-1.3106,Belmont
1622,Isaiah Williams,1.2065,-1.9396,-0.7332,Portland State
1623,Ishan Sharma,-0.132,7.9805,7.8486,Saint Louis
1624,Isiah Harwell,2.6384,1.4311,4.0695,Houston
1625,Ismael Diouf,-0.1839,-0.6504,-0.8343,UNI
1626,Ismail Habib,-3.7659,0.6713,-3.0946,Southern Ind.
1627,Ismaila Diagne,2.2592,-0.7424,1.5168,Gonzaga
1628,Israel Hart,-2.6313,0.4281,-2.2032,Southern Miss.
1629,Issac Williamson,-1.1186,-1.2126,-2.3312,UNLV
1630,Ivan Juric,-3.1344,3.9754,0.8409,Penn State
1631,Ivan Kharchenkov,2.5651,5.9033,8.4684,Arizona
1632,Ivan Matlekovic,-0.2928,0.3198,0.027,North Carolina
1633,Ivan Njegovan,1.2656,0.088,1.3537,Ohio State
1634,Ivan Spirov,-3.2487,-0.0608,-3.3094,Cleveland State
1635,Iwo Baganc,-0.9543,0.4814,-0.4729,SIUE
1636,Izaiah Pasha,-0.4941,-2.2109,-2.7051,Virginia Tech
1637,Izaiyah Nelson,2.8921,7.3668,10.2589,South Fla.
1638,J'Quan Ewing,-1.9559,-1.9126,-3.8685,Saint Peter's
1639,J'Vonne Hadley,0.7015,7.1091,7.8105,Louisville
1640,JB Frankel,-3.4764,-0.0962,-3.5726,Northeastern
1641,JC Brooks,-0.9128,-1.4867,-2.3994,Tennessee State
1642,JC Shirer,-0.9648,-0.812,-1.7768,Liberty
1643,JJ Chaikovsky,0.5505,-1.8733,-1.3228,Long Beach State
1644,JJ Harper,1.4088,3.3504,4.7592,Liberty
1645,JJ Kelly,-0.6898,1.7548,1.065,Ohio
1646,JJ Mandaquit,0.9233,0.0368,0.9601,Washington
1647,JJ Starling,-0.6117,0.3124,-0.2993,Syracuse
1648,JJ Taylor,-1.0288,-0.3037,-1.3325,NIU
1649,JJ Traynor,-2.2208,0.0196,-2.2012,Murray State
1650,JJ Wheat,-1.4335,-3.0637,-4.4972,South Alabama
1651,JJ White,-1.1413,-0.1455,-1.2868,Baylor
1652,JP Dragas,-2.3925,-1.8439,-4.2364,IU Indy
1653,JP Estrella,0.7241,7.8647,8.5887,Tennessee
1654,JT Amundsen,0.1525,0.0549,0.2074,Northern Ariz.
1655,JT Elder,-0.3557,-0.5617,-0.9174,Eastern Ill.
1656,JT Pettigrew,-0.514,2.3052,1.7912,Valparaiso
1657,JT Rock,2.252,3.7324,5.9844,New Mexico
1658,JT Toppin,3.4433,5.856,9.2993,Texas Tech
1659,Ja'Borri McGhee,-0.8199,2.7237,1.9038,Mississippi State
1660,Ja'Juan Carr,-4.007,2.2669,-1.7401,Elon
1661,Ja'Kobi Gillespie,1.7925,11.8178,13.6103,Tennessee
1662,Ja'Quavian Florence,-1.2274,0.0235,-1.204,Tennessee Tech
1663,Ja'Quavis Williford,-1.2247,-0.7619,-1.9866,Oregon State
1664,Ja'Sean Glover,-1.8785,3.2644,1.3858,Omaha
1665,JaJuan Nicholls,-3.2787,5.9774,2.6987,Tennessee Tech
1666,"JaQualon ""JQ"" Roberts",0.4426,-0.2039,0.2387,Davidson
1667,JaVaughn Hannah,-0.0994,-0.2877,-0.3871,San Jose State
1668,Jabez Jenkins,0.9222,1.9113,2.8336,Belmont
1669,Jabrion Spikes,0.724,-2.9022,-2.1782,Tennessee State
1670,Jac Mani,0.7577,1.0202,1.7779,Fresno St.
1671,Jacari Brim,0.0773,0.0759,0.1532,App State
1672,Jacari Lane,0.128,3.2412,3.3692,Texas A&M
1673,Jacari White,-2.4337,7.0054,4.5717,Virginia
1674,Jace Howard,-0.1213,-0.2883,-0.4096,Fordham
1675,Jace Posey,-1.1318,1.8453,0.7135,TCU
1676,Jace Rayl,-0.5007,-0.1918,-0.6926,Purdue
1677,Jace Whiting,0.0936,0.9897,1.0833,Weber State
1678,Jace Winkleman,-0.3138,0.6935,0.3798,Morehead State
1679,Jack Benter,0.6233,4.108,4.7313,Purdue
1680,Jack Campion,0.1894,1.7903,1.9796,SIUE
1681,Jack Collins,-1.1282,0.4337,-0.6946,Monmouth
1682,Jack Daugherty,0.0919,-0.8198,-0.7278,Illinois State
1683,Jack DeRose,-0.0093,-0.4506,-0.46,St. Bonaventure
1684,Jack DiDonna,0.0037,-0.0392,-0.0355,Boston College
1685,Jack Doumbia,2.8374,1.3501,4.1875,Towson
1686,Jack Edelen,-1.4704,-2.3411,-3.8115,Western Ky.
1687,Jack Fagan,0.0093,-0.0378,-0.0285,Alabama
1688,Jack Francis,-0.3491,-0.2825,-0.6317,Texas Tech
1689,Jack Graham,-2.4148,-1.4764,-3.8912,New Hampshire
1690,Jack Janicki,1.9652,-0.7516,1.2137,Wisconsin
1691,Jack Leahy,-0.6338,-0.6686,-1.3024,Monmouth
1692,Jack Lusk,-0.462,-0.2113,-0.6734,Purdue
1693,Jack McCaffery,-0.4125,-0.422,-0.8345,Butler
1694,Jack Payne,-1.3441,1.0757,-0.2684,Idaho
1695,Jack Robison,-0.4311,0.3487,-0.0825,Wisconsin
1696,Jack Scott,0.0601,0.6757,0.7358,Duke
1697,Jack Seidler,-0.0952,-0.7013,-0.7965,UCLA
1698,Jack Smiley,-1.5824,5.3373,3.7549,Belmont
1699,Jack Stanton,-0.544,2.647,2.1029,Princeton
1700,Jack Sullivan,0.8638,-1.303,-0.4392,Yale
1701,Jack Tauer,-0.5004,0.0299,-0.4705,St. Thomas (MN)
1702,Jack Turner,-3.4756,-1.1111,-4.5867,Oral Roberts
1703,Jack Walter,-0.0538,-0.3269,-0.3807,The Citadel
1704,Jack Whitbourn,-1.102,0.8542,-0.2479,Fordham
1705,Jack Williams,-0.1262,-0.0467,-0.173,Providence
1706,Jackson Benigni,-3.5479,2.7897,-0.7583,Binghamton
1707,Jackson Cook,-0.7505,-0.567,-1.3175,Arizona
1708,Jackson Delaney,-0.4559,-0.4906,-0.9465,Manhattan
1709,Jackson Fazande,-0.1367,0.167,0.0302,UTSA
1710,Jackson Fields,-0.3341,2.4206,2.0865,West Virginia
1711,Jackson Francois,-0.8024,-0.5505,-1.3529,Arizona
1712,Jackson Hicke,-2.6078,5.2539,2.6461,Princeton
1713,Jackson Holcombe,1.5905,6.9189,8.5095,Utah Valley
1714,Jackson Keil,0.1862,-0.5053,-0.3192,Coastal Carolina
1715,Jackson Keith,0.045,0.4709,0.5158,Butler
1716,Jackson Kotecki,0.4549,1.9718,2.4267,Miami (OH)
1717,Jackson McAndrew,-0.6752,-0.0477,-0.7229,Creighton
1718,Jackson Mosley,-2.1635,0.6833,-1.4801,Cal Poly
1719,Jackson Munro,-2.5917,4.5915,1.9998,Dartmouth
1720,Jackson Paveletzke,-4.8146,4.0512,-0.7634,Ohio
1721,Jackson Rasmussen,-0.691,3.8736,3.1826,Idaho
1722,Jackson Shelstad,-0.8953,3.7344,2.8391,Oregon
1723,Jackson Skipper,-0.9125,-1.1558,-2.0683,Vermont
1724,Jacob Bannarbie,-0.142,3.1613,3.0193,UNLV
1725,Jacob Beccles,-2.2464,2.2849,0.0385,Cornell
1726,Jacob Cofie,2.5585,4.9957,7.5542,Southern California
1727,Jacob Conner,0.3859,-0.176,0.21,Dayton
1728,Jacob Crews,-1.8977,6.8099,4.9123,Missouri
1729,Jacob Dar,-0.6854,1.782,1.0966,Seton Hall
1730,Jacob Furphy,-0.6728,-0.9691,-1.642,UConn
1731,Jacob Hammond,-1.9086,-1.675,-3.5836,Princeton
1732,Jacob Huggins,-0.6273,1.1818,0.5544,Princeton
1733,Jacob Koch,-0.5183,-0.042,-0.5604,Iowa
1734,Jacob Martin,-0.251,0.0204,-0.2306,Alabama
1735,Jacob McFarland,0.0411,-0.2367,-0.1956,Houston
1736,Jacob Meyer,-3.5518,1.5905,-1.9613,UAB
1737,Jacob Ognacevic,-0.6893,0.1959,-0.4934,Washington
1738,Jacob Patrick,0.4587,1.2118,1.6705,Utah
1739,Jacob Tsai,-0.2117,-0.3106,-0.5223,Yale
1740,Jacob Walker,-2.7909,3.3967,0.6058,Sam Houston
1741,Jacob Wilson,-0.2239,-0.8368,-1.0607,Morehead State
1742,Jacobe Coleman,-1.8679,1.7593,-0.1086,Sam Houston
1743,Jacobe Whitted,-0.9081,0.333,-0.5751,Tennessee Tech
1744,Jacoby Hill,-1.0553,2.5128,1.4576,Jacksonville State
1745,Jaden Alexander,-0.7976,2.8857,2.0882,CSU Bakersfield
1746,Jaden Bobbett,-0.0615,-0.2329,-0.2944,LSU
1747,Jaden Bradley,3.9034,5.1898,9.0932,Arizona
1748,Jaden Brownell,-0.4547,2.1594,1.7048,Southern California
1749,Jaden Clayton,0.7032,2.8512,3.5544,Pacific
1750,Jaden Daughtry,2.7699,2.1232,4.8931,Richmond
1751,Jaden Daughtry,2.7699,2.1232,4.8931,Marist
1752,Jaden Goodall,0.167,-0.1439,0.0231,San Jose State
1753,Jaden Harris,0.2286,2.2195,2.4482,Kennesaw St.
1754,Jaden Henderson,-1.3572,1.6142,0.257,Cal St. Fullerton
1755,Jaden Henley,2.0848,5.137,7.2218,Grand Canyon
1756,Jaden Jackson,-0.4583,2.7779,2.3195,South Dakota State
1757,Jaden Johnson,-2.8046,-3.124,-5.9286,La Salle
1758,Jaden Karuletwa,-1.2316,-0.5663,-1.7978,Arkansas
1759,Jaden Kempson,-3.1358,-0.4575,-3.5933,UAlbany
1760,Jaden Newell,0.2606,-0.0373,0.2234,Georgia
1761,Jaden Rogers,-0.7108,-0.8496,-1.5604,South Dakota State
1762,Jaden Schertz,0.0677,-0.374,-0.3064,Saint Louis
1763,Jaden Schutt,0.161,5.2864,5.4474,Virginia Tech
1764,Jaden Slaughter,-2.7122,-1.3999,-4.1121,Sacred Heart
1765,Jaden Smith,-1.0177,-2.6303,-3.648,Saint Joseph's
1766,Jaden Steppe,-0.3781,0.5792,0.2011,Montana State
1767,Jaden Toombs,-0.753,3.0137,2.2607,SMU
1768,Jaden Vance,0.9837,-0.1776,0.8061,UC San Diego
1769,Jaden Winston,-2.5093,2.5444,0.0351,Manhattan
1770,Jaden Zimmerman,-1.6259,0.0689,-1.557,Quinnipiac
1771,Jadin Booth,-3.718,6.9982,3.2803,Samford
1772,Jadin Collins-Roberts,-0.5837,0.1242,-0.4595,Marist
1773,Jadis Jones,-0.9475,4.2784,3.3308,Lindenwood
1774,Jadon Jones,2.4025,3.6304,6.0329,Oklahoma
1775,Jadrian Tracey,-2.5451,2.6874,0.1423,VCU
1776,Jadyn Cascio Jensen,0.1825,0.2404,0.4229,South Dakota State
1777,Jae'Coby Osborne,-0.6272,3.4008,2.7736,New Mexico State
1778,Jaeden Marshall,-3.1758,1.2719,-1.9039,La Salle
1779,Jaeden Mustaf,-1.0781,1.3269,0.2488,Georgia Tech
1780,Jaeden Roberts,-0.3804,2.7596,2.3792,Hofstra
1781,Jaedyn Brown,-0.2914,0.0445,-0.2469,Idaho State
1782,Jaehshon Thomas,-2.8847,2.4994,-0.3853,Drake
1783,Jael Martin,0.086,1.1884,1.2744,LMU (CA)
1784,Jaelyn Lee,-0.2968,0.1158,-0.181,Texas State
1785,Jah'Kim Payne,-4.0937,-0.7544,-4.8481,Tennessee Tech
1786,Jah'Likai King,-2.9719,1.2546,-1.7173,UMBC
1787,Jahari Long,-0.7051,5.0786,4.3735,George Mason
1788,Jahari Williamson,-1.1993,4.6178,3.4185,Kent State
1789,Jaheem Webber,1.9592,-0.9098,1.0494,Southern Ill.
1790,Jaheim Nyam,-0.3537,-0.2961,-0.6498,Bryant
1791,Jahki Gupton,-0.2521,-1.2882,-1.5403,Saint Peter's
1792,Jahki Howard,-1.0054,-1.2222,-2.2276,Utah
1793,Jahmere Tripp,1.5868,3.2049,4.7917,Rhode Island
1794,Jahnathan Lamothe,-0.948,-0.7555,-1.7035,UNCW
1795,Jahni Summers,-3.8066,2.0296,-1.7769,Sacramento St.
1796,Jahseem Felton,-0.4664,-0.8242,-1.2906,Seton Hall
1797,Jahvin Carter,-1.9349,4.0345,2.0997,Middle Tenn.
1798,Jai Anthoni Bearden,1.3513,1.6513,3.0026,Ball State
1799,Jai Chisolm,1.4414,-1.1778,0.2636,CSUN
1800,Jaiden Cole,-0.3602,0.4547,0.0945,Towson
1801,Jaiden Feroah,-1.2615,6.6676,5.4061,Southern Utah
1802,Jaiden Glover-Toscano,-0.8471,4.1426,3.2955,Saint Joseph's
1803,Jaiden Haynes,-2.1973,0.7657,-1.4317,Youngstown State
1804,Jaidon Lipscomb,-0.9491,5.73,4.7808,Cleveland State
1805,Jailen Bedford,-4.4865,3.6873,-0.7992,Virginia Tech
1806,Jailen Daniel-Dalton,-2.059,0.5704,-1.4886,UC Riverside
1807,Jaion Pitt,-0.2452,1.1628,0.9176,Pacific
1808,Jaiun Simon,0.8587,1.3458,2.2045,Dayton
1809,Jakai Newton,-0.2048,0.0356,-0.1692,Georgia State
1810,Jakai Robinson,-2.4733,-1.1078,-3.5812,Bryant
1811,Jake Blackburn,-3.0902,0.6647,-2.4255,Binghamton
1812,Jake Brack,-2.2346,-0.4499,-2.6845,South Dakota
1813,Jake Davis,-0.0348,3.7312,3.6963,Illinois
1814,Jake Davis,-0.0348,3.7312,3.6963,Cal Poly
1815,Jake DiMichele,-0.8955,-0.6583,-1.5538,Duquesne
1816,Jake Dykstra,-1.5264,0.2143,-1.3121,Belmont
1817,Jake Edwards,-0.2164,-0.029,-0.2454,Western Ill.
1818,Jake Ensminger,2.4862,7.1985,9.6847,Santa Clara
1819,Jake Fiegen,-2.0876,8.6748,6.5872,Cornell
1820,Jake Hall,0.043,7.7244,7.7674,New Mexico
1821,Jake Hansen,-0.1556,0.0037,-0.1518,Oklahoma
1822,Jake Harbatkin,-0.2379,-0.2141,-0.4519,Stony Brook
1823,Jake Heidbreder,-0.0543,2.5013,2.447,Fresno St.
1824,Jake Shapiro,-0.3972,0.4585,0.0613,Tulane
1825,Jake Stout,-0.6275,-0.3877,-1.0152,UMBC
1826,Jake Sussberg,-1.2884,-0.2027,-1.491,Princeton
1827,Jake Wahlin,0.5648,3.5547,4.1195,Clemson
1828,Jake West,1.2934,2.2265,3.5199,Northwestern
1829,Jake Wilkins,0.9741,2.4102,3.3843,Georgia
1830,Jakub Necas,0.7325,2.1596,2.8921,Duquesne
1831,Jaland Lowe,1.2704,1.0872,2.3576,Kentucky
1832,Jalen Bolden,-1.3263,-1.2331,-2.5593,Texas State
1833,Jalen Breath,-0.709,-1.6212,-2.3302,Ohio
1834,Jalen Celestine,1.402,5.345,6.7471,Cincinnati
1835,Jalen Crawford,-0.5505,-0.2275,-0.7781,Florida State
1836,Jalen Cunningham,0.3201,0.4375,0.7576,UNLV
1837,Jalen Dollar,-0.3259,0.4836,0.1577,California Baptist
1838,Jalen Griffith,-4.665,4.4463,-0.2187,Western Mich.
1839,Jalen Hampton,-1.4628,3.0776,1.6147,Arkansas State
1840,Jalen Haralson,-1.2847,2.2767,0.992,Notre Dame
1841,Jalen Harper,-1.5614,-1.9804,-3.5418,Rhode Island
1842,Jalen Haynes,1.476,0.945,2.421,Southern Ill.
1843,Jalen Jackson,1.1964,0.7154,1.9119,Butler
1844,Jalen Kampen,-0.7893,-2.5185,-3.3078,Central Mich.
1845,Jalen Lee,-1.5126,-0.285,-1.7976,Southern Utah
1846,Jalen Myers,-0.3426,-0.5897,-0.9323,Hawaii
1847,Jalen Pitre,0.2969,0.8725,1.1694,Tennessee State
1848,Jalen Quinn,-3.6961,5.0536,1.3575,Drake
1849,Jalen Reece,-1.7981,1.9339,0.1358,LSU
1850,Jalen Reed,1.0198,0.9163,1.9361,LSU
1851,Jalen Shelley,0.4736,2.9448,3.4184,LMU (CA)
1852,Jalen Smith,-3.5296,1.9248,-1.6047,Rice
1853,Jalen Speer,-2.458,4.3802,1.9222,Marshall
1854,Jalen Stokes,-1.2141,0.5887,-0.6255,UC Davis
1855,Jalen Tot,-1.6704,2.2495,0.5791,App State
1856,Jalen Warley,5.5015,3.6432,9.1447,Gonzaga
1857,Jalen Washington,0.5429,4.8248,5.3677,Vanderbilt
1858,Jalil Bethea,-1.7451,1.164,-0.5811,Alabama
1859,Jalin Holland,0.1806,0.2744,0.455,Colorado
1860,Jalyke Gaines-Wyatt,-3.777,0.597,-3.18,Hampton
1861,Jamai Felt,0.6402,-0.5023,0.138,Temple
1862,Jamal West,-0.613,2.6776,2.0645,UTEP
1863,Jamar Brown,1.0223,1.9616,2.9839,UCLA
1864,Jamar Franklin,-0.3193,3.0665,2.7473,Jacksonville State
1865,Jamari McDowell,1.8049,1.9418,3.7467,Kansas
1866,Jamari Phillips,-0.9157,-1.067,-1.9827,Oregon
1867,Jamaria Clark,-2.3811,-3.297,-5.678,Kansas City
1868,Jamarion Batemon,0.5988,2.8963,3.495,Iowa State
1869,Jamarion Davis-Fleming,-0.5084,1.0877,0.5793,Mississippi State
1870,Jamarques Lawrence,1.2434,2.7135,3.957,Nebraska
1871,Jameel Brown,-0.0079,0.698,0.6901,Delaware
1872,James Brown,-0.522,-1.2333,-1.7553,North Carolina
1873,James Cooper,-0.1666,-1.3073,-1.4739,Georgia State
1874,James Dent,1.2807,-1.3429,-0.0622,Middle Tenn.
1875,James Dyson-Merwe,0.4942,-3.0923,-2.5981,Evansville
1876,James Evans,0.3543,0.1775,0.5318,CSUN
1877,James Goodis,-0.052,-0.1514,-0.2034,Baylor
1878,James Nnaji,0.4785,-1.0389,-0.5604,Baylor
1879,James O'Donnell,-2.0597,0.8294,-1.2303,Portland
1880,James Okonkwo,-1.1424,0.2237,-0.9187,Utah
1881,James Scott,3.3235,2.1979,5.5214,Ole Miss
1882,Jameson Heck,-0.1925,-0.8348,-1.0273,The Citadel
1883,Jameson O'Toole,0.0157,-0.5087,-0.493,Fordham
1884,Jamichael Davis,-0.5702,1.5807,1.0106,Rutgers
1885,Jamichael Stillwell,1.5029,5.6274,7.1303,UCF
1886,Jamie Kaiser,-0.2148,3.8804,3.6656,Butler
1887,Jamie Vinson,0.3458,0.9096,1.2555,Texas A&M
1888,Jamier Jones,0.843,4.9,5.743,Providence
1889,Jamir McNeil,-2.0849,-1.6483,-3.7332,Rider
1890,Jamir Simpson,-4.5817,3.3677,-1.214,UTSA
1891,Jamison Guerra,-3.0878,3.7404,0.6526,Idaho State
1892,Jamyron Keller,-0.8186,-0.1185,-0.9372,Louisiana
1893,Jan Vide,-1.1231,2.342,1.2189,LMU (CA)
1894,Jao Ituka,0.7667,3.3601,4.1268,NIU
1895,Japhet Moupadele,-1.8517,-0.2695,-2.1212,San Jose State
1896,Jaquan Johnson,1.6839,6.6258,8.3097,Bradley
1897,Jaquan Womack,0.9588,0.7309,1.6897,Towson
1898,Jared Garcia,0.0254,-1.5379,-1.5125,Nebraska
1899,Jared Harris,0.2398,0.6231,0.8629,Wyoming
1900,Jared Lary,-2.0351,-1.7386,-3.7737,Detroit Mercy
1901,Jared McGregor,-0.6256,-0.5061,-1.1317,BYU
1902,Jared Turner,0.2107,2.4496,2.6603,Old Dominion
1903,Jaret Valencia,0.1607,-1.163,-1.0024,Wichita State
1904,Jarin Stevenson,0.4393,5.1799,5.6192,North Carolina
1905,Jarne Elouna Eyenga,-0.1173,-1.149,-1.2662,Charlotte
1906,Jaron Pierre,-0.4394,6.673,6.2335,SMU
1907,Jarred Hall,0.0181,-0.7205,-0.7025,Middle Tenn.
1908,Jasai Miles,-0.5442,-0.7065,-1.2507,Indiana
1909,Jase Butler,-0.7827,4.5858,3.803,Colorado State
1910,Jasen Green,1.3302,5.2919,6.6221,Creighton
1911,Jasir Rencher,0.1296,0.3285,0.4581,Washington
1912,Jason Asemota,-0.1546,0.7246,0.57,Boston College
1913,Jason Clarke,-3.6667,-1.8046,-5.4712,App State
1914,Jason Edwards,-1.6328,3.2206,1.5878,Providence
1915,Jason Fontenet,-0.9552,0.0838,-0.8714,UC Santa Barbara
1916,Jason Jakstys,0.0991,1.4331,1.5323,Illinois
1917,Jason Kimbrough,1.1586,-0.6376,0.521,Bowling Green
1918,Jason Nelson,0.1569,-0.3663,-0.2094,Youngstown State
1919,Jason Rivera-Torres,0.6033,5.2858,5.8891,Monmouth
1920,Jason Schofield,0.5406,-0.1555,0.385,Marist
1921,Jason Scott,-0.3327,0.0951,-0.2376,Cal Poly
1922,Jason Sepe,-0.4411,-0.1746,-0.6157,Bryant
1923,Jasper Floyd,6.021,0.4687,6.4897,West Virginia
1924,Jasper Johnson,-1.6861,2.1692,0.4831,Kentucky
1925,Javan Buchanan,-0.316,5.8417,5.5257,Boise State
1926,Javan Simmons,-2.0587,4.8284,2.7697,Ohio
1927,Javante Edwards,-2.1107,-3.6071,-5.7178,Canisius
1928,Javen Colbert,0.0555,-0.9304,-0.8749,Troy
1929,Javon Bennett,-0.3076,4.6916,4.384,Dayton
1930,Javon Cooley,-3.5116,1.841,-1.6706,Pepperdine
1931,Javon Jackson,-2.427,3.1897,0.7627,Murray State
1932,Javon Ruffin,-1.0237,1.3373,0.3136,Bowling Green
1933,Javontae Campbell,1.3674,5.4593,6.8267,Bowling Green
1934,Jax Abalos,-1.82,2.1657,0.3457,Cornell
1935,Jax Kerr,-0.4849,-0.2111,-0.696,Saint Louis
1936,Jaxon Edwards,-2.7361,1.1298,-1.6063,IU Indy
1937,Jaxon Ellingsworth,-3.1891,2.8121,-0.3769,Arkansas State
1938,Jaxon Kohler,3.1826,8.1162,11.2989,Michigan State
1939,Jaxon Olvera,-4.8808,1.4684,-3.4124,Louisiana
1940,Jaxon Pollard,-2.5026,-1.3536,-3.8562,Samford
1941,Jaxon Prunty,-1.7204,2.0796,0.3592,Col. of Charleston
1942,Jaxson Ford,0.3445,-2.2487,-1.9042,Sam Houston
1943,Jaxson Whitaker,-4.8702,-1.5233,-6.3935,Central Mich.
1944,Jay Jones,1.7703,-0.9415,0.8287,Penn
1945,Jay Reynolds,-0.8911,-2.0731,-2.9642,Southeast Mo. St.
1946,Jayan Walker,0.0806,-1.5116,-1.431,Indiana State
1947,Jayce Nathaniel,-1.3986,1.8082,0.4096,UIC
1948,Jayden Brewer,-0.7499,1.8135,1.0636,Western Mich.
1949,Jayden Cooper,-1.5698,1.1166,-0.4532,South Alabama
1950,Jayden Dawson,0.8245,-0.602,0.2225,Kansas
1951,Jayden Epps,-2.6199,2.6097,-0.0102,Mississippi State
1952,Jayden Forsythe,-0.2249,-0.381,-0.6058,West Virginia
1953,Jayden Fort,-0.8612,1.2819,0.4208,Georgetown
1954,Jayden Hastings,3.1851,3.024,6.2091,Boston College
1955,Jayden Jackson,-0.5288,-0.1437,-0.6726,California Baptist
1956,Jayden Jones,-0.3433,-0.6961,-1.0394,Tennessee State
1957,Jayden Kelsey,-0.3348,-1.4504,-1.7851,Binghamton
1958,Jayden Leverett,-0.4369,1.6867,1.2498,Vanderbilt
1959,Jayden Ndjigue,3.034,1.9875,5.0215,Massachusetts
1960,Jayden Pierre,1.4292,3.9326,5.3618,TCU
1961,Jayden Quaintance,0.1602,-0.6165,-0.4563,Kentucky
1962,Jayden Reid,-3.2867,3.4262,0.1395,Northwestern
1963,Jayden Ross,3.3874,4.4689,7.8564,UConn
1964,Jayden Smoot,-0.5402,0.0634,-0.4769,UT Arlington
1965,Jayden Stone,-1.0828,6.7166,5.6338,Missouri
1966,Jayden Taylor,-3.1291,-0.5704,-3.6995,Delaware
1967,Jayden Teat,-2.921,0.5602,-2.3608,Sacramento St.
1968,Jayden Tyler,-2.5622,0.7521,-1.8101,Wofford
1969,Jayden Williams,-4.4155,-1.9144,-6.3299,Ga. Southern
1970,Jayden Williams,-4.4155,-1.9144,-6.3299,Dartmouth
1971,Jaydon Cole,0.0938,1.0255,1.1193,Mercer
1972,Jaydon Young,-0.3523,0.4375,0.0852,North Carolina
1973,Jaye Nash,-1.5844,0.8589,-0.7255,Jacksonville State
1974,Jaylan Ouwinga,-2.1005,-0.7661,-2.8666,Toledo
1975,Jayland Randall,0.0204,4.15,4.1704,New Mexico State
1976,Jaylen Carey,1.7972,2.8354,4.6326,Tennessee
1977,Jaylen Crocker-Johnson,0.5019,1.6391,2.141,Minnesota
1978,Jaylen Cross,-0.4975,0.1965,-0.3011,Wake Forest
1979,Jaylen Curry,-0.3875,4.7735,4.3861,Oklahoma State
1980,Jaylen Fenner,1.7355,-0.9661,0.7694,Louisiana Tech
1981,Jaylen Harrell,-0.3744,1.1867,0.8122,Providence
1982,Jaylen Lawal,-1.1756,5.1218,3.9462,Tulsa
1983,Jaylen Pazon,-2.378,-1.3769,-3.7549,VMI
1984,Jaylen Petty,1.3994,4.3662,5.7656,Texas Tech
1985,Jaylen Robinson,-0.8527,-1.0197,-1.8724,Richmond
1986,Jaylen Smith,-1.1936,2.0028,0.8092,ETSU
1987,Jaylen Stinson,-0.1946,-2.0401,-2.2348,Merrimack
1988,Jaylen Thompson,-0.3633,1.2671,0.9038,Stanford
1989,Jaylen Wharton,-1.6054,-1.883,-3.4884,NIU
1990,Jaylin Henderson,-0.2892,3.6874,3.3982,Portland State
1991,Jaylin Sellers,-3.0151,7.7526,4.7375,Providence
1992,Jaylin Stewart,1.8742,2.159,4.0331,UConn
1993,Jaylon Dean-Vines,0.0619,0.3491,0.411,Vanderbilt
1994,Jaylon McDaniel,-0.2829,-0.6639,-0.9468,Lindenwood
1995,Jaymen Townsend,-0.4744,0.269,-0.2054,Kent State
1996,Jayshayne Woodard,-0.4267,-0.7314,-1.1581,East Carolina
1997,Jayson Petty,-2.0693,1.0937,-0.9756,Kansas City
1998,Jazz Henderson,0.9682,0.3124,1.2806,Texas Tech
1999,Je'Shawn Stevenson,1.162,5.3916,6.5536,North Texas
2000,Je'kel Cotton,-1.1678,-1.2807,-2.4486,Detroit Mercy
2001,Jean Aranguren,-0.2484,5.0995,4.8511,George Washington
2002,Jean Yvens Lafleur,-0.0828,-0.106,-0.1889,Tennessee State
2003,Jeannot Basima,0.2261,0.2022,0.4283,Yale
2004,Jed Miller,-1.1678,7.0739,5.9061,Montana State
2005,Jeff Nwankwo,-0.6385,-0.1552,-0.7937,Oklahoma
2006,Jefferson De La Cruz Monegro,-1.1549,2.7972,1.6423,Cal St. Fullerton
2007,Jefferson Koulibaly,-0.9313,-0.6324,-1.5637,Ga. Southern
2008,Jeffrey Akintolu,-1.9697,-1.3289,-3.2986,NJIT
2009,Jelani Hamilton,-1.2197,5.5117,4.292,Georgia State
2010,Jemel Jones,0.8035,7.0296,7.833,New Mexico State
2011,Jeremiah Burke,-5.5763,3.3667,-2.2096,Denver
2012,Jeremiah Cherry,-0.3157,0.1048,-0.2109,Sacramento St.
2013,Jeremiah Davis,0.5164,3.3084,3.8247,Montana State
2014,Jeremiah Evans,0.6713,-3.836,-3.1648,Louisiana
2015,Jeremiah Green,-1.2164,0.1908,-1.0257,Texas A&M
2016,Jeremiah Jacobs,-0.0099,0.1361,0.1262,Sacred Heart
2017,Jeremiah Jenkins,-0.5036,0.368,-0.1356,Brown
2018,Jeremiah Johnson,-1.9845,4.0197,2.0352,Campbell
2019,Jeremiah Littlejohn,0.0069,-0.5971,-0.5902,Robert Morris
2020,Jeremiah Nyarko,-0.3327,-0.7473,-1.0799,Sacramento St.
2021,Jeremiah Oden,0.0721,-0.0771,-0.005,San Diego State
2022,Jeremiah Quigley,-5.8647,1.564,-4.3007,Binghamton
2023,Jeremiah Talton,1.1037,1.1587,2.2624,Lindenwood
2024,Jeremiah Wilkinson,-1.9216,6.0904,4.1688,Georgia
2025,Jeremiah Williams,-0.2168,1.7381,1.5213,Georgetown
2026,Jeremy Clayville,-2.9158,-1.986,-4.9018,NJIT
2027,Jeremy Dent-Smith,-0.4077,2.6255,2.2178,Stanford
2028,Jeremy Fears,3.3297,9.0192,12.3489,Michigan State
2029,Jeremy Foumena,-1.0912,0.463,-0.6282,UCF
2030,Jeremy Lorenz,-0.8702,-1.2553,-2.1255,DePaul
2031,Jeriah Coleman,0.6475,0.5732,1.2207,Nevada
2032,Jermaine Ballisager Webb,-1.7389,0.7889,-0.95,Portland
2033,Jermaine Coleman,-3.766,-1.0224,-4.7884,St. Thomas (MN)
2034,Jermaine O'Neal,-0.1771,1.1526,0.9755,SMU
2035,Jermaine Washington,-4.0352,2.4019,-1.6332,San Jose State
2036,Jermaurhiyun Anderson,0.5998,-1.384,-0.7841,Louisiana Tech
2037,Jerome Brewer,0.0306,1.8276,1.8583,La Salle
2038,Jerome Palm,-2.455,-1.6723,-4.1273,Kansas City
2039,Jerone Morton,-4.0193,4.6178,0.5985,Washington State
2040,Jerrell Bellamy,0.5086,1.8795,2.3882,Troy
2041,Jerry Deng,-0.3516,0.3105,-0.041,NC State
2042,Jerry Easter,-0.9847,1.3933,0.4086,Southern California
2043,Jerry Huang,0.041,-0.2089,-0.1679,Utah
2044,Jerry Ngopot,-1.2007,-0.4315,-1.6322,Coastal Carolina
2045,Jess Esso Essis,-1.373,-0.2601,-1.6331,Cal Poly
2046,Jesse Burris,-1.6348,-0.2981,-1.933,Ohio
2047,Jesse McCulloch,0.3888,-0.0463,0.3426,Michigan State
2048,Jesse Mcintosh,-2.4355,1.5626,-0.873,South Dakota
2049,Jestin Porter,2.312,5.3895,7.7015,Clemson
2050,Jevin Muniz,-0.7836,5.4735,4.6899,Colorado State
2051,Jevon Porter,0.6671,1.6373,2.3044,Missouri
2052,Jhei-R Jones,-0.6987,0.0154,-0.6833,William & Mary
2053,Jikari Johnson,-1.5577,2.7709,1.2132,Chattanooga
2054,Jimmie Williams,-0.3041,6.1409,5.8368,Duquesne
2055,Jimmy Ball,0.0,-0.0494,-0.0494,Rhode Island
2056,Jimmy Oladokun,-1.202,0.861,-0.3411,Rice
2057,Jinup Dobuol,0.2853,0.8616,1.1469,Monmouth
2058,Jizzle James,-0.2524,3.9351,3.6827,Cincinnati
2059,Jlynn Counter,-0.7124,4.3232,3.6108,Col. of Charleston
2060,Jo Valrie,0.0471,0.843,0.8901,SIUE
2061,Jo Van Buggenhout,-2.9347,0.028,-2.9067,Indiana State
2062,Jo'el Emanuel,-0.5724,3.1668,2.5944,William & Mary
2063,JoJo Fullwood,-0.2173,-0.0623,-0.2796,UNCW
2064,Joah Chappelle,-2.331,0.405,-1.926,Georgia State
2065,Joao Das Chagas,-0.065,-0.125,-0.19,UAB
2066,Joaquim ArauzMoore,0.0433,-0.2149,-0.1716,Gonzaga
2067,Joe Ganton,0.0221,-0.0253,-0.0032,Fairfield
2068,Joe Hurlburt,0.6595,-0.489,0.1705,Davidson
2069,Joe Sayler,-2.3269,2.9956,0.6688,South Dakota State
2070,Joe Vick,-0.2487,0.0669,-0.1818,Valparaiso
2071,Joel Armotrading,0.8756,-0.9611,-0.0855,Nevada
2072,Joel Foxwell,-2.4992,5.3369,2.8378,Portland
2073,Joey Chammaa,-0.8375,0.9215,0.084,Arkansas State
2074,Joey Hart,0.2006,0.2121,0.4127,Ball State
2075,Joey Kahn,0.0965,0.0385,0.135,UAB
2076,Joey Matteoni,-0.3562,0.1908,-0.1654,Iowa
2077,Joey Scarpitti,-0.3093,-0.339,-0.6482,Col. of Charleston
2078,Johan Munch,-0.6384,-0.9439,-1.5823,Oregon State
2079,Johann Grunloh,2.8559,5.2453,8.1012,Virginia
2080,John Blackwell,0.0409,7.8427,7.8836,Wisconsin
2081,John Bol,1.6932,2.8282,4.5214,UCF
2082,John Broom,-0.8262,1.2379,0.4117,South Alabama
2083,John Camden,1.1338,7.3506,8.4844,California
2084,John Christofilis,0.5058,2.9446,3.4504,Seattle U
2085,John Holbrook,-0.4494,0.2811,-0.1683,North Carolina
2086,John Hugley,-2.0742,-0.886,-2.9602,Duquesne
2087,John Kelly,-3.7518,-2.2005,-5.9523,NJIT
2088,John Laboy,-0.2747,-0.4844,-0.759,Miami (FL)
2089,John Miller,-0.413,-0.4247,-0.8378,Mount St. Mary's
2090,John Mobley,-1.1406,7.2359,6.0953,Ohio State
2091,John Nowland,-0.3693,-0.4386,-0.8078,Davidson
2092,John Shanu,-0.9782,-3.4735,-4.4517,Eastern Mich.
2093,John Simcoe,-0.4799,-0.3463,-0.8263,UC Santa Barbara
2094,John Squire,-2.5536,-1.5362,-4.0899,New Hampshire
2095,Johnathan Lawson,-3.5315,2.5934,-0.9381,Little Rock
2096,Johnnie Walter,-0.4293,-0.137,-0.5663,Penn
2097,Johnny Kinziger,-1.1548,1.8583,0.7035,Illinois State
2098,Johnny Radford,-0.6906,2.5405,1.8499,Eastern Wash.
2099,Jojo Anderson,-2.5363,2.0288,-0.5075,Eastern Wash.
2100,Jojo McIver,-0.1016,-1.6683,-1.7699,Colorado State
2101,Jojo Murphy,0.9722,1.4068,2.379,Seattle U
2102,Jon Carroll,-3.5159,4.7173,1.2015,Morehead State
2103,Jon Mekonnen,-0.6443,-0.9312,-1.5755,Colorado State
2104,Jon O'Neill,-1.1509,-0.1607,-1.3115,New Hampshire
2105,Jon Sanders,-0.9839,-1.9718,-2.9557,Eastern Mich.
2106,Jonah Butler,0.7889,1.8031,2.592,Stony Brook
2107,Jonah Drezner,0.251,0.7799,1.0308,Brown
2108,Jonah Goorin,-0.2595,-0.1233,-0.3829,Southern California
2109,Jonah Hinton,-0.0196,0.7034,0.6838,Rhode Island
2110,Jonah Lucas,0.0092,-0.1804,-0.1712,Marquette
2111,Jonathan Beagle,1.5922,1.6194,3.2116,Richmond
2112,Jonathan Griman,1.8221,0.4216,2.2437,California Baptist
2113,Jonathan Noudjihidi,0.0756,-0.5084,-0.4328,UC Davis
2114,Jonathan Powell,1.0759,1.4444,2.5203,North Carolina
2115,Jordan Battle,-2.1197,3.748,1.6283,Old Dominion
2116,Jordan Brathwaite,-2.1896,3.4434,1.2538,Yale
2117,Jordan Brinson,-2.093,-0.0279,-2.1209,CSUN
2118,Jordan Burks,-1.1233,5.9186,4.7954,UCF
2119,Jordan Butler,-0.9229,1.5615,0.6387,South Carolina
2120,Jordan Clayton,2.4053,2.0436,4.4489,Northwestern
2121,Jordan Crawford,-3.1896,3.1203,-0.0693,South Dakota
2122,Jordan Derkack,1.1654,1.9711,3.1365,Dayton
2123,Jordan Fisher,0.0402,-0.5971,-0.5569,Ohio
2124,Jordan Frison,-2.754,4.5723,1.8183,Chattanooga
2125,Jordan Gabriel,0.1974,-0.5155,-0.3182,Marist
2126,Jordan Hernandez,-0.1584,-0.5427,-0.7011,UTEP
2127,Jordan Lowery,0.932,-0.3689,0.5631,UT Arlington
2128,Jordan Marsh,-0.5655,2.5259,1.9604,Southern California
2129,Jordan Mason,-0.9749,2.4178,1.4429,Temple
2130,Jordan McCullum,0.9578,1.8284,2.7861,ETSU
2131,Jordan Mizell,0.0832,-0.6247,-0.5415,Tarleton State
2132,Jordan Muller,-1.9092,1.6001,-0.3091,California Baptist
2133,Jordan Pickett,-1.6056,-1.9341,-3.5397,SIUE
2134,Jordan Pope,-0.8656,5.5257,4.6601,Texas
2135,Jordan Riley,-1.2883,6.0369,4.7486,East Carolina
2136,Jordan Rogers,-1.673,-0.0215,-1.6946,NJIT
2137,Jordan Ross,0.1752,1.1625,1.3377,Georgia
2138,Jordan Scott,2.7158,4.3262,7.0419,Michigan State
2139,Jordan Snell,-0.6632,-0.3305,-0.9938,NC State
2140,Jordan Tillery,0.113,1.7449,1.858,VCU
2141,Jordan Williams,-1.0537,-3.2801,-4.3338,Rice
2142,Jordann Dumont,-0.1492,-0.5967,-0.7459,VCU
2143,Jorden Brooks,-1.0661,-1.149,-2.215,Central Mich.
2144,Jordi Rodriguez,-0.1472,-1.2357,-1.383,Cincinnati
2145,Jordy Barnes,-0.6782,0.5437,-0.1345,Utah State
2146,Jordyn Kee,-0.664,-1.1473,-1.8112,Miami (FL)
2147,Jorge Diaz Graham,0.4618,3.6705,4.1323,Oregon State
2148,Jorge Moreno,0.6098,-0.2561,0.3537,Southern Ill.
2149,Jose Roberto Tanchyn,0.2348,2.1875,2.4223,UMBC
2150,Joseph Barrio,-0.4674,0.0558,-0.4116,CSUN
2151,Joseph Carter,0.3379,-0.2859,0.052,ETSU
2152,Joseph Grahovac,0.0085,2.3288,2.3373,St. Bonaventure
2153,Joseph Green,-0.9146,-1.5648,-2.4795,Bryant
2154,Joseph Martinez,0.4194,-0.3936,0.0258,Tarleton State
2155,Joseph Pinion,1.1759,6.2791,7.455,South Fla.
2156,Joseph Quartey,-0.0093,-0.7823,-0.7916,Harvard
2157,Joseph Scott,-2.5228,-0.542,-3.0648,Abilene Christian
2158,Joseph Teich,-0.3003,0.1168,-0.1835,Tulane
2159,Joseph Thomas,-0.7972,-0.1071,-0.9043,Little Rock
2160,Joseph Tugler,4.8695,5.7336,10.6031,Houston
2161,Joseph Venzant,0.9259,-1.3614,-0.4356,Abilene Christian
2162,Josh Baldwin,-0.1617,3.2937,3.1319,Cornell
2163,Josh Bowman,-0.4734,-2.4476,-2.9209,Chattanooga
2164,Josh Clark,0.5457,0.3746,0.9202,Marquette
2165,Josh Dix,-0.1183,5.4536,5.3354,Creighton
2166,Josh Dixon,-4.886,0.9971,-3.889,Milwaukee
2167,Josh Gatete,-1.0823,-1.174,-2.2563,Air Force
2168,Josh Hayes,-2.1842,1.0431,-1.1412,Utah
2169,Josh Hecht,-0.4109,-5.0325,-5.4435,San Diego
2170,Josh Hill,-2.9767,-2.5675,-5.5442,Robert Morris
2171,Josh Hines,0.4754,0.5459,1.0213,Green Bay
2172,Josh Holloway,0.4823,1.7233,2.2056,Texas A&M
2173,Josh Hubbard,-2.5451,7.5879,5.0428,Mississippi State
2174,Josh Jones,1.0344,-0.8033,0.2311,North Dakota
2175,Josh Lee,-0.414,1.2583,0.8444,Denver
2176,Josh Odunowo,-2.0462,1.0424,-1.0038,UMBC
2177,Josh Ogundele,-1.3246,0.8906,-0.434,Hampton
2178,Josh Omojafo,-0.1412,2.8105,2.6693,South Fla.
2179,Josh Pascarelli,-1.8328,2.6245,0.7918,Colorado State
2180,Josh Reed,-3.1505,2.7846,-0.3658,Penn State
2181,Josh Reed,-3.1505,2.7846,-0.3658,Drexel
2182,Josh Rivera,1.5363,2.1246,3.6609,Seton Hall
2183,Josh Scovens,-1.0561,5.5142,4.458,Davidson
2184,Josh Smith,-3.2781,4.653,1.3749,Liberty
2185,Josh Townley-Thomas,0.1471,-0.0286,0.1186,Creighton
2186,Josh Ward,-0.6374,3.4206,2.7832,Cal St. Fullerton
2187,Joshua Aaron Reaves,1.4742,0.4506,1.9248,Hofstra
2188,Joshua Beadle,-1.9318,2.1181,0.1863,Coastal Carolina
2189,Joshua Dalton,-1.9776,0.7778,-1.1998,LMU (CA)
2190,Joshua DeCady,-0.3046,0.9278,0.6232,Hofstra
2191,Joshua Dent,2.1733,6.7522,8.9255,Saint Mary's (CA)
2192,Joshua Hughes,-3.1016,2.4298,-0.6718,Evansville
2193,Joshua Jefferson,3.8742,8.953,12.8272,Iowa State
2194,Joshua Lewis,-2.0955,-0.1667,-2.2622,Louisiana
2195,Joshua O'Garro,-0.7528,3.3386,2.5858,CSUN
2196,Joshua Ola-Joseph,-4.4594,1.2534,-3.206,Loyola Chicago
2197,Josiah Cunningham,-0.2969,-0.5821,-0.879,Columbia
2198,Josiah Davis,-4.125,2.2408,-1.8841,CSUN
2199,Josiah Dunham,-2.1653,-1.1899,-3.3552,Southern Ind.
2200,Josiah Hammons,-2.3285,2.9731,0.6445,UIC
2201,Josiah Harris,-5.8702,0.9955,-4.8747,La Salle
2202,Josiah Harris,-5.8702,0.9955,-4.8747,Cleveland State
2203,Josiah Lake,0.4317,4.7989,5.2306,Oregon State
2204,Josiah LeGree,-1.3727,2.5403,1.1676,Morehead State
2205,Josiah Moore,0.1193,0.0382,0.1576,Tulane
2206,Josiah Moseley,0.7175,1.8388,2.5563,Texas Tech
2207,Josiah Parker,-1.4418,2.033,0.5912,Fla. Atlantic
2208,Josiah Sabino,-1.7233,-1.6818,-3.4051,Niagara
2209,Josiah Sanders,-1.6372,2.4315,0.7943,Colorado
2210,Josiah Shackelford,-1.769,3.6033,1.8344,Bowling Green
2211,Josiah Shackleford,0.3473,-1.3081,-0.9608,North Texas
2212,Joson Sanon,-1.5845,0.3187,-1.2659,St. John's (NY)
2213,Joul Karram,-0.0846,0.2252,0.1406,Utah Valley
2214,Jovan Jester,3.5889,0.2133,3.8022,UC Irvine
2215,Jovan Milicevic,-2.6244,4.766,2.1416,Xavier
2216,Juan Reyna,0.1116,-0.0741,0.0375,Santa Clara
2217,Juanse Gorosito,-1.7683,1.5262,-0.242,San Diego
2218,Judson Bjornstad,-2.881,-2.8345,-5.7154,Samford
2219,Juke Harris,-1.6552,9.472,7.8168,Wake Forest
2220,Julian Bowie,0.2066,0.0068,0.2133,Boise State
2221,Julian Mackey,-3.704,3.6493,-0.0547,FIU
2222,Julian Margrave,-1.8119,0.5422,-1.2697,Omaha
2223,Julien Soumaoro,-3.8177,1.3753,-2.4424,Western Caro.
2224,Julius Halaifonua,-0.5934,4.0906,3.4972,Georgetown
2225,Julius Mims,-3.1203,4.0438,0.9235,New Mexico State
2226,Julius Rollins,-4.5839,1.4549,-3.1289,Denver
2227,Julius Thedford,0.0498,3.6761,3.7258,Memphis
2228,Jun Seok Yeo,-0.9258,0.0821,-0.8437,Seattle U
2229,Junior Sileu,0.1375,-0.0959,0.0416,Western Mich.
2230,Junjie Wang,-0.3116,1.4439,1.1322,San Francisco
2231,Jurian Dixon,0.4193,4.5214,4.9407,UC Irvine
2232,Jusaun Holt,-2.66,1.979,-0.681,Utah Tech
2233,Justice Ajogbor,2.4569,2.1899,4.6468,Saint Joseph's
2234,Justice Shoats,-1.6255,1.467,-0.1585,Siena
2235,Justice Williams,-3.1043,3.6835,0.5792,Western Mich.
2236,Justin Abson,1.7068,1.2607,2.9675,Georgia
2237,Justin Allen,-4.1237,3.6856,-0.4381,Green Bay
2238,Justin Amadi,-0.424,-0.323,-0.747,Mount St. Mary's
2239,Justin Archer,-0.7629,0.8302,0.0673,La Salle
2240,Justin Bailey,0.8767,1.6817,2.5583,Georgia
2241,Justin Begg,-1.212,1.0281,-0.1839,Sam Houston
2242,Justin Bolis,0.064,-0.6266,-0.5627,Nebraska
2243,Justin Cross,-0.4662,-0.2654,-0.7316,Kansas
2244,Justin Hawkins,-3.0782,-0.0462,-3.1245,Niagara
2245,Justin Hinds,-1.4535,-2.803,-4.2565,Air Force
2246,Justin Houser,-0.938,-1.0349,-1.9729,Penn State
2247,Justin Johnson,-2.6421,0.4157,-2.2263,Western Caro.
2248,Justin Kirby,-0.8831,1.3287,0.4456,Miami (OH)
2249,Justin McBride,-3.8009,3.9916,0.1907,James Madison
2250,Justin Menard,-0.452,2.9998,2.5478,Marist
2251,Justin Moore,-5.0251,0.1885,-4.8366,Loyola Chicago
2252,Justin Mullins,-0.1426,0.5377,0.3951,Northwestern
2253,Justin Neely,-3.0979,5.6872,2.5894,UNC Greensboro
2254,Justin Page,-5.6647,0.5032,-5.1614,Niagara
2255,Justin Pippen,1.283,3.5338,4.8168,California
2256,Justin Ray,-1.0139,2.5333,1.5193,Monmouth
2257,Justin Rochelin,-0.2707,1.759,1.4883,Pacific
2258,Justin Taylor,0.8919,-1.2161,-0.3242,James Madison
2259,Justin Thomas,1.3598,-0.4016,0.9582,Bowling Green
2260,Justus McNair,-2.6377,1.9894,-0.6482,Valparaiso
2261,Justyn Fernandez,-3.7588,1.2334,-2.5253,Delaware
2262,Juwan Maxey,-0.3265,-2.2726,-2.5991,Ball State
2263,K'Jei Parker,-2.6536,2.715,0.0614,Massachusetts
2264,KC Ibekwe,0.3092,0.7262,1.0354,Pacific
2265,KC Ugwuakazi,2.5122,-0.0089,2.5033,Merrimack
2266,KJ Cochran,-2.9518,2.3083,-0.6434,Santa Clara
2267,KJ Debrick,0.5423,0.4294,0.9718,N.C. A&T
2268,KJ Greene,-1.4358,1.2576,-0.1781,Tulane
2269,KJ Lewis,2.061,4.3569,6.4179,Georgetown
2270,KJ Martin,-0.3669,2.1625,1.7955,Tulsa
2271,KJ Tenner,-0.963,0.3693,-0.5937,Murray State
2272,KJ Thomas,-0.2979,-0.5317,-0.8296,UTEP
2273,KJ Windham,1.0088,0.4831,1.4918,Northwestern
2274,KJ Younger,-3.3391,3.0921,-0.247,UNC Greensboro
2275,Kaan Yarkut,-0.0909,0.0114,-0.0795,Oregon State
2276,Kabeya Tshibangu,-1.5558,-0.187,-1.7428,Niagara
2277,Kachi Nzeh,-2.434,0.6214,-1.8126,Little Rock
2278,Kacper Klaczek,-1.1587,4.6421,3.4834,Elon
2279,Kadar Waller,-1.8153,-3.1886,-5.0038,CSU Bakersfield
2280,Kade Douglas,-2.0009,0.5032,-1.4976,Tarleton State
2281,Kade Unseld,-0.7737,-1.4428,-2.2165,Western Ky.
2282,Kaden Brown,-1.6757,-1.4,-3.0757,Southern Ind.
2283,Kaden Cooper,2.6814,1.3135,3.9949,Louisiana Tech
2284,Kaden Gumbs,-0.5599,-0.8393,-1.3992,Texas State
2285,Kaden Magwood,-1.4387,1.038,-0.4007,Auburn
2286,Kaden Metheny,-3.7417,5.5745,1.8329,Liberty
2287,Kaden Powers,-0.48,1.2188,0.7388,Rutgers
2288,Kaden Rickard,-1.3151,-0.501,-1.8161,Kennesaw St.
2289,Kaden Stuckey,-2.2989,-3.0824,-5.3813,VMI
2290,Kadyn Betts,-0.4017,-0.056,-0.4577,Montana
2291,Kael Combs,1.1782,1.6262,2.8044,Iowa
2292,Kael Robinson,-0.8879,2.9676,2.0796,Northern Ky.
2293,Kahlil Singleton,-3.5857,2.5813,-1.0043,Canisius
2294,Kahmare Holmes,-0.8337,4.5355,3.7019,Wofford
2295,Kai Burdick,-2.0108,1.6763,-0.3344,Southern Utah
2296,Kai Rogers,-0.7111,-0.0727,-0.7837,Oklahoma
2297,Kai Shinholster,0.6551,-1.3573,-0.7022,Minnesota
2298,Kai Spears,-0.6541,0.7147,0.0605,Marshall
2299,Kai Yu,-0.9053,-1.5132,-2.4185,Bradley
2300,Kaia Berridge,-1.1711,-2.1775,-3.3486,Evansville
2301,Kaia Isaac,-0.7235,1.4425,0.7189,Tarleton State
2302,Kaidon Rayfield,-0.0446,-1.4038,-1.4483,UTSA
2303,Kajus Kublickas,-0.6857,-1.3855,-2.0712,Pacific
2304,Kaleb Banks,-0.2832,0.8469,0.5637,DePaul
2305,Kaleb Brown,-0.2845,-1.1562,-1.4408,Robert Morris
2306,Kaleb Lowery,0.2918,3.8111,4.1028,Nevada
2307,Kaleb Smith,-2.1887,-2.927,-5.1157,Grand Canyon
2308,Kaleb Spencer,-0.6302,1.3386,0.7084,William & Mary
2309,Kalen Garry,-2.5331,2.7889,0.2557,South Dakota State
2310,Kalifa Sakho,1.5587,1.1962,2.7549,Houston
2311,Kam Craft,-3.1224,3.218,0.0956,Georgia Tech
2312,Kam Martin,-2.8683,-0.6106,-3.4788,Samford
2313,Kam Sanders,-2.8384,1.4061,-1.4323,Air Force
2314,Kam Williams,2.5837,3.6959,6.2796,Kentucky
2315,Kam Woods,0.2806,1.2491,1.5296,Southern California
2316,Kamari Jones,-3.7556,-0.3083,-4.0639,Cleveland State
2317,Kamari Lands,-2.618,2.9157,0.2977,Middle Tenn.
2318,Kameron Tinsley,-3.323,0.7602,-2.5628,IU Indy
2319,Kameryn Mitchell,0.3484,0.4712,0.8196,Troy
2320,Kamryn Thomas,-2.2045,1.1002,-1.1043,Omaha
2321,Kanaan Carlyle,0.1508,2.8157,2.9665,Fla. Atlantic
2322,Kanon Catchings,-1.4725,6.6009,5.1284,Georgia
2323,Kany Tchanda,-0.8204,-0.9325,-1.7529,Boston College
2324,Kanye Clary,-1.7516,5.7109,3.9593,Oklahoma State
2325,Kareem Stagg,0.6062,2.584,3.1902,Georgia
2326,Kareem Thomas,-2.2088,2.2064,-0.0025,Dartmouth
2327,Karl Poom,-2.3959,2.8491,0.4532,Northern Ariz.
2328,Karmello Branch,-5.2316,-0.3855,-5.6171,Kansas City
2329,Karon Boyd,0.2122,2.9663,3.1785,Wichita State
2330,Karris Bilal,-2.0006,-1.1227,-3.1233,Louisiana
2331,Karson Ouse,-0.9022,-2.0104,-2.9126,North Dakota
2332,Karson Templin,0.8999,4.0718,4.9718,Utah State
2333,Karter Knox,0.1464,3.5616,3.7079,Arkansas
2334,Karyiek Dixon,-1.3834,0.7391,-0.6443,Western Ill.
2335,Kase Wynott,-0.5496,-0.5923,-1.142,Washington State
2336,Kasean Pryor,0.3915,-1.1231,-0.7316,Louisville
2337,Kaseem Watson,-2.5114,3.4985,0.9871,UTEP
2338,Kasen Carpenter,-0.8098,-0.1502,-0.96,Idaho State
2339,Kasen Jennings,-1.0095,2.2469,1.2374,App State
2340,Kash Polk,-0.3198,-0.0888,-0.4086,Arizona State
2341,Kasheem Grady,-2.3374,-0.784,-3.1214,Kansas City
2342,Kashie Natt,0.9525,6.7756,7.7281,Sam Houston
2343,Kaspar Sepp,-2.2632,0.4354,-1.8278,Cornell
2344,Kavien Jones,-2.2691,-0.0129,-2.282,Tennessee State
2345,Kavion McClain,-0.5002,2.6293,2.1291,Monmouth
2346,Kavon Bradford,-3.6073,-1.9199,-5.5272,Northern Ariz.
2347,Kayde Dotson,-4.2987,2.5155,-1.7832,Loyola Chicago
2348,Kayden Edwards,-1.0957,-0.2365,-1.3322,TCU
2349,Kayden Fish,-1.2861,-1.4013,-2.6874,Ball State
2350,Kayden Mingo,-2.0676,3.7334,1.6659,Penn State
2351,Kayden Nation,-0.6757,0.0956,-0.5801,Central Mich.
2352,Kayvaun Mulready,1.1629,1.268,2.431,Georgetown
2353,KeShawn Murphy,-0.5151,5.9,5.3849,Auburn
2354,Kean Webb,0.1154,0.2059,0.3213,Portland State
2355,Keanu Dawes,0.1816,6.2913,6.4729,Utah
2356,Keaton Frisch,0.0104,0.0653,0.0757,Air Force
2357,Keaton Norris,-0.9226,-0.0311,-0.9537,Samford
2358,Keaton Wagler,1.6131,12.2187,13.8318,Illinois
2359,Keba Keita,2.8307,2.3439,5.1745,BYU
2360,Kebba Njie,1.7411,0.2068,1.9479,Notre Dame
2361,Keegan Harvey,-3.6073,0.7707,-2.8366,Bryant
2362,Keegan Rowell,-0.1003,0.2989,0.1985,Louisiana Tech
2363,Keegan Van Kauwenberg,-0.9036,-0.153,-1.0566,Green Bay
2364,Keelan Steele,-1.3536,-2.2763,-3.6299,Maine
2365,Keenan Garner,-3.15,1.002,-2.148,Central Mich.
2366,Keeyan Itejere,0.3508,1.0179,1.3687,Rhode Island
2367,Keishon Porter,-1.1921,-2.1244,-3.3165,Evansville
2368,Keitenn Bristow,0.1471,-1.6406,-1.4935,Alabama
2369,Keith McKnight,-1.098,2.4602,1.3623,Quinnipiac
2370,Keith Palek,-2.1434,4.7344,2.591,Missouri State
2371,Keith Robbins,-1.2683,0.7322,-0.5361,Belmont
2372,Kelcy Phipps,1.2235,-0.7043,0.5192,Portland State
2373,Kellan Lewis,-1.0009,-0.3877,-1.3886,Hampton
2374,Kellen Hampton,-0.0018,-0.0752,-0.0769,Pacific
2375,Kellen Pickett,0.2122,2.6702,2.8824,Wright State
2376,Kellen Thames,2.2073,5.1886,7.3959,Saint Louis
2377,Kelson Gebbers,-0.383,-1.0409,-1.4239,Portland
2378,Kelvin Odih,-0.3906,-0.6138,-1.0044,St. John's (NY)
2379,Kenan Parrish,-0.3295,-1.6514,-1.9809,Harvard
2380,Kendall Blue,-0.9985,-2.2198,-3.2184,Nebraska
2381,Kendall Taylor,-1.3217,-3.2375,-4.5592,Col. of Charleston
2382,Kendrick De Luna,-0.4237,-1.4201,-1.8438,Cal St. Fullerton
2383,Kendyl Sanders,-1.3233,1.0552,-0.2681,Utah
2384,Kennard Davis,0.1669,2.7717,2.9387,BYU
2385,Kennedy Brown,-0.7912,-0.5667,-1.3579,FIU
2386,Kenny Noland,-1.928,4.5803,2.6524,Columbia
2387,Kenyon Aguino,0.7754,1.8729,2.6483,Montana
2388,Kenyon Giles,0.7194,6.3892,7.1086,Wichita State
2389,Keonte Jones,1.8935,0.5536,2.4471,Dayton
2390,Kerem Konan,-0.6938,1.2835,0.5898,Creighton
2391,Kernan Bundy,0.3189,-1.9485,-1.6296,Kansas City
2392,Kerr Kriisa,0.2385,-1.4624,-1.2239,Cincinnati
2393,Kerrington Kiel,0.79,-0.4999,0.2902,Troy
2394,Keshawn Fisher,0.2595,0.093,0.3525,Detroit Mercy
2395,Keshawn Williams,-0.2589,-2.0213,-2.2802,Iona
2396,Ketron Shaw,-3.8842,0.2336,-3.6506,Old Dominion
2397,Kevair Kennedy,-1.337,3.7367,2.3997,Merrimack
2398,Kevin Anthony,-1.0953,-1.39,-2.4854,Lindenwood
2399,Kevin Carney,-0.0594,-0.5139,-0.5733,LMU (CA)
2400,Kevin Gad,0.6558,0.7284,1.3842,Saint Mary's (CA)
2401,Kevin Kearney,-2.2754,-0.4564,-2.7317,Saint Joseph's
2402,Kevin Overton,-0.5901,5.7086,5.1185,Auburn
2403,Kevin Patton,0.3129,0.1231,0.436,New Mexico
2404,Kevo StHilaire,0.2801,0.3805,0.6606,Cleveland State
2405,Kevon Vanderhorst,-0.5164,-0.651,-1.1674,Drexel
2406,Keynan Davis,-3.5463,-0.7988,-4.3451,The Citadel
2407,Keyon Kensie,0.9623,0.6283,1.5907,Portland State
2408,Keyshawn Hall,-1.6387,9.1414,7.5027,Auburn
2409,Keyshawn Mitchell,-1.0208,1.308,0.2872,VCU
2410,Keyshuan Tillery,0.8359,0.1602,0.9961,Cincinnati
2411,Keziah Ekissi,-1.856,0.0315,-1.8245,Oregon State
2412,Kezza Giffa,0.26,2.3433,2.6032,Ole Miss
2413,Khaafiq Myers,-0.5912,-0.1993,-0.7905,Saint Joseph's
2414,Khaden Bennett,1.14,3.9637,5.1037,Wyoming
2415,Khadim Mboup,2.4967,2.259,4.7557,BYU
2416,Khai Lockwood,-0.4029,0.2672,-0.1357,Dartmouth
2417,Khalil Badru,-1.533,-2.7172,-4.2503,Iona
2418,Khalil London,-2.158,-2.933,-5.091,Tennessee State
2419,Khalil Williams,-3.5899,-4.162,-7.7519,Bryant
2420,Khaman Maker,-0.2998,-1.2336,-1.5335,DePaul
2421,Khamani Cooper,-3.0797,0.3059,-2.7738,Omaha
2422,Khamari McGriff,-0.683,4.0709,3.388,Kansas State
2423,Khani Rooths,2.0776,3.1066,5.1842,Louisville
2424,Khayri Dunn,-3.0849,-0.7778,-3.8627,Ga. Southern
2425,Khoi Thurmon,-1.3531,-1.8925,-3.2457,Oakland
2426,KiJan Robinson,-4.4344,0.249,-4.1854,New Hampshire
2427,Kiani Saxon,0.533,-1.3785,-0.8455,Wyoming
2428,Kieran Elliott,-1.2603,-2.1022,-3.3625,Cal Poly
2429,Kieran Mullen,-1.1022,-1.8279,-2.9301,Pittsburgh
2430,Kiir Kuany,-1.9919,-0.493,-2.485,Ohio
2431,Kilian Brockhoff,-0.9875,0.7251,-0.2624,William & Mary
2432,Killian Gribben,-0.2511,-0.2952,-0.5463,Maine
2433,Killyan Toure,2.7259,3.3446,6.0705,Iowa State
2434,Kimani Hamilton,0.5503,3.3993,3.9496,UNLV
2435,King Grace,-1.2577,0.8923,-0.3653,Mississippi State
2436,King Ijeoma,-1.3213,-2.2707,-3.592,Canisius
2437,Kingston Flemings,2.03,10.5361,12.5661,Houston
2438,Kingston Price,0.2085,-0.685,-0.4765,Fordham
2439,Kirby Mooney,-0.2182,-0.5543,-0.7725,Richmond
2440,Kiree Huie,-1.5336,0.3116,-1.2219,Eastern Wash.
2441,Kirill Elatontsev,1.0244,3.8163,4.8407,Oklahoma
2442,Kirk Cole,-0.864,-0.1741,-1.0381,Oklahoma State
2443,Kiwane Garris,-1.6225,3.9832,2.3607,Cal St. Fullerton
2444,Kiyan Anthony,-2.4071,0.2056,-2.2015,Syracuse
2445,Klark James,0.0093,-0.0378,-0.0285,Alabama
2446,Koa Peat,3.0018,6.0455,9.0473,Arizona
2447,Koat Keat Tong,0.5953,0.2179,0.8132,UC Santa Barbara
2448,Kobe Knox,-0.0785,3.0959,3.0174,South Carolina
2449,Kobe MaGee,-1.3408,3.7007,2.3599,Florida State
2450,Kobe Rodgers,2.407,1.2011,3.6081,Louisville
2451,Kobi Williams,-2.1795,4.3149,2.1353,Missouri State
2452,Kody Clancy,1.0554,0.455,1.5104,Ball State
2453,Kody Williams,-0.047,-3.1321,-3.1791,Hampton
2454,Kohl Rosario,0.9742,0.6552,1.6294,Kansas
2455,Kolby Gilles,-2.6901,-2.3901,-5.0802,Air Force
2456,Kolby King,-1.5719,6.087,4.5151,Utah State
2457,Kolton Mitchell,-2.0076,4.937,2.9295,Idaho
2458,Kooper Jacobi,-4.3306,1.4685,-2.8621,Eastern Ill.
2459,Kordel Jefferson,-0.035,-0.056,-0.091,Houston
2460,Koren Johnson,2.1009,1.5087,3.6096,Ole Miss
2461,Kory Mincy,-0.8964,5.9482,5.0518,George Mason
2462,Kose Egbule,-0.1133,-0.6365,-0.7498,James Madison
2463,Kosy Akametu,-2.2087,0.2826,-1.9261,Iona
2464,Kowacie Reeves,-0.4689,4.7709,4.302,Georgia Tech
2465,Kris Parker,-0.5856,0.3397,-0.2459,UCF
2466,Kristers Skrinda,-0.0171,-0.2006,-0.2176,Stanford
2467,Kristian Gonzalez,-0.3024,0.2106,-0.0919,Idaho
2468,Kristupas Kepezinskas,-0.7745,-2.3798,-3.1543,Rider
2469,Kruz McClure,0.0244,-1.8338,-1.8093,DePaul
2470,Krystian Lewis,-6.3771,1.8102,-4.5669,ULM
2471,Kuluel Mading,-2.7114,-0.1429,-2.8543,Charlotte
2472,Kuol Atak,-2.5933,4.734,2.1407,Oklahoma
2473,Kur Teng,2.1333,4.4735,6.6068,Michigan State
2474,Kwame Evans,0.6583,5.5644,6.2227,Oregon
2475,Kwame Tanic,-0.2433,0.0899,-0.1534,Georgia State
2476,Ky Pernell,-1.0844,-0.7268,-1.8112,Texas State
2477,Kyan Evans,1.8385,-0.3165,1.5221,North Carolina
2478,KyeRon Lindsay-Martin,-1.8083,4.7306,2.9223,UAB
2479,Kylan Blackmon,-3.0905,0.1574,-2.9331,Charlotte
2480,Kylan Boswell,0.9444,5.3078,6.2522,Illinois
2481,Kylan Howze,1.3442,-0.9485,0.3956,Louisiana Tech
2482,Kyle Counts,-0.502,-0.0552,-0.5572,St. Thomas (MN)
2483,Kyle Cuffe,-4.8739,-0.0136,-4.8875,Mercer
2484,Kyle Evans,1.6998,5.5413,7.2411,UC Irvine
2485,Kyle Frazier,0.3849,-0.9233,-0.5384,William & Mary
2486,Kyle Haughy,-0.3741,-0.1791,-0.5532,UC Santa Barbara
2487,Kyle Jones,-0.1095,-0.0184,-0.1279,Buffalo
2488,Kyle Jorgensen,0.7196,5.0025,5.7221,Colorado State
2489,Kyle Marshall,-0.3875,-0.8696,-1.2571,Air Force
2490,Kyle Pock,2.6357,-0.1088,2.5269,UNI
2491,Kyle Pulliam,-1.3757,1.6334,0.2576,William & Mary
2492,Kyle Thomas,-0.5927,-0.9831,-1.5758,SIUE
2493,Kyle Waltz,0.1618,2.7435,2.9053,Miami (OH)
2494,Kyler D'Augustino,-4.1077,3.8867,-0.221,IU Indy
2495,Kyler VanderJagt,-3.0818,0.7086,-2.3732,Toledo
2496,Kymany Houinsou,-2.6351,-1.2785,-3.9136,Loyola Chicago
2497,Kyndall Davis,0.8629,-0.795,0.0679,Texas State
2498,Kyonte Thomas,-0.9199,-0.8922,-1.8121,Valparaiso
2499,Kyran Ratliff,-1.1255,-2.7768,-3.9023,Louisiana
2500,Kyrese Mullen,-0.9681,-1.9531,-2.9212,New Mexico State
2501,LA Hayes,1.3417,-0.2345,1.1072,UTEP
2502,LA Pratt,0.9074,-0.531,0.3764,Northeastern
2503,LJ Brown,-0.7539,-0.5606,-1.3145,UTSA
2504,LJ Cason,1.8247,4.7858,6.6105,Michigan
2505,LJ Hackman,0.791,2.6032,3.3942,Western Ky.
2506,LJ Thomas,-3.8938,1.4901,-2.4038,Old Dominion
2507,LJ Wells,-0.9826,4.4253,3.4427,Northern Ky.
2508,Labaron Philon,-0.7302,10.1441,9.4139,Alabama
2509,Lachlan Brewer,-3.8496,3.9679,0.1183,Idaho State
2510,Lachlan Smith,0.0914,-0.1381,-0.0468,Fla. Atlantic
2511,Lachlan Thompson,0.0908,-0.1432,-0.0525,Louisiana Tech
2512,Ladji Dembele,-1.2727,0.0954,-1.1773,UNLV
2513,Ladji Kante,-1.5739,0.204,-1.3699,NIU
2514,Ladontae Felton,-0.6064,-0.044,-0.6504,East Carolina
2515,Lajae Jones,0.1055,5.1528,5.2584,Florida State
2516,Lamar Washington,0.1062,1.1024,1.2087,Georgia Tech
2517,Lamar Wilkerson,-0.8649,8.5722,7.7073,Indiana
2518,Lamin Sabally,-2.7952,3.274,0.4788,Iona
2519,Lamine Niang,0.1328,-1.6925,-1.5596,UT Martin
2520,Lance Carr,0.6534,-0.0677,0.5857,UAB
2521,Lance Stone,-2.8696,0.6443,-2.2253,Detroit Mercy
2522,Lance Waddles,-3.5439,4.0451,0.5013,Omaha
2523,Landen Birley,-1.3006,-0.5725,-1.8731,Idaho State
2524,Landen Joseph,-1.4615,3.8555,2.394,Marshall
2525,Landon Clark,-2.3002,0.6811,-1.6191,Princeton
2526,Landon King,-1.5142,-1.2566,-2.7709,UNC Greensboro
2527,Landon Lewis,-0.6863,1.5985,0.9121,Brown
2528,Landon Moore,-0.6589,0.0747,-0.5842,Illinois State
2529,Landon Seaman,-2.6812,5.2142,2.533,Cal St. Fullerton
2530,Landon Vanderwarker,-1.6419,-0.8067,-2.4485,Kent State
2531,Landon Williams,-1.8307,-0.1328,-1.9635,Niagara
2532,Landon Wolf,-0.496,4.5327,4.0367,Illinois State
2533,Landren Blocker,1.4454,-1.372,0.0734,Southeast Mo. St.
2534,Lane Sparks,-0.2736,0.3522,0.0785,Oral Roberts
2535,Langston Bailey,-0.6156,-0.0978,-0.7134,Bryant
2536,Langston Binns,-1.2573,0.2861,-0.9712,Southern Utah
2537,Langston Love,-2.0921,-0.1382,-2.2303,Georgetown
2538,Langston Reynolds,-0.7844,1.887,1.1026,Minnesota
2539,Larry Hughes,-1.3847,3.9764,2.5918,CSUN
2540,Lassina Traore,0.4923,0.8821,1.3744,Texas
2541,Lathan Sommerville,-0.837,-3.0449,-3.8819,Washington
2542,Latif Diouf,0.2285,-0.2426,-0.0141,Chattanooga
2543,Latrell Wrightsell,1.6558,6.0856,7.7415,Alabama
2544,Lav Cvetkovic',-0.4605,-0.6698,-1.1302,IU Indy
2545,Lavell Brodnex,-5.6151,4.8265,-0.7886,ULM
2546,Layden Blocker,0.9521,0.9378,1.89,DePaul
2547,Layne Taylor,-1.9061,4.9621,3.056,Murray State
2548,Lazar Djokovic,1.7046,4.6572,6.3618,VCU
2549,Lazar Milosevic,0.0277,0.564,0.5917,Duquesne
2550,LeBron Thomas,-2.5334,-1.0208,-3.5542,Green Bay
2551,LeJuan Watts,-1.963,3.7247,1.7617,Texas Tech
2552,Lee Dort,1.6393,1.5278,3.1671,California
2553,Leeroy Odiahi,-1.1274,-1.524,-2.6514,Western Ky.
2554,Lefteris Liotopoulos,0.9671,0.3725,1.3397,St. John's (NY)
2555,Lefteris Mantzoukas,-0.6703,-1.1302,-1.8005,Oklahoma State
2556,Legend Geeter,-2.9945,1.4239,-1.5706,Detroit Mercy
2557,Legend Smiley,0.0518,3.6073,3.659,San Francisco
2558,Leif Moeller,-4.3872,1.7694,-2.6178,Evansville
2559,Leland Coleman,-0.3538,-1.2566,-1.6104,Columbia
2560,Leland Walker,-2.6255,4.384,1.7585,Wyoming
2561,Lennart Weber,-2.1007,-1.0427,-3.1434,Bryant
2562,Leo Amari,-0.2692,-0.5285,-0.7977,Evansville
2563,Leo Beath,-0.5998,2.5949,1.9951,UC San Diego
2564,Leo Curtis,-0.4898,-0.3138,-0.8036,Nebraska
2565,Leon Bond,0.0337,3.1055,3.1392,UNI
2566,Leon Horner,1.6226,1.683,3.3056,Texas Tech
2567,Leon Nahar,-0.0869,0.4092,0.3222,Stony Brook
2568,Leon Sifferlin,-0.6165,0.5042,-0.1124,Tulsa
2569,Leonardo Bettiol,0.9735,5.4961,6.4696,Massachusetts
2570,Leopold Levillain,0.0365,-0.637,-0.6004,Long Beach State
2571,Leroy Blyden,-0.9802,6.4593,5.4791,Toledo
2572,Leroy Kelly,0.7226,1.0336,1.7561,Tarleton State
2573,Lewis Walker,-4.6742,5.8214,1.1472,N.C. A&T
2574,Liam Campbell,1.4699,2.5426,4.0125,Saint Mary's (CA)
2575,Liam Dagostino,-0.0906,0.1387,0.0481,Stony Brook
2576,Liam Dayco-Green,-0.1516,0.4827,0.3311,Fla. Atlantic
2577,Liam Koelsch,-0.9609,-0.187,-1.1479,Northeastern
2578,Liam McChesney,-0.6802,-0.2063,-0.8865,Creighton
2579,Liam Murphy,-0.6495,-0.1503,-0.7999,Purdue
2580,Lilian Marville,-5.2595,1.2308,-4.0287,UNC Greensboro
2581,Lino Mark,-0.6871,2.7841,2.0969,Rutgers
2582,Linus Holmstrom,-0.7803,2.5586,1.7783,VMI
2583,Liutauras Lelevicius,0.9823,4.5559,5.5383,TCU
2584,Loch Cunningham,0.0873,-0.2356,-0.1483,Denver
2585,Logan Applegate,-2.3351,2.9782,0.6431,The Citadel
2586,Logan Carey,-0.8489,0.0334,-0.8155,Maine
2587,Logan Epes,-0.0418,0.497,0.4552,Missouri State
2588,Logan Imes,-0.0664,1.9014,1.835,Notre Dame
2589,Logan Kinsey,-2.305,5.0355,2.7305,Denver
2590,Logan McIntire,-2.2253,3.6666,1.4413,Central Mich.
2591,Logan Menefee,-0.6223,-1.0791,-1.7014,The Citadel
2592,Logan Myers,-0.2261,-0.2024,-0.4285,Louisiana
2593,Logan Stephens,0.5821,-0.3622,0.2199,Southern Utah
2594,Logan Woods,-1.3549,1.7065,0.3516,Wright State
2595,London Jemison,0.8881,2.7499,3.638,Alabama
2596,London Maiden,-2.2,-1.0199,-3.2199,Detroit Mercy
2597,London Praytor,-1.4145,0.1385,-1.276,Toledo
2598,Lorenzo Abellar,-2.229,-1.7284,-3.9574,Southern Utah
2599,Louie Semona,0.0275,0.5154,0.5428,Western Ky.
2600,Louis Bond,-0.9845,0.6352,-0.3493,Idaho State
2601,Louis Lesmond,-1.2874,-1.0598,-2.3472,Fordham
2602,Luca Ace-Nasteski,-0.3139,-0.8158,-1.1297,Harvard
2603,Luca Colceag,0.2676,-0.4107,-0.143,UT Martin
2604,Luca Soroa Schaller,-0.5672,0.9837,0.4165,Northeastern
2605,Lucas Burton,-0.9572,0.298,-0.6592,Cleveland State
2606,Lucas Denault,0.0,0.0017,0.0017,Princeton
2607,Lucas Hobin,-5.645,0.9691,-4.6759,Air Force
2608,Lucas Langarita,-1.5023,-1.3298,-2.8322,Utah
2609,Lucas Lorenzen,-6.115,1.9356,-4.1794,Western Ill.
2610,Lucas Mari,-1.5848,-2.1637,-3.7485,Vermont
2611,Lucas Orchard,-0.4721,-0.5442,-1.0163,Monmouth
2612,Lucas Prolla,0.0836,-0.4203,-0.3367,Duquesne
2613,Lucas Scroggins,-0.2305,4.0681,3.8376,Saint Peter's
2614,Lucas-Allan Lueth,0.8927,-0.2698,0.6229,Penn
2615,Lucius Gibson-Savadel,-0.433,-1.5325,-1.9654,Sacred Heart
2616,Luka Bogavac,0.3935,2.7649,3.1584,North Carolina
2617,Luka Damjanac,-2.8007,0.5487,-2.252,Massachusetts
2618,Luka Jovanovic,-0.6451,0.8889,0.2438,Middle Tenn.
2619,Luka Tarlac,-1.9072,-2.2087,-4.1159,Cal Poly
2620,Luka Toews,-0.1437,0.092,-0.0517,Boston College
2621,Luka Vudragovic,-2.376,-1.4994,-3.8754,Pepperdine
2622,Luke Almodovar,-1.5576,5.1587,3.6011,Southeast Mo. St.
2623,Luke Bamgboye,4.059,-0.3597,3.6993,Texas Tech
2624,Luke Butler,0.0015,-0.3822,-0.3807,California
2625,Luke Cronin,-0.2087,0.0278,-0.1809,Tulane
2626,Luke Davidson,0.1338,0.0621,0.1959,Fairfield
2627,Luke Davis,-0.4567,-0.0317,-0.4884,East Carolina
2628,Luke Fennell,-0.1767,-1.0405,-1.2172,Syracuse
2629,Luke Flynn,-0.9461,0.3233,-0.6227,Wofford
2630,Luke Gray,-1.7956,2.9442,1.1486,Oral Roberts
2631,Luke Haertle,-0.479,-0.1472,-0.6261,South Dakota State
2632,Luke Haupt,2.6759,1.9228,4.5987,New Mexico
2633,Luke Hunger,-0.5657,2.982,2.4163,George Washington
2634,Luke Johnson,-1.1551,-0.0604,-1.2155,Oregon
2635,Luke Jungers,-2.0579,1.6205,-0.4374,Iona
2636,Luke Kearney,-1.4081,1.1525,-0.2556,Utah State
2637,Luke Ledford,-0.2513,0.362,0.1107,App State
2638,Luke McEldon,-0.9507,0.8594,-0.0913,Mount St. Mary's
2639,Luke Northweather,-0.3403,2.8073,2.467,Missouri
2640,Luke Paragon,-1.446,4.1936,2.7475,Brown
2641,Luke Rasmussen,0.9097,0.0734,0.9832,Tulane
2642,Luke Skaljac,-0.7077,4.359,3.6513,Miami (OH)
2643,Luke Wilson,0.097,2.5125,2.6096,App State
2644,Luke Zuffelato,-0.0218,-1.1737,-1.1955,UC Santa Barbara
2645,Lureon Walker,-0.2515,0.2651,0.0136,N.C. A&T
2646,MJ Collins,0.2289,9.0626,9.2915,Utah State
2647,MJ Russell,-3.4607,2.5193,-0.9414,ULM
2648,MJ Yeager,-0.6744,-0.4758,-1.1502,Oakland
2649,Ma'Kye Taylor,-2.6766,-2.8419,-5.5185,UAlbany
2650,Ma'Shy Hill,1.3787,-3.456,-2.0773,Abilene Christian
2651,Mac Wrecke,-1.9906,-1.8574,-3.848,Green Bay
2652,Macaleab Rich,-0.0862,0.1031,0.0169,UTSA
2653,Macari Moore,0.7864,-0.4816,0.3048,Pittsburgh
2654,Mackenzie Mgbako,-1.6962,1.1401,-0.5561,Texas A&M
2655,Macon Emory,-1.4669,0.4379,-1.029,Delaware
2656,Maddox Monson,-0.9525,0.7042,-0.2483,Eastern Wash.
2657,Madiba Owona,-0.0501,-0.2248,-0.2749,Utah Tech
2658,Madison Durr,-0.827,0.8557,0.0288,UNCW
2659,Magnus Entenmann,-0.4607,1.3082,0.8475,Kent State
2660,Magoon Gwath,1.8914,1.689,3.5804,San Diego State
2661,Maguire Mitchell,-2.7413,3.3815,0.6402,IU Indy
2662,Mahmoud Fofana,0.6759,4.272,4.9479,CSUN
2663,Major Freeman,-2.2632,1.3441,-0.919,Charlotte
2664,Mak Manciel,-0.8336,0.3876,-0.446,Eastern Mich.
2665,Makai Grant,-0.1725,-0.106,-0.2784,Dayton
2666,Makai Kvamme,-3.2169,-1.8499,-5.0668,Western Ill.
2667,Makai Richards,-0.6035,-1.2437,-1.8472,Chattanooga
2668,Makai Willis,-1.4965,-0.3894,-1.8859,Texas State
2669,Makaih Williams,1.544,5.2967,6.8407,Grand Canyon
2670,Makel Smith,-0.5872,0.073,-0.5142,UNCW
2671,Makhai Valentine,-3.9391,2.9884,-0.9507,NIU
2672,Makhan Diouf,0.3793,-2.1171,-1.7378,Fresno St.
2673,Makhi Leach,0.4448,0.3306,0.7754,Bowling Green
2674,Maki Johnson,-0.1828,3.4006,3.2178,ETSU
2675,Makoi Mabor Makoi,-1.8466,-1.3431,-3.1897,UNCW
2676,Malachi Arrington,-1.5192,-3.3133,-4.8325,NJIT
2677,Malachi Brown,-3.1911,1.6711,-1.52,Georgia State
2678,Malachi Moreno,2.4171,5.0736,7.4907,Kentucky
2679,Malachi Palmer,0.65,3.0793,3.7293,Villanova
2680,Malachi Smith,1.9645,1.5213,3.4858,UConn
2681,Malcolm Christie,-1.5627,-0.0908,-1.6535,Oregon State
2682,Malcolm Flaggs,-0.0553,-0.0778,-0.133,Villanova
2683,Malcolm Thomas,-1.4668,0.7621,-0.7046,Dayton
2684,Malcolm Wrisby-Jefferson,0.3412,-2.8958,-2.5546,Brown
2685,Maleek Arington,2.7045,-1.3683,1.3362,Seattle U
2686,Malek Archie,0.4479,0.6017,1.0497,Tarleton State
2687,Malek Gomma,-1.0813,3.1783,2.097,Weber State
2688,Malick Diallo,-0.2278,-0.7325,-0.9602,TCU
2689,Malick Kordel,0.072,-0.0271,0.0449,Michigan
2690,Malik Abdullahi,-1.8239,0.0911,-1.7328,Princeton
2691,Malik Dia,-0.1159,2.9288,2.8129,Ole Miss
2692,Malik Edmead,-0.9698,-2.3236,-3.2934,Merrimack
2693,Malik Ferguson,-4.02,-1.4017,-5.4217,Tennessee Tech
2694,Malik Mack,-0.7842,4.6819,3.8977,Georgetown
2695,Malik Messina-Moore,-0.8705,2.5509,1.6804,Xavier
2696,Malik Olafioye,-2.1593,-3.0606,-5.2199,Eastern Ill.
2697,Malik Presley,-0.8045,-0.9204,-1.7249,George Mason
2698,Malik Reneau,0.5213,7.5278,8.0491,Miami (FL)
2699,Malik Sheppard,-0.2102,0.0126,-0.1977,Sacred Heart
2700,Malik Thomas,-0.3589,2.8915,2.5326,Virginia
2701,Maliq Brown,3.3216,2.7757,6.0973,Duke
2702,Malique Ewin,0.3733,6.6255,6.9988,Arkansas
2703,Manie Joses,2.1421,1.7569,3.899,Davidson
2704,Manny Hill,-0.8593,-0.7985,-1.6578,Cleveland State
2705,Mantas Juzenas,0.0304,1.2562,1.2867,Saint Mary's (CA)
2706,Mantas Kocanas,-1.0871,-1.4967,-2.5838,California
2707,Marcell McCreary,-0.0167,4.3172,4.3004,UT Arlington
2708,Marcos Gonzales,-4.2938,-3.1939,-7.4877,The Citadel
2709,Marcus Adams,-1.206,0.2956,-0.9104,Arizona State
2710,Marcus Allen,-0.0374,-0.3175,-0.3549,Miami (FL)
2711,Marcus Banks,-3.8536,3.9192,0.0656,Massachusetts
2712,Marcus Fitzgerald,-0.993,-1.3909,-2.3838,Jacksonville State
2713,Marcus Greene,-0.8988,-0.3528,-1.2516,Fordham
2714,Marcus Hall,-3.9721,4.8373,0.8652,Green Bay
2715,Marcus Hill,0.7911,3.8985,4.6896,Texas A&M
2716,Marcus Jackson,-0.5709,-1.2336,-1.8045,Siena
2717,Marcus Johnson,-1.3083,-0.0447,-1.353,Kansas State
2718,Marcus Kell,-3.6626,3.8327,0.1701,Western Caro.
2719,Marcus Millender,-1.3987,8.1887,6.7899,Georgia
2720,Marcus Niblack,1.2533,-2.6361,-1.3828,Canisius
2721,Marcus Overstreet,-1.3392,0.7106,-0.6286,San Jose State
2722,Marcus Pigram,-3.7681,-2.3741,-6.1422,Western Ill.
2723,Marcus Rigsby,-1.5678,-2.3304,-3.8982,UT Arlington
2724,Marcus Whitlock,0.3466,3.386,3.7326,Middle Tenn.
2725,Marcus Wilson,-0.7665,2.8317,2.0653,UC Davis
2726,Marial Akuentok,-1.35,-0.5043,-1.8543,Texas Tech
2727,Mario Saint-Supery,2.993,4.6809,7.6739,Gonzaga
2728,Mario Tatum,-5.5781,0.56,-5.0181,VMI
2729,Mark Brown,0.0602,-1.7511,-1.6909,Valparaiso
2730,Mark Drone,-2.7711,1.1072,-1.6638,Texas State
2731,Mark Lavrenov,-3.0219,0.4117,-2.6102,Sacramento St.
2732,Mark Mitchell,-0.7481,9.2781,8.53,Missouri
2733,Mark Zackery,-0.1664,-0.2626,-0.429,Notre Dame
2734,Markel Jennings,-0.0015,-0.0941,-0.0956,Georgia
2735,Markhi Strickland,-1.6519,2.1956,0.5437,North Dakota State
2736,Marko Ljubicic,-4.0459,-0.1542,-4.2001,Manhattan
2737,Marko Radunovic,0.5475,-3.0479,-2.5004,Boston College
2738,Markus Blackwell,-2.73,0.8404,-1.8896,Eastern Ill.
2739,Markus Burton,1.8679,4.333,6.2009,Notre Dame
2740,Markus Harding,-0.1741,-1.8129,-1.987,Indiana State
2741,Marley Curtis,-1.5034,-1.0709,-2.5743,North Dakota
2742,Marlon Barnes,-0.2712,0.1967,-0.0745,Evansville
2743,Marqueas Bell,-2.4135,4.3908,1.9773,Southeast Mo. St.
2744,Marquel Sutton,-1.8396,6.0996,4.26,LSU
2745,Marqui Worthy,-1.7965,3.2858,1.4893,UC Riverside
2746,Marqus Marion,2.1987,0.7566,2.9553,Wake Forest
2747,Martel Williams,0.9226,1.4006,2.3232,California Baptist
2748,Martin Carrere,-1.0101,-0.5811,-1.5912,Virginia
2749,Martin Kalu,-1.5428,-0.2817,-1.8246,Col. of Charleston
2750,Martin Kawa,0.2903,-2.4267,-2.1364,Marist
2751,Martin Kheil,-2.6586,2.8879,0.2293,Idaho State
2752,Martin Somerville,2.6109,3.7824,6.3933,Florida State
2753,Martin de Laporterie,-2.3938,-4.3782,-6.772,Drexel
2754,Martins Kilups,-2.8744,0.3472,-2.5272,Oral Roberts
2755,Maruan Cicic,-1.5339,-1.3654,-2.8994,Green Bay
2756,Marvin McGhee,-0.3112,5.1552,4.844,UC Santa Barbara
2757,Marvin Musiime-Kamali,-0.0357,1.108,1.0723,Akron
2758,Masai Troutman,0.4091,-0.2587,0.1504,George Mason
2759,Masiah Gilyard,-2.2046,2.2128,0.0082,Temple
2760,Mason Blackwood,-2.6871,0.0723,-2.6148,Penn State
2761,Mason Ellison,-2.9066,-3.1113,-6.018,Delaware
2762,Mason Falslev,2.4931,7.3327,9.8258,Utah State
2763,Mason Hagedorn,-0.1425,-0.4473,-0.5898,VMI
2764,Mason Jones,-0.1754,-1.5961,-1.7716,Ball State
2765,Mason Klabo,-0.7383,3.6149,2.8767,Illinois State
2766,Mason Lawson,-0.5162,0.1101,-0.4061,VMI
2767,Mason Matthews,-0.5964,-0.4565,-1.0529,Memphis
2768,Mason Miller,-0.9741,4.2333,3.2592,Murray State
2769,Mason Moses,-0.3539,-0.1125,-0.4664,Georgetown
2770,Mason Nicholson,-0.6101,-0.4534,-1.0635,Vanderbilt
2771,Mason Ritter,-1.7694,-0.8025,-2.5719,Columbia
2772,Mason Shrout,-0.1957,0.4697,0.2741,Purdue Fort Wayne
2773,Mason Smith,-0.1042,0.5596,0.4554,Furman
2774,Mason So,-1.8138,-2.676,-4.4898,Mount St. Mary's
2775,Massamba Diop,2.342,4.1571,6.499,Arizona State
2776,Matas Buteliauskas,-0.6066,-0.4215,-1.0281,Buffalo
2777,Matas Deniusas,-0.3873,3.6377,3.2504,UT Martin
2778,Matas Vokietaitis,-0.1918,5.2021,5.0103,Texas
2779,Mateen Rafiq,-1.2949,5.3002,4.0053,Cornell
2780,Matheo Coffi,-2.9878,-0.0666,-3.0544,UTSA
2781,Mathieu Grujicic,-0.3585,0.0628,-0.2957,Ohio State
2782,Mathis Courbon,-1.1289,2.786,1.6571,Murray State
2783,Matija Belic,1.4359,-1.3823,0.0536,Wyoming
2784,Matija Samar,-1.738,1.2501,-0.488,Oregon State
2785,Matt Able,-0.4867,5.2945,4.8078,NC State
2786,Matt Compas,-2.356,-0.9731,-3.3291,IU Indy
2787,Matt Dann,0.7686,1.3346,2.1032,Sam Houston
2788,Matt Hayman,-1.5382,2.3233,0.7851,Arkansas State
2789,Matt Hodge,-0.5299,3.7621,3.2322,Villanova
2790,Matt Reed,-1.9744,-0.7089,-2.6833,Iona
2791,Matt Van Komen,1.7786,2.0398,3.8184,Marshall
2792,Matteo Porto,-0.4955,-0.9437,-1.4393,Fresno St.
2793,Matthew Bothun,-1.9862,-1.3694,-3.3555,North Dakota
2794,Matthew MacLellan,-0.2433,0.1492,-0.094,Notre Dame
2795,Matthew Mors,-0.2057,3.6419,3.4362,South Dakota State
2796,Matthew Quinlan,-0.5918,0.3129,-0.2789,Cal St. Fullerton
2797,Matthew Zobrist,-0.5769,-0.8841,-1.461,Bradley
2798,Matus Hronsky,-1.5415,1.5191,-0.0224,Portland
2799,Matyas Vrabel,-0.5626,-1.1149,-1.6775,Tarleton State
2800,Maurice Odum,-0.922,3.9062,2.9842,Arizona State
2801,Maurizio D'Alessandro,-0.08,0.0093,-0.0707,Rider
2802,Max Burton,-3.1415,0.385,-2.7565,Western Mich.
2803,Max Davis,0.2421,0.5579,0.8,Drexel
2804,Max Green,0.3522,1.921,2.2732,Northwestern
2805,Max Jusianiec,-1.0595,-2.2526,-3.3121,Canisius
2806,Max Langenfeld,-1.6785,-0.0234,-1.7019,Fla. Atlantic
2807,Max Laskey,-0.9798,0.1916,-0.7883,NIU
2808,Max Lipacis,-0.3566,-0.7114,-1.0679,La Salle
2809,Max Mackinnon,-2.302,5.8269,3.5249,LSU
2810,Max Majerle,-2.6229,-1.7062,-4.3291,North Dakota State
2811,Max Miller,0.1354,-0.4342,-0.2988,Fordham
2812,Max Pikaar,0.3492,-1.6997,-1.3504,Southern Ill.
2813,Max Smith,-0.0432,-0.3028,-0.346,Ole Miss
2814,Max Weisbrod,1.5981,0.5282,2.1263,UNI
2815,Max Williams,-0.3823,-0.375,-0.7573,Western Caro.
2816,Maxim Logue,0.5004,2.9814,3.4819,Fla. Atlantic
2817,Maximo Ortega,-3.0996,0.0879,-3.0116,Wofford
2818,Maximus Edwards,-0.986,-0.1954,-1.1814,Duquesne
2819,Maximus Gizzi,-0.0516,-1.2448,-1.2964,Minnesota
2820,Maximus Nelson,-2.2699,0.6373,-1.6326,Purdue Fort Wayne
2821,Maxwell Land,-0.3455,0.134,-0.2115,South Alabama
2822,Mayar Wol,-2.3369,4.5144,2.1775,Bowling Green
2823,Mazi Mosley,0.5508,0.2506,0.8014,LSU
2824,Mbaye N'Diaye,-0.3034,-0.5042,-0.8076,Eastern Mich.
2825,Meechie Johnson,0.4554,5.6813,6.1367,South Carolina
2826,Meechie White,0.6693,-0.8954,-0.2261,Eastern Ill.
2827,Mehki Ellison,-0.7056,0.0318,-0.6738,Eastern Mich.
2828,Mekai Johnson,-1.2652,-1.5947,-2.8598,Saint Joseph's
2829,Mekhi Cameron,-2.48,1.7108,-0.7692,Tennessee Tech
2830,Mekhi Conner,-4.2531,-0.3289,-4.582,Sacred Heart
2831,Mekhi Cooper,-1.9054,-2.0354,-3.9407,Lindenwood
2832,Mekhi Gray,-3.5261,-0.5485,-4.0745,Maine
2833,Mekhi Lowery,0.4951,2.6576,3.1527,UIC
2834,Mekhi Mason,-0.9827,3.4312,2.4485,Wake Forest
2835,Mekhi Ragland,-0.4215,-0.6129,-1.0344,Oklahoma State
2836,Mekhi Turner,-1.5287,-0.9266,-2.4553,Tennessee Tech
2837,Melakih Cunningham,-0.9032,0.1673,-0.7358,Missouri State
2838,Meleek Thomas,0.372,7.7227,8.0947,Arkansas
2839,Melian Martinez,0.9004,-0.6761,0.2242,Louisiana Tech
2840,Melih Tunca,-2.0771,4.1272,2.0501,Penn State
2841,Melvin Bell,-4.8081,2.668,-2.1402,San Jose State
2842,Melvin Council,2.0596,4.2963,6.3559,Kansas
2843,Melvyn Ebonkoli,-0.0128,-1.1943,-1.2071,NJIT
2844,Mercy Miller,0.3213,3.864,4.1853,Houston
2845,Merritt Alderink,-1.1273,-1.9681,-3.0954,Eastern Mich.
2846,Micah Caster,-3.0963,-3.4824,-6.5787,ULM
2847,Micah Curtis,-0.3811,-0.3418,-0.723,North Dakota
2848,Micah Davis,-3.8531,-0.0186,-3.8717,IU Indy
2849,Micah Handlogten,0.4876,3.7293,4.2169,Florida
2850,Micah Robinson,1.2293,3.8366,5.0659,TCU
2851,Micah Tucker,-2.5615,1.0057,-1.5558,Georgia State
2852,Michael Ajayi,-0.1276,5.4737,5.3462,Butler
2853,Michael Belle,0.0435,5.1467,5.1903,VCU
2854,Michael Collins,-0.6488,-2.6907,-3.3396,Louisiana
2855,Michael Cooper,-4.3977,5.2857,0.888,Wright State
2856,Michael DeOrsey,-0.3562,-0.254,-0.6102,Bryant
2857,Michael Eley,-3.097,6.3559,3.2589,Hampton
2858,Michael Gray,-0.3537,1.9773,1.6236,Wichita State
2859,Michael Houge,-3.0726,0.2452,-2.8274,Oakland
2860,Michael Imariagbe,0.2437,5.5275,5.7712,Wright State
2861,Michael Lawlor,-0.5833,0.2732,-0.3102,Manhattan
2862,Michael Marcus,-0.6618,1.9702,1.3085,App State
2863,Michael Mouton,-0.1304,0.0504,-0.0799,Louisiana
2864,Michael Nwoko,-1.8301,5.6917,3.8616,LSU
2865,Michael Osei-Bonsu,1.4811,3.9608,5.4419,Missouri State
2866,Michael Phillips,0.824,-0.2246,0.5995,Marquette
2867,Michael Rataj,-2.8898,3.7063,0.8165,Baylor
2868,Michael Rogan,-0.8305,-0.6102,-1.4407,Fairfield
2869,Michael Simcoe,-1.7898,0.5035,-1.2863,UC Santa Barbara
2870,Michael Sulaka,-1.7967,-0.1083,-1.905,Western Mich.
2871,Michael Van Raaphorst,-0.3177,-0.2069,-0.5246,Georgetown
2872,Michael Wolf,-0.4804,-0.1004,-0.5809,Xavier
2873,Michael Zanoni,-4.1986,2.2643,-1.9343,Penn
2874,Michelangelo Oberti,-0.0156,0.2817,0.2661,Penn
2875,Mier Panoam,-1.059,-1.1136,-2.1726,Xavier
2876,Mihailo Boskovic,-0.9924,1.0074,0.0149,BYU
2877,Mihailo Petrovic,-0.7733,-1.459,-2.2324,Illinois
2878,Mikah Ballew,-1.6338,-0.0815,-1.7152,Portland
2879,Mikale Stevenson,-3.3493,0.9752,-2.3741,Purdue Fort Wayne
2880,Mike Evbagharu,-2.7202,2.133,-0.5872,Canisius
2881,Mike James,-0.8232,0.2188,-0.6044,Vanderbilt
2882,Mike Loughnane,-5.2018,3.2317,-1.9701,Northeastern
2883,Mike Price,-2.585,-1.9997,-4.5847,CSU Bakersfield
2884,Mike Sharavjamts,-0.0745,4.2796,4.2051,South Carolina
2885,Mike Walz,-1.5286,2.7623,1.2337,Richmond
2886,Mike Williams,-2.7853,0.3441,-2.4411,Seton Hall
2887,Mikel Brown,0.0105,5.0935,5.104,Louisville
2888,Mikey Lewis,-0.3776,6.6524,6.2748,Saint Mary's (CA)
2889,Mikey Williams,-3.4817,1.9995,-1.4822,Sacramento St.
2890,Mikhail Pocknett,-0.592,-1.0793,-1.6713,Buffalo
2891,Mikkel Tyne,-2.036,0.7355,-1.3006,Richmond
2892,Milan Mejia,-0.2492,-3.1208,-3.37,Louisiana
2893,Milan Momcilovic,2.2844,9.8509,12.1353,Iowa State
2894,Miles Amos,0.6581,-0.9021,-0.244,Seattle U
2895,Miles Barnstable,-1.4836,7.0664,5.5828,Tulsa
2896,Miles Byrd,2.7645,4.2779,7.0423,San Diego State
2897,Miles Daniels,0.9449,0.106,1.0509,California Baptist
2898,Miles Franklin,0.0649,-0.5081,-0.4432,Columbia
2899,Miles Goodman,0.0628,-4.5583,-4.4955,UT Arlington
2900,Miles Heide,1.2848,1.3461,2.6309,San Diego State
2901,Miles Keeffe,0.0937,-0.4784,-0.3847,Vanderbilt
2902,Miles Klapper,1.0787,1.4323,2.511,Idaho
2903,Miles Newton,0.6431,-0.2322,0.4109,Northeastern
2904,Miles Rose,-2.3148,-2.0038,-4.3186,UAlbany
2905,Miles Rubin,0.1091,3.1077,3.2168,Loyola Chicago
2906,Miles Stewart,-0.0205,-0.1207,-0.1411,Oregon
2907,Milos Ilic,1.4675,0.6132,2.0807,California
2908,Milos Nenadic,-1.1345,2.5912,1.4567,Lindenwood
2909,Milos Uzan,2.9393,3.6874,6.6267,Houston
2910,Milos Vicentic,-0.3181,0.3064,-0.0117,New Mexico
2911,Milton Matthews,-0.5431,1.4412,0.8981,ETSU
2912,Miro Little,0.6403,4.7605,5.4008,UC Santa Barbara
2913,Mister Dean,0.6155,0.5707,1.1862,Col. of Charleston
2914,Mitchel Minor,0.0303,0.0493,0.0796,Northern Ky.
2915,Mitchell Holmes,0.0888,0.4138,0.5025,SMU
2916,Mo Njie,-1.3712,-2.3284,-3.6996,UTSA
2917,Mobi Ikegwuruka,0.6435,-0.9517,-0.3082,Kansas State
2918,Mohamad Diallo,-0.59,-1.943,-2.533,Rider
2919,Mohamed Binzagr,0.065,-0.4768,-0.4118,George Washington
2920,Mohamed Keita,-0.0558,-0.5408,-0.5966,Temple
2921,Mohamed Maxamud,-0.0215,0.0679,0.0463,Bowling Green
2922,Mohamed Wague,2.1433,4.5459,6.6892,Oklahoma
2923,Mohammad Habhab,-1.9724,1.6598,-0.3126,Eastern Mich.
2924,Momo Nkugwa,0.1552,0.1369,0.2921,Vermont
2925,Money Williams,-1.9155,4.9797,3.0642,Montana
2926,Montana Wheeler,-1.5718,2.0583,0.4865,Bradley
2927,Monty Bowser,0.1898,-1.4471,-1.2572,California Baptist
2928,Mookie Cook,-1.3399,2.9327,1.5928,San Francisco
2929,Mor Seck,1.1462,-1.9791,-0.833,Towson
2930,Morez Johnson,3.5238,6.3517,9.8756,Michigan
2931,Morgan Safford,-1.439,3.9083,2.4694,Kent State
2932,Morris Ugusuk,-0.4313,-1.0275,-1.4589,West Virginia
2933,Mosi Clayton,-0.3757,-0.6788,-1.0545,Siena
2934,Mostapha El Moutaouakkil,-0.6561,2.6446,1.9886,Jacksonville State
2935,Motiejus Krivas,6.3475,5.8738,12.2212,Arizona
2936,Mouhamed Dioubate,1.9576,5.2307,7.1883,Kentucky
2937,Mouhamed Mbaye,1.3426,-1.2915,0.0511,UTEP
2938,Mouhamed Sow,-0.0188,1.2818,1.2631,Rhode Island
2939,Mouhamed Sylla,0.2832,-0.7906,-0.5074,Georgia Tech
2940,Moustapha Thiam,2.157,3.0989,5.2559,Cincinnati
2941,Mozae Downing-Rivers,0.5374,-0.2895,0.2479,Portland State
2942,Mujahiid Burton,-2.615,1.0869,-1.5281,N.C. A&T
2943,Muneer Newton,-1.8907,2.1278,0.2371,Campbell
2944,Musa Sagnia,2.5135,2.4201,4.9336,NC State
2945,Myles Blackley,0.8586,0.1353,0.9939,New Hampshire
2946,Myles Colvin,-1.7715,2.8107,1.0393,Wake Forest
2947,Myles Corey,0.7068,3.7615,4.4683,Rhode Island
2948,Myles Parker,0.9055,-0.3904,0.515,Marist
2949,Myles Rice,0.7018,-1.7588,-1.057,Maryland
2950,Myles Rigsby,0.807,1.6671,2.4741,Tulsa
2951,Myles Stute,-1.5896,0.6865,-0.9032,South Carolina
2952,Myles Thompson,-1.1093,-1.6205,-2.7298,SIUE
2953,Myles Walker,-0.7108,0.2177,-0.4931,Nevada
2954,Myles Wilmoth,-1.0456,-3.5963,-4.6419,Canisius
2955,Mynor Strong,1.0429,2.0125,3.0554,Toledo
2956,Myron Amey,-1.4137,2.9059,1.4923,LMU (CA)
2957,N'famara Dabo,0.0528,0.1673,0.2201,Brown
2958,ND Okafor,0.029,2.1003,2.1293,Washington State
2959,NJ Benson,-0.3044,5.145,4.8406,DePaul
2960,NaVaughn Long,-1.6557,-0.1773,-1.8331,Portland
2961,Naas Cunningham,-2.1917,1.2535,-0.9382,UNLV
2962,Nadjrick Peat,1.7965,-2.7167,-0.9202,Coastal Carolina
2963,Naithan George,-0.6057,5.6919,5.0861,Syracuse
2964,Najai Hines,3.5227,4.0078,7.5305,Seton Hall
2965,Nakavieon White,-3.1777,2.6937,-0.4841,Ga. Southern
2966,Nakyel Shelton,-1.7463,-0.5869,-2.3332,LMU (CA)
2967,Nana Owusu-Anane,3.2178,5.1691,8.3869,Grand Canyon
2968,Nas Hart,-2.0098,-0.7001,-2.7099,La Salle
2969,Nasir Meyer,-1.5067,6.5007,4.994,Wyoming
2970,Nasir Muhammad,-3.5766,3.4172,-0.1594,UAlbany
2971,Nasir Rodriguez,-0.7367,-0.9147,-1.6514,Fairfield
2972,Nassim Mashhour,-0.5949,3.4445,2.8496,Oakland
2973,Nate Ament,1.7617,5.1757,6.9374,Tennessee
2974,Nate Bittle,0.1326,2.4505,2.5831,Oregon
2975,Nate Calmese,0.578,4.5509,5.1288,Wake Forest
2976,Nate Deer,-0.4753,-0.337,-0.8123,Oakland
2977,Nate Garcia,-0.7368,0.1984,-0.5384,California Baptist
2978,Nate Guerengomba,-1.1345,-0.5389,-1.6734,Quinnipiac
2979,Nate Heise,2.3499,4.4764,6.8264,Iowa State
2980,Nate Johnson,-0.2689,4.0746,3.8057,Kansas State
2981,Nate Johnson,-0.2689,4.0746,3.8057,Detroit Mercy
2982,Nate Kasher,-0.0929,-0.0143,-0.1072,DePaul
2983,Nate Kingz,0.2509,6.3315,6.5824,Syracuse
2984,Nathan Claerbaut,-0.8226,3.6374,2.8148,Central Mich.
2985,Nazareth Fisher,-3.2007,-3.2518,-6.4525,Eastern Ill.
2986,Ned Hull,-0.5199,0.2215,-0.2984,Elon
2987,Neel Beniwal,0.1115,-4.6607,-4.5492,San Diego
2988,Nehemiah Turner,0.0171,-1.3422,-1.3252,Minnesota
2989,Neoklis Avdalas,0.9459,3.7986,4.7445,Virginia Tech
2990,Nes Emeneke,1.2962,-1.8958,-0.5996,UC Irvine
2991,Nevin Ibroci,-0.6583,-0.8215,-1.4798,Binghamton
2992,Nginyu Ngala,-0.1042,0.5368,0.4326,Kansas
2993,Nic Codie,-0.931,1.7225,0.7915,Texas
2994,Nic McClain,0.7306,2.1503,2.8809,Belmont
2995,Nicco DiGiulio,-0.3234,-0.4225,-0.7459,Canisius
2996,Niccolo Kalischer-Stork,-0.147,-0.1824,-0.3294,SMU
2997,Niccolo Moretti,-1.1982,0.3263,-0.8719,Fla. Atlantic
2998,Nicholas Errica,0.1411,-0.0951,0.0459,Western Mich.
2999,Nicholas Randall,-0.3831,-1.6785,-2.0616,Missouri
3000,Nick Anderson,-2.4929,7.1637,4.6709,Rice
3001,Nick Boyd,-0.3034,9.5815,9.278,Wisconsin
3002,Nick Coval,-1.1829,2.5358,1.353,Davidson
3003,Nick Davidson,-0.1806,2.4786,2.298,Clemson
3004,Nick Del Bosque,-0.1446,-4.5766,-4.7212,San Diego
3005,Nick Dorn,-1.6343,3.1685,1.5342,Indiana
3006,Nick Ellington,2.6957,0.6058,3.3015,George Mason
3007,Nick Hittle,-2.0576,-0.2996,-2.3572,Western Ill.
3008,Nick Janowski,-2.8001,3.9346,1.1345,St. Thomas (MN)
3009,Nick Lombardi,-0.3203,-0.1335,-0.4538,Valparaiso
3010,Nick Martinelli,-2.865,10.8433,7.9783,Northwestern
3011,Nick Mullen,-1.5381,-0.6559,-2.1941,Central Mich.
3012,Nick Pringle,1.5245,0.482,2.0065,Arkansas
3013,Nick Randall,-0.1219,-0.0137,-0.1357,Colorado
3014,Nick Richart,-0.6909,-2.2233,-2.9142,Charlotte
3015,Nick Sanders,-0.8131,0.0464,-0.7667,Michigan State
3016,Nick Sanford,0.202,-0.2411,-0.0391,New Hampshire
3017,Nick Townsend,-1.7272,7.5385,5.8113,Yale
3018,Nicolus Anderson,-1.3117,-0.6899,-2.0016,Loyola Chicago
3019,Nigel Burris,-3.2001,2.4351,-0.7649,Weber State
3020,Nigel James,0.5046,5.5501,6.0547,Marquette
3021,Nigel Walls,0.0478,-0.8185,-0.7708,SMU
3022,Nijel Pack,-1.8596,10.4962,8.6366,Oklahoma
3023,Nik Graves,-1.4191,5.3896,3.9705,Creighton
3024,Niklas Polonowski,-1.3674,-0.7079,-2.0753,Penn
3025,Niko Abusara,0.101,1.5328,1.6338,Dartmouth
3026,Niko Bundalo,-0.4094,-0.4449,-0.8543,Ole Miss
3027,Niko Rocak,2.1172,2.0711,4.1883,UC Davis
3028,Nikola Djapa,0.4386,-0.2847,0.154,Colorado State
3029,Nikola Dzepina,-0.7549,0.8168,0.062,Washington
3030,Nikola Radovanovic,-0.7731,-0.8952,-1.6683,Pepperdine
3031,Nikolaos Chitikoudis,-1.2593,1.1418,-0.1176,Robert Morris
3032,Nikolas Khamenia,2.68,3.2723,5.9522,Duke
3033,Nilavan Daniels,-0.2134,2.2854,2.072,Providence
3034,Nils Cooper,-1.3068,4.182,2.8752,UC Davis
3035,Nils Machowski,-4.0309,5.8516,1.8207,Wofford
3036,Nimari Burnett,0.1446,4.1317,4.2763,Michigan
3037,Niyol Hauet,-0.3289,-0.4036,-0.7324,West Virginia
3038,Nnanna Njoku,0.2012,-1.181,-0.9798,Delaware
3039,Noah Amenhauser,-2.3146,1.4435,-0.8711,Oregon State
3040,Noah Barnett,-0.2449,1.6154,1.3705,Vermont
3041,Noah Batchelor,-3.3671,5.1536,1.7865,Buffalo
3042,Noah Bolanga,-2.0758,2.4936,0.4177,Utah Tech
3043,Noah Boyde,-1.4453,-2.1026,-3.5479,Western Ky.
3044,Noah Collier,0.0417,-0.3279,-0.2863,La Salle
3045,Noah Feddersen,-0.4856,2.6998,2.2141,North Dakota State
3046,Noah Haaland,-0.3112,-0.4457,-0.7569,Gonzaga
3047,Noah Hill,0.1932,0.2348,0.428,Wichita State
3048,Noah Lobdell,-0.2894,-0.2862,-0.5755,Syracuse
3049,Noah Meeusen,1.5272,1.4871,3.0143,Arizona State
3050,Noah Norgaard,-3.4551,-0.0776,-3.5327,UNC Greensboro
3051,Noah Otshudi,-4.9217,2.1524,-2.7693,Marshall
3052,Noah Rogers,0.1072,-0.0113,0.0959,Mount St. Mary's
3053,Noah Ross,0.6226,2.6067,3.2292,UNCW
3054,Noah Shelby,-0.4616,0.0518,-0.4098,Texas A&M
3055,Noah Taitz,-0.018,-0.1587,-0.1767,Utah Valley
3056,Noah Williamson,1.0762,0.4121,1.4883,Alabama
3057,Noam Dovrat,-0.6342,2.7146,2.0804,Miami (FL)
3058,Nojus Indrusaitis,-1.0245,2.5969,1.5724,Pittsburgh
3059,Nolan Dorsey,0.015,-0.4671,-0.4522,California
3060,Nolan Groves,0.3162,-0.2138,0.1024,Texas Tech
3061,Nolan Hodge,-3.1842,5.2911,2.1069,UNCW
3062,Nolan Minessale,0.2675,6.6769,6.9444,St. Thomas (MN)
3063,Nolan Winter,1.9816,7.5386,9.5201,Wisconsin
3064,Nordin Kapic,-0.2747,-0.262,-0.5367,South Carolina
3065,Nyk Lewis,0.8888,4.6764,5.5651,VCU
3066,Nyle Ralph-Beyer,-4.8032,3.574,-1.2292,Sacred Heart
3067,O'Marion Harvey,-0.8441,-2.2883,-3.1324,Monmouth
3068,Oakland Fort,-0.8978,-0.27,-1.1678,Northern Ariz.
3069,Obi Agbim,-0.3848,2.9983,2.6135,Baylor
3070,Obomate Abbey,-0.4241,-1.0161,-1.4403,Utah
3071,Ocypher Owens,-1.3785,-2.6492,-4.0276,Tarleton State
3072,Ofri Naveh,1.0478,0.2668,1.3146,Oral Roberts
3073,Ognjen Stankovic,-1.3195,0.4195,-0.9,Akron
3074,Okechukwu Okeke,-2.7663,3.0255,0.2592,UAlbany
3075,Okku Federiko,-2.3159,1.4691,-0.8468,Drake
3076,Ola Ajiboye,-0.7699,-1.2637,-2.0336,Southern Ind.
3077,Olavi Suutela,-0.4241,0.4984,0.0743,Oregon State
3078,Oleg Kojenets,-0.2704,-2.2901,-2.5605,Stony Brook
3079,Oleksandr Kobzystyi,-1.0869,0.6789,-0.408,Oregon
3080,Oliver Faubert,-0.0367,-0.3618,-0.3985,Saint Mary's (CA)
3081,Olivier Rioux,-0.6448,-0.2239,-0.8688,Florida
3082,Omaha Biliew,-0.1131,1.5765,1.4634,Wake Forest
3083,Omar Migues-Hibeljic,-0.4751,-0.1053,-0.5804,Buffalo
3084,Omari Moore,-0.2627,-0.226,-0.4887,Manhattan
3085,Omari Witherspoon,-0.7787,0.5745,-0.2043,Pittsburgh
3086,Omer Hamama,-1.4825,0.1553,-1.3272,Kent State
3087,Omer Mayer,-2.0504,2.617,0.5666,Purdue
3088,Omer Suljanovic,-1.2267,-1.4536,-2.6802,UC Davis
3089,Onyx Nnani,-0.0994,0.1098,0.0104,South Fla.
3090,Orlando Lovejoy,-2.1239,1.6519,-0.4719,Detroit Mercy
3091,Oscar Cluff,2.4388,8.9326,11.3714,Purdue
3092,Oscar Goodman,-0.3971,0.4843,0.0871,Michigan
3093,Oscar Hourruitiner,-0.2833,-0.4872,-0.7706,Iona
3094,Osiris Grady,-3.281,0.0517,-3.2293,UC Riverside
3095,Oskar Giltay,2.1114,-0.1595,1.9519,Stanford
3096,Oswin Erhunmwunse,1.4853,3.5962,5.0815,Providence
3097,Otega Oweh,0.8099,5.9807,6.7906,Kentucky
3098,Owen Dease,-0.7876,4.7588,3.9713,Valparaiso
3099,Owen Freeman,1.8864,1.7031,3.5895,Creighton
3100,Owen Kmety,-0.1308,0.0135,-0.1172,Wake Forest
3101,Owen Larson,-3.4626,0.623,-2.8396,Drake
3102,Owen Odom,-0.4467,-0.22,-0.6667,Virginia
3103,Owen Ritger,-0.7295,-0.9714,-1.7009,Furman
3104,Owen Schlager,0.1359,-1.8112,-1.6753,Siena
3105,Owen Varnado,-1.0151,-3.1972,-4.2124,Tennessee Tech
3106,Oziyah Sellers,0.6678,3.8329,4.5007,St. John's (NY)
3107,PJ Carter,-2.8503,2.1394,-0.7109,LSU
3108,PJ Farmer,-1.128,-2.2662,-3.3942,Southeast Mo. St.
3109,PJ Haggerty,-2.1429,6.6215,4.4787,Kansas State
3110,Pablo Tamba,1.3369,6.4801,7.817,LSU
3111,Papa Amadou Kante,0.5618,0.0276,0.5894,Pittsburgh
3112,Pape N'Diaye,0.8164,-0.3682,0.4482,Xavier
3113,Parby Kabamba,0.5258,0.3342,0.86,Marist
3114,Parker Friedrichsen,-2.1366,3.3411,1.2045,Davidson
3115,Parker Gerrits,0.2885,1.3426,1.6312,Washington State
3116,Parker Robison,0.5397,-1.2077,-0.6679,Chattanooga
3117,Parsa Fallah,2.8883,5.3556,8.2439,Oklahoma State
3118,Pasha Goodarzi,-4.1811,1.5203,-2.6607,San Jose State
3119,Pasha Shemirani,-0.0608,-0.7726,-0.8335,Pepperdine
3120,Patrick D'Arcy,-0.3137,-1.5641,-1.8778,East Carolina
3121,Patrick Haigh,-0.3354,-1.0423,-1.3777,Mount St. Mary's
3122,Patrick McMahon,-2.7493,1.3549,-1.3944,Montana State
3123,Patrick Ngongba,5.7887,5.2019,10.9906,Duke
3124,Patrick O'Brien,-2.3045,-2.433,-4.7375,Southern California
3125,Patrick Tivnan,-0.47,-0.3298,-0.7998,Dartmouth
3126,Patrick Wessler,1.5492,5.3147,6.8639,UNCW
3127,Patton Pinkins,-0.1234,5.4696,5.3461,Ole Miss
3128,Paul Djobet,-0.8411,3.2332,2.3921,Omaha
3129,Paul Greene,-1.4669,-1.265,-2.7319,UMBC
3130,Paul Jones,-3.503,-2.4986,-6.0016,James Madison
3131,Paul Lewis,-1.6179,-1.2795,-2.8974,James Madison
3132,Paul Mbiya,0.1579,-0.0958,0.0621,Kansas
3133,Paul McNeil,-0.502,9.3724,8.8704,NC State
3134,Paul Otieno,0.8631,1.2143,2.0774,Saint Louis
3135,Paulius Murauskas,1.5155,6.4871,8.0025,Saint Mary's (CA)
3136,Pavle Stosic,0.4795,0.4942,0.9737,Pepperdine
3137,Payton Kamin,-0.5041,0.0628,-0.4413,Penn
3138,Payton Pitts,-0.157,-0.3808,-0.5378,Harvard
3139,Pearson Carmichael,0.6363,3.5155,4.1518,Boise State
3140,Pedro Santos,1.6485,-1.2523,0.3962,UT Martin
3141,Percy Daniels,0.3109,0.4812,0.7921,Tulane
3142,Pero Zubac,0.2874,-0.8649,-0.5776,Mercer
3143,Perry Smith,-1.7002,0.0197,-1.6804,Kennesaw St.
3144,Petar Majstorovic,-0.4513,5.6119,5.1606,Long Beach State
3145,Petar Pinter,-2.3212,-2.3799,-4.7011,Northeastern
3146,Peter Bandelj,-1.0264,2.4746,1.4482,Cal Poly
3147,Peter Oduro,-0.2712,-1.7922,-2.0634,Hampton
3148,Peter Suder,-1.165,6.4844,5.3194,Miami (OH)
3149,Peteris Pinnis,0.8106,-0.11,0.7007,Providence
3150,Peyton Law,0.0001,2.4461,2.4462,South Alabama
3151,Peyton Marshall,2.5236,-3.0218,-0.4982,Georgia Tech
3152,Peyton Seals,-0.0227,-1.1503,-1.173,Princeton
3153,Peyton White,-1.4835,1.3941,-0.0894,Nevada
3154,Pharaoh Compton,2.3704,5.189,7.5593,San Diego State
3155,Pharrel Payne,1.3726,3.4783,4.8509,Maryland
3156,Phat Phat Brooks,-3.0383,0.1234,-2.9149,Central Mich.
3157,Phillip Kavu,-0.3743,-0.2703,-0.6447,Davidson
3158,Phoenix Gill,0.4913,-0.7902,-0.2989,Northwestern
3159,Phoenix Glassnor,0.2691,-0.5671,-0.298,Toledo
3160,Pierce Spencer,0.5795,-0.7629,-0.1835,UTSA
3161,Pierre Geneste,-0.6795,-0.7551,-1.4347,CSU Bakersfield
3162,Piotr Winkowski,0.5106,-4.0996,-3.589,San Diego
3163,Po'Boigh King,-3.5303,4.5059,0.9756,Sam Houston
3164,Poohpha Warakulnukroh,-0.3284,-0.0756,-0.404,UCF
3165,Pop Isaacs,-3.2466,5.4178,2.1712,Texas A&M
3166,Porter Ihnen,-0.2669,0.2362,-0.0307,South Dakota
3167,Preist Ryan,-2.0673,-1.0586,-3.1258,Cleveland State
3168,Presley Patterson,0.1148,-0.1502,-0.0355,Rice
3169,Preston Copeland,-2.4643,-0.9693,-3.4337,Ball State
3170,Preston Edmead,-1.3735,6.0721,4.6987,Hofstra
3171,Preston Fowler,-0.9819,2.2092,1.2272,James Madison
3172,Preston Lee,-0.6281,0.6161,-0.0121,Portland
3173,Preston Murphy,-0.2318,-0.2669,-0.4987,Alabama
3174,Preston Phillips,-0.2376,0.4101,0.1725,Pepperdine
3175,Preston Ruedinger,-2.687,5.6354,2.9484,Green Bay
3176,Preston Squire,-0.5034,0.1494,-0.354,Bowling Green
3177,Preston Turner,-0.5427,-0.6959,-1.2386,Eastern Ill.
3178,Preston Vandermyde,0.2564,-0.3183,-0.0619,Utah Tech
3179,Prince Aligbe,-1.0067,-1.5344,-2.5412,Southern Ill.
3180,Prince Johnson,1.0326,-0.8836,0.149,Eastern Ill.
3181,Prophet Johnson,-0.9843,5.3327,4.3483,Sacramento St.
3182,Pryce Sandfort,2.4088,10.0312,12.44,Nebraska
3183,Przemek Hartman,-3.5817,-2.6203,-6.2021,ULM
3184,Puff Johnson,-0.9729,-0.7199,-1.6928,Ohio State
3185,Quadir Copeland,1.8223,7.1857,9.008,NC State
3186,Quante Berry,1.4991,-0.9468,0.5523,Memphis
3187,Quaran McPherson,0.3421,0.299,0.6411,UAB
3188,Quel'Ron House,1.6513,1.0804,2.7317,Southern Ill.
3189,Quentin Duncan,-2.5462,-1.6152,-4.1615,NJIT
3190,Quentin Jones,2.2737,3.8245,6.0982,Saint Louis
3191,Quentin McCoy,-0.1647,-0.0837,-0.2484,Arizona State
3192,Quimari Peterson,-0.0273,4.0251,3.9978,Washington
3193,Quin Gorman,0.0743,-0.072,0.0023,Stony Brook
3194,Quin Patterson,-1.4456,-0.1288,-1.5744,Idaho State
3195,Quincy Allen,0.0957,-1.0314,-0.9357,Bryant
3196,Quincy Ballard,1.0973,2.7747,3.872,Mississippi State
3197,Quinn Denker,-0.7037,6.998,6.2942,Northern Colo.
3198,Quinn Peters,-0.7218,-0.3502,-1.072,Monmouth
3199,Quinn Woidke,-0.479,3.7043,3.2253,Kent State
3200,Quintin Cooper,-0.7282,-1.6208,-2.349,Hampton
3201,Quinton Perkins,-1.774,2.2354,0.4614,Mercer
3202,Quron Elliott,-4.0242,-0.1483,-4.1725,Manhattan
3203,RJ Godfrey,2.5551,7.375,9.9301,Clemson
3204,RJ Greer,-1.0677,1.8144,0.7467,Davidson
3205,RJ Johnson,-3.3212,4.6581,1.3369,Rhode Island
3206,RJ Johnson,-3.3212,4.6581,1.3369,Kennesaw St.
3207,RJ Jones,-1.8543,0.8746,-0.9797,TCU
3208,RJ Keene,3.2585,2.4864,5.7449,Boise State
3209,RJ Kennedy,-1.004,1.4924,0.4884,New Hampshire
3210,RJ Smith,1.3686,2.0344,3.403,DePaul
3211,RJ Spencer,-0.4046,-0.3996,-0.8042,Minnesota
3212,RJ Taylor,1.0177,-0.0757,0.942,UNI
3213,RaSheed Jones,-2.2097,2.7402,0.5305,Coastal Carolina
3214,Rafael Castro,1.9264,7.2796,9.2061,George Washington
3215,Rakim Chaney,-0.3412,2.3349,1.9937,Valparaiso
3216,Ralph Akuta,0.2447,-2.375,-2.1303,Drexel
3217,Ramel Bethea,-1.065,0.6628,-0.4022,Green Bay
3218,Ramon Walker,0.1413,1.1408,1.2821,Houston
3219,Ramone Seals,0.5728,1.9493,2.522,Kennesaw St.
3220,Randall Pettus,-1.7893,1.5462,-0.2431,Elon
3221,Randy Brady,0.0325,-0.2039,-0.1714,South Alabama
3222,Rashaan Mbemba,-1.6747,1.2094,-0.4653,Colorado State
3223,Rashad King,-0.0481,-0.7074,-0.7555,LSU
3224,Rashaun Agee,1.6733,6.9136,8.5869,Texas A&M
3225,Rashund Washington,-1.8671,3.6576,1.7905,UIC
3226,Raul Villar,-1.2952,1.1762,-0.119,Charlotte
3227,Ray Adams,0.5797,-0.6149,-0.0353,Seattle U
3228,Raymar Gonzales,-0.5343,-0.1872,-0.7216,San Diego State
3229,Raysean Seamster,0.7263,3.6376,4.3639,UT Arlington
3230,Rayvon Griffith,-1.4278,-0.3983,-1.8261,Kent State
3231,Rayzhon Bergersen,-0.3861,0.501,0.1149,Boise State
3232,Reece Hagy,0.6719,0.6494,1.3213,IU Indy
3233,Reece Robinson,1.2896,2.0925,3.3821,North Texas
3234,Reed Bailey,0.2371,4.1033,4.3405,Indiana
3235,Reed Trapp,-0.5971,0.0296,-0.5676,Auburn
3236,Reese Dixon-Waters,0.1503,3.7249,3.8753,San Diego State
3237,Reese Miller,-4.549,2.894,-1.6551,William & Mary
3238,Reggie Hill,0.5662,-0.1001,0.4661,Coastal Carolina
3239,Reggie Prudhomme,-3.4181,-0.1807,-3.5988,Niagara
3240,Reggie Thomas,-1.978,2.651,0.673,North Dakota
3241,Reid Cason,-0.714,-1.9483,-2.6622,East Carolina
3242,Reid Lovelace,-0.2378,0.2068,-0.031,Oklahoma
3243,Renars Sondors,-3.0341,-0.621,-3.6551,ULM
3244,Renato Ruiz,-0.4337,-0.1535,-0.5872,FIU
3245,Rene D'Amelio,0.4183,0.5486,0.9669,California Baptist
3246,Rex Stirling,-1.341,0.0307,-1.3103,Wofford
3247,Rhyjon Blackwell,-1.794,1.2198,-0.5742,Marist
3248,Riccardo Greppi,-0.5019,-0.4732,-0.9751,Wisconsin
3249,Rich Brisco,-0.3271,-1.0839,-1.411,Akron
3250,Rich Rolf,-0.817,3.98,3.1631,Youngstown State
3251,Rich Smith,0.0741,1.9733,2.0474,Abilene Christian
3252,Richard Goods,-1.3161,1.7425,0.4264,Stony Brook
3253,Richard Nweke,-0.0489,1.1139,1.065,Columbia
3254,Richie Saunders,1.0237,8.7736,9.7973,BYU
3255,Rick Issanza,1.9027,-1.58,0.3227,LMU (CA)
3256,Ricky McKenzie,-1.0092,-1.9657,-2.9749,Marist
3257,Rieco Hellams,-0.3851,-0.8809,-1.2659,Old Dominion
3258,Rienk Mast,0.8144,4.7465,5.5609,Nebraska
3259,Rihards Vavers,-2.6084,5.3059,2.6975,Washington State
3260,Rikus Schulte,1.6645,3.8327,5.4972,Fordham
3261,Riley Allenspach,-2.3974,5.6907,3.2932,George Mason
3262,Riley Dering,-1.9038,0.9386,-0.9652,Air Force
3263,Riley Fox,-2.7449,4.3162,1.5713,Yale
3264,Riley Jacobs,-1.2536,-1.8734,-3.127,UMBC
3265,Riley Kugel,0.2397,4.7967,5.0364,UCF
3266,Riley Massey,-0.1243,0.1225,-0.0018,North Dakota State
3267,Riley Mulvey,0.6958,2.2437,2.9395,Siena
3268,Riley Parker,-0.335,-0.1971,-0.5322,Portland
3269,Riley Saunders,-0.0873,0.6473,0.56,North Dakota State
3270,Ring Malith,-0.6187,3.4663,2.8477,SIUE
3271,Ring Nyeri,-0.9486,1.3852,0.4366,Northern Colo.
3272,Rob Brown,-3.0146,1.5188,-1.4958,Stony Brook
3273,Rob Diaz,-0.1908,1.3583,1.1675,Long Beach State
3274,Rob Dockery,0.0446,4.7017,4.7464,La Salle
3275,Rob Stroud,-1.0214,-0.7443,-1.7656,Green Bay
3276,Rob Whaley,-2.0466,0.321,-1.7256,Kent State
3277,Robbie Avila,1.7693,9.0027,10.7721,Saint Louis
3278,Robert Cowherd,-1.2128,-2.2025,-3.4153,Southern Miss.
3279,Robert Davis,-3.7739,0.365,-3.4089,Old Dominion
3280,Robert Fields,-1.372,1.7331,0.3611,Texas State
3281,Robert Hinton,-0.7704,1.0982,0.3278,Harvard
3282,Robert Jennings,0.1887,-0.2912,-0.1024,Oklahoma State
3283,Robert Lewis,-2.2006,-1.1022,-3.3028,Lindenwood
3284,Robert McCray V,-0.7262,6.8453,6.1192,Florida State
3285,Robert Miller,2.3559,1.7176,4.0735,LSU
3286,Robert Moore,-0.9853,-0.633,-1.6183,Tulane
3287,Robert Thibiant,-0.6218,-0.2155,-0.8372,CSUN
3288,Robert Vaihola,0.5591,0.6852,1.2444,Minnesota
3289,Robert Wilmote,-0.3434,0.0706,-0.2727,Saint Peter's
3290,Robert Wright,-1.0191,8.2062,7.1872,BYU
3291,Roberts Blums,-0.4073,6.0584,5.651,Davidson
3292,Rocco Awad,-3.1639,-2.4523,-5.6162,NJIT
3293,Roddie Anderson,-2.4548,1.2325,-1.2223,Xavier
3294,Roddy Gayle,1.6802,2.249,3.9292,Michigan
3295,Rodney Brown,-2.0909,3.413,1.322,LMU (CA)
3296,Rodney Johnson,-1.118,0.3603,-0.7577,Central Mich.
3297,Rodney Rice,0.1257,2.538,2.6637,Southern California
3298,Rokas Jocius,-0.5037,-0.9364,-1.4401,LMU (CA)
3299,Rollie Castineyra,0.0413,-1.0103,-0.969,Massachusetts
3300,Rolyns Aligbe,-1.9256,1.9504,0.0248,Southern Ill.
3301,Romad Dean,-2.7803,4.6848,1.9046,Tulsa
3302,Roman Domon,-0.7389,6.6992,5.9603,Murray State
3303,Roman Siulepa,-1.3847,3.2413,1.8566,Pittsburgh
3304,Romari Robinson,1.2864,-2.1516,-0.8651,Sacramento St.
3305,Ron Zipper,0.0742,0.4064,0.4806,LSU
3306,Ronald Jessamy,-1.6083,2.7128,1.1045,CSU Bakersfield
3307,Ronell Giles,-0.5919,-0.6906,-1.2825,Quinnipiac
3308,Rontavious Blackshear,-0.8493,2.289,1.4397,Youngstown State
3309,Roor Akhuar,0.9184,1.3945,2.3129,Fordham
3310,Rory Hawke,1.453,-1.1007,0.3523,Saint Mary's (CA)
3311,Rowan Brumbaugh,-2.3396,6.6531,4.3135,Tulane
3312,Rowan Irelan,-0.0375,-0.9761,-1.0136,The Citadel
3313,Roy Marom,0.31,-0.2151,0.095,Tarleton State
3314,Royal Blue Smith,-0.9284,-0.699,-1.6274,Arkansas State
3315,Royce Parham,-1.4288,4.862,3.4332,Marquette
3316,Rrezon Elezaj,0.0401,-0.2229,-0.1827,UConn
3317,Ruben Dominguez,-1.1583,5.5551,4.3968,Texas A&M
3318,Ruben Prey,2.3421,4.3358,6.6779,St. John's (NY)
3319,Rueben Chinyelu,4.1856,5.8631,10.0487,Florida
3320,Ryan Abelman,-1.8151,4.5076,2.6925,Northern Ariz.
3321,Ryan Agarwal,-0.4256,1.0014,0.5757,Stanford
3322,Ryan Beasley,-1.0347,3.649,2.6143,San Francisco
3323,Ryan Burbach,-1.1055,-0.5823,-1.6878,Cornell
3324,Ryan Conway,-0.4129,1.7455,1.3326,Towson
3325,Ryan Conwell,-0.6346,7.6787,7.0441,Louisville
3326,Ryan Cornish,-0.9071,-0.2928,-1.1999,Southern California
3327,Ryan Crotty,-1.6335,0.6086,-1.0249,Oklahoma State
3328,Ryan Dufault,-2.6407,1.8105,-0.8302,St. Thomas (MN)
3329,Ryan Erikson,-0.3716,0.0405,-0.3312,North Dakota
3330,Ryan Jackson,0.8507,2.8677,3.7183,William & Mary
3331,Ryan Jones,-1.4658,-2.4373,-3.9031,Liberty
3332,Ryan Kalambay,2.4099,2.2504,4.6603,Detroit Mercy
3333,Ryan Lafferty,1.1779,-1.699,-0.5211,St. Thomas (MN)
3334,Ryan Lopez,-0.3042,-0.0007,-0.3049,Chattanooga
3335,Ryan Mabrey,-3.7406,-1.8465,-5.5871,Maine
3336,Ryan Mandes,0.0948,0.0043,0.0991,Princeton
3337,Ryan Mela,-1.2147,4.0761,2.8614,Providence
3338,Ryan Myers,-0.7542,2.78,2.0257,Western Ky.
3339,Ryan Pettis,0.5092,-0.1498,0.3593,Fordham
3340,Ryan Prather,-2.3759,8.4271,6.0512,Robert Morris
3341,Ryan Richardson,-2.5479,-2.302,-4.8499,Binghamton
3342,Ryan Sabol,-4.3714,6.084,1.7126,Buffalo
3343,Ryan Skerry,0.0511,-0.3147,-0.2636,Towson
3344,Ryan Soulis,0.626,1.0377,1.6637,Columbia
3345,Ryan Sullivan,0.5393,-1.429,-0.8897,Harvard
3346,Ryan Tolliver,-0.8513,-1.6094,-2.4607,Northern Ky.
3347,Ryan Williams,-4.2998,3.0682,-1.2316,Northeastern
3348,Ryan Zan,-3.6059,-2.1422,-5.7482,Fairfield
3349,Ryder Cheesman,-0.325,-0.3759,-0.7009,Missouri State
3350,Ryder Elisaldez,-1.2736,-0.611,-1.8846,UC San Diego
3351,Ryder Frost,-1.4787,2.0688,0.5901,Notre Dame
3352,Rylan Griffen,1.0157,3.901,4.9167,Texas A&M
3353,Rytis Petraitis,0.8776,1.169,2.0467,California
3354,Saahil Thakkar,-0.0627,-0.5303,-0.593,UMBC
3355,Saba Gigiberia,-1.1248,0.2599,-0.8649,San Francisco
3356,Sader Servilus,1.6441,1.1745,2.8185,Valparaiso
3357,Sadiku Ibine Ayo,1.8314,-0.3507,1.4807,St. John's (NY)
3358,Sadiq White,0.1489,-0.0435,0.1054,Syracuse
3359,Sadraque NgaNga,-2.4694,1.9732,-0.4962,San Jose State
3360,Salih Altuntas,-0.2609,0.128,-0.1328,Miami (FL)
3361,Salim London,1.4665,0.3922,1.8587,UAB
3362,Sam Alamutu,0.1904,1.4918,1.6822,Wright State
3363,Sam Alexis,0.4322,4.8722,5.3043,Indiana
3364,Sam Brown,-0.3142,2.2222,1.9079,Davidson
3365,Sam Hoiberg,6.2904,4.0913,10.3817,Nebraska
3366,Sam Imade,-0.618,0.3878,-0.2302,Air Force
3367,Sam Lewis,0.8258,4.5873,5.4131,Virginia
3368,Sam Orme,1.1925,4.9524,6.1449,Belmont
3369,Sam Silverstein,0.7623,2.2015,2.9638,UIC
3370,Sam Towns,0.1685,0.5221,0.6906,Bowling Green
3371,Sam Walters,-2.3646,-0.6869,-3.0515,SMU
3372,Samet Yigitoglu,1.5096,3.6744,5.184,SMU
3373,Samis Calderon,0.4746,-0.6861,-0.2115,Kansas
3374,Sammie Yeanay,-0.0724,-0.711,-0.7834,California
3375,Samson Aletan,-0.4657,1.7589,1.2933,Yale
3376,Samson Reilly,-2.977,2.3565,-0.6204,Quinnipiac
3377,Samuel Ariyibi,0.3066,-1.663,-1.3565,Utah Tech
3378,Samuel Dada,-2.0877,4.277,2.1893,Western Caro.
3379,Samuel Noland,-0.5885,-0.442,-1.0305,Portland
3380,Samuel Nosakhare,-0.9399,-0.1142,-1.0542,Quinnipiac
3381,Samuel Obenjo,-0.3283,0.0867,-0.2415,Robert Morris
3382,Samuel Stewart,0.4275,0.2533,0.6809,Portland State
3383,Samuel Yurasek,-0.3809,-0.065,-0.446,Loyola Chicago
3384,Sananda Fru,2.3952,4.9963,7.3916,Louisville
3385,Santiago Trouet,-1.9019,2.5931,0.6912,Arizona State
3386,Sasa Ciani,0.5581,-1.2659,-0.7078,Penn State
3387,Sash Gavalyugov,-1.6494,3.982,2.3326,Santa Clara
3388,Savion Taylor,0.0333,0.0394,0.0727,Elon
3389,Savon Wykle,0.0808,0.2897,0.3705,Middle Tenn.
3390,Scooter Williams,0.0224,2.5653,2.5876,Louisiana Tech
3391,Scottie Ebube,-1.5468,-1.2655,-2.8123,NC State
3392,Scottie Hubbard,0.4021,1.0429,1.445,Old Dominion
3393,Scotty Middleton,-1.5697,1.2135,-0.3563,Tulane
3394,Seal Diouf,-1.0721,-1.2624,-2.3345,Georgetown
3395,Seamus McDermott,-0.1819,-0.4151,-0.597,Duquesne
3396,Sean Blake,-2.3291,1.6726,-0.6565,Vermont
3397,Sean Blakely Drummond,-0.0909,-0.1205,-0.2114,San Francisco
3398,Sean Craig,-1.2816,5.1608,3.8792,Toledo
3399,Sean Cusano,-0.8108,0.1727,-0.6381,Chattanooga
3400,Sean Jones,-0.8965,-1.38,-2.2765,Marquette
3401,Sean Logan,3.9477,-1.4989,2.4488,Davidson
3402,Sean Newman,-0.6659,3.6203,2.9544,San Diego State
3403,Sean Pouedet,-0.4044,-1.4608,-1.8652,Dayton
3404,Sean Smith,0.063,4.6942,4.7572,Middle Tenn.
3405,Sean Stewart,-0.757,2.3354,1.5784,Oregon
3406,Sean Van Dorn,0.4954,1.2007,1.6961,Ga. Southern
3407,Sebastian Akins,-0.2937,-0.1509,-0.4446,Wake Forest
3408,Sebastian Hartmann,0.1813,1.52,1.7013,Chattanooga
3409,Sebastian Mack,-1.2816,-1.7177,-2.9993,Missouri
3410,Sebastian Rancik,-0.1169,3.4238,3.3069,Colorado
3411,Sebastian Robinson,-2.1707,0.6996,-1.4711,NJIT
3412,Sebastian Tidor,0.0253,0.7535,0.7788,Portland State
3413,Sebastian Whitfield,-1.5589,-2.9793,-4.5382,Princeton
3414,Sebastian Williams-Adams,0.1383,3.169,3.3072,Auburn
3415,Sekou Konneh,-1.9779,1.1744,-0.8035,Milwaukee
3416,Semetri (TT) Carr,0.0791,2.763,2.8421,California
3417,Sencire Harris,3.0187,-0.586,2.4327,Cincinnati
3418,Sergej Macura,0.6539,2.8936,3.5475,Mississippi State
3419,Seth Amunrud,-1.4288,3.107,1.6782,Montana State
3420,Seth Hubbard,-1.5013,2.615,1.1137,Milwaukee
3421,Seth Joba,-0.7624,0.7239,-0.0386,Idaho
3422,Seth Trimble,-1.3388,4.9832,3.6444,North Carolina
3423,Seydou Traore,0.8066,0.959,1.7655,Utah
3424,Shaedon Simpson,-1.4978,0.9639,-0.5339,Saint Peter's
3425,Shaheed Solebo,-1.1155,-0.9209,-2.0365,Youngstown State
3426,Shahid Muhammad,-0.5427,0.0271,-0.5156,Florida State
3427,Shainen Carter,-0.4973,-4.0969,-4.5941,Ga. Southern
3428,Shamarrie Hugie,-3.296,-0.3473,-3.6433,Marshall
3429,Shammah Scott,-3.6268,4.8947,1.2679,Akron
3430,Shane Blakeney,-0.8412,3.083,2.2418,Drexel
3431,Shane Thomas,-0.1019,0.6165,0.5146,Creighton
3432,Shanon Simango,-0.1115,0.7496,0.6382,Dartmouth
3433,Shaqir O'Neal,-1.9737,-0.843,-2.8167,Sacramento St.
3434,Shaquil Bender,-3.4431,1.0807,-2.3624,Long Beach State
3435,Sharod Barnes,-2.4989,-2.8193,-5.3182,Western Mich.
3436,Sharron Young,0.7658,2.7326,3.4985,Akron
3437,Shaumba Ngoyi,-1.2641,-1.6868,-2.9509,Eastern Wash.
3438,Shaun Wysocki,-4.4038,1.09,-3.3138,Denver
3439,Shawn Jones,0.6615,-0.0264,0.6351,Mississippi State
3440,Shawn Nelson,-2.5455,-2.4739,-5.0195,Northern Ky.
3441,Shawn Phillips,1.0091,0.6877,1.6968,Missouri
3442,Shay Johnson,-1.7941,1.1833,-0.6108,Long Beach State
3443,Shelton Henderson,0.6976,4.2662,4.9638,Miami (FL)
3444,Shemani Fuller,-2.6334,-1.1201,-3.7534,Rider
3445,Sheridan Sharp,0.1237,-4.4148,-4.2911,Southern Ind.
3446,Sherman Weatherspoon,-1.9345,0.9726,-0.9619,Utah Valley
3447,Shey Eberwein,-4.0591,0.0849,-3.9743,South Dakota
3448,Shon Abaev,0.0222,-0.721,-0.6988,Cincinnati
3449,Shon Tupuola,-1.8532,0.5156,-1.3377,Valparaiso
3450,Sidi Gueye,-0.1181,0.9915,0.8733,Arizona
3451,Silas Bennion,-0.6494,-1.654,-2.3034,South Dakota
3452,Silas Demary,2.2915,7.0331,9.3246,UConn
3453,Silas Sunday,0.8555,2.1272,2.9827,Hofstra
3454,Simeon Cottle,-0.902,5.5776,4.6756,Kennesaw St.
3455,Simeon German,-2.0959,-4.996,-7.0919,The Citadel
3456,Simeon Murchison,-0.8686,-0.0601,-0.9286,Milwaukee
3457,Simeon Wilcher,0.259,2.5449,2.8039,Texas
3458,Simm Saadi,-1.704,-0.4513,-2.1553,Wyoming
3459,Simon Hildebrandt,-1.0053,2.5089,1.5036,Washington State
3460,Simon Majok,0.4447,1.3802,1.8249,Memphis
3461,Simon Walker,-1.5352,1.3225,-0.2127,Auburn
3462,Sin'Cere Jones,-0.0978,-1.3235,-1.4213,Virginia Tech
3463,Sincere Clemons,-0.4778,-0.3043,-0.7821,Vermont
3464,Sincere Parker,-0.3184,3.8946,3.5762,Memphis
3465,Sir Issac Herron,-1.0234,-0.3928,-1.4161,Louisiana Tech
3466,Sir Mohammed,-3.727,1.796,-1.931,Notre Dame
3467,Sivert Wærstad Nordheim,-0.4367,0.352,-0.0847,Indiana State
3468,Skyy Clark,1.2238,6.1326,7.3565,UCLA
3469,Sola Adebisi,-1.291,2.1194,0.8285,The Citadel
3470,Solo Ball,-0.1118,2.0483,1.9365,UConn
3471,Solomon Callaghan,-5.1882,2.1368,-3.0513,Wright State
3472,Solomon Washington,0.159,2.0276,2.1866,Maryland
3473,Somto Cyril,1.4672,6.2869,7.7541,Georgia
3474,Sonny Wilson,-3.2701,4.8929,1.6228,Toledo
3475,Spence Wewe,-1.6791,0.8486,-0.8305,Quinnipiac
3476,Spencer Ahrens,-1.3984,2.0332,0.6348,Boise State
3477,Spencer Elliott,-0.9269,1.0233,0.0964,Charlotte
3478,Spencer Legg,-0.1358,0.0622,-0.0736,Louisville
3479,Spencer Mahoney,-1.2418,-1.2012,-2.443,Temple
3480,Stanley Borden,1.0315,-0.7014,0.33,UTSA
3481,Stas Sivka,0.016,1.7573,1.7733,George Mason
3482,Steele Venters,1.0911,3.4093,4.5004,Gonzaga
3483,Stef van Bussel,-0.3321,-1.7528,-2.0848,Duquesne
3484,Stefan Cicic,-1.7032,-2.177,-3.8802,Pepperdine
3485,Stefan Vaaks,-3.3434,6.9085,3.5652,Providence
3486,Stefanos Spartalis,-2.4906,-1.4495,-3.9401,Monmouth
3487,Stephan Snagg,-2.5254,-0.0285,-2.554,Binghamton
3488,Stephen Giwa,0.5535,0.6149,1.1685,Rice
3489,Stephen Olowoniyi,-0.4182,-0.3252,-0.7434,Oregon State
3490,Stephen Osei,-0.1475,-0.5141,-0.6615,Kansas State
3491,Stephen Williams,-1.4793,3.1173,1.638,South Alabama
3492,Stephon Marbury,0.1635,-0.5165,-0.353,California
3493,Stephon Payne,0.0464,3.4828,3.5292,Seton Hall
3494,Sterling Young,-1.6878,2.0006,0.3128,Indiana State
3495,Steven Clay,-1.4538,1.312,-0.1418,Southern Ind.
3496,Steven Jamerson,3.4393,0.8309,4.2703,UCLA
3497,Steven Solano,-1.6229,-0.867,-2.4898,Saint Joseph's
3498,Steven Tipton,-1.3892,-1.073,-2.4622,Western Ill.
3499,Stevie Elam,-2.0627,2.9762,0.9135,Milwaukee
3500,Straton Rogers,-2.9183,0.8185,-2.0998,Eastern Wash.
3501,Stratos Papastavrou,0.5199,1.359,1.8789,Seattle U
3502,Styles Phipps,-1.6626,3.3187,1.656,Pepperdine
3503,Sven Djopmo,-0.5789,0.1298,-0.4491,Arizona
3504,TJ Biel,-2.0852,1.0968,-0.9884,Maine
3505,TJ Burch,1.3875,2.0043,3.3917,Wright State
3506,TJ Caldwell,-1.6699,0.5394,-1.1304,Arkansas State
3507,TJ Drain,-0.1977,1.1499,0.9522,Liberty
3508,TJ Grant,0.3897,0.632,1.0217,Mercer
3509,TJ Hurley,-1.9688,4.4605,2.4917,Vermont
3510,TJ James,-1.2114,-0.5439,-1.7553,CSU Bakersfield
3511,TJ Johnson,-5.6169,4.1655,-1.4515,VMI
3512,TJ Long,-2.5416,2.1368,-0.4048,Vermont
3513,TJ Nadeau,-2.7314,5.1317,2.4003,Detroit Mercy
3514,TJ Power,-0.9619,5.1957,4.2337,Penn
3515,TJ Prosise,-0.2535,-0.5508,-0.8044,George Mason
3516,TJ Robinson,-3.2868,0.4658,-2.821,Saint Peter's
3517,TJ Wainwright,-1.6299,3.1049,1.4751,Pacific
3518,TJ Williams,-0.6121,4.7982,4.1862,Wichita State
3519,TO Barrett,-1.2546,2.9407,1.6862,Missouri
3520,Ta'Zir Smith,-2.323,-0.0423,-2.3653,Robert Morris
3521,Tae Davis,-0.7762,5.4796,4.7034,Oklahoma
3522,Tae Dozier,-1.1643,3.3614,2.1971,Northern Ky.
3523,Tae Simmons,0.7803,3.4856,4.2659,San Diego State
3524,Tafara Gapare,0.7371,-0.5584,0.1787,Villanova
3525,Tahaad Pettiford,-0.1603,4.4517,4.2914,Auburn
3526,Tahlan Pettway,0.0597,3.3386,3.3983,Western Caro.
3527,Tai Turnage,-0.4314,1.2407,0.8093,Quinnipiac
3528,Tai Walters-Whitaker,-0.0925,-1.0595,-1.152,UIC
3529,Taison Chatman,0.3207,2.0276,2.3483,Ohio State
3530,Taj Bryant,-1.5068,-2.2521,-3.7589,Sacred Heart
3531,Taj DeGourville,1.4487,2.2365,3.6852,San Diego State
3532,Taj Glover,-1.4203,2.6427,1.2224,Sacramento St.
3533,Taj Manning,2.134,0.6495,2.7835,Kansas State
3534,Taj Walters,-1.6814,0.4091,-1.2723,NIU
3535,Tajae Jones,-0.3415,-0.6601,-1.0017,Siena
3536,Tajavis Miller,1.0334,0.1233,1.1566,New Mexico
3537,Tajuan Simpkins,0.3875,1.8693,2.2568,Seton Hall
3538,Takai Simpkins,-1.083,4.1427,3.0596,Oregon
3539,Talan Taylor,-0.0721,-0.0202,-0.0923,Wyoming
3540,Tallis Toure,-0.0805,-0.4399,-0.5205,Stanford
3541,Tama Isaac,1.1864,-0.6371,0.5494,UC Irvine
3542,Tamario Adley,-2.1829,4.9039,2.7211,Central Mich.
3543,Tamaury Releford,0.6114,0.4638,1.0752,Morehead State
3544,Tamin Lipsey,3.4756,4.9318,8.4074,Iowa State
3545,Tan Yildizoglu,-5.4752,-1.3629,-6.8381,VMI
3546,Tanner Braketa,-1.0585,1.1629,0.1044,Northern Colo.
3547,Tanner Davis,-0.6057,0.5656,-0.0401,Utah Tech
3548,Tanner Hayhurst,-1.498,4.8296,3.3316,Southern Utah
3549,Tanner Ostop,-0.0907,-0.1392,-0.2298,Fairfield
3550,Tanner Toolson,-2.1409,3.3891,1.2483,TCU
3551,Tarence Guinyard,-2.1583,6.7747,4.6165,Duquesne
3552,Tarik Watson,-1.4318,-1.2401,-2.6719,Marist
3553,Tariq Francis,-0.7014,8.2575,7.5561,Rutgers
3554,Tariq Ingraham,1.8183,0.2616,2.0799,Memphis
3555,Tarique Foster,-2.085,-0.6435,-2.7285,UAlbany
3556,Tarris Reed,4.1807,7.7623,11.943,UConn
3557,Tasman Goodrick,0.6685,1.6078,2.2763,Siena
3558,Tasos Cook,-3.3769,1.1506,-2.2262,Campbell
3559,Tate Darner,-3.4029,5.1194,1.7165,Chattanooga
3560,Tate MacKenzie,-0.7786,-2.1527,-2.9313,Milwaukee
3561,Tate Sage,-1.1411,3.227,2.0859,Iowa
3562,Tavari Johnson,-2.5208,7.8071,5.2864,Akron
3563,Tavarus Webb,-2.501,5.8087,3.3076,Ga. Southern
3564,Tavion Banks,2.3016,4.2709,6.5726,Iowa
3565,Tay Knox,0.0539,-3.2931,-3.2392,Texas State
3566,Tay Smith,-1.2811,2.4949,1.2139,North Dakota State
3567,Tayeshaun Smith,-1.7338,-0.9151,-2.649,Western Caro.
3568,Taylor Bol Bowen,0.7632,1.856,2.6192,Alabama
3569,Tayshawn Comer,-2.2056,3.0453,0.8397,Nevada
3570,Tayton Conerway,1.0469,4.1956,5.2425,Indiana
3571,Te'Jon Sawyer,-1.7209,1.7825,0.0616,Montana
3572,Teagan Moore,-0.6267,8.6143,7.9876,Western Ky.
3573,Teddy Washington,-2.0896,1.031,-1.0585,Chattanooga
3574,Tegra Izay,-1.0107,2.1832,1.1725,Southern Miss.
3575,Terrance Arceneaux,-0.0097,2.5098,2.5,NC State
3576,Terrance Jones,-3.0612,2.6388,-0.4223,Manhattan
3577,Terrance Williams,-2.6073,0.1331,-2.4742,Southern California
3578,Terren Frank,-1.0889,-0.4512,-1.5401,Campbell
3579,Terrence Brown,-0.668,4.7383,4.0702,Utah
3580,Terrence Hill,-0.3695,7.5926,7.223,VCU
3581,Terri Miller,1.9777,5.3334,7.3112,Portland State
3582,Terrion Burgess,-1.4883,0.4481,-1.0402,Little Rock
3583,Terrion Murdix,0.7203,1.2374,1.9577,Western Ky.
3584,Terry McMorris,-0.1476,1.4246,1.277,Eastern Ill.
3585,Tey Barbour,-2.3925,5.0577,2.6652,Harvard
3586,Teysean Eaglestaff,-0.216,-0.2887,-0.5046,New Mexico State
3587,Themus Fulks,-1.085,5.014,3.929,UCF
3588,Theo Pierre-Justin,-1.2663,-0.0179,-1.2842,DePaul
3589,Theo Seng,-1.1066,2.7326,1.626,Troy
3590,Thiago Sucatzky,-3.7287,0.6226,-3.1061,FIU
3591,Thierno Sylla,0.7467,-1.352,-0.6053,Memphis
3592,Thierry Darlan,0.1508,1.6188,1.7696,Santa Clara
3593,Thijs De Ridder,2.098,6.9311,9.0292,Virginia
3594,Thokbor Majak,-0.3808,-0.5382,-0.919,San Diego State
3595,Thomas Bassong,-1.0586,0.1183,-0.9403,Florida State
3596,Thomas Batties,-1.243,4.5404,3.2974,Harvard
3597,Thomas Dowd,-1.6097,5.8956,4.2859,Troy
3598,Thomas Haugh,1.8268,8.2969,10.1238,Florida
3599,Thomas Ndong,0.5263,0.6274,1.1537,California Baptist
3600,Thomas Tillman,-0.1467,0.0207,-0.1261,Furman
3601,Thomas Tut,-0.1162,0.0451,-0.071,Jacksonville State
3602,Tibor Mirtic,-0.6362,0.2981,-0.3381,Penn State
3603,Tidiane d'Almeida,0.3237,0.0888,0.4125,Lindenwood
3604,Tidjiane Dioumassi,-2.5883,1.6751,-0.9133,Western Caro.
3605,Tiefing Diawara,-0.2205,-0.0325,-0.253,Syracuse
3606,Tijan Saine,-3.008,5.518,2.51,Weber State
3607,Tim Eze,-1.2356,-0.4788,-1.7145,UMBC
3608,Tim Franks,-1.1903,0.721,-0.4694,St. Thomas (MN)
3609,Tim Moore,-2.5672,2.0874,-0.4798,San Diego
3610,Tim Oboh,-0.9106,-2.2055,-3.1161,Buffalo
3611,Timeo Pons,-0.6021,-0.5254,-1.1275,New Mexico
3612,Timo George,0.4481,1.3635,1.8115,Portland
3613,Timofei Rudovskii,-3.5953,0.8443,-2.751,Bryant
3614,Timotej Malovec,-0.5552,1.4179,0.8628,Miami (FL)
3615,Timoty van der Knaap,-3.068,-0.1397,-3.2077,Bradley
3616,Tishan Ahir,-0.4988,1.0376,0.5388,UC Irvine
3617,Tobe Awaka,-0.56,6.6802,6.1202,Arizona
3618,Tobi Lawal,-2.3917,1.088,-1.3037,Virginia Tech
3619,Toby Harris,-3.2593,2.776,-0.4833,Iona
3620,Toby Nnadozie,1.3388,-1.5716,-0.2328,Jacksonville State
3621,Toby Nwokolo,-0.3821,-0.0365,-0.4186,Toledo
3622,Toby Onyekonwu,0.0031,-2.9105,-2.9074,Stony Brook
3623,Todd Bieg,0.8515,-0.3619,0.4896,Lindenwood
3624,Todd Brogna,0.8527,-1.0345,-0.1818,Merrimack
3625,Todd Jones,-0.5292,-0.7871,-1.3164,Louisiana
3626,Tolu Samuels,-1.7752,1.2361,-0.5392,Southern Ind.
3627,Tom Beattie,2.2038,1.5107,3.7145,UC San Diego
3628,Tom House,0.1206,1.0166,1.1372,Furman
3629,Tom Mark,-0.9615,1.564,0.6025,CSU Bakersfield
3630,Tomas Thrastarson,0.3342,0.5642,0.8984,Washington State
3631,Tomas Valentiny,-1.8261,0.3716,-1.4545,Stony Brook
3632,Tomislav Buljan,-0.5299,5.2429,4.7129,New Mexico
3633,Tomislav Ivisic,0.2569,5.666,5.9228,Illinois
3634,Tommy Humphries,-0.7112,0.0462,-0.6649,St. Thomas (MN)
3635,Toneari Lane,-4.5476,5.6133,1.0657,San Diego
3636,Tony Duckett,1.4071,-0.8974,0.5097,Saint Mary's (CA)
3637,Tony Osburn,-4.3118,2.2008,-2.1111,Omaha
3638,Tony Williams,-1.0823,0.2167,-0.8656,Fairfield
3639,Torey Alston,-0.109,3.3144,3.2054,Middle Tenn.
3640,Torr Sorensen,-0.749,0.4485,-0.3005,Liberty
3641,Tounde Yessoufou,-0.9726,5.3608,4.3882,Baylor
3642,Trace Sadler,-0.7565,-0.241,-0.9975,Southeast Mo. St.
3643,Trace Salton,0.7922,-1.309,-0.5168,Marist
3644,Tracy Steele,-2.0626,-2.308,-4.3706,Little Rock
3645,Trae Broadnax,-1.225,4.587,3.362,Rice
3646,Trae Taylor,0.8532,-0.4849,0.3683,Montana
3647,Traivar Jackson,-0.0543,-0.8874,-0.9417,Northern Ariz.
3648,Tramon Mark,-0.6141,5.9475,5.3334,Texas
3649,Trap Johnson,-1.1129,-0.7858,-1.8988,UC San Diego
3650,Travis Harper,-2.8422,7.9798,5.1376,Tennessee State
3651,Travis Perry,0.8618,2.5794,3.4412,Ole Miss
3652,Tre Beard,-6.6513,5.4498,-1.2014,Cleveland State
3653,Tre Carroll,0.1286,5.3593,5.4878,Xavier
3654,Tre Dinkins,-2.5423,4.4185,1.8763,George Washington
3655,Tre Donaldson,0.3044,8.414,8.7184,Miami (FL)
3656,Tre Green,-1.8919,3.821,1.929,Middle Tenn.
3657,Tre Holloman,-0.6973,3.0225,2.3252,NC State
3658,Tre Norman,0.6768,-1.9732,-1.2964,Marquette
3659,Tre Singleton,0.7997,0.9725,1.7722,Northwestern
3660,Tre White,-0.1951,4.8487,4.6536,Kansas
3661,Tre'Von Spillers,1.6289,4.2993,5.9282,Wake Forest
3662,Tre-Vaughn Minott,-1.1876,2.1626,0.975,Portland State
3663,Trent Burns,-0.4506,-0.578,-1.0286,Missouri
3664,Trent Hudgens,-0.9133,-2.1568,-3.0701,South Dakota
3665,Trent Hundley,-1.9864,0.6574,-1.329,Evansville
3666,Trent Middleton,-3.7541,2.9622,-0.7919,N.C. A&T
3667,Trent Noah,1.826,0.8204,2.6464,Kentucky
3668,Trent Perry,0.2214,6.9143,7.1357,UCLA
3669,Trent Pierce,1.0906,4.3637,5.4542,Missouri
3670,Trent Sisley,0.1124,0.1968,0.3092,Indiana
3671,Trent Steinour,-0.2166,0.1247,-0.0919,Clemson
3672,Trenton Walters,-3.44,-0.6401,-4.0802,Niagara
3673,Trevan Leonhardt,0.6211,5.3909,6.0119,Utah Valley
3674,Trevian Carson,2.2034,6.4345,8.6379,North Dakota State
3675,Trevin Jirak,-2.0925,0.1223,-1.9702,Iowa
3676,Trevon Blassingame,1.1777,0.4305,1.6082,Idaho
3677,Trevon Brazile,1.5552,7.9653,9.5206,Arkansas
3678,Trevor Augustine,-0.407,-0.1853,-0.5923,Canisius
3679,Trevor Best,-1.0411,-1.0354,-2.0765,Arizona State
3680,Trevor Hennig,-1.8223,1.8391,0.0168,Weber State
3681,Trevor Mullin,-0.1915,4.6136,4.4222,Yale
3682,Trey Autry,-0.4513,4.6602,4.2089,George Washington
3683,Trey Booker-Lowery,-0.8357,0.2752,-0.5604,Kansas City
3684,Trey Buchanan,0.0981,1.0443,1.1423,South Dakota State
3685,Trey Campbell,1.1912,4.1225,5.3137,UNI
3686,Trey Deveaux,-3.0101,-0.9296,-3.9397,Mount St. Mary's
3687,Trey Fort,-1.3512,-0.1007,-1.4519,Michigan State
3688,Trey Green,-1.4628,6.6465,5.1837,Saint Louis
3689,Trey Horton,-1.5372,-3.0895,-4.6267,UTEP
3690,Trey Kaufman-Renn,1.0592,8.3787,9.4378,Purdue
3691,Trey Lewis,-2.8237,2.7606,-0.0631,Western Mich.
3692,Trey McKenney,3.4476,6.8805,10.3281,Michigan
3693,Trey Parker,3.6091,-0.3283,3.2808,Seton Hall
3694,Trey Patterson,-1.1381,-1.247,-2.3851,Rice
3695,Trey Perry,-2.8697,2.075,-0.7947,Miami (OH)
3696,Trey Scott,-1.0215,-0.8435,-1.865,Georgia State
3697,Trey Simpson,-1.2525,3.51,2.2575,Kennesaw St.
3698,Trey Stuart,-0.1789,-0.4501,-0.629,TCU
3699,Trey Thomas,-1.2658,-0.8218,-2.0877,Southern Ind.
3700,Trey Utter,-0.2095,-0.2913,-0.5008,SMU
3701,Trey Williams,-3.2239,3.4932,0.2693,Missouri State
3702,Trey Woodyard,-0.8584,-0.2003,-1.0587,Vermont
3703,Treysen Eaglestaff,2.9058,3.578,6.4837,West Virginia
3704,Treyson Anderson,-0.8094,4.0759,3.2664,North Dakota State
3705,Tristan Beckford,-0.3364,0.9925,0.6561,South Fla.
3706,Tristan Gross,-1.4767,1.8448,0.3681,Mercer
3707,Tristan Smith,3.007,4.0948,7.1018,UNI
3708,Tristan Thompson,0.3171,-0.9231,-0.6059,Coastal Carolina
3709,Troy Cole,-0.5839,-1.6801,-2.2639,Southeast Mo. St.
3710,Troy Glover,-0.1535,1.5424,1.3888,Bowling Green
3711,Troy Henderson,0.6195,-0.1135,0.5059,Tennessee
3712,Troy Jenkins,-0.3671,-0.5192,-0.8863,Fresno St.
3713,Troy Plumtree,-1.2565,0.5342,-0.7223,Cal Poly
3714,Tru Washington,0.4386,4.1029,4.5415,Miami (FL)
3715,Truman Claytor,-3.1151,-1.9022,-5.0172,Little Rock
3716,Truth Harris,-2.5537,-0.1165,-2.6702,La Salle
3717,Tryce Grensing,-0.2706,-0.1817,-0.4522,Indiana
3718,Tsvet Sotirov,-0.4275,0.4339,0.0065,Ga. Southern
3719,Tuburu Naivalurua,-3.3431,4.0954,0.7523,Oakland
3720,Tucker Anderson,-1.7069,1.3882,-0.3187,Utah State
3721,Tucker DeVries,1.873,7.6277,9.5007,Indiana
3722,Tucker Tornatta,-0.4139,-0.6659,-1.0797,Valparaiso
3723,Tunde Vahlberg Fasasi,-1.6346,4.947,3.3123,William & Mary
3724,Tuongthach Gatkek,0.6267,2.9294,3.556,Little Rock
3725,Ty Bevins,0.2933,-1.4133,-1.12,George Washington
3726,Ty Blake,-0.477,-0.0973,-0.5744,Illinois State
3727,Ty Davis,0.2654,-0.6361,-0.3707,Creighton
3728,Ty Francis,-3.1375,-1.1913,-4.3289,Northeastern
3729,Ty Harper,-3.5205,3.7608,0.2403,Oral Roberts
3730,Ty Iwanonkiw,0.2192,0.9561,1.1753,Cornell
3731,Ty Owens,-1.8072,0.049,-1.7582,Tennessee Tech
3732,Ty Pence,1.0726,4.2915,5.3641,Illinois State
3733,Ty Price,-0.0228,0.2625,0.2397,UT Martin
3734,Ty Tabales,-2.8683,-1.1453,-4.0136,Bryant
3735,Ty'Reek Coleman,3.5162,2.9371,6.4534,Illinois State
3736,Ty-Laur Johnson,-0.6214,1.5525,0.9311,San Diego
3737,Tybo Bailey,-0.6136,-3.1442,-3.7577,East Carolina
3738,Tye Dorset,-1.8395,1.1325,-0.707,Merrimack
3739,Tyeree Bryan,0.5877,1.6474,2.2351,Texas Tech
3740,Tylan Lewis,0.1909,0.7174,0.9083,Abilene Christian
3741,Tylen Riley,-1.1166,5.0007,3.8841,Tulsa
3742,Tyler Behrend,1.4223,6.2366,7.6589,Tulsa
3743,Tyler Betsey,-2.2822,4.577,2.2948,Syracuse
3744,Tyler Bike,-0.6821,-1.1606,-1.8427,New Hampshire
3745,Tyler Bilodeau,-0.0859,8.4465,8.3606,UCLA
3746,Tyler Cochran,1.875,3.4316,5.3066,Rhode Island
3747,Tyler Coleman,-1.9991,-0.0827,-2.0819,Towson
3748,Tyler Garrett,-0.3778,1.2245,0.8467,Dartmouth
3749,Tyler Harris,1.3904,2.0086,3.399,Vanderbilt
3750,Tyler Hendricks,0.8891,5.1692,6.0583,Utah Valley
3751,Tyler Houser,-1.8247,3.2715,1.4468,Delaware
3752,Tyler Isaak,-2.1438,-0.3637,-2.5076,Montana
3753,Tyler Johnson,0.3111,3.2937,3.6048,Virginia Tech
3754,Tyler Jones,-0.499,-0.9792,-1.4782,UC Riverside
3755,Tyler King,-0.9436,1.5548,0.6113,SIUE
3756,Tyler Kropp,-0.407,1.3322,0.9251,Northwestern
3757,Tyler Lundblade,-3.734,8.8527,5.1187,Belmont
3758,Tyler McKinley,0.4721,-0.4868,-0.0147,Cincinnati
3759,Tyler Medaris,0.9929,-0.0412,0.9517,Utah Valley
3760,Tyler Mrus,-0.0159,1.9521,1.9362,BYU
3761,Tyler Nickel,-1.2844,9.0096,7.7252,Vanderbilt
3762,Tyler Ode,-1.0028,-0.7102,-1.713,Toledo
3763,Tyler Perkins,0.0167,6.246,6.2627,Villanova
3764,Tyler Powell,-1.9392,1.775,-0.1642,Eastern Wash.
3765,Tyler Ringgold,0.1361,-0.7827,-0.6466,Tulane
3766,Tyler Robbins,0.0194,1.5615,1.5809,Miami (OH)
3767,Tyler Robinett,-0.0191,-1.674,-1.6932,Youngstown State
3768,Tyler Rolison,0.4903,1.6899,2.1803,Nevada
3769,Tyler Schmidt,-1.1499,0.3259,-0.8239,Towson
3770,Tyler Spratt,-1.7645,3.8043,2.0398,Detroit Mercy
3771,Tyler Tanner,2.4288,9.1606,11.5894,Vanderbilt
3772,Tyler Tejada,-1.5939,4.0068,2.4129,Towson
3773,Tyler Thompson,1.0854,4.7894,5.8748,Montana
3774,Tyler Weaver,-0.5878,-0.1742,-0.762,Utah Valley
3775,Tylik Weeks,-2.0357,3.912,1.8764,Southern Miss.
3776,Tyon Grant-Foster,1.5629,3.7443,5.3071,Gonzaga
3777,Tyonne Farrell,-1.7642,-0.5138,-2.278,Morehead State
3778,Tyran Cook,-2.6232,-2.397,-5.0202,Western Ill.
3779,Tyran Mason,-0.8371,1.6836,0.8466,UT Arlington
3780,Tyreese Watson,-1.2703,-2.3926,-3.6629,UTEP
3781,Tyrell Ward,0.7525,0.6675,1.42,VCU
3782,Tyren Moore,-3.6955,5.3645,1.669,Ga. Southern
3783,Tyrin Jones,0.0512,5.6561,5.7074,UNLV
3784,Tyrique Brooks,-0.9866,-0.4886,-1.4752,Missouri State
3785,Tyrone Marshall,1.6538,2.1759,3.8297,George Washington
3786,Tyrone Riley,1.6833,6.4242,8.1075,San Francisco
3787,Ubong Okon,1.3542,-1.5772,-0.2229,Robert Morris
3788,Ugnius Jarusevicius,-0.1908,-0.0807,-0.2715,Nebraska
3789,Ugonna Onyenso,3.2412,4.1177,7.3589,Virginia
3790,Urban Klavzar,0.7512,7.9389,8.6901,Florida
3791,Uriah Tenette,2.9607,3.8578,6.8185,New Mexico
3792,Uriyah Rojas,-0.611,2.9737,2.3627,Wyoming
3793,Uros Paunovic,-0.2186,-0.3351,-0.5537,UConn
3794,Uzziah Buntyn,-1.9641,3.4331,1.4689,South Dakota
3795,Valentino Pinedo,-1.7144,1.5246,-0.1898,UNC Greensboro
3796,Valentino Simon,-1.8514,0.9136,-0.9378,Omaha
3797,Vangelis Zougris,0.0088,1.8686,1.8775,Louisville
3798,Vasilije Kuridza,-0.231,0.0865,-0.1445,Tulane
3799,Vaughn Weems,0.5631,4.6266,5.1897,Nevada
3800,Veljko Ilic,0.3192,4.6124,4.9317,Sam Houston
3801,Ven-Allen Lubin,-1.0495,5.6868,4.6373,NC State
3802,Veniamin Abosi,1.7141,1.2818,2.9959,San Francisco
3803,Vernon Collins,0.3128,-0.6224,-0.3097,Western Caro.
3804,Vianney Salatchoum,1.2409,-2.0635,-0.8226,TCU
3805,Vice Zanki,-2.9016,0.8311,-2.0705,Niagara
3806,Victor Panov,0.7181,3.6062,4.3243,Drexel
3807,Victor Valdes,-0.7977,1.0909,0.2931,Troy
3808,Victory Onuetu,0.6532,-0.4218,0.2314,Hofstra
3809,Viktor Mikic,-0.665,-0.7973,-1.4623,Florida
3810,Viljami Vartiainen,-1.8762,5.1324,3.2562,Weber State
3811,Villiam Garcia Adsten,-2.2994,-3.6673,-5.9666,Drexel
3812,Vince Buzelis,-1.2183,-0.6022,-1.8205,South Dakota
3813,Vince Dawson,-1.3827,2.3764,0.9937,Morehead State
3814,Vincent Delano,-3.5237,0.3781,-3.1456,Northern Colo.
3815,Vincent Iwuchukwu,2.8197,4.1267,6.9464,Georgetown
3816,Vincent Neugebauer,0.2479,1.29,1.5379,Fla. Atlantic
3817,Vincent Ricchiuti,-0.0803,0.192,0.1117,Wake Forest
3818,Vito Perkovic,-1.6446,-0.6489,-2.2934,East Carolina
3819,Vladimer Salaridze,-2.2628,3.5846,1.3218,Youngstown State
3820,Vladimir Khryapa,2.3294,-4.395,-2.0656,UT Martin
3821,Vladimir Sudar,-1.5189,-0.0908,-1.6098,Pepperdine
3822,Vuk Boskovic,-3.4215,2.2237,-1.1978,San Diego
3823,Vukasin Masic,-1.8594,0.5973,-1.2621,San Francisco
3824,Vukasin Todorovic,-1.2805,-0.6025,-1.883,Green Bay
3825,Vyctorius Miller,-0.9804,2.9365,1.9562,Oklahoma State
3826,Wade Chiddick,-0.0828,-0.1171,-0.1999,Villanova
3827,Waka Mbatch,1.0911,0.0488,1.14,Montana State
3828,Walker Andrews,-0.8265,0.1228,-0.7037,VMI
3829,Walker Asp,-0.6385,0.1141,-0.5244,Northern Colo.
3830,Walker Horn,-0.0627,-0.2939,-0.3566,Kentucky
3831,Walker Timme,-0.4098,-0.0679,-0.4777,Northern Ariz.
3832,Walter Brown,-0.8009,2.4198,1.619,UNLV
3833,Warren Marshall,-0.8605,-0.5988,-1.4593,Oakland
3834,Wei Lin,-1.3479,0.4505,-0.8974,Oregon
3835,Weilun Zhao,-1.6065,-0.9922,-2.5987,San Francisco
3836,Wes Enis,-1.5848,4.3049,2.7201,South Fla.
3837,Wes Peterson,-5.0372,-0.5427,-5.5799,Binghamton
3838,Wesley Celichowski,-1.0961,-3.8023,-4.8984,Air Force
3839,Wesley Yates,-0.47,2.671,2.2009,Washington
3840,Weston Aigner,-0.2694,-0.6369,-0.9063,Evansville
3841,Wilder Evers,-0.5113,-0.4621,-0.9734,Kansas
3842,Wilguens Jr Exacte,0.286,0.6776,0.9636,Drake
3843,Wilhelm Breidenbach,1.3555,-0.882,0.4735,Grand Canyon
3844,Will Allen,1.2229,-1.5141,-0.2912,Louisiana Tech
3845,Will Ashford,-1.998,-1.9427,-3.9407,Central Mich.
3846,Will Berg,1.3993,5.3224,6.7217,Wichita State
3847,Will Eggemeier,0.0037,-0.0392,-0.0355,Boston College
3848,Will Felton,-1.5877,1.2838,-0.304,N.C. A&T
3849,Will Garlock,-0.6807,-0.1596,-0.8402,Wisconsin
3850,Will Hanke,-0.1794,-0.0572,-0.2365,Louisville
3851,Will Harper,-1.4043,0.4446,-0.9597,Richmond
3852,Will Heimbrodt,2.6268,1.1486,3.7754,Seattle U
3853,Will Hornseth,0.4026,1.9135,2.3161,UNI
3854,Will James,-0.2574,2.037,1.7796,Toledo
3855,Will Johnston,-3.8464,3.4908,-0.3556,Richmond
3856,Will Kuykendall,-0.7762,0.1183,-0.658,Baylor
3857,Will Lange,-0.2897,0.0231,-0.2666,Saint Joseph's
3858,Will Maxwell,-0.1419,-0.1277,-0.2697,Dayton
3859,Will McClendon,0.033,1.075,1.108,North Texas
3860,Will Mortimore,0.4663,-0.8508,-0.3845,Col. of Charleston
3861,Will Shaver,-0.489,-1.6751,-2.1641,Samford
3862,Will Shortt,-2.4088,-1.2603,-3.6691,Niagara
3863,Will Thengvall,-0.2487,-0.2793,-0.528,Kansas
3864,Will Tschetter,1.2951,4.8392,6.1344,Michigan
3865,Will Underwood,-0.03,-0.2026,-0.2325,Wake Forest
3866,William Ball,-2.2716,-2.4065,-4.678,ULM
3867,William Campbell,0.3727,0.8148,1.1875,Lindenwood
3868,William Humer,-1.6462,-0.7684,-2.4145,Northern Colo.
3869,William Jeffress,0.324,-3.2401,-2.9161,Louisiana Tech
3870,William Kermoury,-3.3038,4.5677,1.2639,Northeastern
3871,William Kruse,-0.2266,0.5333,0.3068,Penn
3872,William Kutzler,-0.0164,0.1514,0.135,Princeton
3873,William Kyle,0.9474,2.5369,3.4843,Syracuse
3874,William Whorton,0.046,-1.1272,-1.0812,Memphis
3875,Wilson Dubinsky,0.5283,3.3076,3.8359,Marshall
3876,Wilson Jacques,0.329,2.7764,3.1053,Fresno St.
3877,Win Miller,-2.7561,-2.3093,-5.0654,Belmont
3878,Winters Grady,0.1666,-0.5044,-0.3378,Michigan
3879,Wyatt DeGraaf,0.8489,-0.7566,0.0923,Brown
3880,Wyatt Fricks,-0.8732,5.8711,4.9979,Marshall
3881,Wylee Delorme,-3.2026,0.5902,-2.6124,North Dakota
3882,Xaivian Lee,3.2957,3.8381,7.1338,Florida
3883,Xander Alarie,-0.7818,-0.2759,-1.0577,Northeastern
3884,Xander Pintelon,0.1504,3.0544,3.2048,Fla. Atlantic
3885,Xander Wedlow,-0.3923,-0.6018,-0.9942,St. Bonaventure
3886,Xavier Abreu,-4.5069,2.5711,-1.9358,Northeastern
3887,Xavier Amos,0.3603,2.1017,2.4621,Loyola Chicago
3888,Xavier Booker,-0.1008,1.8078,1.7071,UCLA
3889,Xavier Brown,-0.6294,-0.3128,-0.9422,South Fla.
3890,Xavier Edmonds,0.5303,6.4992,7.0295,TCU
3891,Xavier Hall,-0.6646,0.6913,0.0267,Indiana State
3892,Xavier Istomin-Monroe,-0.1914,-0.6871,-0.8784,Detroit Mercy
3893,Xavier Lipscomb,-3.7623,1.3434,-2.4189,Mount St. Mary's
3894,Xavier Nesbitt,0.5401,-1.9435,-1.4034,Harvard
3895,Xavion Staton,-0.419,-0.0811,-0.5001,BYU
3896,Xzavier Long,-2.0725,0.5314,-1.5411,Hampton
3897,Xzavion Mitchell,-0.7487,-0.0535,-0.8022,Iowa State
3898,Xzayvier Brown,-1.818,4.6858,2.8678,Oklahoma
3899,Yaak Yaak,-0.5519,1.547,0.9951,Oregon State
3900,Yacine Toumi,0.3675,-1.6237,-1.2562,Hawaii
3901,Yakhya Diop,0.175,-1.5834,-1.4085,Mount St. Mary's
3902,Yame Butler,-0.925,0.3299,-0.5951,Butler
3903,Yancarlos Cueto,-0.3712,-0.7113,-1.0825,N.C. A&T
3904,Yaniel Rivera,-2.4248,1.4397,-0.9851,Abilene Christian
3905,Yanis Bamba,-2.2006,-1.9136,-4.1142,Maine
3906,Yann Farell,-3.9975,2.9772,-1.0203,Sacred Heart
3907,Yaphet Moundi,0.245,2.3249,2.5699,San Jose State
3908,Yaqub Mir,-0.0902,-0.0842,-0.1744,UC San Diego
3909,Yaxel Lendeborg,5.6944,13.1555,18.85,Michigan
3910,Yaya Keita,-0.3864,-1.2731,-1.6595,UAlbany
3911,Yohan Traore,-3.4906,4.2546,0.764,Butler
3912,Yohann Sissoko,-1.7513,1.8773,0.126,Fla. Atlantic
3913,Yonatan Levy,-1.5012,-0.1519,-1.6531,Pepperdine
3914,Youri Fritz,-2.272,1.1501,-1.122,Northeastern
3915,Yuto Kawashima,-0.1477,0.201,0.0533,Seattle U
3916,Yuto Yamanouchi-Williams,-1.2152,-0.9637,-2.1789,Oral Roberts
3917,Yuval Levin,0.7396,0.4619,1.2015,Purdue Fort Wayne
3918,Zaakir Williamson,-1.3644,-0.2975,-1.6619,Saint Peter's
3919,Zac Foster,0.605,0.6708,1.2758,Clemson
3920,Zacch Wiggins,-2.3158,2.6278,0.3119,Old Dominion
3921,Zach Bell,-4.1433,-3.4686,-7.612,Southern Utah
3922,Zach Bloch,-0.2707,3.5837,3.313,Northern Colo.
3923,Zach Christian,-0.2459,-0.4997,-0.7457,Canisius
3924,Zach Clemence,0.4096,3.2044,3.6139,Texas A&M
3925,Zach Cleveland,1.4166,4.7367,6.1533,Liberty
3926,Zach Davis,-0.2772,2.7706,2.4934,Memphis
3927,Zach Day,0.4035,-0.9269,-0.5234,Ole Miss
3928,Zach Halligan,0.5558,-0.496,0.0599,Akron
3929,Zach Keller,-0.5405,-0.3744,-0.9149,Utah State
3930,Zach Kinziger,0.8393,-0.6806,0.1587,Wisconsin
3931,Zach Kraft,-1.2156,2.587,1.3713,North Dakota
3932,Zach Lamey,-0.1305,0.387,0.2565,Samford
3933,Zach Matulu,-1.4593,0.4739,-0.9854,UAlbany
3934,Zach Tow,0.0588,-0.0673,-0.0085,Kentucky
3935,Zachary Johnson,-0.577,-0.097,-0.674,UCF
3936,Zachary Royster,-0.1872,-0.4091,-0.5963,Loyola Chicago
3937,Zachiah Clark,-0.6914,-0.5122,-1.2036,UC Santa Barbara
3938,Zack Davidson,-0.6763,0.4565,-0.2198,Northern Ariz.
3939,Zack Scherler,-1.7156,-1.0627,-2.7783,NJIT
3940,Zaide Lowery,0.2141,0.1561,0.3702,Marquette
3941,Zaire Williams,-0.9445,4.1199,3.1755,Mercer
3942,Zak Abdalla,0.3304,-0.2614,0.069,Detroit Mercy
3943,Zamoku Weluche-Ume,-2.9275,0.5091,-2.4184,N.C. A&T
3944,Zander Carter,1.0931,0.3136,1.4067,Liberty
3945,Zander Yates,-3.0,-2.4524,-5.4524,Liberty
3946,Zane Nelson,-0.6636,4.4838,3.8201,Denver
3947,Zaon Collins,0.0598,3.0144,3.0742,Fresno St.
3948,Zarique Nutter,-0.0423,0.4358,0.3935,Fordham
3949,Zawdie Jackson,0.0166,2.6762,2.6928,FIU
3950,Zaxton King,-0.8548,0.2071,-0.6478,Missouri State
3951,Zayden High,0.046,-0.0721,-0.0261,North Carolina
3952,Zeplin Kidd,-0.0487,0.2146,0.1659,Southern Utah
3953,Ziare Wells,-0.3976,2.9819,2.5843,Oakland
3954,Zine Eddine Bedri,0.2849,0.2504,0.5352,Columbia
3955,Zio Kim,-0.0569,-0.0324,-0.0893,Princeton
3956,Zion Cruz,-4.2918,0.7739,-3.5179,Rider
3957,Zion Fruster,-1.9947,1.8731,-0.1216,Eastern Ill.
3958,Zion Sensley,-2.8328,5.0596,2.2268,UC Santa Barbara
3959,Zion Stanford,-0.6529,-1.0391,-1.692,Villanova
3960,Zion Wilburn,-0.3335,1.2787,0.9452,Samford
3961,Zoom Diallo,0.2307,6.4279,6.6586,Washington
3962,Zubayr Griffin,-0.8889,0.0343,-0.8546,Monmouth
3963,Zuby Ejiofor,3.4256,9.0445,12.4702,St. John's (NY)
3964,Zvonimir Ivisic,3.2837,6.1881,9.4718,Illinois
3965,Zy Wright,-1.5072,1.5194,0.0122,Abilene Christian
3966,Zyair Greene,-1.0276,-0.3621,-1.3897,Indiana State
3967,Zyier Beverly,-1.3866,-1.9362,-3.3228,Binghamton
