,player,DRAPM,ORAPM,Total_RAPM,team
0,AC Bryant,0.4303,0.5019,0.9322,Alabama A&M
1,AD Diedhiou,-0.1724,-0.2969,-0.4692,ULM
2,AJ Allenspach,-0.4249,1.2816,0.8567,Army West Point
3,AJ Barnes,1.3978,0.0024,1.4002,Southern U.
4,AJ Bates,0.8192,1.1759,1.9951,Louisiana Tech
5,AJ Braun,0.3949,-0.1493,0.2456,California Baptist
6,AJ Brown,-0.3514,1.9184,1.5671,Ohio
7,AJ Burgin,-1.1644,1.5357,0.3713,Idaho State
8,AJ Casey,0.3036,-0.12,0.1836,Saint Louis
9,AJ Clark,1.1975,-1.6859,-0.4884,VMI
10,AJ Clayton,0.0429,2.4408,2.4837,Ohio
11,AJ Dancler,-1.5186,0.6594,-0.8593,Le Moyne
12,AJ Economou,-0.1105,-0.3472,-0.4578,Hawaii
13,AJ Ferguson,2.2673,0.9052,3.1724,Murray State
14,AJ George,-1.0182,0.9087,-0.1095,SMU
15,AJ Hoggard,0.9446,2.3521,3.2967,Vanderbilt
16,AJ Hopkins,1.757,-1.432,0.325,UT Martin
17,AJ LaBeau,0.6766,-0.0992,0.5775,Cornell
18,AJ Levine,-0.0379,0.4375,0.3995,Penn
19,AJ Lopez,2.2634,-1.2602,1.0032,Maine
20,AJ Lux,0.966,-1.5092,-0.5433,Bellarmine
21,AJ McBride,-0.0171,-0.1495,-0.1666,Niagara
22,AJ McGinnis,-0.2265,-1.1589,-1.3854,Wichita State
23,AJ McKee,2.1573,2.9484,5.1058,Milwaukee
24,AJ Patterson,0.1156,-0.093,0.0226,Air Force
25,AJ Redd,0.2647,-0.1796,0.085,Illinois
26,AJ Rodriguez,0.145,-0.0146,0.1304,Cornell
27,AJ Smith,0.2606,2.9013,3.1619,James Madison
28,AJ Smith,0.2606,2.9013,3.1619,Col. of Charleston
29,AJ Staton-McCray,-0.7983,0.0693,-0.729,Miami (FL)
30,AJ Storr,0.0751,0.5204,0.5955,Kansas
31,AJ Swinton,0.5958,-0.4543,0.1416,Florida State
32,AJ Wills,0.2027,-1.4489,-1.2462,Wyoming
33,AK Okereke,-0.5058,4.9928,4.487,Cornell
34,Aa'reyon Munir-Jones,-0.6467,-0.0306,-0.6773,Coppin State
35,Aaron Bradshaw,1.7621,-0.2221,1.54,Ohio State
36,Aaron Cooley,1.2418,0.629,1.8708,Brown
37,Aaron Davis,0.8486,0.1243,0.9729,Bryant
38,Aaron Franklin,-0.4595,-0.0492,-0.5087,Milwaukee
39,Aaron Gray,-1.4644,0.1545,-1.3098,Indiana State
40,Aaron Hunkin-Claytor,0.6974,-0.3446,0.3528,Hawaii
41,Aaron McBride,1.6521,0.4181,2.0702,LMU (CA)
42,Aaron Nkrumah,1.2894,1.7317,3.0211,Tennessee State
43,Aaron Oh,-0.2788,0.1004,-0.1784,Georgia State
44,Aaron Potter,0.5056,0.4588,0.9644,A&M-Corpus Christi
45,Aaron Powell,-0.0401,-0.8534,-0.8935,Rice
46,Aaron Price,-0.6118,-0.1553,-0.7671,Cal Poly
47,Aaron Reddish,1.2202,0.1196,1.3397,UAlbany
48,Aaron Scott,2.7882,1.845,4.6332,St. John's (NY)
49,Aaron Smith,0.5726,-1.4592,-0.8866,Alabama A&M
50,Abdi Bashir,-1.7913,0.3883,-1.403,Monmouth
51,Abdou Khadre Kebe,-0.8399,-2.2056,-3.0455,Mount St. Mary's
52,Abdou Samb,0.5157,-1.228,-0.7123,Towson
53,Abdou Tsimbila,-0.6087,-0.9143,-1.523,Fordham
54,Abdoulaye Thiam,1.1776,2.8625,4.04,High Point
55,Abdul Momoh,3.7812,1.1742,4.9553,Central Conn. St.
56,Abdulai Fanta Kabba,1.1032,-1.8656,-0.7624,Denver
57,Abou Magassa,0.8758,-0.0953,0.7806,Wyoming
58,Abou Ousmane,2.1004,0.9599,3.0603,Oklahoma State
59,Aboubacar Traore,-0.7485,0.6144,-0.1341,Louisville
60,Abramo Canka,-2.2474,0.17,-2.0774,Stetson
61,Ace Bailey,2.0243,3.281,5.3053,Rutgers
62,Ace Baldwin,2.3414,3.3108,5.6523,Penn State
63,Ace Talbert,0.7129,-1.5251,-0.8122,Saint Francis
64,Ace Valentine,-2.0959,1.4024,-0.6935,UMBC
65,Achile Spadone,1.1357,-0.3329,0.8028,Bucknell
66,Achor Achor,-0.2375,-1.0555,-1.293,Kansas State
67,Adam Benhayoune,-0.3443,-0.0575,-0.4018,LSU
68,Adam Clark,1.9833,-0.1956,1.7877,Merrimack
69,Adam Comer,-0.0307,-0.6285,-0.6593,Col. of Charleston
70,Adam Hamilton,1.8355,-0.5825,1.253,Lamar University
71,Adam Hinton,0.4429,1.4347,1.8775,Cornell
72,Adam Holod,0.2477,-0.1173,0.1304,American
73,Adam Miller,2.0177,0.2194,2.2371,Arizona State
74,Adam Moussa,1.2922,-0.384,0.9081,California Baptist
75,Adam Njie,0.1462,-0.008,0.1382,Iona
76,Adam Shoff,-0.0382,-0.2556,-0.2938,Montana
77,Adam Stewart,0.1573,0.1874,0.3448,TCU
78,Adam Tauer,0.4039,0.2122,0.6161,St. Thomas (MN)
79,Adama Bal,0.5288,2.3471,2.8759,Santa Clara
80,Adante' Holiman,-1.066,1.9944,0.9284,Ga. Southern
81,Aday Mara,2.6761,0.7936,3.4697,UCLA
82,Addison Arnold,0.1534,-0.2495,-0.0961,Arizona
83,Addison Patterson,1.8273,-1.0785,0.7488,Northwestern State
84,Ademide Badmus,-1.8925,-0.4627,-2.3551,Gardner-Webb
85,Ademola Oladipo,-0.1278,0.3754,0.2476,Alabama A&M
86,Aden Holloway,0.9367,4.3542,5.2909,Alabama
87,Aden Tagaloa-Nelson,0.106,-0.1039,0.0021,West Virginia
88,Adetokunbo Bakare,1.0112,0.5182,1.5294,Saint Peter's
89,Adou Thiero,3.0778,1.7786,4.8564,Arkansas
90,Adrian Samuels,0.8302,-0.0257,0.8046,American
91,Adrian Uchidiuno,0.2074,0.1196,0.327,Brown
92,Adrian Wooley,2.1728,1.9279,4.1008,Kennesaw State
93,Afan Trnka,0.3189,-1.2147,-0.8958,UT Martin
94,Ahamad Bynum,0.1957,1.727,1.9227,UTEP
95,Ahmad Henderson,1.2369,1.7193,2.9562,UIC
96,Ahmad Nowell,0.3077,0.9088,1.2165,UConn
97,Ahmad Robinson,1.2547,0.3485,1.6032,Mercer
98,Ahmed Barba-Bey,-0.907,0.0688,-0.8383,FDU
99,Ahmed Essahaty,0.4736,-0.1682,0.3054,Southeastern La.
100,Ahmet Jonovic,2.0312,1.8277,3.8589,Bradley
101,Ahmir Langlais,0.27,-0.6358,-0.3658,Tennessee State
102,Ahron Ulis,-0.0766,-1.4113,-1.4878,Nebraska
103,Aidan Braccia,0.176,-0.094,0.082,Belmont
104,Aidan Burke,0.8602,2.0011,2.8613,UC San Diego
105,Aidan Cammann,2.7461,0.9098,3.6559,Stanford
106,Aidan Carpenter,1.5344,-0.4339,1.1005,Sacred Heart
107,Aidan Driggers,0.3539,-0.0415,0.3124,Jacksonville State
108,Aidan Hadaway,0.1927,0.8014,0.9941,Ohio
109,Aidan Harris,0.6342,0.0448,0.679,Saint Francis
110,Aidan Kehoe,-0.193,-0.7767,-0.9697,Navy
111,Aidan Konop,-0.2361,0.0003,-0.2357,Wisconsin
112,Aidan Mahaney,1.0212,0.3944,1.4156,UConn
113,Aidan McCool,-0.1449,-0.3981,-0.543,Louisville
114,Aidan Mckeon,0.0191,-0.2765,-0.2573,James Madison
115,Aidan Noyes,-0.0555,1.2203,1.1648,Belmont
116,Aidan Reichert,-0.247,1.3531,1.1061,Mercyhurst
117,Aidan Richard,0.4381,0.1949,0.6329,Holy Cross
118,Aidan Rubio,-0.5058,-0.1218,-0.6276,UNC Asheville
119,Aidan Shaw,1.5093,1.593,3.1022,Missouri
120,Aiden Sherrell,1.5577,2.1477,3.7054,Alabama
121,Aiden Tobiason,-0.8022,1.7383,0.9361,Temple
122,Ajay Holubar,-0.7766,0.8475,0.0709,IU Indy
123,Ajay Sheldon,0.52,1.0093,1.5293,Ohio
124,Ajay Tew,0.0179,0.5508,0.5687,ULM
125,Akil Watson,-0.3966,0.0322,-0.3644,Massachusetts
126,Akili Evans,0.2122,-1.4778,-1.2656,Austin Peay
127,Akintola Akinniyi,-0.0379,-0.065,-0.1029,Quinnipiac
128,Akira Jacobs,-0.2295,0.2566,0.0271,Hawaii
129,Akrum Ahemed,3.3738,-0.2112,3.1626,UNC Greensboro
130,Al Green,-0.0126,1.2876,1.2751,Louisiana Tech
131,Alaaeddine Boutayeb,0.1009,-0.6875,-0.5866,Rider
132,Alden Applewhite,-0.37,1.8247,1.4547,Murray State
133,Alec Millender,-0.8376,1.8908,1.0532,IU Indy
134,Alec Oglesby,0.7165,0.4712,1.1877,Middle Tenn.
135,Alejandro Vasquez,0.3811,1.5376,1.9187,UAB
136,Aleks Szymczyk,-0.1604,-1.5299,-1.6903,Charlotte
137,Aleksandar Gavalyugov,-0.1173,0.3482,0.2309,Villanova
138,Aleksander Pachucki,-0.008,0.3369,0.3289,Fordham
139,Alem Huseinovic,1.3231,0.9657,2.2888,Rice
140,Alex Anderson,-2.6785,-0.6794,-3.3579,Texas Southern
141,Alex Andrews,-0.0487,-0.0508,-0.0995,Florida A&M
142,Alex Bates,0.8996,-1.8432,-0.9436,Stonehill
143,Alex Chaikin,0.4583,2.3709,2.8291,Lafayette
144,Alex Condon,2.6608,2.8727,5.5335,Florida
145,Alex Cotton,-0.0868,0.0788,-0.0081,North Texas
146,Alex Crawford,-1.2234,-1.5928,-2.8162,Fresno St.
147,Alex Daniels,0.1146,-0.0662,0.0483,American
148,Alex Doyle,-0.5859,-0.4087,-0.9945,Stetson
149,Alex Engro,0.2539,0.1332,0.3871,Army West Point
150,Alex Holt,0.122,0.1925,0.3145,Mercer
151,Alex Horiuk,1.1347,-1.3314,-0.1967,Southern Ind.
152,Alex Huibregtse,-1.9027,1.563,-0.3397,Wright State
153,Alex Karaban,0.4359,3.8871,4.323,UConn
154,Alex Koch,0.4489,0.2345,0.6834,Mercer
155,Alex Kovatchev,0.9924,-0.6628,0.3296,Sacramento St.
156,Alex Leiba,0.4894,-0.0319,0.4575,Pepperdine
157,Alex McFadden,-0.3738,0.1329,-0.2409,Delaware
158,Alex Merkviladze,0.8581,1.6372,2.4953,LMU (CA)
159,Alex Nokes,0.4982,0.3875,0.8857,Lindenwood
160,Alex Raiford,-0.7044,-0.5268,-1.2313,Chicago State
161,Alex Tchikou,-0.0006,-0.3741,-0.3747,Detroit Mercy
162,Alex Tew,0.7832,-0.3777,0.4056,Weber State
163,Alexander Lesburt,0.2106,0.6311,0.8417,Brown
164,Alexander Nwagha,-0.7684,-0.6883,-1.4567,Northeastern
165,Alexis Marmolejos,0.2002,-0.0872,0.113,Lamar University
166,Alexis Reyes,-0.0461,-0.5292,-0.5753,Quinnipiac
167,Alfred Worrell,-0.0188,-0.8078,-0.8266,Southern Miss.
168,Alfredo Addesa,-0.3582,1.4881,1.1299,Lehigh
169,Ali Dibba,0.7062,0.924,1.6302,Southern Ill.
170,Ali Ragab,1.1795,0.6408,1.8203,Northern Ariz.
171,Alier Maluk,0.2757,-1.0921,-0.8164,Florida State
172,Alijah Curry,0.3739,0.0477,0.4215,Manhattan
173,Alijah Martin,1.8942,3.2031,5.0973,Florida
174,All Wright,-0.1638,0.8932,0.7294,Valparaiso
175,Allen David Mukeba,0.1963,1.2458,1.4421,Oakland
176,Allen Myers,-0.1127,-0.1464,-0.2591,Manhattan
177,Allen Strothers,0.5259,1.8003,2.3262,ETSU
178,Allen Udemadu,-0.5225,-0.961,-1.4835,Missouri State
179,Almar Atlason,-1.2189,1.1864,-0.0325,Bradley
180,Alonso Faure,-0.3829,-0.9511,-1.334,Pepperdine
181,Alonzo Dodd,1.487,0.8901,2.3771,App State
182,Alpha Chibambe,-0.0078,-0.4323,-0.4401,UMBC
183,Alphonzo Billups,-0.3783,-0.5693,-0.9476,VCU
184,Alston Andrews,1.0101,-1.5245,-0.5144,Delaware State
185,Alston Mason,0.1895,1.0866,1.2762,Arizona State
186,Alvaro Cardenas,1.7809,4.1431,5.9241,Boise State
187,Alvaro Folgueiras,2.359,2.1058,4.4648,Robert Morris
188,Alvin Stredic,-2.3067,-4.4775,-6.7842,Mississippi Val.
189,Aly Tounkara,2.1049,0.4066,2.5115,Lindenwood
190,Alyn Breed,-0.2753,-0.4267,-0.702,McNeese
191,Amaan Sandhu,0.0147,-0.1437,-0.129,Manhattan
192,Amadou Doumbia,0.5134,-0.315,0.1984,Massachusetts
193,Amael L'Etang,2.3633,0.109,2.4723,Dayton
194,Amahrie Simpkins,-0.0911,0.0842,-0.007,Morgan State
195,Amani Drummond,0.4651,-0.2908,0.1743,UIW
196,Amani Hansberry,2.5692,1.7528,4.3219,West Virginia
197,Amani Lyles,0.209,1.2914,1.5003,Akron
198,Amar Augillard,0.5841,-1.0292,-0.4451,Fresno St.
199,Amar Kuljuhovic,-1.1174,1.6353,0.5179,North Dakota
200,Amar'e Marshall,-0.8928,0.6169,-0.2758,UAlbany
201,Amare Campbell,0.0675,-0.6595,-0.592,Pacific
202,Amaree Abram,1.2985,2.7243,4.0227,Louisiana Tech
203,Amari Jedkins,0.6612,-0.0002,0.6611,Montana
204,Amari McCottry,1.5196,-0.8476,0.672,Saint Louis
205,Amari Williams,2.4806,3.4978,5.9784,Kentucky
206,Amarion Dickerson,1.7562,0.0007,1.7569,Robert Morris
207,Amarr Knox,-1.0456,-0.3377,-1.3833,Alabama State
208,Amarri Monroe,1.0597,0.7403,1.8001,Quinnipiac
209,Amdy Ndiaye,0.3721,0.459,0.8311,Pittsburgh
210,Ametri Moss,-0.8198,0.2533,-0.5665,North Florida
211,Amier Ali,-0.7963,1.1508,0.3545,Arizona State
212,Amir Arrington,-0.2757,-0.0771,-0.3528,George Washington
213,Amir Lindsey,-0.0865,0.7445,0.6581,UAlbany
214,Amir Nesbitt,0.6114,0.5182,1.1296,Stonehill
215,Amir Shaheed,0.2227,0.0496,0.2723,Towson
216,Amiri Stewart,-0.034,1.2651,1.2311,Sacred Heart
217,Amsal Delalic,0.5548,1.1854,1.7403,Pittsburgh
218,Anakin Brown,-0.1469,-0.0109,-0.1578,Jacksonville
219,Anastasios Rozakeas,-0.6863,-0.8768,-1.5631,Florida State
220,Anderson Kopp,1.7145,2.5893,4.3038,Kansas City
221,Andersson Garcia,3.1275,3.5743,6.7018,Texas A&M
222,Andre Curbelo,1.0626,-0.008,1.0545,Southern Miss.
223,Andre Henry,2.6212,0.6199,3.2411,UC Irvine
224,Andre Johnson,-0.6905,-0.5916,-1.2821,Utah Valley
225,Andre Lorentsson,-0.8612,1.5425,0.6813,Toledo
226,Andre Mulibea,0.7966,0.024,0.8205,Coastal Carolina
227,Andre Nunley,1.3936,-0.9535,0.4401,Southern U.
228,Andre Screen,0.7525,0.3953,1.1478,Butler
229,Andre Snoddy,-2.3327,0.8924,-1.4403,Stony Brook
230,Andre Weir,0.5129,-1.8794,-1.3665,Kennesaw State
231,Andre Young,1.0102,-0.6518,0.3584,Rider
232,Andrea Holden,-0.8146,-0.301,-1.1156,Wright State
233,Andrej Jakimovski,2.4305,0.8462,3.2767,Colorado
234,Andrej Stojakovic,0.9706,1.8325,2.8031,California
235,Andres Marrero,1.5053,0.0271,1.5324,La Salle
236,Andrew Akuchie,0.0589,-1.4587,-1.3998,Rice
237,Andrew Alia,0.7057,-0.3996,0.3062,Drake
238,Andrew Bailey,0.0934,-0.0796,0.0138,Charlotte
239,Andrew Ball,0.1809,1.2085,1.3894,Monmouth
240,Andrew Canda,0.0804,-0.1974,-0.117,FDU
241,Andrew Carr,3.7097,3.2061,6.9158,Kentucky
242,Andrew Cook,-1.6588,1.6263,-0.0326,Eastern Wash.
243,Andrew Holifield,3.2302,1.4497,4.6799,Lamar University
244,Andrew King,-1.0036,1.0072,0.0036,Elon
245,Andrew Latiff,-0.2559,0.0105,-0.2454,Clemson
246,Andrew McConnell,0.0089,0.3129,0.3218,USC Upstate
247,Andrew McKeever,0.1511,-0.5301,-0.379,Saint Mary's (CA)
248,Andrew McKenna,0.3547,-0.0187,0.336,Pacific
249,Andrew Meadow,-0.6105,1.6861,1.0756,Boise State
250,Andrew Morgan,0.0823,-0.7385,-0.6563,Nebraska
251,Andrew Nagy,-0.7217,0.2938,-0.4279,Long Beach State
252,Andrew Phillips,0.4452,0.6654,1.1106,Lafayette
253,Andrew Rohde,-1.4344,0.2163,-1.2182,Virginia
254,Andrew Sineway,0.0037,0.2224,0.2261,High Point
255,Andrew Taylor,-0.0633,0.5859,0.5226,Stetson
256,Andrew Welage,0.9958,0.8432,1.839,Wright State
257,Andrew Younan,0.8474,0.3734,1.2208,Weber State
258,Andrija Bukumirovic,-1.3882,1.0311,-0.3571,UT Martin
259,Andrija Vukovic,-0.2317,0.4292,0.1975,Oklahoma State
260,Andy Stefonowicz,-0.0565,2.0577,2.0012,North Dakota State
261,Aneek Patil,-0.1464,0.0801,-0.0663,Queens (NC)
262,Angel Montas,-0.0036,-1.6535,-1.657,Mercer
263,Angelo Brizzi,0.0814,0.9545,1.0359,Longwood
264,Angelo Ciaravino,0.2958,0.977,1.2728,Northwestern
265,Angelo Winkel,1.2973,-0.8971,0.4002,Eastern Wash.
266,Angok Anyang,0.5598,-0.302,0.2578,Alabama A&M
267,Anias Futrell,-0.1834,-0.412,-0.5954,Lindenwood
268,Aniwaniwa Tait-Jones,3.3091,4.0638,7.3729,UC San Diego
269,Annor Boateng,1.2353,0.1948,1.4301,Missouri
270,Anouar Mellouk,-0.1878,-2.1647,-2.3525,Morehead State
271,Anquan Boldin,0.6949,-1.1625,-0.4677,Buffalo
272,Anquan Hill,-0.6731,2.1309,1.4578,Sacred Heart
273,Ansley Almonor,0.6587,0.8475,1.5063,Kentucky
274,Antallah Sandlin'El,-1.1106,-0.6016,-1.7122,Robert Morris
275,Ante Beljan,0.2987,-0.4513,-0.1526,Little Rock
276,Ante Brzovic,1.1883,1.4719,2.6602,Col. of Charleston
277,Anthony Alston,0.8495,0.3519,1.2013,App State
278,Anthony Arrington,0.1494,-0.7,-0.5506,Wofford
279,Anthony Batson,0.1149,-0.7377,-0.6228,Stanford
280,Anthony Benard,-2.3162,-2.1129,-4.4291,Canisius
281,Anthony Blunt,1.0533,1.8748,2.9281,UMass Lowell
282,Anthony Clayton,-0.1801,-0.1019,-0.282,Syracuse
283,Anthony Dell'Orso,0.9245,4.0087,4.9332,Arizona
284,Anthony Doppler,0.0781,0.2026,0.2808,North Dakota
285,Anthony Finkley,1.2354,1.7422,2.9776,Saint Joseph's
286,Anthony Gause,1.7161,-0.5087,1.2073,Charleston So.
287,Anthony Leal,1.5155,2.072,3.5874,Indiana
288,Anthony McComb,-2.4059,-2.1927,-4.5986,New Hampshire
289,Anthony Morales,0.9804,-1.6469,-0.6665,Kent State
290,Anthony Nimani,0.3163,0.7209,1.0372,Cornell
291,Anthony Peoples,1.3976,0.7261,2.1236,N.C. Central
292,Anthony Pritchard,0.3116,-0.1845,0.1271,Central Mich.
293,Anthony Robinson,2.8031,4.4637,7.2668,Virginia
294,Anthony Robinson,2.8031,4.4637,7.2668,Missouri
295,Anthony Roy,-0.3467,1.166,0.8192,Green Bay
296,Anthony Selden,-0.9563,0.4462,-0.51,Gardner-Webb
297,Anthony Sellars,-0.0274,-0.0629,-0.0903,Ark.-Pine Bluff
298,Antoine Lorick,0.5435,1.204,1.7475,Tennessee State
299,Anton Bonke,-1.1971,-0.3126,-1.5097,Providence
300,Anton Brookshire,-0.1588,-1.934,-2.0928,Austin Peay
301,Antoni Siewruk,-0.1728,-0.1097,-0.2825,New Hampshire
302,Antoni Vlogianitis,0.0941,0.0425,0.1365,Marist
303,"Antonio ""TJ"" Madlock",0.5521,0.348,0.9002,Alabama State
304,Antonio Lisenbee,-1.587,0.2836,-1.3034,Alcorn
305,Antonio Sisk,-1.2109,-3.6239,-4.8348,Mississippi Val.
306,Antwan Burnett,2.5222,0.1493,2.6715,Grambling
307,Antwan Robinson,-0.7625,-3.1641,-3.9266,Cal St. Fullerton
308,Antwann Jones,-0.1677,0.1865,0.0188,Bethune-Cookman
309,Antwaun Massey,-0.3949,-0.9811,-1.376,Southern Ill.
310,Antwone Woolfolk,2.6059,-0.0787,2.5271,Miami (OH)
311,Antwonne Holmes,-0.1793,-0.4793,-0.6585,UTEP
312,Anwar Gill,-0.6571,0.8308,0.1736,Howard
313,Apostolos Roumoglou,0.0389,-0.1063,-0.0674,Richmond
314,Aquan Smart,0.5016,0.9285,1.43,N.C. Central
315,Arden Conyers,-0.2075,-1.5607,-1.7682,South Carolina
316,Ari Fulton,-0.4809,-0.0345,-0.5154,NJIT
317,Ari Seals,0.1844,-0.3665,-0.1821,Tulsa
318,Aric Demings,-0.2221,-1.5012,-1.7233,Monmouth
319,Ariel Bland,0.1668,-0.7904,-0.6236,UC Santa Barbara
320,Arlandus Keyes,2.2964,0.2258,2.5222,Mount St. Mary's
321,Armandas Plintauskas,0.8311,-2.343,-1.512,Merrimack
322,Armani Perkins,-0.0437,-0.3127,-0.3564,UMass Lowell
323,Armoni Zeigler,0.7524,-0.5492,0.2032,Saint Peter's
324,Arnas Sakenis,0.5635,0.2059,0.7694,SIUE
325,Arne Osojnik,-1.8941,0.9754,-0.9187,Eastern Mich.
326,Arop Arop,0.3227,-0.251,0.0717,Columbia
327,Arrinten Page,0.8926,0.3092,1.2018,Cincinnati
328,Artese Stapleton,1.9961,-0.7,1.296,Eastern Ill.
329,Arthur Kaluma,2.8138,2.9578,5.7715,Texas
330,Arthur Tate,-5.306,-4.2929,-9.5988,Mississippi Val.
331,Arturo Dean,1.6423,1.5436,3.1859,Oklahoma State
332,Aryan Arora,-0.3176,-0.172,-0.4897,Manhattan
333,Asa Newell,0.6446,1.4758,2.1204,Georgia
334,Asa Thomas,-0.5394,-0.0159,-0.5553,Clemson
335,Asher Boney,0.8571,-0.9381,-0.0809,Southeastern La.
336,Asher Woods,0.4909,0.9236,1.4145,Tulane
337,Ashton Hardaway,1.5233,0.2031,1.7264,Saint Mary's (CA)
338,Ashton Reese,0.2078,-0.0709,0.137,UMBC
339,Ashton Smith,-0.6454,0.4003,-0.2451,South Dakota
340,Ashton Williamson,-0.1653,-1.1545,-1.3198,FIU
341,Asim Jones,1.4667,1.0625,2.5292,FIU
342,Asjon Anderson,0.5683,-0.0884,0.4799,Queens (NC)
343,Assane Diop,1.0175,-0.4348,0.5827,Colorado
344,Atiki Ally Atiki,2.295,0.8505,3.1455,New Mexico
345,Atin Wright,2.5931,1.1417,3.7348,North Texas
346,Atticus Schuler,0.1332,-0.1094,0.0238,Dayton
347,Aubin Gateretse,1.0371,1.9914,3.0285,Utah State
348,Augustas Marciulionis,3.1371,2.6236,5.7607,Saint Mary's (CA)
349,Augustinas Kiudulas,-0.4894,-0.148,-0.6374,VMI
350,Augusto Cassia,0.4922,0.7049,1.1971,Butler
351,Augustus Gerhart,0.9866,-0.2249,0.7617,Penn
352,Austin Benigni,0.7647,-0.0512,0.7135,Navy
353,Austin Brooks,0.3663,-0.0195,0.3468,Jacksonville State
354,Austin Green,0.7742,0.0267,0.8009,Texas State
355,Austin Harvell,-0.5425,-0.6998,-1.2423,Alabama A&M
356,Austin Herro,0.1343,-0.166,-0.0317,South Carolina
357,Austin Hunt,0.1879,0.9652,1.153,Harvard
358,Austin Johnson,-1.5844,-0.7218,-2.3061,Long Beach State
359,Austin Maurer,-0.3476,0.4849,0.1373,Grand Canyon
360,Austin Montgomery,-0.642,0.2986,-0.3433,Georgetown
361,Austin Nunez,0.1659,0.1177,0.2836,Arizona State
362,Austin Parks,0.2898,0.6504,0.9402,Ohio State
363,Austin Patterson,0.1908,0.5953,0.7861,Montana
364,Austin Rapp,-0.4387,0.5628,0.1241,Portland
365,Austin Swartz,-3.4657,0.7182,-2.7475,Miami (FL)
366,Austin Villarreal,-0.3754,-0.2297,-0.6051,Milwaukee
367,Austin Williams,-0.8048,-0.5023,-1.3071,Elon
368,Avantae Parker,0.2609,-0.4707,-0.2098,Ga. Southern
369,Avery Brown,-1.7358,2.1212,0.3853,Columbia
370,Avery Felts,0.959,-0.233,0.726,Arkansas State
371,Avishai Lowery,0.0167,0.0774,0.0941,Jacksonville State
372,Ayden Davis,-0.2507,-0.2763,-0.527,Wright State
373,Ayden Evans,-0.8312,-0.95,-1.7812,Ohio
374,Ayden Kelley,0.1077,-0.127,-0.0193,Arkansas
375,Ayodele Taiwo,1.1147,-2.5597,-1.445,Howard
376,Ayomide Bamisile,-0.2313,0.0082,-0.2231,Utah
377,Azavier Johnson,0.0011,-0.3276,-0.3266,New Mexico State
378,Aziz Bandaogo,1.7747,2.5437,4.3184,Cincinnati
379,Azmar Abdullah,0.4237,-0.3668,0.0569,Boston U.
380,B Artis White,-0.3657,-0.7154,-1.0811,Richmond
381,BB Knight,-0.4702,-0.1271,-0.5973,Lamar University
382,BJ Davis,2.1018,2.5916,4.6934,San Diego State
383,BJ Edwards,2.7763,2.9209,5.6973,SMU
384,BJ Freeman,0.8925,1.2233,2.1157,Arizona State
385,BJ Kolly,0.9042,-0.3214,0.5828,Montana State
386,BJ Omot,0.9089,0.2578,1.1667,California
387,BJ Ward,1.7494,0.6742,2.4235,Southeast Mo. St.
388,Baba Miller,1.059,3.8269,4.8859,Fla. Atlantic
389,Babacar Diallo,1.2123,0.9511,2.1633,Kansas City
390,Babacar Faye,2.4925,-0.0836,2.4088,Western Ky.
391,Babacar Mbengue,0.1387,-0.0395,0.0993,UTEP
392,Babatunde Durodola,-0.8846,0.6035,-0.2811,Temple
393,Baboucarr Njie,0.2761,1.4528,1.7289,UTSA
394,Bailey Nunn,-0.294,-1.7384,-2.0324,Sacramento St.
395,Bangot Dak,-0.0527,-0.1755,-0.2282,Colorado
396,Baraka Okojie,-0.2424,2.01,1.7676,Memphis
397,Barrington Hargress,-0.5545,2.5314,1.9769,UC Riverside
398,Barry Evans,1.8261,1.4989,3.325,Bryant
399,Bash Wieland,2.2056,1.7555,3.9611,Chattanooga
400,Basheer Jihad,1.6078,2.2158,3.8237,Arizona State
401,Bautista Giralt,0.0559,-0.2352,-0.1793,UAlbany
402,Baye Fall,-0.7457,-0.064,-0.8097,Kansas State
403,Baye Ndongo,3.5061,-0.5091,2.997,Georgia Tech
404,Baylor Hebb,0.5571,0.3919,0.9489,UTEP
405,Beau Becker,-0.9371,-1.2666,-2.2036,Air Force
406,Belal El Shakery,0.2247,0.0522,0.2768,Wofford
407,Ben Bowen,0.1135,0.234,0.3474,Denver
408,Ben Bradford,-0.1121,1.6703,1.5582,Charlotte
409,Ben Brown,0.7026,0.5979,1.3004,Dartmouth
410,Ben Burnham,-0.0752,0.2396,0.1644,Virginia Tech
411,Ben Callahan-Gold,-0.1326,0.1798,0.0472,Binghamton
412,Ben Capron,0.7614,-0.0393,0.7221,Holy Cross
413,Ben Defty,0.6379,-0.3666,0.2714,Boston U.
414,Ben Egbo,0.09,-0.9833,-0.8933,UC Irvine
415,Ben Eisendrath,0.6707,-0.7038,-0.033,Harvard
416,Ben Estis,-0.0387,-0.1144,-0.1531,Ohio
417,Ben Ezeagu,0.5715,0.1976,0.7691,App State
418,Ben Fox,0.5241,0.1356,0.6597,Central Ark.
419,Ben Gold,2.469,1.7573,4.2263,Marquette
420,Ben Gregg,0.9207,3.3385,4.2592,Gonzaga
421,Ben Hammond,0.1879,-0.3272,-0.1392,Virginia Tech
422,Ben Hendriks,0.8752,0.1264,1.0016,Ball State
423,Ben Humrichous,1.2647,2.334,3.5986,Illinois
424,Ben Johnson,-1.6729,0.1812,-1.4916,Bellarmine
425,Ben Knostman,1.8831,1.8339,3.7171,Lehigh
426,Ben Michaels,-1.9661,0.027,-1.9391,Buffalo
427,Ben Middlebrooks,1.8711,0.8038,2.6749,NC State
428,Ben Murphy,1.0298,-0.2082,0.8216,Maryland
429,Ben Nacey,0.3839,-1.1993,-0.8154,Old Dominion
430,Ben Nau,0.8568,2.1599,3.0167,St. Thomas (MN)
431,Ben Nicol,0.1075,0.0139,0.1214,Ohio
432,Ben Oosterbaan,1.0133,2.5142,3.5275,St. Thomas (MN)
433,Ben Palacios,0.3258,-1.3738,-1.048,Boston U.
434,Ben Ponder,-0.0855,-0.3013,-0.3867,Louisiana Tech
435,Ben Radford,0.1456,-0.281,-0.1354,Tulsa
436,Ben Roy,0.4156,-0.0652,0.3505,Boston U.
437,Ben Schwieger,1.3339,1.3504,2.6844,UNI
438,Ben Shtolzberg,1.6999,0.9193,2.6192,UC Santa Barbara
439,Ben Southerland,0.2121,-0.3772,-0.1651,Wright State
440,Ben Tweedy,-1.4409,1.225,-0.2159,Green Bay
441,Ben VanderWal,1.8051,5.1011,6.9062,Furman
442,Ben Wight,1.4309,0.2781,1.709,Stony Brook
443,Ben Woodward,0.1554,0.2372,0.3926,George Mason
444,Bencao Vungo,-0.1866,-0.2308,-0.4175,East Carolina
445,Bendji Pierre,-1.6811,0.2381,-1.443,San Diego
446,Benjamin Bayela,0.2838,-0.1612,0.1226,Jacksonville State
447,Benjamin Bosmans-Verdonk,-0.6987,0.5711,-0.1276,South Carolina
448,Bennett Andersen,-0.3755,-0.3163,-0.6917,Florida
449,Bennett Stirtz,2.2604,2.9028,5.1632,Drake
450,Benny Gealer,1.298,2.0132,3.3112,Stanford
451,Benny Williams,-0.6498,1.3055,0.6556,UCF
452,Bensley Joseph,0.865,1.7037,2.5688,Providence
453,Bent Leuchten,2.8175,2.0796,4.8971,UC Irvine
454,Beon Riley,0.3687,0.5359,0.9047,Utah Tech
455,Berk Can Akin,1.9516,-1.1025,0.8491,UC Irvine
456,Berke Buyuktuncel,2.5471,-0.4632,2.084,Nebraska
457,Bernard Pelote,0.2837,-0.4943,-0.2106,Western Caro.
458,Bernie Blunt,0.2688,0.5554,0.8242,Mercyhurst
459,Bessanty Saragba,0.214,0.0473,0.2612,Texas State
460,Bez Mbeng,1.766,1.7446,3.5106,Yale
461,Bijan Cortes,0.5968,0.6367,1.2335,Wichita State
462,Bilal Abdur-Rahman,-0.6676,-0.0716,-0.7392,Alabama A&M
463,Billy Rayer,-0.4379,-0.1232,-0.5611,Saint Joseph's
464,Billy Richmond,0.4353,0.7549,1.1902,Arkansas
465,Billy Smith,-2.1699,2.4759,0.306,Bellarmine
466,Birgir Irving,-0.2657,0.2055,-0.0602,High Point
467,Birima Seck,-0.3815,0.1365,-0.2449,Fairfield
468,Bishop Boswell,1.1308,-0.9324,0.1984,Tennessee
469,Bismark Nsiah,0.0204,1.3223,1.3426,FDU
470,Blair Thompson,-0.1404,0.2785,0.1382,Columbia
471,Blaise Keita,0.6822,-0.0001,0.6821,Western Ky.
472,Blaise Threatt,-0.7637,0.1215,-0.6422,Weber State
473,Blaize Sagna,0.287,-1.8303,-1.5433,Stetson
474,Blake Ammons,-0.1999,-0.0904,-0.2903,Kansas City
475,Blake Anderson,0.0924,-0.3138,-0.2215,Miami (OH)
476,Blake Barker,0.5259,0.3422,0.8681,Army West Point
477,Blake Barkley,-0.0732,0.0356,-0.0376,Northwestern
478,Blake Buchanan,-1.8422,1.6244,-0.2178,Virginia
479,Blake Daberkow,1.2118,2.0261,3.2378,Idaho State
480,Blake Fleming,0.9288,-0.0247,0.9041,Tennessee State
481,Blake Floyd,-0.04,0.3969,0.3569,North Ala.
482,Blake Forrest,-0.6165,-0.2951,-0.9117,Colgate
483,Blake Goodman,-0.1621,-0.2158,-0.3779,Eastern Ill.
484,Blake Harper,-2.1992,0.5534,-1.6459,Howard
485,Blake Lander,0.3212,-0.1165,0.2047,LIU
486,Blake Muschalek,-0.4121,-0.1664,-0.5785,Auburn
487,Blake Peters,-0.7756,1.9086,1.1331,Princeton
488,Blake Smith,-0.4802,0.0498,-0.4304,Northwestern
489,Blane St Clair,-0.3536,-0.8435,-1.1972,Army West Point
490,Blaze Angellotti,0.0271,-0.0452,-0.0181,Saint Francis
491,Blue Cain,0.5456,2.4418,2.9875,Georgia
492,Bo Montgomery,2.3539,3.5757,5.9296,UNCW
493,Bob Nunge,-0.0479,0.0976,0.0497,Xavier
494,Bobby Durkin,-0.5611,1.6971,1.136,Davidson
495,Bobby Hurley,-0.3667,-0.1892,-0.556,Arizona State
496,Bobby Pettiford,-0.3735,2.9373,2.5638,High Point
497,Bobby Rosenberger,-1.7932,-0.8165,-2.6097,Saint Francis
498,Boden Kapke,-0.8407,2.0376,1.1968,Butler
499,Bogdan Zimonjic,-0.2314,-0.1075,-0.339,Tennessee Tech
500,Bol Dengdit,-1.6673,0.1253,-1.542,Portland
501,Bol Kuir,-0.0951,-0.6133,-0.7084,Alabama A&M
502,Boogie Fland,3.0503,1.5119,4.5623,Arkansas
503,Boopie Miller,1.7283,0.5068,2.2351,SMU
504,Bostyn Holt,1.3697,0.1125,1.4822,Florida State
505,Boubacar Coulibaly,-0.0063,0.8136,0.8072,Pepperdine
506,Bowen Born,0.2297,0.5771,0.8069,Colorado State
507,Bowen Hammer,-0.8953,0.4401,-0.4553,Austin Peay
508,Bowen Hardman,0.9816,1.0629,2.0445,Akron
509,Bowyn Beatty,2.4841,-0.6936,1.7905,Sacramento St.
510,Braden Appelhans,0.067,2.0967,2.1637,New Mexico
511,Braden East,-0.2972,-0.2983,-0.5956,Lamar University
512,Braden Grant,0.2108,-0.2719,-0.0612,Wright State
513,Braden Hausen,0.7053,0.4193,1.1246,High Point
514,Braden Housley,0.2337,0.6163,0.85,Utah State
515,Braden Huff,2.8435,3.4762,6.3197,Gonzaga
516,Braden Pierce,0.3639,-0.4527,-0.0888,Maryland
517,Braden Smith,1.2743,3.7576,5.0319,Purdue
518,Braden Sparks,-1.7426,-1.6712,-3.4139,Fairfield
519,Bradey Henige,1.3795,0.728,2.1075,California Baptist
520,Bradley Colbert,-0.1264,0.2084,0.082,Xavier
521,Bradley Douglas,-0.6698,-0.0516,-0.7214,Ga. Southern
522,Bradley Ezewiro,0.9783,1.4956,2.4739,UAB
523,Brady Cummins,-1.2023,1.5907,0.3884,Colgate
524,Brady Dunlap,-0.0246,-0.3789,-0.4035,St. John's (NY)
525,Brady Hardewig,0.2801,-0.3275,-0.0474,West Ga.
526,Brady Muller,-0.0053,-1.3002,-1.3055,Bucknell
527,Brady Shoulders,1.0038,-0.5836,0.4202,Mercer
528,Brady Smith,0.0288,-0.052,-0.0232,Utah
529,Brady Uhl,0.2291,0.078,0.3071,Dayton
530,Bradyn Foster,-0.2667,0.1129,-0.1538,Penn
531,Bradyn Hubbard,2.2163,0.9376,3.1538,Abilene Christian
532,Braedan Lue,2.1095,1.5077,3.6172,Kennesaw State
533,Braeden Carrington,-0.2805,-0.1558,-0.4363,Tulsa
534,Braeden Moore,0.3594,0.7896,1.149,Oral Roberts
535,Braeden Shrewsberry,-1.3245,2.0653,0.7408,Notre Dame
536,Braeden Speed,0.814,-1.0074,-0.1933,Loyola Maryland
537,Braelon Bush,-2.8989,-0.4908,-3.3897,Prairie View
538,Braelon Green,1.085,-1.2001,-0.1152,Bowling Green
539,Bragi Gudmundsson,0.6365,0.0581,0.6946,Campbell
540,Bralyn Smith,0.3839,0.2094,0.5933,Siena
541,Brandin Cummings,0.6895,1.9171,2.6066,Pittsburgh
542,Brandon Angel,-0.8344,1.3243,0.4899,Oregon
543,Brandon Baffone,-0.2588,-0.0262,-0.285,Delaware
544,Brandon Dwyer,-0.2788,0.0226,-0.2562,FGCU
545,Brandon Garrison,-1.3541,1.4215,0.0675,Kentucky
546,Brandon Hardy,-0.5244,0.6205,0.0961,Louisiana
547,Brandon Huntley-Hatfield,-0.4088,0.1717,-0.2371,NC State
548,Brandon Jennings,2.189,0.9404,3.1294,VCU
549,Brandon Johnson,-1.3355,-0.0517,-1.3872,Miami (FL)
550,Brandon Klatsky,-0.1413,-0.0079,-0.1492,Georgia
551,Brandon Love,0.5061,1.2773,1.7833,Nevada
552,Brandon Maclin,0.6732,1.9675,2.6407,Radford
553,Brandon McCreesh,1.0846,-0.8742,0.2104,Bucknell
554,Brandon Mitchell-Day,1.3153,0.3388,1.6541,Dartmouth
555,Brandon Morgan,1.245,-0.7053,0.5397,Western Caro.
556,Brandon Muntu,-0.9877,0.3468,-0.6409,Western Mich.
557,Brandon Murray,1.7982,2.2718,4.07,McNeese
558,Brandon Newman,0.7565,1.8137,2.5701,Oklahoma State
559,Brandon Noel,-2.2065,1.9318,-0.2747,Wright State
560,Brandon Rechsteiner,-0.8557,0.6423,-0.2133,Virginia Tech
561,Brandon Stroud,0.7785,-0.0028,0.7757,South Fla.
562,Brandon Taylor,0.0979,0.1671,0.265,East Texas A&M
563,Brandon Walker,0.3802,-0.1104,0.2698,Montana State
564,Brandon Weston,0.8948,-0.5783,0.3165,Tennessee State
565,Brandon White,0.256,-0.2234,0.0326,Western Caro.
566,Brandon Whitney,-0.44,1.6253,1.1853,Montana
567,Brandton Chatfield,-0.0912,0.8135,0.7224,Iowa State
568,Brandyn Talbot,0.9701,0.1046,1.0746,UT Arlington
569,Brant Byers,-0.1137,1.1526,1.0388,Miami (OH)
570,Brantly Stevenson,1.9763,-0.6324,1.3439,California Baptist
571,Brashon Hall,0.0873,-0.2622,-0.1749,FDU
572,Braxton Bayless,-0.8345,0.8378,0.0033,Western Ky.
573,Braxton Jones,-0.329,-0.7614,-1.0904,Southern Ind.
574,Braxton Meah,1.3165,-0.6233,0.6932,Nebraska
575,Braxton Stacker,2.3056,2.0138,4.3194,Southeast Mo. St.
576,Brayden Crump,-0.7068,1.9472,1.2404,Elon
577,Brayden Fagbemi,-0.3871,-1.6698,-2.0569,Central Ark.
578,Brayden Jackson,0.4683,-0.1795,0.2888,Buffalo
579,Brayden Maldonado,2.6026,-0.4851,2.1174,Seattle U
580,Brayden O'Connor,1.4535,1.1578,2.6113,George Mason
581,Brayden Reynolds,-0.5353,-1.1681,-1.7034,FDU
582,Braydon Whitaker,0.0864,-0.3976,-0.3112,Troy
583,Braylen Nash,0.2879,-0.2031,0.0848,Ohio State
584,Braylen Smith,-0.1647,-0.6634,-0.8281,The Citadel
585,Braylhan Thomas,1.005,0.0847,1.0897,Ga. Southern
586,Braylon Jackson,-0.2105,0.0557,-0.1547,Evansville
587,Brayon Freeman,-0.1044,-1.4732,-1.5777,Bethune-Cookman
588,Brendan Coyle,-0.5936,0.9765,0.3828,Siena
589,Brendan Hausen,0.688,2.03,2.718,Kansas State
590,Brendan Mykalcio,0.5146,0.0312,0.5458,Gardner-Webb
591,Brendan Reed,0.8775,0.2635,1.141,Lehigh
592,Brendan Scanlon,0.3178,0.3271,0.6448,Saint Francis
593,Brendan Terry,0.399,1.9271,2.3261,Southeast Mo. St.
594,Brendan Wenzel,2.4238,-0.5258,1.898,TCU
595,Brendan Yarusso,0.1641,0.1605,0.3246,Santa Clara
596,Brendon O'Keefe,0.0587,0.1376,0.1963,Army West Point
597,Brenen Lorient,-0.1132,1.4557,1.3425,North Texas
598,Brennan Chatman,-0.1444,1.1257,0.9813,Radford
599,Brennan Ramirez,-0.0177,0.4648,0.4471,Boise State
600,Brennan Rigsby,0.7927,0.7958,1.5885,Minnesota
601,Brennan Watkins,-1.2889,1.5125,0.2236,North Dakota State
602,Brennen Burns,-1.1287,0.9379,-0.1908,Sam Houston
603,Brent Bland,0.3368,-0.1162,0.2207,Saint Peter's
604,Brent Davis,2.4002,-0.4094,1.9908,LIU
605,Brentay Noel,-0.0981,-2.1729,-2.271,Southern U.
606,Brenton Knapper,2.4309,2.5318,4.9627,Santa Clara
607,Breon Pass,0.324,0.7444,1.0684,NC State
608,Brett Decker,0.5565,1.0865,1.643,Liberty
609,Brewer Carruth,1.4145,0.2505,1.665,Southern Miss.
610,Breylin Garcia,-1.4587,1.4103,-0.0484,USC Upstate
611,Brian Amuneke,-1.1731,0.2866,-0.8865,Fresno St.
612,Brian Goracke,0.2483,0.1922,0.4405,Montana State
613,Brian Mathews,1.1586,-1.2318,-0.0732,North Dakota
614,Brian Moore,0.7197,3.0323,3.752,Norfolk State
615,Brian Myles,0.0743,-0.0842,-0.0099,Nicholls
616,Brian Nussbaum,-0.175,0.0805,-0.0946,Fordham
617,Brian Taylor,3.4724,1.1667,4.639,SIUE
618,Brian Waddell,0.568,0.5039,1.0719,Purdue
619,Brice Williams,-0.0061,3.0195,3.0134,Nebraska
620,Brigham Rogers,1.6301,-0.2734,1.3567,Belmont
621,Brit Burden,0.1021,0.0479,0.15,Southern California
622,Brit Harris,-3.0158,1.6185,-1.3974,USC Upstate
623,Britton Berrett,0.9311,-0.1435,0.7876,Utah Tech
624,Broc Bidwell,0.4299,0.3685,0.7984,Campbell
625,Brock Felder,1.2325,0.1716,1.4041,Southern Utah
626,Brock Harding,0.5427,1.2685,1.8111,Iowa
627,Brock Matheny,0.3549,-0.0846,0.2704,Davidson
628,Brock Vice,0.4547,0.2025,0.6571,North Texas
629,Brock Wisne,2.5841,0.4029,2.9871,Northern Colo.
630,Brody Boyer,-0.298,0.1949,-0.1031,Samford
631,Brody Fox,-1.8888,-0.8903,-2.7791,The Citadel
632,Brody Kozlowski,0.2528,0.1177,0.3705,BYU
633,Brody Limric,-0.2532,0.8878,0.6346,Central Conn. St.
634,Brody Peebles,1.236,1.8958,3.1318,Belmont
635,Brody Robinson,-0.6297,0.4978,-0.132,UT Arlington
636,Brody Rowbury,-0.6619,2.225,1.5632,Southeastern La.
637,Broek Ostrom,-0.0415,0.0964,0.0549,St. Bonaventure
638,Brooklyn Hicks,0.5444,1.2681,1.8125,UNLV
639,Brooks Barnhizer,0.5597,1.2813,1.841,Northwestern
640,Bruce Thornton,1.6184,3.4322,5.0506,Ohio State
641,Bruno Alocen,1.5545,0.8301,2.3846,Indiana State
642,Bryan Etumnu,1.0258,-1.4074,-0.3815,Merrimack
643,Bryan Ndjonga,0.4275,-1.6056,-1.1781,Central Mich.
644,Bryant Selebangue,1.4471,0.1697,1.6167,McNeese
645,Bryce Baker,1.659,1.3092,2.9681,Winthrop
646,Bryce Cash,1.8124,0.8644,2.6768,Queens (NC)
647,Bryce Darbyshire,0.0257,0.0242,0.0499,Northern Ky.
648,Bryce Dortch,-0.7515,1.0417,0.2902,Rutgers
649,Bryce Eaton,1.5209,-0.5784,0.9425,Saint Peter's
650,Bryce Ford,0.437,0.7963,1.2333,Toledo
651,Bryce Harris,0.3447,-0.2679,0.0769,Howard
652,Bryce Heard,0.4195,-0.9018,-0.4823,NC State
653,Bryce Hopkins,1.4371,0.4535,1.8907,Providence
654,Bryce Howard,0.1567,-0.1435,0.0132,UC Santa Barbara
655,Bryce Johnson,-0.2262,0.0542,-0.172,Sacred Heart
656,Bryce Johnson,-0.2262,0.0542,-0.172,UMBC
657,Bryce Lindsay,0.2677,2.0852,2.3529,James Madison
658,Bryce Pope,0.6611,-0.1559,0.5052,Southern California
659,Bryce Roberts,0.1385,-0.7285,-0.59,Texas Southern
660,Bryce Thompson,1.4643,0.7454,2.2097,Oklahoma State
661,Bryce Walker,-0.0179,-0.05,-0.0679,Virginia
662,Bryce Zephir,-2.4479,-0.8852,-3.333,Montana State
663,Brycen Goodine,0.0548,2.0193,2.0741,Oklahoma
664,Bryson Cokley,-0.0897,0.2455,0.1558,George Mason
665,Bryson Dawkins,-0.1686,0.9632,0.7946,Houston Christian
666,Bryson Ogletree,1.3985,-1.3145,0.0841,N.C. A&T
667,Bryson Spell,0.3633,0.8654,1.2287,Liberty
668,Bryson Tucker,1.7592,0.4984,2.2576,Indiana
669,Bryson Wilson,0.7443,-1.2467,-0.5024,Buffalo
670,Bube Momah,0.7948,-0.2587,0.536,Lehigh
671,Bubu Benjamin,0.0504,-2.2881,-2.2377,Tarleton State
672,Bukky Oboye,0.4108,0.1263,0.5372,Santa Clara
673,Burke Chebuhar,0.3115,0.0401,0.3516,Notre Dame
674,Burke Smith,-0.166,0.2175,0.0515,Pacific
675,Byron Brown,-1.1704,-0.6702,-1.8406,Air Force
676,Byron Ireland,0.9348,0.3548,1.2896,Nicholls
677,Byron Joshua,0.9554,2.3167,3.2721,UAlbany
678,CJ Booker,0.2286,-0.441,-0.2124,Southeastern La.
679,CJ Brown,2.0146,0.8793,2.8939,South Fla.
680,CJ Cox,2.1262,3.3108,5.4371,Purdue
681,CJ Delancy,0.1984,-3.4262,-3.2279,Chicago State
682,CJ Ford,1.067,-1.03,0.037,Northern Ariz.
683,CJ Fredrick,0.106,0.5022,0.6082,Cincinnati
684,CJ Fulton,1.628,1.9045,3.5325,Col. of Charleston
685,CJ Gunn,0.6756,0.0655,0.7411,DePaul
686,CJ Happy,-0.0057,-0.7192,-0.7248,Princeton
687,CJ Hardy,-0.9336,0.5061,-0.4276,CSU Bakersfield
688,CJ Hines,0.2813,1.3273,1.6086,Alabama State
689,CJ Huntley,1.5832,0.2987,1.8819,App State
690,CJ Hyland,-1.2063,-1.4948,-2.7011,Western Caro.
691,CJ Jones,-1.031,-0.0513,-1.0822,Kansas State
692,CJ Luster,-1.5911,0.801,-0.7902,Stony Brook
693,CJ Noland,1.2433,0.7228,1.966,New Mexico
694,CJ O'Hara,-1.4857,0.195,-1.2907,Green Bay
695,CJ Parker,-0.1417,0.1357,-0.0059,Old Dominion
696,CJ Rich,0.6906,-0.1656,0.5249,USC Upstate
697,CJ Walker,-0.3387,1.9172,1.5785,East Carolina
698,CJ Wilcher,0.5064,0.9621,1.4686,Texas A&M
699,CJ Williams,0.1588,0.2092,0.368,Auburn
700,Cade Bennett,0.0789,-0.4967,-0.4179,Saint Mary's (CA)
701,Cade Brazier,-0.2142,0.102,-0.1122,Southern Utah
702,Cade Gibbs,-0.113,0.0039,-0.1091,Marshall
703,Cade Hardtke,0.0307,0.1518,0.1825,Bradley
704,Cade Haskins,-0.4918,1.047,0.5552,Dartmouth
705,Cade Higgins,-0.1823,-0.2496,-0.432,Col. of Charleston
706,Cade Hornecker,-0.3345,-1.9713,-2.3058,Abilene Christian
707,Cade Kelderman,-0.4363,0.3013,-0.135,Iowa State
708,Cade Norris,0.4933,1.1107,1.6039,Illinois State
709,Cade Pendleton,-0.0725,-0.0158,-0.0883,UC San Diego
710,Cade Phillips,2.3735,1.7416,4.115,Tennessee
711,Cade Tyson,1.2804,2.039,3.3194,North Carolina
712,Caden Boser,-0.6118,-0.3708,-0.9826,Illinois State
713,Caden Diggs,-0.0924,-1.2577,-1.3501,Old Dominion
714,Caden Pierce,1.5141,1.1994,2.7135,Princeton
715,Caden Powell,0.8678,1.4403,2.3081,Rice
716,Caedin Hamilton,0.4607,-0.6318,-0.1711,Marquette
717,Cael Schmitt,-0.4509,0.6871,0.2363,UNI
718,Caelum Swanton-Rodger,0.2823,-1.6163,-1.3341,Old Dominion
719,Cal Conroy,0.1456,-0.281,-0.1354,Tulsa
720,Cal Liston,0.6111,-0.647,-0.0359,VMI
721,Cale Jacobsen,1.5227,0.2255,1.7482,Nebraska
722,Caleb Crawford,-0.1045,-0.3768,-0.4813,Maine
723,Caleb Dorsey,-0.4208,-0.4233,-0.844,William & Mary
724,Caleb Ellison,-0.0257,-0.0114,-0.0372,N.C. Central
725,Caleb Embeya,-0.2985,0.1221,-0.1764,Towson
726,Caleb Evans,0.5505,0.2552,0.8057,Tarleton State
727,Caleb Foster,-0.0783,0.7446,0.6663,Duke
728,Caleb Furst,1.8808,2.4809,4.3618,Purdue
729,Caleb Grill,-0.0974,6.2331,6.1357,Missouri
730,Caleb Hannah,0.6419,0.4613,1.1032,IU Indy
731,Caleb Jones,-3.6507,-0.9847,-4.6354,Ark.-Pine Bluff
732,Caleb Kenney,-1.2275,-1.475,-2.7026,Holy Cross
733,Caleb Lohner,0.2315,-1.922,-1.6905,Utah
734,Caleb Love,1.3979,3.5353,4.9332,Arizona
735,Caleb Mackrey,0.8232,-1.2296,-0.4065,Marist
736,Caleb McCarty,0.3242,-0.7332,-0.4091,South Carolina State
737,Caleb Middleton,-1.5811,-2.1637,-3.7448,New Hampshire
738,Caleb Murphy,-0.7442,0.4547,-0.2895,UMass Lowell
739,Caleb Pennyfeather,-0.9395,-1.6788,-2.6183,Little Rock
740,Caleb Reese,0.3311,0.1548,0.4859,Loyola Chicago
741,Caleb Robinson,1.9112,0.1368,2.048,Nicholls
742,Caleb Shaw,0.9224,1.6625,2.5849,Grand Canyon
743,Caleb Stone-Carrawell,1.5063,0.5263,2.0326,LMU (CA)
744,Caleb Surgers,1.5985,-0.4374,1.1611,Delaware State
745,Caleb Thompson,-0.1394,0.6415,0.5022,Western Ill.
746,Caleb Walker,-0.3437,-1.4878,-1.8315,Air Force
747,Caleb Williams,0.9311,-1.7085,-0.7774,Georgetown
748,Caleb Williams,0.9311,-1.7085,-0.7774,Minnesota
749,Caleb Williams,0.9311,-1.7085,-0.7774,Lafayette
750,Caleb Zurliene,-0.2847,2.149,1.8643,Campbell
751,Callum Richard,-0.001,-0.26,-0.261,East Carolina
752,Calum Rutherfurd,-0.0931,-0.0471,-0.1401,Montana State
753,Calvin Robins,-0.5185,0.6795,0.161,Howard
754,Cam Amboree,-0.1885,-0.1091,-0.2976,Southern U.
755,Cam Brent,-0.0682,-0.1706,-0.2388,Ole Miss
756,Cam Bryant,0.5303,0.7976,1.3279,Mercer
757,Cam Carter,1.0605,2.0918,3.1524,LSU
758,Cam Christy,-0.0962,-0.1251,-0.2213,Winthrop
759,Cam Cole,0.9758,-2.2975,-1.3217,Navy
760,Cam Cormany,0.3558,0.0235,0.3793,Navy
761,Cam Denson,-1.0276,-1.7676,-2.7952,Long Beach State
762,Cam Estevez,-0.6179,1.2054,0.5874,Rhode Island
763,Cam Gillus,-1.3724,-2.2514,-3.6239,Lehigh
764,Cam Glover,-1.3474,-0.5915,-1.9389,The Citadel
765,Cam Gregory,-0.2694,-2.799,-3.0683,Campbell
766,Cam Hayes,-0.3876,0.6925,0.3049,East Carolina
767,Cam Lawin,-0.3232,-0.5702,-0.8933,San Diego State
768,Cam Liggins,-0.2911,-0.4019,-0.6929,Coppin State
769,Cam Manyawu,2.462,1.2067,3.6687,Drake
770,Cam Morris,-0.7346,2.3532,1.6186,UMass Lowell
771,Cam Palesse,-1.2906,1.7458,0.4551,Canisius
772,Cam Scott,0.9236,-0.6715,0.2521,South Carolina
773,Cam'Ron Brown,0.2018,-2.1424,-1.9406,Coppin State
774,Cam'Ron Fletcher,-0.4709,0.7159,0.2449,Xavier
775,Camaren Sparrow,2.3648,-1.7744,0.5904,Coppin State
776,Camaron Tongue,1.2738,1.9186,3.1923,Santa Clara
777,Camden Heide,0.1156,0.5957,0.7113,Purdue
778,Camerin James,-0.4368,-1.7834,-2.2202,East Texas A&M
779,Cameron Barnes,-0.0467,-0.5353,-0.582,Illinois State
780,Cameron Brennan,0.3119,-0.2109,0.101,Colgate
781,Cameron Brown,-0.9667,-1.1742,-2.1409,Marquette
782,Cameron Butler,0.7738,-0.0529,0.721,Alcorn
783,Cameron Carr,-0.0972,0.5433,0.4461,Tennessee
784,Cameron Clark,-0.2917,0.7426,0.4508,CSU Bakersfield
785,Cameron Corhen,0.198,-0.658,-0.4599,Pittsburgh
786,Cameron Crawford,0.9471,0.8905,1.8375,Duquesne
787,Cameron Faas,1.0877,0.9044,1.9922,Kansas City
788,Cameron Fens,-0.6481,1.1619,0.5137,South Dakota
789,Cameron Gehlhausen,-0.1362,-0.2813,-0.4175,Evansville
790,Cameron Grant,0.6774,0.6153,1.2927,Stanford
791,Cameron Haffner,1.615,-1.304,0.3111,Evansville
792,Cameron Hildreth,1.8118,-0.4546,1.3573,Wake Forest
793,Cameron Huefner,0.2388,2.0703,2.3091,Sam Houston
794,Cameron Jackson,0.6983,0.1248,0.8231,UT Arlington
795,Cameron Jernigan,-0.571,-0.8434,-1.4145,Chicago State
796,Cameron Matthews,2.8447,2.9094,5.7542,Mississippi State
797,Cameron McNamee,1.1041,-0.4493,0.6549,Dartmouth
798,Cameron Merritt,0.2802,0.5788,0.859,West Ga.
799,Cameron O'Kelley,-0.0705,-0.5037,-0.5742,App State
800,Cameron Piggee,-0.264,1.6698,1.4058,NJIT
801,Cameron Sheffield,0.5061,0.4088,0.915,Duke
802,Cameron Shockley-Okeke,0.3938,1.146,1.5398,Howard
803,Cameron Tweedy,0.8578,-0.7519,0.1059,FDU
804,Camian Shell,-0.1614,-1.2301,-1.3915,N.C. A&T
805,Camp Wagner,0.2086,1.1679,1.3765,Indiana State
806,Campbell Duncan,0.1094,0.074,0.1835,Tennessee
807,Camren Hunter,-0.1015,-0.2632,-0.3646,Wisconsin
808,Camryn Weston,0.777,0.756,1.533,Middle Tenn.
809,Canin Jefferson,-0.0067,-1.2918,-1.2984,North Ala.
810,Cannon Richards,0.3594,-0.7063,-0.3468,Wofford
811,Car'Ron Brown,0.1438,0.0231,0.1669,Coppin State
812,Cardell Bailey,-1.0929,0.5412,-0.5518,UMES
813,Carey Booth,-0.2171,1.7117,1.4946,Illinois
814,Carl Cherenfant,0.6505,-0.2561,0.3944,New Mexico State
815,Carl Daughtery,0.2108,-0.7384,-0.5277,UC Davis
816,Carl Parrish,0.2276,0.5707,0.7983,Presbyterian
817,Carlos Cortijo,-0.0831,2.3534,2.2703,UT Martin
818,Carlos Paez,0.7504,1.049,1.7994,Southeastern La.
819,Carlos Rosario,0.519,-0.0266,0.4924,Oral Roberts
820,Carlos Stewart,-0.8321,3.598,2.7659,Santa Clara
821,Carlous Williams,1.3791,0.9075,2.2867,Tennessee State
822,Carlton Linguard,1.854,1.6662,3.5203,San Francisco
823,Carmelo Adkins,-0.2794,-0.3617,-0.6411,USC Upstate
824,Carmelo Pacheco,-1.5055,-0.3951,-1.9006,Mount St. Mary's
825,Carnegie Johnson,-0.1034,-0.4693,-0.5727,Navy
826,Carson Brown,0.0027,-0.1028,-0.1001,Western Caro.
827,Carson Cooper,1.8711,1.6702,3.5413,Michigan State
828,Carson Prost,-0.0346,0.5319,0.4973,Eastern Ill.
829,Carson Rhodes,0.12,-0.0591,0.0609,Saint Francis
830,Carson Schwieger,-0.0949,1.1237,1.0288,Valparaiso
831,Carson Towt,1.4468,1.2042,2.651,Northern Ariz.
832,Carter Benton,-1.004,-0.2682,-1.2722,Pacific
833,Carter Bjerke,1.6091,3.1279,4.7371,St. Thomas (MN)
834,Carter Bryant,1.7029,3.5002,5.2031,Arizona
835,Carter Gilmore,2.5526,2.3435,4.8961,Wisconsin
836,Carter Kingsbury,-0.3071,0.4108,0.1038,Iowa
837,Carter Welling,2.1318,1.1318,3.2636,Utah Valley
838,Carter Whitt,-0.7837,1.3673,0.5836,Belmont
839,Casey O'Malley,0.2675,-0.3182,-0.0507,Marquette
840,Casey Simmons,1.2339,1.9136,3.1475,Yale
841,Casmir Chavis,0.0748,-0.168,-0.0932,Arkansas
842,Cavan Reilly,-1.4623,1.1344,-0.3279,Delaware
843,Cayden Gehlhausen,0.3967,-0.1435,0.2532,Southern Ind.
844,Cayden Vasko,0.1456,1.3717,1.5173,Central Mich.
845,Cayden Ward,-1.0363,2.1492,1.1129,Cal Poly
846,Cedric Coward,1.1863,1.7404,2.9267,Washington State
847,Cedric Lath,0.2317,-0.8632,-0.6314,Houston
848,Cesar Tchilombo,0.2244,0.2874,0.5118,Northern Ky.
849,Cesare Edwards,-0.5347,0.8253,0.2906,Georgia State
850,Chace Davis,0.4158,-0.8026,-0.3868,Radford
851,Chad Baker-Mazara,0.742,4.4544,5.1964,Auburn
852,Chad Moodie,-0.999,-1.8723,-2.8713,Alabama A&M
853,Chad Venning,-0.4746,1.5509,1.0763,Boston College
854,Cham Okey,-0.0113,0.0821,0.0708,SIUE
855,Chance Beard,0.0078,-0.1139,-0.1062,UAB
856,Chance McMillian,1.9815,5.2261,7.2076,Texas Tech
857,Chance Moore,3.0915,0.8707,3.9622,St. Bonaventure
858,Chance Stephens,0.1484,-0.7376,-0.5892,Maryland
859,Chance Westry,-0.0724,0.0795,0.0071,Syracuse
860,Chancellor White,-0.8498,0.5089,-0.3409,Louisiana
861,Chandler Baker,-0.8145,0.563,-0.2515,Colgate
862,Chandler Cuthrell,2.2507,2.98,5.2307,Purdue Fort Wayne
863,Chandler Jackson,2.9025,1.0526,3.955,Florida State
864,Chandler Pigge,0.2662,0.2018,0.4681,Harvard
865,Chaney Johnson,4.2867,2.2411,6.5278,Auburn
866,Chanler Montgomery,0.1012,0.1144,0.2157,N.C. A&T
867,Chanse Perkins,0.0042,-0.106,-0.1019,Army West Point
868,Chansey Willis,-0.632,0.9866,0.3546,Western Mich.
869,Charles Dunlap,0.129,-0.2114,-0.0824,Coastal Carolina
870,Charles Ireland,-0.2834,-0.2066,-0.49,La Salle
871,Charles Johnston,-0.7574,1.4986,0.7412,Furman
872,Charles Stone,0.2101,-0.1239,0.0862,Kennesaw State
873,Charlie Diamantis,0.0291,-0.456,-0.4268,Stonehill
874,Charlie May,0.1469,-0.1561,-0.0092,Michigan
875,Charlie Miller,0.2537,0.2497,0.5034,UNI
876,Charlie Williams,1.5343,1.5012,3.0354,Lipscomb
877,Chas Kelley,0.0691,-0.0158,0.0533,Boston College
878,Chas Lewless,0.2258,-0.2669,-0.041,San Diego
879,Chas Stinson,0.2862,-0.3252,-0.039,Stonehill
880,Chase Beasley,-0.7269,-0.6082,-1.3351,Air Force
881,Chase Clemmons,0.2062,-0.265,-0.0587,Kennesaw State
882,Chase Courbat,-0.1188,-0.2936,-0.4123,UNI
883,Chase Forte,0.2963,0.9156,1.2119,South Dakota
884,Chase Hunter,1.1367,2.2874,3.4241,Clemson
885,Chase Johnston,1.2796,1.3776,2.6572,High Point
886,Chase Kuiper,0.8541,0.4697,1.3238,Detroit Mercy
887,Chase Lowe,0.9946,1.695,2.6897,William & Mary
888,Chase Martin,-1.1972,-1.5517,-2.749,Missouri State
889,Chase McKey,0.3062,-1.2561,-0.95,Western Caro.
890,Chase Robinson,0.0877,1.5195,1.6072,Cleveland State
891,Chase Ross,1.4944,2.0515,3.5459,Marquette
892,Chase Sample,0.4385,0.4672,0.9057,Southern U.
893,Chase Tucker,0.164,0.3171,0.4811,George Mason
894,Chase Walker,1.1754,4.5383,5.7137,Illinois State
895,Chaunce Jenkins,1.1879,0.0596,1.2475,Seton Hall
896,Chauncey Gibson,-0.8375,0.3477,-0.4899,Prairie View
897,Chauncey Wiggins,0.113,0.415,0.528,Clemson
898,Chaydon Stone,0.8185,-0.3199,0.4986,UMBC
899,Chaz Lanier,3.2563,2.3584,5.6147,Tennessee
900,Chaz Watson,1.9037,1.8672,3.7709,Cleveland State
901,Cheikh Ndiaye,-1.3562,-0.5741,-1.9304,Sam Houston
902,Chendall Weaver,1.3101,2.0494,3.3595,Texas
903,Chiang Ring,0.5424,-0.0113,0.5312,Murray State
904,Chianti Clay,-0.0317,-0.3528,-0.3846,Arizona State
905,Chibuzo Agbo,0.8908,3.215,4.1058,Southern California
906,Chico Johnson,-1.6585,-3.8045,-5.463,USC Upstate
907,Chidube Ekwommadu,-0.454,0.7956,0.3416,FDU
908,Chika Nduka,0.2928,0.54,0.8327,Montana State
909,Chilaydrien Newton,-1.0435,-0.7775,-1.821,Grambling
910,Chisom Okpara,0.0388,2.8166,2.8554,Stanford
911,Chol Marial,0.142,-1.4869,-1.3449,San Jose State
912,Chop Paljor,-0.378,-0.14,-0.518,Ark.-Pine Bluff
913,Chris Adlam,-0.6593,0.8105,0.1512,East Texas A&M
914,Chris Arias,-0.7445,0.5761,-0.1685,Jacksonville
915,Chris Ashby,-1.0534,0.3866,-0.6668,Queens (NC)
916,Chris Austin,-2.7903,0.945,-1.8454,Portland
917,Chris Bell,0.0729,-1.8975,-1.8245,Syracuse
918,Chris Cain,0.9059,-0.1089,0.797,Cornell
919,Chris Daniels,0.547,-0.0744,0.4726,N.C. Central
920,Chris Fields,-1.1754,0.6169,-0.5584,Norfolk State
921,Chris Ford,0.2068,-0.5145,-0.3077,Robert Morris
922,Chris Gatty,-0.0853,-0.1019,-0.1871,Syracuse
923,Chris Hodges,-0.6374,-0.3329,-0.9703,Wisconsin
924,Chris Howell,3.1303,1.2499,4.3801,UC San Diego
925,Chris Johnson,0.2274,-0.4132,-0.1858,SFA
926,Chris Kuzemka,0.8329,-0.0048,0.828,Loyola Maryland
927,Chris Lockett,1.0395,0.4402,1.4798,Boise State
928,Chris Loofe,1.731,0.4879,2.2189,Middle Tenn.
929,Chris Manon,-1.7515,2.8188,1.0673,Vanderbilt
930,Chris McDermott,0.8992,0.5498,1.449,Texas A&M
931,Chris Mitchell,1.1088,0.3782,1.487,UC Santa Barbara
932,Chris Moncrief,0.786,1.0369,1.823,Saint Francis
933,Chris Moore,0.1581,0.5307,0.6888,Auburn
934,Chris Morgan,4.565,-1.0968,3.4682,Purdue Fort Wayne
935,Chris Morgan,4.565,-1.0968,3.4682,Monmouth
936,Chris Mpaka,1.8079,-2.3276,-0.5197,Tarleton State
937,Chris Mubiru,0.83,-0.2561,0.5738,Northwestern State
938,Chris Riddle,0.6005,1.1421,1.7426,DePaul
939,Chris Rubayo,-0.1903,-0.39,-0.5804,Lafayette
940,Chris Tadjo,-0.3169,0.0024,-0.3146,Iowa
941,Chris Torres,0.0172,-0.2094,-0.1922,Siena
942,Chris Ubochi,0.3242,-0.2257,0.0985,Penn
943,Chris Walker,-0.4257,0.3143,-0.1114,Binghamton
944,Chris Youngblood,1.1337,2.5831,3.7168,Alabama
945,Chrishawn Christmas,2.6886,-0.3964,2.2922,SFA
946,Christ Essandoko,1.7729,0.1477,1.9206,Providence
947,Christian Alston,0.4963,-0.156,0.3403,Abilene Christian
948,Christian Anderson,0.9088,3.8682,4.777,Texas Tech
949,Christian Coleman,-1.2188,2.1252,0.9063,UAB
950,Christian Cook,1.9451,0.6048,2.5499,New Mexico State
951,Christian Davis,0.7453,0.5986,1.3438,Bradley
952,Christian Fermin,2.6127,-0.0956,2.5171,VCU
953,Christian Foy,-0.0487,-0.2147,-0.2634,Merrimack
954,Christian Fussell,0.2938,-0.6603,-0.3665,Middle Tenn.
955,Christian Gamble,1.2647,-0.6033,0.6613,Mercyhurst
956,Christian Henry,0.8637,1.2252,2.0889,Eastern Mich.
957,Christian Hughes,-0.027,-0.5807,-0.6077,Little Rock
958,Christian Ings,-1.8719,0.94,-0.9319,Norfolk State
959,Christian Jones,1.1425,1.5401,2.6825,George Washington
960,Christian King,0.8395,1.0241,1.8637,Washington
961,Christian Kirkland,1.5635,-0.6806,0.8829,Youngstown State
962,Christian Landry,0.0353,-0.0956,-0.0602,Louisiana
963,Christian May,0.2061,0.6032,0.8093,Towson
964,Christian Moore,-1.5632,-2.1727,-3.7358,The Citadel
965,Christian Moore,-1.5632,-2.1727,-3.7358,Ark.-Pine Bluff
966,Christian Nitu,1.46,-1.3966,0.0634,Florida State
967,Christian Reeves,0.0828,-0.4713,-0.3885,Clemson
968,Christian Reid,1.298,-0.0757,1.2223,Southern Miss.
969,Christian Richardson,0.6662,0.2589,0.9251,Long Beach State
970,Christian Shumate,1.2216,0.7524,1.974,McNeese
971,Christian Tomasco,0.2135,0.1734,0.3869,Temple
972,Christian Tucker,0.2811,-0.0524,0.2287,California
973,Christian Turner,-0.1549,-0.5427,-0.6976,Texas State
974,Christian Villegas,1.5014,0.4523,1.9537,A&M-Corpus Christi
975,Christian Watson,1.3685,0.7532,2.1218,Southern Miss.
976,Christian Winborne,0.3024,-0.6461,-0.3437,Iona
977,Christian Wright,-1.261,0.4631,-0.7979,Louisiana
978,Christoph Tilly,1.5011,3.0062,4.5073,Santa Clara
979,Christopher Biekeu,-0.0112,-0.2885,-0.2997,New Mexico State
980,Christopher Flippin,-1.1379,-2.601,-3.7388,UMES
981,Christopher Green,-0.0954,-0.0027,-0.098,Monmouth
982,Christopher Mantis,-1.8681,0.2812,-1.5869,Maine
983,Christopher Melis,0.9328,0.1619,1.0947,Stonehill
984,Chuck Bailey,-1.3548,-0.1559,-1.5107,Nevada
985,Chuck Harris,1.4666,2.8051,4.2717,SMU
986,Chucky Hepburn,2.1601,2.6838,4.8439,Louisville
987,Chudi Dioramma,1.2537,-0.6523,0.6014,Sacramento St.
988,Churchill Abass,-0.5503,-1.0043,-1.5546,Wake Forest
989,Churchilll Bounds,-0.0111,0.3478,0.3368,Wagner
990,Cian Medley,0.523,0.8931,1.4161,Kent State
991,Cinque Lemon,-0.1038,-0.1775,-0.2813,Western Caro.
992,Clance Crosby,-0.0226,-1.8046,-1.8272,Alabama A&M
993,Clarence Rupert,1.4111,0.5821,1.9932,Iona
994,Clark Slajchert,0.1847,-0.2349,-0.0502,Southern California
995,Clash Peters,1.8312,-0.2001,1.631,Georgia State
996,Claudell Harris,0.2002,2.4366,2.6368,Mississippi State
997,Clayton Jackson,0.6879,-0.9749,-0.2869,Lindenwood
998,Clayton Southwick,0.466,-2.102,-1.636,SFA
999,Clem Edomwonyin,-0.3125,-0.3027,-0.6152,Drexel
1000,Cli'ron Hornbeak,1.2267,0.2253,1.452,Kent State
1001,Cliff Davis,-1.9273,0.4435,-1.4838,UTRGV
1002,Clifford Omoruyi,3.3184,1.8735,5.1919,Alabama
1003,Clinton Efinda,-0.3286,-0.0951,-0.4237,UNC Greensboro
1004,Clyde Bailey,-0.2427,-0.1529,-0.3956,UNC Greensboro
1005,Clyde Mauldin,0.3968,-0.218,0.1789,Furman
1006,Cobie Montgomery,0.1719,-0.0828,0.089,Southern Miss.
1007,Cody Head,-0.8436,0.4905,-0.3531,Arkansas State
1008,Cody Pennebaker,-0.6,-0.8168,-1.4168,Lamar University
1009,Coen Carr,1.6096,1.9713,3.5809,Michigan State
1010,Colby Baumann,0.3479,-0.0733,0.2747,Ohio State
1011,Colby Brooks,-0.2063,-0.3774,-0.5837,San Diego
1012,Colby Duggan,0.2179,0.7437,0.9616,Campbell
1013,Colby Garland,-0.1777,1.5098,1.3321,Longwood
1014,Colby McAllister,0.1638,0.456,0.6198,The Citadel
1015,Colby Rogers,1.1949,2.2081,3.403,Memphis
1016,Colby Tanner,0.9889,0.0513,1.0401,Abilene Christian
1017,Cole Alexander,0.1314,-0.2979,-0.1665,The Citadel
1018,Cole Anderson,-0.9465,2.3679,1.4214,UC Santa Barbara
1019,Cole Andrews-Heitz,0.1673,-0.2157,-0.0484,Rice
1020,Cole Bott,-0.1767,0.0757,-0.1009,Texas
1021,Cole Certa,0.4545,0.699,1.1535,Notre Dame
1022,Cole Despie,0.1085,0.1998,0.3083,TCU
1023,Cole Farrell,0.9021,-0.3396,0.5626,Portland State
1024,Cole Franklin,1.204,-2.7079,-1.5039,Cleveland State
1025,Cole Hargrove,1.029,0.9372,1.9661,Drexel
1026,Cole Henry,-0.5836,0.5862,0.0026,Wyoming
1027,Cole Kastner,0.2206,0.45,0.6706,Stanford
1028,Cole McCabe,0.2378,-0.9381,-0.7004,Rider
1029,Cole McCormick,-1.9326,1.0574,-0.8752,Central Ark.
1030,Cole Sherman,-0.1449,-0.3981,-0.543,Louisville
1031,Coleman Hawkins,1.0541,1.5484,2.6025,Kansas State
1032,Coleman Lemke,0.5959,0.0315,0.6273,Portland
1033,Coleson Messer,-0.1267,0.0475,-0.0792,Vanderbilt
1034,Coleton Benson,-1.3099,0.4695,-0.8403,Texas State
1035,Colin Darby,0.8813,0.9174,1.7987,CSU Bakersfield
1036,Colin Granger,-1.7343,0.7164,-1.0178,Coastal Carolina
1037,Colin Hawkins,-0.8003,-2.0555,-2.8558,Gardner-Webb
1038,Colin McKenzie,0.3934,-1.199,-0.8056,South Carolina State
1039,Colin O'Rourke,-0.0422,-0.0095,-0.0517,Toledo
1040,Colin Porter,3.7558,2.036,5.7918,Liberty
1041,Colin Ruffin,1.3839,-0.2175,1.1664,Lindenwood
1042,Colin Smalls,-0.9793,1.6856,0.7063,American
1043,Colin Smith,-0.8985,1.9176,1.0191,UC Santa Barbara
1044,Colin White,0.6931,1.4559,2.149,Ohio State
1045,Collin Chandler,-0.5312,1.2574,0.7262,Kentucky
1046,Collin Course,0.0504,0.0495,0.1,Tarleton State
1047,Collin Holloway,-1.0127,1.6846,0.672,Samford
1048,Collin Kuhl,0.1909,0.498,0.6889,Ga. Southern
1049,Collin Metcalf,0.9549,0.4742,1.4291,Northeastern
1050,Collin Moore,0.4163,0.5051,0.9214,Grand Canyon
1051,Collin Mulholland,0.4935,1.717,2.2104,Chattanooga
1052,Collin Murray-Boyles,2.6276,2.1307,4.7583,South Carolina
1053,Collin O'Connor,-1.43,-0.532,-1.962,Stony Brook
1054,Collin O'Toole,0.0082,0.1282,0.1364,Villanova
1055,Collin Tanner,1.3401,0.0977,1.4378,Richmond
1056,Coltie Young,-1.3652,-1.4682,-2.8334,ULM
1057,Comeh Emuobor,0.3331,-1.193,-0.8598,Iona
1058,Conner Venable,-0.0872,-0.1619,-0.2491,Virginia Tech
1059,Connor Amundsen,0.6769,1.3995,2.0764,Dartmouth
1060,Connor Braun,0.0121,-0.1649,-0.1528,Arizona State
1061,Connor Christensen,0.553,-0.9164,-0.3634,Dartmouth
1062,Connor Dillon,-0.4449,0.5024,0.0575,Bradley
1063,Connor Dow,0.1583,-0.5578,-0.3995,Oklahoma State
1064,Connor Dubsky,0.1093,0.6641,0.7734,UNC Asheville
1065,Connor Essegian,1.8931,2.8722,4.7654,Nebraska
1066,Connor Gal,0.1653,0.1734,0.3387,Temple
1067,Connor Hickman,1.8699,0.4951,2.3649,Cincinnati
1068,Connor Hollenbeck,-0.4872,0.6641,0.1769,Idaho State
1069,Connor Kochera,-0.2258,1.2725,1.0467,Davidson
1070,Connor Linke,0.1508,0.0662,0.217,Bradley
1071,Connor Mancell,-0.2707,-0.2918,-0.5625,Central Ark.
1072,Connor Martin,-0.4016,-0.7604,-1.162,Coastal Carolina
1073,Connor Serven,-0.0605,-0.277,-0.3376,Virginia Tech
1074,Connor Sevilla,-0.2964,-0.2712,-0.5676,UC Davis
1075,Connor Turnbull,0.9333,0.4368,1.3701,Evansville
1076,Connor Withers,1.8797,2.2617,4.1415,Bryant
1077,Conor Enright,1.1506,1.6925,2.8431,DePaul
1078,Conrad Hawley,0.0025,-0.1014,-0.0989,Iowa State
1079,Conrad Martinez,0.9581,1.766,2.7241,Arizona
1080,Cooper Bean,0.3355,-0.0461,0.2894,Indiana State
1081,Cooper Bowser,1.168,2.4395,3.6075,Furman
1082,Cooper Campbell,-0.4777,3.038,2.5603,Troy
1083,Cooper Craggs,-0.3283,0.6964,0.3681,Oakland
1084,Cooper Flagg,4.4961,4.5711,9.0672,Duke
1085,Cooper Jackson,-0.1669,0.0274,-0.1395,Navy
1086,Cooper Jones,0.2872,0.1208,0.408,Old Dominion
1087,Cooper Josefsberg,-0.3213,-0.2059,-0.5273,Florida
1088,Cooper Koch,0.4636,0.3869,0.8505,Iowa
1089,Cooper Mueller,0.0238,0.0417,0.0655,Princeton
1090,Cooper Nadler,-0.243,-0.0679,-0.3109,Siena
1091,Cooper Noard,0.6131,2.9069,3.52,Cornell
1092,Cooper Schwieger,1.5858,-0.209,1.3769,Valparaiso
1093,Cooper Smith,-0.4701,0.0989,-0.3712,Eastern Mich.
1094,Cooper Wright,0.145,0.5122,0.6572,Colgate
1095,Corbin Green,-0.2243,-0.3092,-0.5335,Texas Tech
1096,Corbin Zentner,0.582,-0.2062,0.3759,Cornell
1097,Cord Stansberry,-0.3887,-1.5808,-1.9696,Western Caro.
1098,Corey Brown,-0.0996,-0.1215,-0.2211,Samford
1099,Corey Camper,1.9509,-0.0355,1.9154,UTEP
1100,Corey Chest,1.9617,-0.192,1.7697,LSU
1101,Corey Floyd,1.4959,0.437,1.9329,Providence
1102,Corey Hadnot,0.5405,0.8307,1.3712,Purdue Fort Wayne
1103,Corey Jones,0.6156,0.9545,1.5702,UNC Asheville
1104,Corey McKeithan,0.5736,0.7165,1.2901,La Salle
1105,Corey Miller,-0.6679,-0.3989,-1.0668,Monmouth
1106,Corey Perkins,-0.4797,-0.059,-0.5387,Delaware State
1107,Corey Sawyer,-0.0799,0.7162,0.6363,Eastern Ill.
1108,Corey Stephenson,-0.1945,1.1737,0.9792,CSU Bakersfield
1109,Corey Thomas,2.1404,1.9044,4.0448,Bradley
1110,Corey Tripp,0.9992,0.6908,1.6899,Wofford
1111,Corey Walker,-0.3551,1.0051,0.65,South Fla.
1112,Corey Washington,1.1252,2.3162,3.4415,Wichita State
1113,Corneilous Williams,0.9694,1.7258,2.6952,North Ala.
1114,Cornelius Robinson,-0.8868,-0.0981,-0.9849,Monmouth
1115,Cort Roberson,0.0115,-0.248,-0.2365,Wyoming
1116,Cory Curtis,0.2885,-0.4043,-0.1158,Long Beach State
1117,Cory Wells,1.3345,-0.729,0.6054,Utah Valley
1118,Courtney Anderson,0.0262,-0.2508,-0.2246,Colorado
1119,Covy Kelly,0.3898,0.3308,0.7206,Idaho State
1120,Cowandric Samuel,0.3192,-1.2048,-0.8856,Jackson State
1121,Creed Williamson,0.8179,0.2357,1.0536,Little Rock
1122,Creighton Thieneman,0.3189,-0.1157,0.2033,Marshall
1123,Cris Carroll,0.6468,0.1575,0.8042,Youngstown State
1124,Cruz Davis,1.3448,0.2418,1.5866,Hofstra
1125,Curt Hopf,-2.6331,-2.3577,-4.9908,Bellarmine
1126,Curt Lewis,0.1021,-0.3579,-0.2558,ETSU
1127,Curtis Blair,0.6333,-0.0846,0.5487,Liberty
1128,Curtis Givens,-0.0867,-0.0448,-0.1315,LSU
1129,Curtis Jones,1.7777,2.7968,4.5745,Iowa State
1130,Curtis Williams,0.6097,0.4445,1.0542,Georgetown
1131,Cyprian Hyde,0.2388,-0.5611,-0.3224,VMI
1132,Cyr Malonga,0.0555,-1.022,-0.9664,East Carolina
1133,Cyril Martynov,0.6368,-0.9142,-0.2774,Eastern Ky.
1134,D'Ante Bass,2.6553,-0.8516,1.8037,Alabama State
1135,D'Aundre Samuels,0.9463,-0.9151,0.0312,Houston Christian
1136,D'Marco Dunn,2.0083,2.0828,4.091,Penn State
1137,D'Maurian Williams,-1.8713,4.3306,2.4592,High Point
1138,D'Shay Wright,0.0915,-0.05,0.0415,South Carolina State
1139,DA Houston,-0.1372,-0.1254,-0.2627,Coastal Carolina
1140,DJ Campbell,-1.1709,-1.3725,-2.5433,California
1141,DJ Davis,-0.353,-0.7427,-1.0957,Washington
1142,DJ Hughes,0.9762,-0.3752,0.601,ETSU
1143,DJ Jefferson,0.5085,0.2453,0.7538,Longwood
1144,DJ Nix,0.8131,-0.8789,-0.0659,Cornell
1145,DJ Nussbaum,0.8436,-1.3019,-0.4583,Eastern Ky.
1146,DJ Patrick,-0.0947,0.8383,0.7436,Charleston So.
1147,DJ Richards,1.0949,1.4816,2.5765,McNeese
1148,DJ Shine,-0.767,1.4077,0.6407,Queens (NC)
1149,DJ Smith,0.6297,2.2138,2.8435,Robert Morris
1150,DJ Wagner,1.9715,2.1453,4.1168,Arkansas
1151,DK Thorn,1.2063,0.1905,1.3968,UTRGV
1152,DQ Cole,0.4041,0.8926,1.2966,Oakland
1153,Da'Sean Nelson,0.9643,-0.389,0.5753,Eastern Mich.
1154,DaCannon Wickware,-0.6195,-0.4792,-1.0987,UTEP
1155,DaJion Humphrey,0.905,-0.9871,-0.0821,Bowling Green
1156,DaJohn Craig,-0.0526,-0.0922,-0.1448,Oregon State
1157,DaMariee Jones,-0.6554,-0.6753,-1.3308,Southern U.
1158,DaSean Stevens,1.9837,3.0596,5.0434,Seattle U
1159,Dae Dae Hunter,-1.9529,-0.5686,-2.5215,New Orleans
1160,DaeVeon Scott,0.9437,0.3945,1.3383,SFA
1161,Daemar Kelly,-0.2339,-0.1698,-0.4037,Saint Francis
1162,Daeshon Shepherd,-1.0735,-0.3655,-1.4391,La Salle
1163,Daeshun Ruffin,1.8668,2.4472,4.314,Jackson State
1164,Dai Dai Ames,0.8353,1.1157,1.951,Virginia
1165,Dailliss Cox,1.0574,-0.6365,0.4209,Chicago State
1166,Dailyn Swain,2.2107,1.0263,3.237,Xavier
1167,Daimion Collins,-0.4182,-0.572,-0.9902,LSU
1168,Dain Dainja,1.7387,1.3719,3.1106,Memphis
1169,Dajuan Harris,3.9758,1.8134,5.7892,Kansas
1170,Dakota Candler,-0.1362,-0.2813,-0.4175,Evansville
1171,Dakota Leffew,2.1445,3.2415,5.386,Georgia
1172,Dalen Davis,0.5856,-0.3901,0.1956,Princeton
1173,"Dallan ""Deebo"" Coleman",2.1907,0.6969,2.8877,UCF
1174,Dallas Hobbs,0.6269,1.4046,2.0314,Mount St. Mary's
1175,Dallas Howell,0.6257,0.9571,1.5828,North Ala.
1176,Dallin Grant,-0.4456,-1.5416,-1.9872,Utah Tech
1177,Dallin Hall,1.2582,2.3068,3.5651,BYU
1178,Dallion Johnson,-0.0139,1.678,1.6642,FGCU
1179,Dalton Banks,0.314,2.7794,3.0934,Illinois State
1180,Damarco Minor,0.4013,2.3368,2.738,Oregon State
1181,Damari Monsanto,0.0335,1.6965,1.73,UTSA
1182,Damarion Bonds,1.3595,1.2579,2.6175,Central Mich.
1183,Damarion Dennis,1.4044,1.4104,2.8148,A&M-Corpus Christi
1184,Damarion Walkup,1.1843,-0.9607,0.2236,Southeast Mo. St.
1185,Damarius Owens,-0.6276,-0.6709,-1.2984,Marquette
1186,Damian Dunn,3.0419,1.6073,4.6491,Pittsburgh
1187,Damien Mayo,1.0607,0.8149,1.8756,Southern Ill.
1188,Damon Strand,-0.5582,1.0671,0.5089,UAlbany
1189,Damon Wilkinson,-0.3418,-0.2449,-0.5867,South Dakota State
1190,Damondre McKnight,-1.7816,-0.4817,-2.2633,Niagara
1191,Damoni Harrison,-0.1929,-0.6769,-0.8698,Southern Ind.
1192,Dan Gherezgher,-2.1312,1.2942,-0.8371,Northern Ky.
1193,Dan Luers,-0.0197,1.9917,1.972,Miami (OH)
1194,Dan Skillings,0.3499,-0.035,0.315,Cincinnati
1195,Dane Erikstrup,1.7825,3.2998,5.0823,Washington State
1196,Dani Pounds,-0.109,0.293,0.184,Old Dominion
1197,Daniel Abreu,1.7064,2.6807,4.3872,Drake
1198,Daniel Akitoby,0.1283,2.0792,2.2075,Morgan State
1199,Daniel Banister,0.9758,1.7433,2.7191,Hampton
1200,Daniel Batcho,0.6392,1.2446,1.8838,Louisiana Tech
1201,Daniel Braster,-0.763,-0.274,-1.037,Alcorn
1202,Daniel Egbuniwe,1.7293,-0.376,1.3534,Tennessee Tech
1203,Daniel Foster,0.7459,-0.079,0.6668,Nevada
1204,Daniel Freitag,-0.8646,-0.4879,-1.3525,Wisconsin
1205,Daniel Hackett,-0.4578,-0.1266,-0.5844,Manhattan
1206,Daniel Hankins-Sanford,0.4641,2.1471,2.6112,Massachusetts
1207,Daniel Helterhoff,-0.8944,-2.6132,-3.5076,USC Upstate
1208,Daniel Jacobsen,0.2254,0.3969,0.6224,Purdue
1209,Daniel Johnson,1.7468,0.5961,2.3429,Hampton
1210,Daniel Loos,-0.6995,-0.2815,-0.9811,Austin Peay
1211,Daniel Macgregor,-0.8941,-0.8544,-1.7485,Stetson
1212,Daniel Nauseef,-0.3024,0.0105,-0.2919,Clemson
1213,Daniel Nixon,0.0618,0.4156,0.4773,Hampton
1214,Daniel Ortiz,-0.7905,2.2666,1.4762,North Ala.
1215,Daniel Rivera,-0.1653,-1.0972,-1.2625,Massachusetts
1216,Daniel Rouzan,0.8716,-1.1791,-0.3074,Bethune-Cookman
1217,Daniel Tobiloba,0.2786,-0.2448,0.0338,South Fla.
1218,Daniel Umoh,0.464,-1.9584,-1.4944,Mississippi Val.
1219,Daniil Glazkov,1.7673,0.8039,2.5711,Loyola Chicago
1220,Danilo Dozic,1.6957,1.1732,2.8689,Pepperdine
1221,Danilo Jovanovich,-0.4826,0.5131,0.0305,Milwaukee
1222,Danny Wolf,4.1947,3.5624,7.7571,Michigan
1223,Danny Young,0.5963,0.5169,1.1132,Cleveland State
1224,Danquez Dawsey,0.138,-0.3994,-0.2614,Lamar University
1225,Dante DePante,0.2787,0.3241,0.6027,Youngstown State
1226,Dante Harris,-0.7141,0.5419,-0.1723,Memphis
1227,Dante Kearse,-1.126,-0.7877,-1.9137,The Citadel
1228,Dante Maddox,-0.2115,1.1648,0.9533,Xavier
1229,Dante Mayo,0.1888,-0.0237,0.1652,North Carolina
1230,Dante Oliver,0.2743,-0.2065,0.0678,North Florida
1231,Dante Sawyer,-2.1195,-0.9478,-3.0673,Ark.-Pine Bluff
1232,Dante Wilcox,0.735,-1.7263,-0.9913,FIU
1233,Dantwan Grimes,1.1274,0.3314,1.4589,Tarleton State
1234,Daquan Davis,1.126,1.0806,2.2066,Florida State
1235,DarKaun King,0.0193,1.4831,1.5024,North Ala.
1236,Darik Dissette,-1.1798,0.058,-1.1218,North Dakota State
1237,Darin Smith,1.956,1.063,3.019,Central Conn. St.
1238,Darius Burford,-0.6917,1.9942,1.3026,UT Arlington
1239,Darius Dawson,-0.9907,0.576,-0.4147,Austin Peay
1240,Darius DeAveiro,-0.5188,1.6235,1.1047,Valparaiso
1241,Darius Duffy,-0.5966,1.3913,0.7947,Milwaukee
1242,Darius Ford,-0.3983,-1.8027,-2.201,Alabama A&M
1243,Darius Gakwasi,0.1825,-0.043,0.1395,Princeton
1244,Darius Hannah,1.9242,2.1895,4.1137,Bradley
1245,Darius Johnson,0.7107,2.5852,3.2959,UCF
1246,Darius Leonard,-0.2264,-0.3583,-0.5847,Coppin State
1247,Darius Maddox,0.7322,1.5079,2.2401,George Mason
1248,Darius Robinson,-1.6432,0.6137,-1.0295,Oral Roberts
1249,Dariyus Woodson,-2.0974,0.313,-1.7844,North Dakota
1250,Darlinstone Dubar,1.2541,0.93,2.1841,Tennessee
1251,Darnell Evans,1.3819,-0.9101,0.4718,Georgia State
1252,Darren Buchanan,0.3673,1.15,1.5173,George Washington
1253,Darren Harris,0.3646,1.3209,1.6855,Duke
1254,Darren Williams,-1.1414,-1.1052,-2.2466,FGCU
1255,Darrick Jones,-0.2859,-0.9856,-1.2715,Le Moyne
1256,Darrion Baker,-0.2977,-0.2146,-0.5123,SIUE
1257,Darrion Salery,-2.7626,-2.0036,-4.7662,Mississippi Val.
1258,Darrion Sutton,0.9936,-0.5812,0.4124,Georgia Tech
1259,Darrion Williams,1.6887,5.2865,6.9752,Texas Tech
1260,Darryl Simmons,-0.6781,1.163,0.4849,Gardner-Webb
1261,Dasear Haskins,1.3405,0.1557,1.4962,Saint Joseph's
1262,Dashon Gittens,2.1167,-1.6621,0.4546,FIU
1263,Dasonte Bowen,2.7066,0.3617,3.0683,St. Bonaventure
1264,Davian Williams,-0.4428,0.0871,-0.3557,Alcorn
1265,David Brown,-2.2254,-0.6666,-2.892,Loyola Maryland
1266,David Burnett,0.078,0.0201,0.0981,Navy
1267,David Castillo,1.508,-0.7161,0.7919,Kansas State
1268,David Coit,1.3794,1.2803,2.6596,Kansas
1269,David Craig,-0.1338,-0.8012,-0.935,Tennessee Tech
1270,David Dixon,1.6001,0.0115,1.6115,Duquesne
1271,David Douglas,0.2915,-0.2534,0.0381,Fresno St.
1272,David Early,0.0594,1.0177,1.0771,Radford
1273,David Fonville,0.6781,0.3474,1.0255,High Point
1274,David Fuchs,-0.3758,0.7303,0.3546,Rhode Island
1275,David Gabriel,0.077,0.0895,0.1665,Seton Hall
1276,David Green,0.4658,2.3463,2.8121,Rhode Island
1277,David Hermes,-0.1431,1.258,1.1148,UTSA
1278,David Idada,0.8541,-1.7522,-0.8981,Southeast Mo. St.
1279,David Joplin,1.0961,2.599,3.6951,Marquette
1280,David Mack,0.6517,-0.0241,0.6276,NIU
1281,David Mager,0.9248,-1.1932,-0.2685,Pepperdine
1282,David McDaniel,0.0411,0.0058,0.0469,Jackson State
1283,David Meriwether,0.6287,0.011,0.6396,ETSU
1284,David Murray,1.5557,-0.411,1.1447,Merrimack
1285,David N'Guessan,2.8451,1.9697,4.8149,Kansas State
1286,David Onanina,-0.2809,-0.8359,-1.1168,Bethune-Cookman
1287,David Pickles,0.022,-0.5213,-0.4993,UC Santa Barbara
1288,David Punch,1.2463,-0.5223,0.724,TCU
1289,David Rochester,-0.236,-0.0877,-0.3238,Brown
1290,David Simon,-0.3038,-1.3103,-1.6141,San Diego
1291,David Skogman,1.8327,-1.5474,0.2853,DePaul
1292,David Terrell,0.8074,0.7159,1.5233,UTEP
1293,David Thomas,0.099,-0.3255,-0.2265,DePaul
1294,David Tubek,0.0472,-0.9225,-0.8753,Seton Hall
1295,David Wilkerson,1.2752,0.4918,1.767,Youngstown State
1296,Davide Poser,0.5058,-1.9839,-1.478,New Hampshire
1297,Davidson Hubbard,-0.0867,0.151,0.0644,Baylor
1298,Davin Cosby,0.7032,0.3549,1.0581,Wake Forest
1299,Davin Francis,0.3993,-0.1678,0.2315,FDU
1300,Davion Bailey,0.0406,2.5655,2.6061,UIW
1301,Davion Bradford,-0.9583,0.2206,-0.7377,ETSU
1302,Davion Everett,1.3019,1.5686,2.8705,South Carolina State
1303,Davion Sykes,0.9079,0.6132,1.5211,Southern Ill.
1304,Davis Bynum,0.6251,-0.4822,0.143,Cal St. Fullerton
1305,Davis Molnar,1.6802,0.1692,1.8493,Furman
1306,Davon Barnes,1.9077,-1.0216,0.8861,Ole Miss
1307,Davontae Hall,-0.9108,0.8182,-0.0926,Kansas City
1308,Davonte Davis,0.8927,-1.3316,-0.4389,Oklahoma State
1309,Davonte Sweatman,0.671,-0.0345,0.6364,Central Conn. St.
1310,Davyn de Jongh,0.1561,-0.0172,0.1389,Navy
1311,Dawson Baker,1.6051,2.7003,4.3054,BYU
1312,Dawson Garcia,1.3191,1.8416,3.1607,Minnesota
1313,Day Day Thomas,2.0189,-0.4846,1.5344,Cincinnati
1314,Dayan Nessah,0.127,-0.5757,-0.4486,George Washington
1315,Daylen Berry,-0.5949,1.0838,0.4888,Charleston So.
1316,Daylon Dickerson,-0.4444,0.6618,0.2174,UMBC
1317,Dayon Polk,0.1918,-0.0906,0.1012,Army West Point
1318,Dayton Forsythe,0.4483,1.6221,2.0704,Oklahoma
1319,Dayvion McKnight,0.9059,2.3802,3.2861,Xavier
1320,De'Ante Green,0.0409,0.6179,0.6588,South Fla.
1321,De'Shayne Montgomery,0.5617,-1.3261,-0.7644,Georgia
1322,DeAndre Craig,0.9317,0.655,1.5867,Denver
1323,DeAndre Williams,0.0893,-1.0414,-0.9521,Holy Cross
1324,DeAntoni Gordon,-0.6802,-1.2571,-1.9373,Southern Miss.
1325,DeCorion Temple,-0.0519,-0.0557,-0.1075,Central Mich.
1326,DeJour Reaves,-0.1229,-0.1071,-0.23,Iona
1327,DeMarion Yap,-0.5738,0.02,-0.5538,UNLV
1328,DeMarr Langford,1.2198,1.1819,2.4017,UAlbany
1329,DeSean Goode,-1.7467,3.6813,1.9347,IU Indy
1330,DeShawn Goodwyn,0.1049,-0.149,-0.0441,Gardner-Webb
1331,DeShawn Harris-Smith,1.3247,-0.189,1.1357,Maryland
1332,Dean Reiber,-1.6796,0.2671,-1.4125,Charlotte
1333,Dean Shepherd,1.0662,0.7526,1.8188,Delaware State
1334,Deandre Smart,-0.9078,-0.2791,-1.1869,Elon
1335,Deangelo Elisee,1.0327,0.9075,1.9402,Purdue Fort Wayne
1336,Declan Cutler,0.27,1.3069,1.5769,Weber State
1337,Declan Dillon,-0.1939,-0.4611,-0.655,SIUE
1338,Declan Ryan,1.0467,-0.4235,0.6232,Holy Cross
1339,Dedan Thomas,0.1412,1.5465,1.6877,UNLV
1340,Deivon Smith,2.5681,2.0068,4.5748,St. John's (NY)
1341,Del Jones,0.7767,-0.0093,0.7673,Clemson
1342,Del'Jayvien Harried,-0.2765,1.0323,0.7558,Alcorn
1343,Delaney Heard,-0.6783,-0.0466,-0.7248,Kennesaw State
1344,Dellquan Warren,0.5267,-0.4401,0.0866,Mississippi State
1345,Delonnie Hunt,0.1219,0.715,0.8368,Richmond
1346,Delrecco Gillespie,2.5664,1.1686,3.735,Kent State
1347,Delyle Williams,0.9253,-1.8268,-0.9016,Jackson State
1348,Demajion Topps,-0.1669,0.9284,0.7616,Morgan State
1349,Demarco Bethea,-0.3919,-0.7056,-1.0976,East Texas A&M
1350,Demari Williams,-0.6217,0.4811,-0.1406,Houston Christian
1351,Demarien Yates,-0.1407,0.2774,0.1367,Memphis
1352,Demarion Burch,-0.1912,1.985,1.7939,Bradley
1353,Demarion Watson,0.9393,-1.651,-0.7117,Iowa State
1354,Demarshay Johnson,-0.4536,-0.3421,-0.7957,San Diego State
1355,Demetrius Davis,0.4086,1.9705,2.3791,UNC Greensboro
1356,Demetrius Lilley,0.7059,-1.1246,-0.4187,La Salle
1357,Demetrus Johnson,-0.5088,-0.6232,-1.132,West Ga.
1358,Deng Garang,-1.4384,1.5455,0.1071,Le Moyne
1359,Deng Majak,0.5945,-1.0575,-0.463,Oakland
1360,Deng Mayar,-1.6921,1.5963,-0.0958,North Dakota
1361,Denijay Harris,-0.2639,-1.0975,-1.3614,Southern Miss.
1362,Dennis Asoro,-0.1479,-0.3369,-0.4848,Ark.-Pine Bluff
1363,Dennis Parker,2.691,-0.0033,2.6878,NC State
1364,Denver Anglin,0.3405,1.1743,1.5149,Rice
1365,Denver Jones,4.4816,4.022,8.5035,Auburn
1366,Denzel Aberdeen,0.9715,2.2112,3.1827,Florida
1367,Denzel Hines,-0.4494,-1.0547,-1.5041,Coastal Carolina
1368,Deon Perry,1.2628,0.1056,1.3685,Fairfield
1369,Deonte Williams,0.4984,0.2274,0.7258,Sacramento St.
1370,Derek Fountain,0.6833,-0.2931,0.3902,LSU
1371,Derek Sangster,0.3449,-0.3606,-0.0157,UC Davis
1372,Derek Simpson,2.0526,1.1591,3.2117,Saint Joseph's
1373,Derek Vorst,0.02,-0.4513,-0.4313,Indiana State
1374,Derick Hamilton,0.662,0.4861,1.1481,UTEP
1375,Derik Queen,3.8528,3.5318,7.3846,Maryland
1376,Derin Saran,0.4981,0.3137,0.8118,Stanford
1377,Derrian Ford,-0.9612,1.7911,0.8298,Arkansas State
1378,Derrick Butler,0.3466,-0.2504,0.0962,Bowling Green
1379,Derrick Harris,0.29,-0.0408,0.2492,Charleston So.
1380,Derrick Michael Xzavierro,1.3156,-0.9745,0.3411,Long Beach State
1381,Derrick Tezeno,0.553,0.1576,0.7106,Southern U.
1382,Derrin Boyd,-0.042,0.5511,0.5091,Col. of Charleston
1383,Derrion Reid,1.4706,1.0079,2.4785,Alabama
1384,Derrius Ward,0.3963,-1.2507,-0.8544,Coppin State
1385,Des Watson,1.1356,1.7853,2.9209,Loyola Chicago
1386,Desai Lopez,-0.3705,-0.5702,-0.9407,San Diego State
1387,Deshaun Jackson,2.8865,1.0881,3.9746,Mercyhurst
1388,Desmond Claude,1.7271,2.5112,4.2383,Southern California
1389,Desmond Polk,0.7212,0.0725,0.7938,SIUE
1390,Desmond Roberts,0.0396,-0.1873,-0.1477,Virginia
1391,Deuce Jones,-0.0653,1.3517,1.2864,La Salle
1392,Deuce Turner,-1.3565,0.976,-0.3806,UC Santa Barbara
1393,Devan Cambridge,1.5292,0.6805,2.2098,Texas Tech
1394,Devan Sapp,0.1435,-0.4769,-0.3334,UMBC
1395,Devean Williams,0.2321,0.0964,0.3285,Bryant
1396,Deven Dahlke,0.0366,0.0643,0.1009,San Diego
1397,Devin Askew,-1.513,0.1374,-1.3756,Long Beach State
1398,Devin Brafford,0.2604,0.4968,0.7573,Siena
1399,Devin Carney,0.3429,0.0465,0.3894,Denver
1400,Devin Ceaser,-1.1985,-0.7217,-1.9202,Old Dominion
1401,Devin Curtis,0.1959,-0.0918,0.1041,California
1402,Devin Dinkins,-1.4696,2.4688,0.9992,Manhattan
1403,Devin Haid,0.8644,1.416,2.2804,Central Conn. St.
1404,Devin Hines,0.4361,-0.7714,-0.3353,Lafayette
1405,Devin McGlockton,3.0659,5.47,8.5359,Vanderbilt
1406,Devin Ree,0.581,1.4032,1.9842,Louisiana Tech
1407,Devin Royal,0.6692,3.1691,3.8383,Ohio State
1408,Devin Tillis,2.0971,3.3904,5.4874,UC Irvine
1409,Devin Vanterpool,0.6828,-1.3137,-0.6309,Fla. Atlantic
1410,Devon Arlington,0.5689,-0.007,0.5619,Yale
1411,Devon Barnes,0.4689,0.6679,1.1367,UTEP
1412,Devon Ellis,1.6112,-0.5655,1.0458,Valparaiso
1413,Devon Hancock,0.2274,0.1448,0.3723,ULM
1414,Devon Pryor,-0.0051,1.6048,1.5997,Texas
1415,Devon Savage,0.6551,0.5961,1.2511,Merrimack
1416,Devontae Blanton,-0.258,2.8119,2.5538,Eastern Ky.
1417,Dexter Akanno,1.7355,3.6444,5.3799,Utah State
1418,Deyton Albury,1.5589,0.4828,2.0418,Utah State
1419,Deywilk Tavarez,1.0368,2.054,3.0909,Col. of Charleston
1420,Dez White,0.8038,1.3855,2.1893,Missouri State
1421,Dezayne Mingo,0.0067,2.0033,2.0099,Marshall
1422,Dezmond McKinney,-1.511,-2.4032,-3.9142,Bellarmine
1423,Dhiaukuei Manyiel Dut,-0.4278,-0.2189,-0.6466,Georgia State
1424,Di'Andre Howell-South,2.0813,-0.1513,1.93,Wagner
1425,Dian Wright-Forde,-0.2218,2.4691,2.2472,A&M-Corpus Christi
1426,Diante Smith,-0.289,1.3408,1.0518,UT Arlington
1427,Diego Campisano,1.2144,-0.4062,0.8083,Northern Ariz.
1428,Dieonte Miles,0.5417,-0.8559,-0.3142,Morehead State
1429,Dilen Miller,1.4051,-0.0213,1.3838,Robert Morris
1430,Dillan Baker,-0.095,0.4817,0.3868,Northern Ariz.
1431,Dillon Bailey,-0.2477,3.6037,3.356,Wofford
1432,Dillon Battie,0.3922,0.2534,0.6457,Temple
1433,Dillon Hunter,3.2644,3.4006,6.665,Clemson
1434,Dillon Mitchell,4.6498,1.2375,5.8872,Cincinnati
1435,Dillon Tingler,-0.6362,0.4976,-0.1386,Eastern Mich.
1436,Dillon Wilhite,0.3742,-0.0586,0.3155,Kansas
1437,Diogo Seixas,-2.1891,-2.5136,-4.7027,Central Ark.
1438,Dion Brown,-1.7089,0.881,-0.8279,Boston College
1439,Dionjahe Thomas,1.3585,0.9768,2.3353,Southern U.
1440,Dionte Bostick,3.6368,-0.6559,2.9809,New Mexico State
1441,Dionte Johnson,0.924,1.6419,2.5659,N.C. Central
1442,Dior Conners,0.1691,0.149,0.318,App State
1443,Dior Johnson,-2.3413,0.0728,-2.2686,UCF
1444,Dishon Jackson,2.2814,0.2822,2.5636,Iowa State
1445,Divine Ugochukwu,-2.1568,1.0736,-1.0832,Miami (FL)
1446,Djahi Binet,-0.2059,-1.7261,-1.932,Alcorn
1447,Dji Bailey,1.2081,1.2476,2.4557,LSU
1448,Djordje Curcic,-0.1365,-0.4179,-0.5544,Col. of Charleston
1449,Doctor Bradley,0.0123,-1.5716,-1.5593,Ark.-Pine Bluff
1450,Dok Muordar,0.7246,-0.0865,0.6381,Monmouth
1451,Dola Adebayo,1.32,1.3027,2.6227,Mount St. Mary's
1452,Dom Campbell,-0.3778,-0.1423,-0.5201,Howard
1453,Dom Payne,0.5196,-0.2124,0.3072,Longwood
1454,Domas Kauzonas,1.7294,0.1401,1.8695,UNC Greensboro
1455,Domenic Malvey,-0.0334,-0.1128,-0.1461,New Hampshire
1456,Dominic Capriotti,0.0964,-0.5097,-0.4132,Binghamton
1457,Dominic Commisso,-0.62,-0.2471,-0.8671,The Citadel
1458,Dominic Gooden,0.6406,-0.4771,0.1635,NIU
1459,Dominic Muncey,-0.0457,-0.3537,-0.3994,San Diego
1460,Dominic Pangonis,0.2961,-0.4918,-0.1957,SFA
1461,Dominick Harris,0.4789,0.1147,0.5936,UCLA
1462,Dominick Nelson,2.0314,0.4353,2.4666,Utah Valley
1463,Dominick Stewart,0.4671,-1.63,-1.1629,Penn State
1464,Dominique Daniels,0.1751,2.3294,2.5045,California Baptist
1465,Dominique Ford,0.9741,-0.057,0.9171,Southern Utah
1466,Don Douglass,0.3336,0.2685,0.6021,Wofford
1467,Don McHenry,1.7927,0.0808,1.8735,Western Ky.
1468,Donald Hand,-1.4155,0.5682,-0.8473,Boston College
1469,Donavan Yap,-1.3314,1.0308,-0.3005,San Jose State
1470,Donavin Young,-0.6708,-0.3199,-0.9906,Stanford
1471,Donnie Freeman,-0.0257,0.2908,0.2651,Syracuse
1472,Donovan Atwell,2.1476,3.6817,5.8294,UNC Greensboro
1473,Donovan Dent,2.3626,2.1317,4.4944,New Mexico
1474,Donovan Draper,-0.9365,1.5983,0.6618,Navy
1475,Donovan Hunter,0.3493,0.6061,0.9553,Kent State
1476,Donovan Newby,1.0737,3.182,4.2557,UNCW
1477,Donovan Oday,-0.8205,-1.1664,-1.9869,Cal St. Fullerton
1478,Donovan Raymond,-0.3947,-0.0963,-0.4911,Old Dominion
1479,Donovan Rivers,-0.04,-1.735,-1.775,Jacksonville
1480,Donovan Sanders,-3.0439,-4.7103,-7.7541,Mississippi Val.
1481,Donovan Santoro,0.6885,0.1913,0.8799,Green Bay
1482,Donovan Williams,0.4792,-0.7055,-0.2263,Western Mich.
1483,Dontae Horne,1.4934,-0.8468,0.6467,Ga. Southern
1484,Dontae Walker,-0.0939,-0.2883,-0.3823,Northwestern State
1485,Dontaie Allen,1.5147,-0.985,0.5297,Wyoming
1486,Donte Bacchus,0.6532,1.1683,1.8215,North Ala.
1487,Dontrez Styles,-0.9369,1.1218,0.1849,NC State
1488,Dontrez Williams,0.8167,-0.3921,0.4246,Abilene Christian
1489,Dorian Finister,-0.9718,0.8688,-0.103,Sam Houston
1490,Dorian McMillian,-2.9124,-0.5439,-3.4564,Jackson State
1491,Doryan Onwuchekwa,0.7441,0.0657,0.8098,Georgia Tech
1492,Doug Young,0.293,-0.1817,0.1113,Quinnipiac
1493,Dovydas Butka,0.2936,-0.1213,0.1723,Pepperdine
1494,Dozie Onyirimba,0.2058,-0.1748,0.031,Kennesaw State
1495,Dra Gibbs-Lawhorn,0.4515,0.8311,1.2825,Illinois
1496,Dragos Lungu,1.4625,-0.226,1.2365,San Diego
1497,Drake Allen,0.6875,2.8217,3.5093,Utah State
1498,Drake Dobbs,-0.8544,3.5372,2.6828,St. Thomas (MN)
1499,Drake Powell,1.849,3.0983,4.9473,North Carolina
1500,Dramane Camara,1.9956,0.9767,2.9723,Norfolk State
1501,Drayton Jones,1.281,1.821,3.1021,South Carolina State
1502,Dre Davis,3.4758,2.3857,5.8614,Ole Miss
1503,Drew Ardouin,0.3722,0.0473,0.4194,San Francisco
1504,Drew Barbee,0.5245,0.2623,0.7868,Central Mich.
1505,Drew Carter,-0.0373,0.0885,0.0512,Oregon
1506,Drew Fielder,1.0636,0.5218,1.5853,Georgetown
1507,Drew McElroy,0.1573,0.1874,0.3448,TCU
1508,Drew McKenna,-1.9783,0.0996,-1.8787,Georgetown
1509,Drew Scharnowski,-0.8479,1.0769,0.2291,Belmont
1510,Drew Steffe,0.726,1.5899,2.3159,Southern Ill.
1511,Drew Thelwell,-0.7634,2.0021,1.2387,Iowa
1512,Drey Carter,0.4937,-0.0798,0.4139,Wright State
1513,Drissa Traore,1.7624,-0.5171,1.2453,Rhode Island
1514,Drue Drinnon,-0.0516,1.1791,1.1275,Texas State
1515,Duane Posey,-0.4373,2.089,1.6517,Texas Southern
1516,Duane Rogers,0.0468,-0.2431,-0.1962,Detroit Mercy
1517,Duane Thompson,0.7612,-1.1073,-0.3461,St. Bonaventure
1518,Dug McDaniel,1.1805,0.8737,2.0543,Kansas State
1519,Duke Brennan,2.585,0.5698,3.1548,Grand Canyon
1520,Duke Deen,1.6761,2.9063,4.5824,Bradley
1521,Duke Miles,0.6615,2.2592,2.9207,Oklahoma
1522,Duncan Powell,0.5454,1.1006,1.6461,Georgia Tech
1523,Duncan Reid,-0.1626,0.8455,0.6829,Southern Utah
1524,Dupree Fletcher,0.3884,0.5587,0.9471,Grambling
1525,Dusan Neskovic,-0.6525,1.3262,0.6737,Richmond
1526,Dusty Stromer,1.0449,3.3923,4.4372,Gonzaga
1527,Dutch Dowdell,-1.2995,-1.0665,-2.366,Harvard
1528,Dwayne Koroma,-0.5789,1.1338,0.5549,Le Moyne
1529,Dwayne Perkins,0.0891,-0.0188,0.0703,Nicholls
1530,Dwon Odom,0.5766,2.1069,2.6835,Tulsa
1531,Dylan Addae-Wusu,0.5434,1.3353,1.8788,Seton Hall
1532,Dylan Anderson,0.0098,-0.3743,-0.3645,Boise State
1533,Dylan Andrews,-0.0745,0.7474,0.6729,UCLA
1534,Dylan Arnett,1.4154,2.1888,3.6042,Cleveland State
1535,Dylan Branson,-0.6925,1.4063,0.7139,Bellarmine
1536,Dylan Canoville,-0.1636,-0.8833,-1.0469,Jackson State
1537,Dylan Cardwell,3.4502,3.6884,7.1386,Auburn
1538,Dylan Darling,-0.2077,2.0845,1.8767,Idaho State
1539,Dylan Dawson,-0.0771,-0.3241,-0.4011,Texas State
1540,Dylan Faulkner,2.0259,0.308,2.3339,Lipscomb
1541,Dylan Godfrey,-0.617,-1.5046,-2.1216,Canisius
1542,Dylan Grant,-0.4295,-0.5749,-1.0044,Rutgers
1543,Dylan Harper,0.1945,3.0795,3.274,Rutgers
1544,Dylan Hayman,0.5593,1.4691,2.0284,UIW
1545,Dylan James,2.2171,0.4263,2.6434,Georgia
1546,Dylan Jones,1.2611,1.6356,2.8967,FDU
1547,Dylan Mansour,0.2037,-0.3326,-0.1289,Washington
1548,Dylan Mclean,-1.6867,-1.5091,-3.1958,Alabama A&M
1549,Dylan Murans,0.4115,0.1243,0.5359,Army West Point
1550,Dylan Saunders,-1.0245,-0.8436,-1.8681,New Hampshire
1551,Dylan Warlick,0.1684,-0.8675,-0.699,Saint Louis
1552,Dylan Williams,-0.9585,-0.2239,-1.1824,Penn
1553,Dylan Williamson,-0.7634,1.5633,0.7998,Towson
1554,Dyondre Dominguez,0.7772,2.4124,3.1896,Arkansas State
1555,Dyson Koehler,0.4599,-0.0349,0.425,Weber State
1556,EJ Avelar,0.6049,-0.2285,0.3764,UTRGV
1557,EJ Farmer,2.4059,0.7933,3.1992,Youngstown State
1558,EJ Neal,1.5862,1.0628,2.649,Sacramento St.
1559,EJ Ryans,-0.6585,-1.057,-1.7155,Western Mich.
1560,EJay Greer,1.0642,-0.5594,0.5048,Alabama A&M
1561,Earl Timberlake,1.5831,-0.1628,1.4203,Bryant
1562,Ebenezer Dowuona,-0.2215,-0.2701,-0.4916,James Madison
1563,Ebenezer Ogoh,0.3192,0.1596,0.4788,IU Indy
1564,Ebo Wilson,0.0383,-1.0793,-1.041,Jackson State
1565,Ebrima Dibba,0.228,0.8867,1.1147,Cleveland State
1566,Eddie Jallow Hedqvist,0.4948,-0.0624,0.4324,Pacific
1567,Eddie Lampkin,-1.2192,1.4965,0.2773,Syracuse
1568,Eddie Ricks,-0.2017,-0.1302,-0.3319,James Madison
1569,Eddiean Tirado,0.108,-0.9301,-0.8221,SIUE
1570,Eddrin Bronson,0.8043,-0.0372,0.767,Furman
1571,Edouard Benoit,-0.565,-0.3346,-0.8997,Lehigh
1572,Edrick Quezada,0.0519,0.0,0.0519,Merrimack
1573,Eduardo Andre,1.3158,-1.4954,-0.1796,West Virginia
1574,Eduardo Klafke,1.1608,3.2061,4.367,Ole Miss
1575,Edward Nnamoko,0.4722,-0.0364,0.4359,New Mexico State
1576,Eemeli Yalaho,0.3187,0.6796,0.9983,Texas Tech
1577,Efrem Johnson,1.0802,2.9053,3.9854,UAB
1578,Efstratios Kalliontzis,-2.2418,0.375,-1.8668,N.C. A&T
1579,Efton Reid,1.953,1.5107,3.4637,Wake Forest
1580,Egan Shields,-0.381,-0.4875,-0.8685,Northern Colo.
1581,Egor Demin,0.954,4.6286,5.5826,BYU
1582,Eian Elmer,1.4065,1.8396,3.2461,Miami (OH)
1583,Eli Bennett,-0.0508,-0.0058,-0.0566,Virginia
1584,Eli DeLaurier,-1.594,0.2414,-1.3527,Providence
1585,Eli Djordjevic,-0.8907,-0.8492,-1.7399,Long Beach State
1586,Eli King,0.2958,1.3676,1.6635,North Dakota
1587,Eli Rice,0.1721,0.0172,0.1893,Penn State
1588,Eli Wilborn,-0.2319,1.5761,1.3443,Duquesne
1589,Eli Yofan,0.2018,0.0661,0.2679,Miami (OH)
1590,Elia Bongiorno,0.0093,-0.22,-0.2107,UC Santa Barbara
1591,Elias Cato,-1.7548,0.2002,-1.5546,Central Ark.
1592,Elias Ralph,0.4365,1.0968,1.5334,Pacific
1593,Elijah Brooks,-0.145,-0.9691,-1.1141,Houston Christian
1594,Elijah Chol,1.2429,-0.5533,0.6896,UC Irvine
1595,Elijah Crawford,-0.0647,-0.749,-0.8137,BYU
1596,Elijah Elliott,1.7536,2.6341,4.3876,Southern Ill.
1597,Elijah Elliott,1.7536,2.6341,4.3876,Ohio
1598,Elijah Fisher,-1.1484,-2.7828,-3.9312,Pacific
1599,Elijah Gray,-1.4731,1.6754,0.2024,Temple
1600,Elijah Hawkins,2.0982,2.593,4.6912,Texas Tech
1601,Elijah Hutchins-Everett,2.2427,1.1819,3.4246,James Madison
1602,Elijah Jamison,-0.7414,-0.4806,-1.222,UNCW
1603,Elijah Jones,-0.0637,0.5128,0.4491,UTEP
1604,Elijah Jones,-0.0637,0.5128,0.4491,Col. of Charleston
1605,Elijah Kennedy,-0.5123,-0.1382,-0.6506,Hampton
1606,Elijah Lewis,2.6649,0.9405,3.6054,Marist
1607,Elijah Mahi,2.1184,0.7613,2.8797,Santa Clara
1608,Elijah Malone,1.8068,0.145,1.9518,Colorado
1609,Elijah Moore,1.4657,0.9762,2.4419,Syracuse
1610,Elijah Perkins,0.4311,-1.52,-1.0888,Saint Peter's
1611,Elijah Price,1.5487,0.2634,1.8121,Fresno St.
1612,Elijah Saunders,1.3358,0.0291,1.3649,Virginia
1613,Elijah Stephens,0.0472,1.5869,1.634,American
1614,Elijah Strong,-0.517,0.8063,0.2893,Boston College
1615,Elijah Terry,-0.6573,-2.3642,-3.0216,Prairie View
1616,Elijah Thomas,-0.427,-1.006,-1.4329,Eastern Wash.
1617,Elijah Tucker,0.8975,-0.7932,0.1043,Longwood
1618,Elijah Walsh,-0.2681,0.7783,0.5102,Campbell
1619,Elliot Cadeau,2.3132,2.3687,4.6819,North Carolina
1620,Elliot Lowndes,2.1222,0.5457,2.6679,Southeast Mo. St.
1621,Elliott Black,-0.0282,-0.0445,-0.0727,Merrimack
1622,Elmore James,1.0948,1.0176,2.1124,Ohio
1623,Elvin Edmonds,1.2942,0.8204,2.1146,Bucknell
1624,Emanuel Richards,1.5597,-1.2338,0.3259,Longwood
1625,Emanuel Sharp,2.5916,2.722,5.3136,Houston
1626,Emareyon McDonald,0.347,-0.3191,0.0279,Grambling
1627,Emarion Ellis,-0.241,1.3805,1.1395,Nicholls
1628,Emeka Nnaji,-0.217,0.297,0.08,Grambling
1629,Emil Skytta,0.7676,-1.5038,-0.7362,Sacramento St.
1630,Emir Buyukhanli,0.3817,0.0955,0.4772,Yale
1631,Emmanuel Innocenti,2.6114,3.6323,6.2437,Gonzaga
1632,Emmanuel Koveos,-0.1388,-0.1854,-0.3242,Georgia State
1633,Emmanuel Kuac,0.4078,-2.0698,-1.662,Detroit Mercy
1634,Emmanuel Ogbole,0.1564,1.4357,1.5921,Rutgers
1635,Emmanuel Okorafor,-0.391,-1.1462,-1.5373,Seton Hall
1636,Emmanuel Okpomo,1.2903,-1.1839,0.1064,New Hampshire
1637,Emmanuel Stephen,0.2378,0.2261,0.4638,Arizona
1638,Emmanuel Tshimanga,1.3977,-1.3915,0.0062,New Mexico State
1639,Emmanuel Ugbo,1.9289,-0.5318,1.3971,Boise State
1640,Emmer Nichols,0.5623,-0.0151,0.5472,Georgia Tech
1641,Emmett Marquardt,0.705,2.7641,3.4691,Eastern Wash.
1642,Emory Lanier,0.5954,-0.1168,0.4786,Rice
1643,Enoch Boakye,1.1193,2.9948,4.1141,Villanova
1644,Enoch Cheeks,0.8572,3.1037,3.9609,Dayton
1645,Enoch Kalambay,2.1456,0.9752,3.1208,Western Ky.
1646,Enrico Borio,0.2946,-1.2941,-0.9996,Jacksonville
1647,Ephraim Acquah,0.3044,0.0157,0.3202,UMass Lowell
1648,Eren Banks,0.2528,-1.5266,-1.2738,Ga. Southern
1649,Eric Acker,-1.1359,-0.4261,-1.5619,La Salle
1650,Eric Brown,0.2324,-0.0257,0.2067,Cal Poly
1651,Eric Dailey,1.6808,5.0741,6.7549,UCLA
1652,Eric Dixon,0.2176,3.6331,3.8507,Villanova
1653,Eric Holland,0.3069,0.1151,0.422,Kennesaw State
1654,Eric Lee,-0.2049,0.7146,0.5097,Alabama A&M
1655,Eric Michaels,0.432,-0.1711,0.2609,American
1656,Eric Morgan,-0.674,0.4607,-0.2133,Saint Peter's
1657,Eric Mulder,-0.0838,0.8501,0.7663,Purdue Fort Wayne
1658,Eric Parnell,0.5565,1.4628,2.0193,Hofstra
1659,Eric Van Der Heijden,1.4101,0.3106,1.7208,Campbell
1660,Eric Zheng,-0.0514,0.0384,-0.013,Seattle U
1661,Erich Harding,0.393,-0.3289,0.0641,Marshall
1662,Erick Reader,-0.1478,0.0426,-0.1052,Minnesota
1663,Erik Pratt,1.6391,1.4847,3.1238,Milwaukee
1664,Erik Reynolds,1.4531,1.9991,3.4521,Saint Joseph's
1665,Erik Taylor,-0.7463,0.7483,0.0019,Sam Houston
1666,Erik Timko,-2.0374,2.3958,0.3584,Delaware
1667,Erik Villarreal,-0.1234,0.2267,0.1033,McNeese
1668,Ernest Ross,-1.0237,-0.5536,-1.5774,Grambling
1669,Ernest Udeh,1.4603,2.2227,3.6829,TCU
1670,Errol White,2.3431,0.2152,2.5583,Lamar University
1671,Essam Mostafa,0.0875,2.5054,2.5929,Middle Tenn.
1672,Esyah Pippa-White,0.1091,-0.2566,-0.1476,Milwaukee
1673,Ethan Brittain-Watts,-2.4973,0.5742,-1.9231,Ball State
1674,Ethan Butler,-0.4709,-0.5705,-1.0415,NIU
1675,Ethan Mayes,-0.4721,0.452,-0.0201,SFA
1676,Ethan McComb,0.2257,-0.0349,0.1908,Butler
1677,Ethan Menzies,-0.879,-1.7757,-2.6546,Cal Poly
1678,Ethan Meuser,0.9962,0.3176,1.3138,Stonehill
1679,Ethan Morton,0.5059,1.9565,2.4625,Colorado State
1680,Ethan Okwuosa,-0.6157,0.1405,-0.4752,Boston U.
1681,Ethan Pickett,-0.0056,2.0263,2.0206,UIC
1682,Ethan Potter,0.8577,1.0613,1.919,Utah Valley
1683,Ethan Price,1.6523,1.2013,2.8537,Washington State
1684,Ethan Roberts,-1.8759,0.9921,-0.8839,Penn
1685,Ethan Soares,-0.0005,-0.1024,-0.1029,Boston College
1686,Ethan Taylor,-1.7071,-2.4412,-4.1483,Air Force
1687,Ethan Thomas,0.8521,-0.4601,0.392,Central Ark.
1688,Ethan Wright,0.2268,-0.1405,0.0862,Miami (OH)
1689,Etienne Strothers,0.9629,1.36,2.3229,Hampton
1690,Eugene Brown,-0.0747,0.1357,0.061,Ga. Southern
1691,Eunique Rink,-0.6896,-0.2561,-0.9457,Hampton
1692,Evan Ashe,-1.5386,0.0582,-1.4804,Binghamton
1693,Evan Dickey,0.2943,-0.0627,0.2316,Dayton
1694,Evan Haywood,-0.5175,1.535,1.0175,Butler
1695,Evan Ipsaro,-0.0748,2.8089,2.734,Miami (OH)
1696,Evan Johnson,-0.7137,-2.1572,-2.8709,UMES
1697,Evan Kilminster,0.4809,-0.2828,0.1981,Col. of Charleston
1698,Evan Mahaffey,1.7307,1.8778,3.6085,Ohio State
1699,Evan Nelson,-1.0773,0.552,-0.5253,Harvard
1700,Evan Otten,-0.6355,0.8486,0.2131,Idaho State
1701,Evan Phelps,-0.4425,-2.7367,-3.1792,East Texas A&M
1702,Evan Stinson,-0.2732,-0.4994,-0.7726,Stanford
1703,Evan Williams,-0.0975,-0.0233,-0.1207,Prairie View
1704,Evan Wilson,-0.1286,-0.4659,-0.5944,Akron
1705,Evan van der Plas,-1.5478,-3.3346,-4.8824,Canisius
1706,Evans Kipruto,-0.0065,-0.7776,-0.7841,UC Santa Barbara
1707,Even Brauns,-1.444,2.7225,1.2785,Iowa
1708,Ewan Steele,0.5858,0.1324,0.7181,Idaho
1709,Eze Wali,0.9747,-0.0653,0.9094,The Citadel
1710,Ezra Ausar,2.5116,0.8812,3.3928,Utah
1711,Fadi Mougharbel,0.2618,0.2852,0.547,UTRGV
1712,Faizon Fields,1.2978,-0.1506,1.1472,Milwaukee
1713,Fallou Gueye,-2.1922,-0.6771,-2.8693,Sacred Heart
1714,Federiko Federiko,3.4191,0.9371,4.3562,Texas Tech
1715,Fedor Zugic,0.1105,0.6957,0.8062,Creighton
1716,Felix Kossaras,0.6652,1.0635,1.7287,Colorado
1717,Felix Okpara,1.6312,1.4941,3.1253,Tennessee
1718,Femi Odukale,3.681,-1.2693,2.4116,Minnesota
1719,Festus Ndumanya,0.0783,-0.4235,-0.3452,CSUN
1720,Fidelis Okereke,0.8409,-0.1035,0.7375,CSU Bakersfield
1721,Filip Borovicanin,3.8694,1.3277,5.1971,New Mexico
1722,Filip Radakovic,0.1708,1.0616,1.2324,UT Martin
1723,Filip Skobalj,1.6921,1.9806,3.6727,UIC
1724,Finley Bizjack,-1.3526,3.9332,2.5806,Butler
1725,Finley Sheridan,0.1113,-0.136,-0.0248,Stetson
1726,Finn Lally,0.079,1.1703,1.2493,William & Mary
1727,Fischer Brown,0.4444,-0.2438,0.2006,Western Caro.
1728,Flash Burton,-0.1252,0.643,0.5178,Rider
1729,Fletcher Abee,-0.593,1.1667,0.5737,UNC Asheville
1730,Fletcher Loyer,0.6779,3.8922,4.5701,Purdue
1731,Florian Tenebay,2.3541,-0.3395,2.0146,South Carolina State
1732,Flory Bidunga,1.3868,0.3918,1.7786,Kansas
1733,Floyd Rideau,-0.3816,1.5512,1.1696,N.C. Central
1734,Folabomi Fayemi,-0.3835,0.1941,-0.1894,Lafayette
1735,Foster Wonders,-1.8276,-1.1211,-2.9487,Green Bay
1736,Fousseyni Traore,-1.1922,3.4069,2.2147,BYU
1737,Francis Nwaokorie,0.2025,0.6782,0.8807,Loyola Chicago
1738,Franck Kepnang,0.5149,-0.623,-0.1081,Washington
1739,Frank Anselem-Ibe,1.3264,-1.0994,0.227,Louisville
1740,Frank Champion,0.3662,3.2629,3.6291,Chattanooga
1741,Frank Mitchell,0.6046,0.237,0.8416,Minnesota
1742,Frankie Collins,1.7593,-0.0826,1.6767,TCU
1743,Frankie Fidler,0.6909,1.4269,2.1178,Michigan State
1744,Frankie Vassalluzzo,0.098,0.2892,0.3872,Bryant
1745,Frankquon Sherman,0.6945,1.2552,1.9498,Kennesaw State
1746,Fraser Roxburgh,0.269,0.5368,0.8058,Manhattan
1747,Fred Payne,1.6019,-1.4288,0.1731,Boston College
1748,Freddie Cooper,-0.204,-0.8292,-1.0331,Cal St. Fullerton
1749,Freddie Dilione V,0.0802,2.029,2.1091,Penn State
1750,Freddy Hicks,1.0143,0.4475,1.4618,Tarleton State
1751,Frederiks Meinarts,0.7779,-0.0802,0.6977,Buffalo
1752,Fredrick King,-0.7024,-0.1511,-0.8535,Creighton
1753,Freds Pauls Bagatskis,-0.9141,0.4239,-0.4901,Le Moyne
1754,Gabe Cupps,0.2018,0.2763,0.4781,Indiana
1755,Gabe Dorsey,0.3095,2.0826,2.3921,William & Mary
1756,Gabe Dynes,3.1991,1.3853,4.5845,Youngstown State
1757,Gabe Madsen,1.2455,1.4957,2.7412,Utah
1758,Gabe Moss,-0.7768,-0.076,-0.8528,Delaware
1759,Gabe Pickens,0.4541,0.261,0.7151,New Mexico State
1760,Gabe Sisk,1.3977,0.4152,1.813,ETSU
1761,Gabe Spinelli,-1.6628,-3.1365,-4.7993,Chicago State
1762,Gabe Warren,-1.3797,-0.155,-1.5347,Holy Cross
1763,Gabriel McKay,0.1204,-1.3409,-1.2205,Liberty
1764,Gabriel Pozzato,-0.3203,1.666,1.3457,Evansville
1765,Gai Chol,0.1916,0.4066,0.5982,Mississippi State
1766,Garrett Brennan,0.8036,-1.04,-0.2364,Loyola Maryland
1767,Garrett Hien,2.4622,1.0434,3.5056,Furman
1768,Garrett Sundra,-0.197,0.4718,0.2748,Notre Dame
1769,Garrison Keeslar,0.8755,4.0709,4.9464,Chattanooga
1770,Garry Clark,1.7707,2.3789,4.1496,A&M-Corpus Christi
1771,Garwey Dual,0.6489,-0.8574,-0.2085,Seton Hall
1772,Gavin Davis,0.2254,-0.3361,-0.1107,UC Riverside
1773,Gavin Doty,0.0971,0.6587,0.7558,Siena
1774,Gavin Griffiths,1.351,-0.3617,0.9893,Nebraska
1775,Gavin Marrs,0.0655,-0.0771,-0.0116,Oregon State
1776,Gavin Paull,0.1094,0.074,0.1835,Tennessee
1777,Gavin Pendergast,0.15,0.4334,0.5834,LIU
1778,Gavin Perryman,2.0076,0.8494,2.857,Vermont
1779,Gavin Ripp,0.0475,-0.6879,-0.6404,San Diego
1780,Gavin Walsh,0.6766,0.3746,1.0513,Binghamton
1781,Gediminas Mokseckas,-0.108,0.042,-0.066,Campbell
1782,Gehrig Normand,0.2078,0.3216,0.5294,Michigan State
1783,Geoff Sprouse,-2.9048,-1.7727,-4.6775,American
1784,George Beale,1.4531,2.037,3.4901,Hampton
1785,George Ivory,-1.7233,-3.8926,-5.616,Mississippi Val.
1786,George Kimble,-0.2736,-0.0421,-0.3156,Eastern Ky.
1787,George Marshall,0.5241,0.5775,1.1015,Morehead State
1788,George Natsvishvili,-1.4214,-2.1692,-3.5906,North Dakota
1789,George Perkins,0.2167,-0.2181,-0.0014,Rice
1790,George Pridgett,1.8751,-0.0482,1.8269,FIU
1791,George Smith,0.0342,2.6178,2.6519,Penn
1792,George Tupy,0.2082,0.0031,0.2113,LMU (CA)
1793,George Washington,-0.3097,-1.1268,-1.4365,Richmond
1794,Gerald Drumgoole,0.5441,-0.5482,-0.0041,George Washington
1795,Gerard O'Keefe,-0.9629,0.3703,-0.5926,Columbia
1796,German Plotnikov,2.9754,0.4303,3.4057,Hofstra
1797,Geronimo Rubio De La Rosa,0.983,3.2192,4.2022,Columbia
1798,Giancarlo Bastianoni,-1.5917,-0.5847,-2.1765,New Hampshire
1799,Giancarlo Rosado,-0.4514,2.1451,1.6938,Charlotte
1800,Gianni Cobb,0.2858,-1.081,-0.7952,Columbia
1801,Gianni Hunt,0.5901,-0.982,-0.3919,Bethune-Cookman
1802,Gianni Thompson,-1.9669,-1.1121,-3.079,Canisius
1803,Gibson Jimerson,1.2899,1.3775,2.6674,Saint Louis
1804,Gicarri Harris,0.8515,2.2952,3.1467,Purdue
1805,Gioacchino Panzini,-0.1633,-0.5066,-0.6699,Cornell
1806,Giovanni Emejuru,1.0225,0.3088,1.3313,George Mason
1807,Glenn Taylor,0.9019,2.9369,3.8388,Oklahoma
1808,Gloire Goma,0.4047,1.5191,1.9238,CSU Bakersfield
1809,Goanar Biliew,0.0873,0.0885,0.1758,Bradley
1810,Goap Kodi,0.1784,-0.2596,-0.0812,Loyola Maryland
1811,Gob Gob,0.971,0.3359,1.3069,Kansas City
1812,Godslove Nwabude,-0.2433,-0.613,-0.8563,Eastern Mich.
1813,Godswill Erheriene,0.3921,-2.0755,-1.6834,Seton Hall
1814,Grady Lewis,-0.6975,-0.2129,-0.9104,CSUN
1815,Grady Whitt,-0.1033,-0.1741,-0.2774,Colorado
1816,Graham Calton,-0.1863,0.0094,-0.1769,Vanderbilt
1817,Graham Eikenberry,0.1067,-0.0731,0.0336,The Citadel
1818,Graham Ike,-0.2146,2.5203,2.3058,Gonzaga
1819,Grant Asman,1.2729,0.4331,1.7059,Lipscomb
1820,Grant Darbyshire,-0.048,0.0,-0.048,Kentucky
1821,Grant Gondrezick,-0.7516,-1.6634,-2.415,Detroit Mercy
1822,Grant Huffman,0.8022,1.1113,1.9135,Vanderbilt
1823,Grant Hurst,0.2037,0.1354,0.3391,Tennessee
1824,Grant Kemp,-0.4082,-0.0632,-0.4714,New Orleans
1825,Grant Martin,-0.019,-0.1163,-0.1353,Long Beach State
1826,Grant Moore,0.2055,-0.0687,0.1368,Marshall
1827,Grant Nelson,0.4482,3.8299,4.278,Alabama
1828,Grant Newell,2.582,1.3551,3.9371,North Texas
1829,Grant Randall,-1.1505,-0.6051,-1.7555,Quinnipiac
1830,Grant Slatten,-2.2034,0.9283,-1.2751,Tennessee Tech
1831,Grant Smith,-0.2338,-0.3388,-0.5726,East Carolina
1832,Grant Strong,-0.8853,-1.0667,-1.952,Tennessee Tech
1833,Grant Stubblefield,0.108,-1.5169,-1.4088,Omaha
1834,Grant Weitman,0.4193,-0.1761,0.2432,Arizona
1835,Grant Whitaker,-1.835,-4.1302,-5.9652,Bellarmine
1836,Grayson Allo,0.2764,0.0134,0.2898,North Texas
1837,Grayson Carter,2.0729,-0.8354,1.2375,Texas Southern
1838,Grayson Gaddis,0.0587,0.05,0.1088,Montana State
1839,Grayson Walters,-0.1409,0.0088,-0.1322,Samford
1840,Great Osobor,0.2827,1.5386,1.8213,Washington
1841,Greedy Williams,-0.8897,2.153,1.2633,UNCW
1842,Greg Cooper,-0.0368,-0.1975,-0.2343,Harvard
1843,Greg Gantt,0.0932,0.4977,0.5909,UNC Asheville
1844,Greg Gerhardt,-0.1033,-0.1741,-0.2774,Colorado
1845,Greg Gordon,0.4991,0.2601,0.7592,UAB
1846,Greg Guidinger,0.435,-0.3286,0.1064,Loyola Maryland
1847,Greg Jones,0.3749,0.3726,0.7474,American
1848,Greg Moore,-0.4838,0.2949,-0.1889,Mississippi Val.
1849,Greg Spate,0.0215,-1.2654,-1.2439,Chicago State
1850,Greg Spurgin,0.3451,0.3898,0.7349,Bowling Green
1851,Gregg Glenn,0.6101,1.5458,2.1559,Tulane
1852,Grey Garrison,0.1653,-0.0254,0.14,Oregon State
1853,Grgur Brcic,-0.5564,-0.6459,-1.2023,Toledo
1854,Griff Lamb,-0.0466,-0.0043,-0.051,Army West Point
1855,Griffin Barrouk,-0.1305,0.7612,0.6307,Sacred Heart
1856,Gui Tesch,-0.5784,-1.1501,-1.7285,Evansville
1857,Guillermo Diaz Graham,1.929,1.2823,3.2113,Pittsburgh
1858,Gus Hurlburt,-0.1394,-0.1575,-0.2969,Northwestern
1859,Gus Rugaard,0.1117,0.3085,0.4202,Bradley
1860,Gus Salem,0.2414,-0.3257,-0.0842,Central Mich.
1861,Gus Yalden,-0.422,-1.317,-1.739,Seton Hall
1862,Guy Ragland,-0.4599,3.9135,3.4536,Cornell
1863,Guzman Vasilic,0.3109,-0.4165,-0.1056,Cal Poly
1864,Gyasi Powell,0.9137,2.4115,3.3253,Lipscomb
1865,Gytis Nemeiksa,0.3245,0.4664,0.7909,Hawaii
1866,Hakim Byrd,-0.9989,-0.0503,-1.0492,Utah Tech
1867,Halil Barre,0.2766,-0.2071,0.0695,Duquesne
1868,Halvine Dzellat,-0.1147,-0.0325,-0.1471,Cincinnati
1869,Hamad Mousa,1.0437,1.02,2.0638,Dayton
1870,Hamed Olayinka,1.8088,0.625,2.4338,Samford
1871,Hank Alvey,1.0136,-1.8653,-0.8517,Lehigh
1872,Hansel Enmanuel,-0.6216,1.6734,1.0519,Austin Peay
1873,Haris Elezovic,-0.4787,0.1833,-0.2954,West Virginia
1874,Harlan Obioha,1.1856,-0.4644,0.7212,UNCW
1875,Harlond Beverly,1.6711,0.1081,1.7792,Wichita State
1876,Harold Woods,1.4782,1.3712,2.8494,Northeastern
1877,Harrison Alexander,-0.2576,-0.631,-0.8886,Mississippi State
1878,Harrison Carrington,-0.4903,1.5238,1.0335,Colorado
1879,Harrison Hochberg,0.2533,-0.2048,0.0485,Michigan
1880,Harrison Hornery,0.1704,-0.0558,0.1146,Southern California
1881,Harrison Reede,-0.9314,-0.3744,-1.3058,UIW
1882,Harry Rouhliadeff,-0.1056,-1.0158,-1.1214,Hawaii
1883,Harry Wessels,0.9068,-0.6958,0.211,Saint Mary's (CA)
1884,Hasan Abdul Hakim,-0.7487,0.2825,-0.4662,UTRGV
1885,Hashem Asadallah,-0.1511,-0.1291,-0.2802,Georgetown
1886,Hassan Diarra,2.1789,3.3154,5.4943,UConn
1887,Hassan Perkins,-0.0046,0.6248,0.6201,UMES
1888,Hayden Curtiss,0.7659,0.5544,1.3203,Portland State
1889,Hayden Gray,4.4655,2.2685,6.734,UC San Diego
1890,Hayden Hefner,0.8472,1.4051,2.2523,Texas A&M
1891,Hayden Jory,0.4337,-0.8521,-0.4184,Cal Poly
1892,Hayden Tibbits,0.0819,0.2957,0.3775,St. Thomas (MN)
1893,Hayden Welling,-0.7432,-0.0815,-0.8246,Utah Valley
1894,Henri Veesaar,4.0138,4.1387,8.1526,Arizona
1895,Henry Abraham,1.4329,-0.9388,0.494,Coastal Carolina
1896,Henry Burt,0.3432,0.1312,0.4744,Nebraska
1897,Henry Coleman,2.375,1.611,3.986,Texas A&M
1898,Henry Harrison,-0.0962,-0.1251,-0.2213,Winthrop
1899,Henry Hartwell,-0.0766,-0.2534,-0.33,UC Santa Barbara
1900,Henry Thengvall,0.2225,0.4543,0.6768,Wichita State
1901,Henry Thole,-0.0479,0.0976,0.0497,Xavier
1902,Hercy Miller,-0.3617,-1.6417,-2.0034,Southern Utah
1903,Hermann Koffi,-1.8664,1.4234,-0.443,Stonehill
1904,Holden Pierre-Louis,0.1108,0.0876,0.1984,Temple
1905,Hollman Smith,0.091,-0.1585,-0.0675,Vanderbilt
1906,Honor Huff,-0.2723,3.6851,3.4128,Chattanooga
1907,Horace Simmons,0.0636,0.3223,0.3859,Drexel
1908,Houran Dan,3.5658,-0.1217,3.4441,Seattle U
1909,Houston Emory,-0.4854,-0.3903,-0.8757,Delaware
1910,Houston Holland,0.0192,0.0759,0.0952,Chattanooga
1911,Houston Jones,1.2678,1.2727,2.5405,Presbyterian
1912,Houston Mallette,0.9151,0.9245,1.8396,Alabama
1913,Howard Eisley,0.0198,-0.1,-0.0802,Michigan
1914,Howie Fleming,1.1296,1.9358,3.0654,UTRGV
1915,Hubertas Pivorius,0.7731,0.1443,0.9174,Northern Ky.
1916,Hudson Ward,0.1528,-0.0696,0.0832,Penn State
1917,Hunter Adam,0.1339,0.667,0.8009,Davidson
1918,Hunter Dickinson,2.3401,3.6706,6.0107,Kansas
1919,Hunter Erickson,0.0654,1.9332,1.9985,Utah
1920,Hunter Harding,0.1872,0.7867,0.9739,Central Mich.
1921,Hunter Jack Madden,1.0844,0.2489,1.3334,Abilene Christian
1922,Hunter Jacobson,-0.2255,-0.0399,-0.2654,UNI
1923,Hunter Sallis,2.0562,0.752,2.8082,Wake Forest
1924,Hunter Schenck,1.0174,-0.3469,0.6704,Utah Tech
1925,Hutch Ward,-0.3279,-0.5759,-0.9038,Western Mich.
1926,Ian Burns,0.1084,-0.1561,-0.0477,Michigan
1927,Ian Imegwu,-0.2555,0.8713,0.6158,Cornell
1928,Ian Jackson,-2.1885,1.3612,-0.8273,North Carolina
1929,Ian Martinez,-0.3005,3.728,3.4275,Utah State
1930,Ian Motta,0.4026,-1.2163,-0.8138,Bucknell
1931,Ian Sabourin,-0.1844,0.1902,0.0058,Xavier
1932,Ian Schieffelin,3.479,3.1197,6.5987,Clemson
1933,Ian Smikle,2.3461,-0.8159,1.5302,Tulsa
1934,Iaroslav Niagu,-0.4421,0.4977,0.0556,Jacksonville State
1935,Ibrahim Souare,1.1254,-1.0996,0.0258,Georgia Tech
1936,Ibrahima Sacko,0.1843,0.1623,0.3465,New Mexico
1937,Ibu Yamazaki,0.78,0.9751,1.7551,Radford
1938,Ice Emery,-0.7392,0.1147,-0.6244,Western Caro.
1939,Ife West-Ingram,0.5413,-0.0996,0.4418,Rider
1940,Igor Milicic,3.0268,2.4568,5.4836,Tennessee
1941,Ike Cornish,1.0368,-1.0215,0.0153,Nicholls
1942,Ileri Ayo-Faleye,0.0078,1.8106,1.8184,Vermont
1943,Isaac Abidde,0.0527,1.241,1.2937,Cleveland State
1944,Isaac Asuma,1.0188,1.099,2.1178,Minnesota
1945,Isaac Bonilla,0.1458,0.1337,0.2795,Maine
1946,Isaac Brice,1.0059,0.906,1.9119,Portland State
1947,Isaac Bruns,0.0474,2.0375,2.085,South Dakota
1948,Isaac Celiscar,0.4503,3.3818,3.8321,Yale
1949,Isaac Davis,-0.6306,1.8186,1.1881,Utah State
1950,Isaac Gard,-0.4699,-0.0054,-0.4753,Wisconsin
1951,Isaac Haney,-0.176,0.1159,-0.0601,Austin Peay
1952,Isaac Harrell,-1.6271,-0.0337,-1.6608,Elon
1953,Isaac Holmes,0.1593,-0.7869,-0.6276,Saint Louis
1954,Isaac Jack,-0.9809,1.3112,0.3303,Dayton
1955,Isaac Jessup,0.7769,2.977,3.7539,Cal Poly
1956,Isaac Johnson,1.1378,0.3549,1.4927,Utah State
1957,Isaac Lindsey,-0.7417,0.2847,-0.457,South Dakota State
1958,Isaac McKneely,0.0055,1.4144,1.4199,Virginia
1959,Isaac Munkadi,0.8062,0.1967,1.0029,Fairfield
1960,Isaac Nyakundi,0.2242,0.1306,0.3549,Le Moyne
1961,Isaac Ondekane,2.1474,0.3899,2.5373,Omaha
1962,Isaac Parson,-2.1464,0.7148,-1.4316,N.C. Central
1963,Isaac Spears,0.2138,-0.4104,-0.1966,Cal Poly
1964,Isaac Traudt,0.5569,1.5193,2.0762,Creighton
1965,Isaac Varghese,0.2196,-0.2612,-0.0416,UMBC
1966,Isaac Williams,-0.5057,0.468,-0.0378,A&M-Corpus Christi
1967,Isaia Howard,0.9727,2.6818,3.6545,Drake
1968,Isaiah Abraham,-0.1314,0.5008,0.3694,UConn
1969,Isaiah Adams,-0.6413,1.0043,0.363,Toledo
1970,Isaiah Addo-Ankrah,-1.3282,-0.9709,-2.2991,Denver
1971,Isaiah Barganier,0.1049,-0.4549,-0.35,UTRGV
1972,Isaiah Barnes,-0.0736,-1.2868,-1.3604,Tulsa
1973,Isaiah Brickner,1.6989,-2.4778,-0.7789,Idaho
1974,Isaiah Brown,0.6924,-0.3661,0.3263,Florida
1975,Isaiah Caldwell,0.332,-1.9471,-1.6151,Army West Point
1976,Isaiah Carr,0.4647,0.1637,0.6284,Denver
1977,Isaiah Chappell,-1.0027,-1.5268,-2.5295,UC Davis
1978,Isaiah Coleman,0.4339,-2.006,-1.5721,Seton Hall
1979,Isaiah Cottrell,0.3584,-1.3046,-0.9463,UNLV
1980,Isaiah Elohim,-0.4797,-0.6041,-1.0838,Southern California
1981,Isaiah Evans,1.3576,4.2441,5.6017,Duke
1982,Isaiah Folkes,0.562,-1.5424,-0.9804,Charlotte
1983,Isaiah Gaines,0.962,2.0671,3.029,Radford
1984,Isaiah Gray,2.8605,2.589,5.4495,Akron
1985,Isaiah Griffin,0.6107,1.7276,2.3383,Idaho State
1986,Isaiah Griffin,0.6107,1.7276,2.3383,Eastern Ill.
1987,Isaiah Hawthorne,-0.2602,3.5188,3.2586,Northern Colo.
1988,Isaiah Ihnen,1.4308,1.1116,2.5424,Liberty
1989,Isaiah Jackson,2.6317,0.2169,2.8486,Drake
1990,Isaiah Johnson,0.9379,-0.5794,0.3585,Portland State
1991,Isaiah Johnson-Arigu,0.0563,0.2619,0.3182,Miami (FL)
1992,Isaiah Jones,1.5677,1.4516,3.0193,Oakland
1993,Isaiah Lewis,1.5811,-0.3354,1.2457,Little Rock
1994,Isaiah Manning,-0.5538,0.0196,-0.5342,TCU
1995,Isaiah Mbeng,0.4833,-0.124,0.3592,William & Mary
1996,Isaiah Miranda,-0.0035,-0.1108,-0.1143,Green Bay
1997,Isaiah Moses,-0.7898,0.7955,0.0057,UC Riverside
1998,Isaiah Richards,1.515,1.7577,3.2727,Gardner-Webb
1999,Isaiah Rivera,0.5679,0.8756,1.4435,DePaul
2000,Isaiah Shaw,-0.0162,0.825,0.8088,Valparaiso
2001,Isaiah Skinner,-0.366,-1.1818,-1.5478,USC Upstate
2002,Isaiah Swope,0.4698,0.8579,1.3277,Saint Louis
2003,Isaiah Sy,-0.3928,1.6956,1.3027,Oregon State
2004,Isaiah Walker,0.984,2.5899,3.5739,Belmont
2005,Isaiah Watts,-0.719,-0.0316,-0.7506,Washington State
2006,Isaiah West,-0.2115,-0.6772,-0.8887,Samford
2007,Isaiah Wilson,0.3808,0.0627,0.4435,Winthrop
2008,Ishan Sharma,2.0382,1.0086,3.0468,Virginia
2009,Ishmael Leggett,2.2506,2.5579,4.8085,Pittsburgh
2010,Isiah Lightsy,0.0131,-0.2049,-0.1918,Middle Tenn.
2011,Ismael Diouf,-1.6171,-0.5268,-2.1439,NC State
2012,Ismael Plet,0.0224,-0.8264,-0.804,Robert Morris
2013,Ismail Habib,-1.6169,0.4982,-1.1187,Portland State
2014,Ismaila Diagne,1.492,0.3589,1.8509,Gonzaga
2015,Israel Jenrette,-0.0333,-2.4623,-2.4955,North Ala.
2016,Israel Yaw,-0.236,-0.0236,-0.2596,Campbell
2017,Issac McBride,-2.9026,0.0782,-2.8244,Oral Roberts
2018,Ivan Matlekovic,0.9005,0.4195,1.32,High Point
2019,Ivan Njegovan,0.551,-0.1253,0.4257,Ohio State
2020,Ivan Reynolds,0.6906,0.5391,1.2297,Houston Christian
2021,Iverson King,1.9188,-0.366,1.5528,Presbyterian
2022,Izaiah Pasha,-0.6202,2.7309,2.1106,Delaware
2023,Izaiyah Nelson,-0.0017,3.5067,3.5049,Arkansas State
2024,Izzy Miles,0.0353,-1.8521,-1.8168,Tarleton State
2025,J'Vonne Hadley,1.5884,3.5609,5.1493,Louisville
2026,J'Wan Roberts,1.139,3.9067,5.0457,Houston
2027,JB Frankel,1.0056,0.1644,1.1699,Northeastern
2028,JC Brooks,0.6085,0.2115,0.82,Tennessee State
2029,JC Harris,1.5429,-0.9073,0.6357,UMBC
2030,JC Riley,0.0909,-1.4045,-1.3136,Northwestern State
2031,JC Shirer,0.0601,0.1349,0.195,Liberty
2032,JD Plough,0.0507,-0.0513,-0.0007,Southern California
2033,JD Roberts,-0.1545,0.1333,-0.0212,Central Ark.
2034,JJ Howard,0.125,0.5217,0.6467,UTRGV
2035,JJ Starling,0.541,1.3679,1.9089,Syracuse
2036,JJ Taylor,0.1359,0.5217,0.6576,UCF
2037,JJ Traynor,-0.3274,1.0631,0.7357,DePaul
2038,JJ White,1.6084,2.9923,4.6007,Omaha
2039,JP Estrella,-0.2528,0.5747,0.3219,Tennessee
2040,JP Pegues,0.4412,-0.0035,0.4377,Auburn
2041,JR Jacobs,-2.1534,-1.2044,-3.3578,New Orleans
2042,JR Konieczny,0.9619,1.0022,1.964,Notre Dame
2043,JT Dougherty,-0.3344,-0.643,-0.9775,Army West Point
2044,JT Kelly,0.2745,-0.1225,0.152,Notre Dame
2045,JT Rock,0.0838,-0.3035,-0.2197,Iowa State
2046,JT Toppin,0.6746,4.1219,4.7965,Texas Tech
2047,JT Warren,-1.193,-1.1208,-2.3138,Northwestern State
2048,JV Brown,-0.1032,-0.097,-0.2001,Missouri
2049,Ja'Borri McGhee,0.4106,1.9546,2.3653,UAB
2050,Ja'Derryus Eatmon,-0.0985,0.0063,-0.0922,Florida A&M
2051,Ja'Heim Hudson,-1.7434,0.5812,-1.1622,Auburn
2052,Ja'Kair Sanchez,-0.8019,-0.1827,-0.9847,Wagner
2053,Ja'Kobi Gillespie,2.0442,4.9176,6.9618,Maryland
2054,Ja'Quavis Williford,0.4533,0.6239,1.0772,Oregon State
2055,Ja'Sean Glover,-1.8994,1.0389,-0.8605,Omaha
2056,Ja'Sean Jackson,3.573,1.2851,4.8581,Lamar University
2057,Ja'Vier Francis,2.0099,0.4957,2.5055,Houston
2058,Ja'Von Benson,-0.1588,-0.4589,-0.6177,Ole Miss
2059,JaCobi Wood,-1.159,-0.0355,-1.1945,Murray State
2060,JaJuan Nicholls,0.0832,0.1003,0.1836,Tennessee Tech
2061,JaKobe Coles,2.8972,2.7423,5.6395,Grand Canyon
2062,"JaQualon ""JQ"" Roberts",-0.6777,-0.035,-0.7127,Vanderbilt
2063,JaVaughn Hannah,-0.6746,-0.0538,-0.7284,Western Mich.
2064,Jabari West,0.228,-0.5068,-0.2787,Central Ark.
2065,Jabe Mullins,1.802,1.2978,3.0998,Montana State
2066,Jabri Abdur-Rahim,1.7757,1.6287,3.4044,Providence
2067,Jac Mani,0.0553,0.9863,1.0415,UC Davis
2068,Jacari Lane,0.7553,3.5081,4.2633,North Ala.
2069,Jacari White,1.3598,3.3135,4.6733,North Dakota State
2070,Jace Carter,-0.4632,0.2769,-0.1863,Texas A&M
2071,Jace Howard,0.2447,-0.3966,-0.1518,Michigan
2072,Jace Posey,1.0451,0.5668,1.6119,TCU
2073,Jace Rayl,0.0268,-0.1689,-0.142,Purdue
2074,Jace Roquemore,-0.0442,0.3297,0.2855,Vermont
2075,Jace Whiting,-0.5627,0.0074,-0.5553,UNLV
2076,Jacen Holloway,-0.062,-0.3863,-0.4483,Army West Point
2077,Jack Anderson,0.2142,-0.351,-0.1367,Marquette
2078,Jack Campion,1.154,0.9323,2.0863,Southern Ind.
2079,Jack Clark,1.3319,3.4373,4.7693,VCU
2080,Jack Collins,-0.6163,0.6369,0.0207,Monmouth
2081,Jack Daugherty,0.7527,2.5114,3.2641,Illinois State
2082,Jack DeRose,-0.0415,0.0964,0.0549,St. Bonaventure
2083,Jack DiDonna,-0.0005,-0.1024,-0.1029,Boston College
2084,Jack Doumbia,0.4129,0.9877,1.4006,Wright State
2085,Jack Edelen,1.215,-0.9687,0.2462,Western Ky.
2086,Jack Francis,-0.207,-0.078,-0.285,Texas Tech
2087,Jack Graham,-0.0988,0.3242,0.2255,Richmond
2088,Jack Hatten,0.2405,0.5126,0.7531,Idaho
2089,Jack Hoth,0.2664,0.1275,0.3939,Oakland
2090,Jack Ingold,0.4935,0.6944,1.1879,Lipscomb
2091,Jack Janicki,-0.56,1.6386,1.0786,Wisconsin
2092,Jack Johnson,0.0356,-0.5542,-0.5186,Fla. Atlantic
2093,Jack Jubenville,0.0608,-0.1187,-0.0579,Middle Tenn.
2094,Jack Karasinski,0.0411,1.4242,1.4653,Bellarmine
2095,Jack Kostel,-0.7028,1.023,0.3201,Chattanooga
2096,Jack Leahy,-0.5204,-0.2811,-0.8015,Monmouth
2097,Jack Lusk,0.0864,-0.1217,-0.0353,Purdue
2098,Jack McCloskey,-0.0691,-0.3045,-0.3736,California
2099,Jack McFadden,0.4162,-0.1294,0.2868,Rider
2100,Jack Medalie,0.6812,-0.7121,-0.0309,Navy
2101,Jack Mielke,-0.5788,1.1244,0.5456,Southern Ind.
2102,Jack Miller,-0.3649,-0.5654,-0.9302,Col. of Charleston
2103,Jack Molloy,-0.3028,1.376,1.0732,Yale
2104,Jack Payne,0.89,2.2178,3.1078,Idaho
2105,Jack Pease,-0.0402,-0.1777,-0.2179,Colorado
2106,Jack Reddick,-0.4131,0.7046,0.2915,FGCU
2107,Jack Robison,-0.8506,-0.1686,-1.0191,Wisconsin
2108,Jack Sauer,0.0924,-0.3138,-0.2215,Miami (OH)
2109,Jack Sawyer,-1.2787,-1.5248,-2.8036,Abilene Christian
2110,Jack Scott,-1.1505,-0.4619,-1.6123,Princeton
2111,Jack Seidler,0.3057,-0.1073,0.1985,UCLA
2112,Jack Stanton,0.9229,0.484,1.4069,Princeton
2113,Jack Stefanski,-0.2729,0.0852,-0.1877,Western Mich.
2114,Jack Turner,-0.3534,-0.2757,-0.6291,Loyola Chicago
2115,Jack Whitbourn,-0.263,-0.5536,-0.8166,UC Riverside
2116,Jack Wistrcill,-0.7242,-0.342,-1.0662,Northern Ariz.
2117,Jack d'Entremont,1.2496,1.3218,2.5714,Richmond
2118,Jackie Johnson,-0.0208,0.8756,0.8548,Fordham
2119,Jacksen Moni,0.1124,4.5951,4.7075,North Dakota State
2120,"Jackson ""BB"" Washington",-0.1744,-0.2113,-0.3857,FGCU
2121,Jackson Benigni,-0.4985,-0.3692,-0.8677,Binghamton
2122,Jackson Connor,-0.0796,-0.3316,-0.4112,Eastern Ill.
2123,Jackson Cook,0.1548,-0.0523,0.1025,Arizona
2124,Jackson Delaney,-0.412,-0.074,-0.486,Manhattan
2125,Jackson Fazande,0.1528,0.1396,0.2924,UTSA
2126,Jackson Fields,1.6451,1.5526,3.1977,Troy
2127,Jackson Francois,0.1548,-0.0523,0.1025,Arizona
2128,Jackson Gaffney,-0.6752,0.2245,-0.4508,San Diego
2129,Jackson Greene,1.8234,1.4745,3.2979,Idaho State
2130,Jackson Hicke,0.0505,1.1916,1.2421,Princeton
2131,Jackson Holcombe,1.7695,1.0965,2.866,Utah Valley
2132,Jackson Holt,-0.1434,0.3438,0.2004,Eastern Ky.
2133,Jackson Kotecki,-0.6221,0.0247,-0.5974,Miami (OH)
2134,Jackson Mayo,0.3544,-0.0668,0.2876,Army West Point
2135,Jackson McAndrew,2.2864,1.3205,3.6069,Creighton
2136,Jackson Munro,1.5155,-0.6851,0.8304,Dartmouth
2137,Jackson Noble,0.1032,-0.0114,0.0918,Navy
2138,Jackson Paveletzke,0.9507,-0.1742,0.7765,Ohio
2139,Jackson Peakes,0.4807,-0.0475,0.4332,Rice
2140,Jackson Porch,0.2291,-0.2341,-0.005,Troy
2141,Jackson Price,0.9124,-1.0544,-0.1421,Marist
2142,Jackson Roberts,-0.2181,-0.1687,-0.3868,Clemson
2143,Jackson Rogers,-0.173,0.1597,-0.0133,Sam Houston
2144,Jackson Seale,0.6116,-0.4025,0.2091,Eastern Wash.
2145,Jackson Shelstad,2.0116,2.0484,4.0601,Oregon
2146,Jackson Sivills,0.0327,1.3496,1.3823,Wofford
2147,Jackson Skipper,-0.4496,1.4995,1.0499,Oral Roberts
2148,Jackson Sowards,0.2386,0.0091,0.2476,New Orleans
2149,Jackson Threadgill,2.2389,-1.4672,0.7717,App State
2150,Jackson Young,-0.1784,0.1164,-0.062,SMU
2151,Jacob Bannarbie,-0.3863,-0.3181,-0.7044,UNLV
2152,Jacob Beccles,-0.9702,0.7415,-0.2286,Cornell
2153,Jacob Cofie,1.7878,0.712,2.4998,Virginia
2154,Jacob Conner,1.3,-0.6215,0.6785,Dayton
2155,Jacob Crews,-0.966,3.7743,2.8082,Missouri
2156,Jacob Dar,-1.6952,1.4995,-0.1956,Rice
2157,Jacob Hogarth,0.5275,-1.5052,-0.9777,Iona
2158,Jacob Holt,-0.2539,-0.6514,-0.9053,Sacramento St.
2159,Jacob Hudson,-0.3852,-0.242,-0.6272,Gardner-Webb
2160,Jacob Huggins,-0.2676,-0.9435,-1.2112,Princeton
2161,Jacob Hutson,0.8002,1.1835,1.9838,UNI
2162,Jacob Johnson,0.991,1.4983,2.4893,Middle Tenn.
2163,Jacob Koch,-0.3384,0.1721,-0.1663,Iowa
2164,Jacob Meyer,-0.9951,1.3633,0.3681,DePaul
2165,Jacob Ognacevic,1.7941,3.0276,4.8218,Lipscomb
2166,Jacob St Clair,-0.0851,-0.0855,-0.1705,Arkansas State
2167,Jacob Theodosiou,-0.5329,0.4022,-0.1307,Loyola Maryland
2168,Jacob Warren,-0.6865,0.8022,0.1157,FDU
2169,Jacob Wilson,0.4912,-0.2117,0.2796,ULM
2170,Jacobi Wright,1.477,0.2341,1.7111,South Carolina
2171,Jacoi Hutchinson,0.2527,0.6124,0.8651,George Washington
2172,Jacolb Fredson-Cole,0.4283,0.1865,0.6148,Oklahoma
2173,Jacopo Van der Knaap,0.1104,0.04,0.1504,Hawaii
2174,Jadarius Townes,0.0567,-0.0956,-0.0389,Mississippi Val.
2175,Jaden Akins,4.7424,3.1526,7.8951,Michigan State
2176,Jaden Alexander,-0.6517,0.5087,-0.143,CSU Bakersfield
2177,Jaden Bradley,1.5676,4.1128,5.6804,Arizona
2178,Jaden Brownell,1.0231,1.4829,2.506,Samford
2179,Jaden Clayton,1.0543,0.4589,1.5133,Maine
2180,Jaden Cooper,0.0658,-0.1308,-0.0651,Columbia
2181,Jaden Daughtry,-0.6104,2.5675,1.9571,Indiana State
2182,Jaden Daughtry,-0.6104,2.5675,1.9571,Marist
2183,Jaden Grant,0.7888,1.2022,1.991,FIU
2184,Jaden Harris,-0.0912,0.533,0.4418,New Mexico State
2185,Jaden Henley,0.8071,1.6202,2.4273,UNLV
2186,Jaden House,-0.4715,1.7533,1.2818,Rhode Island
2187,Jaden Jackson,2.4367,0.6633,3.0999,South Dakota State
2188,Jaden Johnson,0.3526,-1.9368,-1.5842,Old Dominion
2189,Jaden Karuletwa,0.0151,-0.2158,-0.2008,Arkansas
2190,Jaden Kirkwood,1.1357,-0.0201,1.1157,Holy Cross
2191,Jaden Martin,-0.1277,-1.0309,-1.1586,Morgan State
2192,Jaden Newell,-0.1413,-0.0079,-0.1492,Georgia
2193,Jaden Schertz,0.3738,-0.289,0.0848,Saint Louis
2194,Jaden Schutt,-1.6378,-0.0685,-1.7064,Virginia Tech
2195,Jaden Seymour,0.9169,-0.0445,0.8724,ETSU
2196,Jaden Smith,0.0701,0.2787,0.3488,Fordham
2197,Jaden Steppe,-0.0661,-0.1084,-0.1744,Colorado State
2198,Jaden Walker,1.0186,1.3083,2.3269,A&M-Corpus Christi
2199,Jaden Webb,1.1117,-0.5213,0.5904,Morehead State
2200,Jaden Wells,-0.4504,1.9074,1.4571,UT Arlington
2201,Jaden Winston,-1.4209,2.1949,0.7739,Manhattan
2202,Jaden Zimmerman,1.8156,0.6569,2.4725,Quinnipiac
2203,Jadin Collins-Roberts,0.3833,-1.1049,-0.7216,Marist
2204,Jadis Jones,1.6683,-1.1066,0.5618,Lindenwood
2205,Jadrian Tracey,3.5032,1.6971,5.2003,Oregon
2206,Jadyn Shider,0.6978,-0.7653,-0.0675,Southern Ind.
2207,Jae'Coby Osborne,0.1227,0.5831,0.7058,New Mexico State
2208,Jae'Lyn Withers,0.5369,2.6525,3.1894,North Carolina
2209,Jaeden Marshall,-1.7411,0.4612,-1.2798,Niagara
2210,Jaeden Mustaf,1.138,0.2405,1.3785,Georgia Tech
2211,Jaeden Zackery,2.564,3.6698,6.2338,Clemson
2212,Jaedyn Brown,1.263,0.8246,2.0876,Idaho State
2213,Jaehshon Thomas,-2.2553,-0.3466,-2.6019,Charlotte
2214,Jaelen McGlone,1.9239,0.1359,2.0598,Central Conn. St.
2215,Jaelyn Lee,0.8676,0.2741,1.1417,Texas A&M
2216,Jaemyn Brakefield,0.5239,2.1183,2.6422,Ole Miss
2217,Jagger Bascombe,0.0941,0.0425,0.1365,Marist
2218,Jah Nze,0.5535,0.9189,1.4724,Mercer
2219,Jah Quinones,0.1025,-1.4792,-1.3767,Mercer
2220,Jah Short,-1.5892,-2.0758,-3.665,New Orleans
2221,Jahari Williamson,0.203,-0.098,0.105,Niagara
2222,Jahki Howard,0.487,1.0126,1.4996,Auburn
2223,Jahlil White,0.8852,-0.7021,0.1831,La Salle
2224,Jahmai Mashack,2.2319,1.8206,4.0525,Tennessee
2225,Jahmere Tripp,0.7914,2.0534,2.8449,Fordham
2226,Jahmyl Telfort,1.3791,1.6959,3.075,Butler
2227,Jahnathan Lamothe,-1.0998,-0.6731,-1.7729,N.C. A&T
2228,Jahni Summers,-0.9981,-0.454,-1.4521,Indiana State
2229,Jahsean Corbett,-0.0462,1.0292,0.983,Duquesne
2230,Jahseem Felton,-0.491,-0.815,-1.306,Seton Hall
2231,Jahvin Carter,-0.0209,-0.5133,-0.5342,Penn State
2232,Jaiden Feroah,-0.6807,-0.6699,-1.3507,Holy Cross
2233,Jaiden Glover,-0.2588,-0.057,-0.3159,St. John's (NY)
2234,Jaiden Lawrence,0.4404,0.626,1.0664,Southeastern La.
2235,Jaiden Lee,-0.0106,-0.1608,-0.1714,UMES
2236,Jaidon Lipscomb,0.1743,-0.1739,0.0004,FIU
2237,Jailen Bedford,1.6135,-0.6817,0.9318,UNLV
2238,Jair Horton,-2.3716,-3.0079,-5.3795,Mississippi Val.
2239,Jaiun Simon,1.529,-1.4605,0.0684,Dayton
2240,Jakai Newton,0.2047,0.4806,0.6854,Indiana
2241,Jakai Robinson,-0.8332,1.6793,0.8461,Bryant
2242,Jakai Sanders,0.7479,0.583,1.3308,Saint Peter's
2243,Jakari Spence,1.6632,0.281,1.9442,Jacksonville
2244,Jake Auer,-0.2409,0.7963,0.5554,West Virginia
2245,Jake Brack,-0.915,0.2586,-0.6564,South Dakota
2246,Jake Ciardo,0.22,-0.3693,-0.1493,Marquette
2247,Jake Davis,0.3593,0.7926,1.1519,Illinois
2248,Jake DiMichele,-0.9206,-1.1146,-2.0351,Duquesne
2249,Jake Dykstra,-0.048,0.0601,0.0121,Belmont
2250,Jake Ensminger,1.6858,3.1735,4.8593,Santa Clara
2251,Jake Evans,-0.1166,-0.0968,-0.2135,Northern Ky.
2252,Jake Fiegen,0.1241,3.3887,3.5128,Cornell
2253,Jake Goldberg,-1.9194,-1.3792,-3.2986,NJIT
2254,Jake Heidbreder,1.1234,1.9825,3.1058,Clemson
2255,Jake Lemelman,-0.0345,0.0823,0.0478,Mercyhurst
2256,Jake Moser,-0.4252,-0.1214,-0.5465,Oklahoma
2257,Jake Murphy,-0.6016,0.9221,0.3205,UNCW
2258,Jake O'Neil,1.0379,0.5149,1.5528,Idaho State
2259,Jake Pike,0.93,0.0425,0.9726,Lehigh
2260,Jake Shapiro,-0.582,-0.3933,-0.9753,Tulane
2261,Jake Tavroff,-1.2477,0.292,-0.9557,Columbia
2262,Jake TenBerge,0.1255,-0.4033,-0.2778,Stonehill
2263,Jake Wahlin,0.7147,2.1457,2.8605,Utah
2264,Jakevion Buckley,1.68,0.7029,2.3829,Southeastern La.
2265,Jakob Blakley,-0.2557,-0.3998,-0.6555,Le Moyne
2266,Jakob Gibbs,0.6028,0.1516,0.7544,Marshall
2267,Jakobi Heady,0.424,1.9043,2.3283,Central Mich.
2268,Jakub Necas,2.052,0.5674,2.6194,Duquesne
2269,Jalal McKie,-0.5128,-2.8249,-3.3377,N.C. A&T
2270,Jaland Lowe,-0.1565,3.2465,3.09,Pittsburgh
2271,Jalen Barbee,0.0921,1.4019,1.494,CSUN
2272,Jalen Barr,2.7458,-0.6269,2.1189,Iona
2273,Jalen Blackmon,-0.4629,3.4005,2.9376,Miami (FL)
2274,Jalen Bolden,-1.1217,-1.7055,-2.8272,ULM
2275,Jalen Bouknight,2.4328,0.0336,2.4663,Lindenwood
2276,Jalen Breath,0.2979,-0.5876,-0.2897,UNC Greensboro
2277,Jalen Breazeale,-0.3655,-0.6176,-0.9831,Morehead State
2278,Jalen Celestine,2.0929,3.7161,5.8091,Baylor
2279,Jalen Cox,1.2988,-0.2693,1.0295,Colgate
2280,Jalen Crawford,-0.0759,-0.3069,-0.3828,Florida State
2281,Jalen DeLoach,1.011,-0.1906,0.8204,Loyola Chicago
2282,Jalen Dollar,-0.1386,-0.0054,-0.144,California Baptist
2283,Jalen Forrest,-0.3334,-1.0584,-1.3918,Chicago State
2284,Jalen Foy,-0.331,-0.482,-0.813,Montana
2285,Jalen Hampton,0.6905,-0.1431,0.5474,Missouri State
2286,Jalen Hayes,0.9665,0.6335,1.6,South Dakota
2287,Jalen Haynes,2.8337,1.8175,4.6512,George Mason
2288,Jalen Hill,0.6319,-1.6425,-1.0105,UNLV
2289,Jalen Jackson,-1.427,1.7537,0.3268,Western Ky.
2290,Jalen Jackson,-1.427,1.7537,0.3268,Purdue Fort Wayne
2291,Jalen Keago,-1.9013,0.606,-1.2953,Alabama State
2292,Jalen Lake,1.2153,1.9162,3.1315,Colorado State
2293,Jalen Leach,1.1423,2.5191,3.6614,Northwestern
2294,Jalen Lee,-0.4063,-0.3207,-0.727,LIU
2295,Jalen Miller,-0.748,0.2585,-0.4894,Oral Roberts
2296,Jalen Myers,-0.8053,2.1401,1.3348,Norfolk State
2297,Jalen Pitre,0.9636,-0.3413,0.6223,Sacramento St.
2298,Jalen Quinn,1.6649,0.0794,1.7443,Loyola Chicago
2299,Jalen Reed,1.3961,1.5352,2.9313,LSU
2300,Jalen Rucker,-0.9185,0.9793,0.0609,Army West Point
2301,Jalen Shelley,1.1749,-0.0823,1.0926,Southern California
2302,Jalen Speer,1.2441,1.2875,2.5317,Marshall
2303,Jalen Sullinger,-0.9482,2.8644,1.9161,Kent State
2304,Jalen Tatum,-0.7307,-0.1974,-0.9281,Jackson State
2305,Jalen Terry,-0.808,1.5372,0.7293,Eastern Mich.
2306,Jalen Ware,-0.061,-1.9026,-1.9636,UMES
2307,Jalen Washington,0.2509,1.3719,1.6228,North Carolina
2308,Jalen Weaver,-0.3014,-0.5189,-0.8202,Fresno St.
2309,Jalen Windham,0.739,-0.4138,0.3252,Morehead State
2310,Jalil Beaubrun,1.4291,-1.5077,-0.0786,App State
2311,Jalil Bethea,-1.4829,0.6568,-0.8261,Miami (FL)
2312,Jalin Anderson,0.3421,2.6716,3.0137,UIW
2313,Jalin Billingsley,-1.5432,0.5169,-1.0262,Eastern Mich.
2314,Jalin Rice,-0.3972,-0.3216,-0.7188,Cleveland State
2315,Jalon Moore,1.0453,0.3896,1.4349,Oklahoma
2316,Jalyke Gaines-Wyatt,-1.5172,-1.3191,-2.8363,Alcorn
2317,Jamaal Unuakhalu,-0.7278,-0.1487,-0.8765,UC Davis
2318,Jamahri Harvey,-1.9804,0.937,-1.0434,Presbyterian
2319,Jamai Felt,1.6819,-1.2347,0.4472,Bowling Green
2320,Jamaine Mann,-0.6526,-0.42,-1.0725,Gardner-Webb
2321,Jamal Albritton,0.1632,0.4791,0.6424,North Ala.
2322,Jamal Fuller,1.609,-0.1159,1.4931,LIU
2323,Jamal Mashburn,0.2604,2.1242,2.3845,Temple
2324,Jamal Miles,-0.0828,0.18,0.0971,South Carolina State
2325,Jamal Sumlin,2.1127,0.5279,2.6406,Kent State
2326,Jamal West,-1.4554,0.8841,-0.5713,Nicholls
2327,Jamar Brown,0.0751,1.7394,1.8145,Kansas City
2328,Jamar Franklin,-0.6348,1.1168,0.482,Jacksonville State
2329,Jamar Livingston,1.2387,-2.0929,-0.8542,Western Caro.
2330,Jamari Phillips,-0.6883,0.5452,-0.1431,Oregon
2331,Jamari Sibley,-0.8155,0.57,-0.2455,Southern Utah
2332,Jamarii Thomas,-0.2308,1.5564,1.3256,South Carolina
2333,Jamarques Lawrence,0.3678,0.7472,1.115,Rhode Island
2334,Jameel Brown,0.3003,0.1876,0.4879,Temple
2335,Jameel Morris,0.9265,-0.9508,-0.0243,FDU
2336,Jameel Rideout,-0.3402,-0.8749,-1.2151,Elon
2337,James Brown,-0.7611,-0.3587,-1.1198,North Carolina
2338,James Cooper,-0.4111,0.2211,-0.19,Oregon
2339,James Dent,0.051,-0.9632,-0.9122,NIU
2340,James Flippin,0.7723,-0.6194,0.153,Grambling
2341,James Henderson,0.0514,-0.5124,-0.4611,Niagara
2342,James Jones,-0.3912,1.3295,0.9384,Central Conn. St.
2343,James Mayor,-0.1349,-0.3101,-0.4451,Eastern Ky.
2344,James Morrow,-0.7748,-1.428,-2.2029,South Carolina State
2345,James O'Donnell,2.1138,-1.3592,0.7546,San Francisco
2346,James Okonkwo,0.8684,2.4015,3.2699,Akron
2347,James Patterson,-1.2841,-1.1205,-2.4046,Iona
2348,James Scott,1.7623,2.1265,3.8888,Louisville
2349,James Thomas,0.8737,-0.9094,-0.0357,Mercyhurst
2350,James White,-1.3908,-1.7677,-3.1585,New Orleans
2351,Jameson O'Toole,-0.1612,-0.157,-0.3182,Fordham
2352,Jamichael Davis,0.656,2.0053,2.6614,Rutgers
2353,Jamichael Stillwell,1.2553,1.4566,2.7118,Milwaukee
2354,Jamie Bergens,-0.9137,0.9224,0.0087,Fairfield
2355,Jamie Phillips,-3.7328,1.2803,-2.4525,Stetson
2356,Jamie Vinson,-0.8009,0.6838,-0.1171,Texas
2357,Jamil Miller,1.4212,-0.2696,1.1516,Kennesaw State
2358,Jamil Muttilib,1.5786,1.191,2.7696,App State
2359,Jamille Reynolds,1.2757,-0.0583,1.2174,South Fla.
2360,Jamine Charles,0.4935,-0.2964,0.1971,Florida A&M
2361,Jamir Simpson,-0.3833,-1.9383,-2.3215,Southern Utah
2362,Jamir Watkins,0.6465,0.6159,1.2624,Florida State
2363,Jamiya Neal,2.7153,2.2991,5.0144,Creighton
2364,Jamond Vincent,-0.8942,0.3458,-0.5484,New Orleans
2365,Jamyron Keller,0.5133,-0.8392,-0.3259,Oklahoma State
2366,Jan Vide,1.1566,-1.0186,0.138,LMU (CA)
2367,Janko Bulajic,1.0,0.5628,1.5629,Lamar University
2368,Jao Ituka,0.3158,1.5328,1.8486,Jacksonville State
2369,Japhet Medor,0.895,2.8124,3.7074,Fordham
2370,Jaqai Murray,0.8792,0.3867,1.2659,N.C. Central
2371,Jaquan Carlos,0.1943,2.0609,2.2552,Syracuse
2372,Jaquan Johnson,-0.1636,2.6088,2.4452,Bradley
2373,Jaquan Sanders,1.5831,-1.2927,0.2903,Hofstra
2374,Jaquan Scott,1.308,-0.7127,0.5953,UTSA
2375,Jaquel Morris,1.2545,-1.1327,0.1218,Saint Peter's
2376,Jared Billups,5.4714,-0.0151,5.4563,George Mason
2377,Jared Coleman-Jones,0.3305,0.5404,0.8709,San Diego State
2378,Jared Frey,-1.3897,-1.4492,-2.8388,Stony Brook
2379,Jared Garcia,-0.6131,-0.7538,-1.3668,Tulsa
2380,Jared Harris,-0.0654,-0.0382,-0.1036,Memphis
2381,Jared Lary,1.1028,-0.1791,0.9237,Detroit Mercy
2382,Jared McGregor,0.3168,-0.0308,0.286,BYU
2383,Jared Washington,-0.1466,0.8182,0.6716,Southern Ind.
2384,Jaren Johnson,-1.2584,1.2423,-0.0161,Howard
2385,Jaret Valencia,-0.3775,1.0629,0.6854,Monmouth
2386,Jarin Stevenson,1.8511,2.4102,4.2614,Alabama
2387,Jaron Pierre,-0.3918,1.8423,1.4505,Jacksonville State
2388,Jaron Rillie,0.7803,3.7427,4.523,Northern Colo.
2389,Jarred Hall,0.0831,0.0216,0.1046,Middle Tenn.
2390,Jarred Hyder,-1.6185,2.2332,0.6148,Cal Poly
2391,Jarrell Love,-0.9036,-0.6229,-1.5264,Bethune-Cookman
2392,Jarrell Pope,0.0856,-0.2266,-0.141,James Madison
2393,Jarren Cook,-0.9671,0.3121,-0.6551,UT Arlington
2394,Jarrett Hensley,0.6177,-0.201,0.4167,Southern Ill.
2395,Jarvis Moss,1.2848,1.9946,3.2793,Radford
2396,Jarvis Walker,-2.9742,0.5814,-2.3928,IU Indy
2397,Jasai Miles,-2.8336,1.939,-0.8946,North Florida
2398,Jase Butler,1.7798,0.5865,2.3663,Washington
2399,Jase Richardson,2.8961,3.5375,6.4336,Michigan State
2400,Jasen Brooks,-0.0239,0.8897,0.8658,UC San Diego
2401,Jasen Green,0.87,1.5303,2.4003,Creighton
2402,Jasin Sinani,2.2211,1.6615,3.8825,Campbell
2403,Jasir Tremble,-0.2915,-0.3988,-0.6903,Fresno St.
2404,Jasman Sangha,-2.5025,-0.4585,-2.961,Canisius
2405,Jason Amador,-0.5347,-0.0124,-0.5471,Grand Canyon
2406,Jason Asemota,0.173,0.7789,0.9519,Baylor
2407,Jason Clarke,0.6355,-0.131,0.5045,App State
2408,Jason Drake,-0.0661,1.7018,1.6357,Drexel
2409,Jason Edwards,1.1775,2.5199,3.6974,Vanderbilt
2410,Jason Fontenet,0.3084,1.3906,1.699,UC Santa Barbara
2411,Jason Hart,-0.2327,0.3135,0.0807,Long Beach State
2412,Jason Jackson,0.0038,-0.2441,-0.2403,Georgia State
2413,Jason Murphy,0.0174,-0.1325,-0.1152,N.C. A&T
2414,Jason Nelson,0.4805,1.0245,1.505,Youngstown State
2415,Jason Rivera-Torres,1.334,-1.2965,0.0375,San Francisco
2416,Jason Roche,0.001,-1.6987,-1.6977,Richmond
2417,Jason Schofield,0.0486,1.4617,1.5103,Marist
2418,Jason Simpson,-0.2734,-0.652,-0.9254,Florida State
2419,Jason Steele,-0.7811,0.2068,-0.5744,LIU
2420,Jason Umosella,-0.2514,0.1021,-0.1493,La Salle
2421,Jasper Floyd,3.3113,1.2606,4.5719,North Texas
2422,Jasteven Walker,0.8438,-1.2889,-0.4451,Alabama State
2423,Javan Buchanan,2.9949,2.1436,5.1385,Boise State
2424,Javan Simmons,-0.608,2.1401,1.5322,Toledo
2425,Javar Daniel,1.4791,0.4575,1.9365,Austin Peay
2426,Javarzia Belton,-0.3862,-0.2731,-0.6593,Delaware State
2427,Javian McCollum,0.5802,1.432,2.0122,Georgia Tech
2428,Javier Ezquerra,1.5702,-1.1381,0.4321,Wagner
2429,Javohn Garcia,1.9113,4.2497,6.1609,McNeese
2430,Javon Bennett,0.8201,3.6406,4.4607,Dayton
2431,Javon Ervin,0.8977,-2.1125,-1.2147,Mount St. Mary's
2432,Javon Jackson,0.2061,1.4953,1.7014,UIC
2433,Javon Ruffin,-1.4262,0.8762,-0.5501,Colorado
2434,Javon Small,3.0573,1.9382,4.9956,West Virginia
2435,Javontae Campbell,-0.7178,0.9791,0.2612,Bowling Green
2436,Javonte Brown,0.7533,-0.1767,0.5767,Rhode Island
2437,Javonte Johnson,0.3412,0.2787,0.6199,California Baptist
2438,Javoy Thompson,-0.0853,0.5644,0.4791,UNC Asheville
2439,Jawarie Hamelin,0.5479,-1.2933,-0.7454,New Hampshire
2440,Jaxon Edwards,0.6377,-0.6185,0.0192,St. Bonaventure
2441,Jaxon Ellingsworth,-2.0611,-0.0994,-2.1606,UT Arlington
2442,Jaxon Hartman,0.2244,-0.1768,0.0476,Mount St. Mary's
2443,Jaxon Kohler,2.082,3.5224,5.6045,Michigan State
2444,Jaxon Olvera,-1.788,1.3884,-0.3996,Pepperdine
2445,Jaxon Pardon,0.2805,0.2485,0.529,Bowling Green
2446,Jaxon Pollard,1.1551,0.6166,1.7717,Queens (NC)
2447,Jaxon Prunty,1.2886,0.5272,1.8158,Col. of Charleston
2448,Jaxon Smith,0.0003,0.1352,0.1355,Utah State
2449,Jaxson Bell,0.318,0.0337,0.3517,Army West Point
2450,Jaxson Ford,0.0765,-0.1278,-0.0513,Sam Houston
2451,Jaxson Jones,0.2961,-0.2935,0.0027,ETSU
2452,Jaxson Robinson,0.2649,4.377,4.6419,Kentucky
2453,Jaxton Bobik,0.0059,-0.0559,-0.05,Oklahoma State
2454,Jay Alvarez,-1.8166,-0.2858,-2.1024,Rider
2455,Jay Joseph,-0.7431,0.2527,-0.4904,La Salle
2456,Jayan Walker,0.7757,0.0418,0.8175,Indiana State
2457,Jayce Depron,0.9204,0.0253,0.9457,Southern U.
2458,Jayce Nathaniel,0.0839,0.4543,0.5382,UIC
2459,Jayden Barrs,0.4304,-0.399,0.0314,Lamar University
2460,Jayden Brewer,0.9158,0.7037,1.6195,FIU
2461,Jayden Brown,1.232,1.5004,2.7324,Bryant
2462,Jayden Brown,1.232,1.5004,2.7324,Central Conn. St.
2463,Jayden Dawson,1.1051,1.7613,2.8664,Loyola Chicago
2464,Jayden Epps,0.5637,1.6183,2.182,Georgetown
2465,Jayden Hastings,1.5803,-1.3049,0.2755,Boston College
2466,Jayden Henriquez,0.1439,0.1609,0.3048,Hofstra
2467,Jayden Jackson,-0.4746,1.9283,1.4536,Northern Ariz.
2468,Jayden Johnson,3.0061,1.766,4.7722,South Carolina State
2469,Jayden Karapetian,-0.0775,-0.2488,-0.3264,California
2470,Jayden Lemond,0.8251,-1.3969,-0.5718,Binghamton
2471,Jayden Mojica,0.0694,-0.1579,-0.0884,UC Riverside
2472,Jayden Mott,1.6827,-1.6583,0.0244,NIU
2473,Jayden Ndjigue,1.8189,0.2437,2.0626,Massachusetts
2474,Jayden Nunn,1.3223,4.416,5.7382,Baylor
2475,Jayden Pierre,-0.4961,2.4907,1.9946,Providence
2476,Jayden Quaintance,3.33,0.848,4.1781,Arizona State
2477,Jayden Reid,-0.0903,0.2549,0.1646,South Fla.
2478,Jayden Ross,-0.6049,2.1223,1.5174,UConn
2479,Jayden Stevens,-0.6238,1.17,0.5462,Idaho
2480,Jayden Taylor,0.4755,0.8013,1.2768,NC State
2481,Jayden Williams,1.6276,2.5997,4.2273,Dartmouth
2482,Jayden Williams,1.6276,2.5997,4.2273,UIW
2483,Jayden Williams,1.6276,2.5997,4.2273,Bucknell
2484,Jaydon Young,1.1654,-0.3583,0.8071,Virginia Tech
2485,Jaye Nash,0.1885,-0.8201,-0.6316,Tulsa
2486,Jayhlon Young,3.1581,-0.8879,2.2701,Maryland
2487,Jaylan Ouwinga,0.0394,0.2057,0.2451,Toledo
2488,Jayland Randall,-0.4624,-0.5549,-1.0173,Southern Ind.
2489,Jaylani Darden,1.7212,1.1933,2.9145,Norfolk State
2490,Jaylen Benard,-0.7303,0.5696,-0.1606,Longwood
2491,Jaylen Blakes,0.3693,1.7976,2.1669,Stanford
2492,Jaylen Carey,0.9764,-0.8791,0.0973,Vanderbilt
2493,Jaylen Colon,-2.1369,0.2252,-1.9117,Alabama A&M
2494,Jaylen Crocker-Johnson,0.4069,1.049,1.4559,Colorado State
2495,Jaylen Curry,0.9082,0.0399,0.9481,Massachusetts
2496,Jaylen Dorsey,-0.4669,-0.2179,-0.6847,Western Ky.
2497,Jaylen Jenkins,-0.0278,-0.024,-0.0518,Old Dominion
2498,Jaylen Jones,-0.0013,1.1993,1.198,Oakland
2499,Jaylen Jones,-0.0013,1.1993,1.198,Texas State
2500,Jaylen Murphy,-0.0202,-0.2723,-0.2926,Toledo
2501,Jaylen Murray,2.4451,3.1128,5.5579,Ole Miss
2502,Jaylen Pazon,1.1112,-0.6804,0.4308,VMI
2503,Jaylen Peterson,0.4031,1.8229,2.226,Presbyterian
2504,Jaylen Searles,2.3175,0.1013,2.4187,Nicholls
2505,Jaylen Smith,0.4539,1.1838,1.6376,North Florida
2506,Jaylen Thompson,0.5124,-0.4117,0.1006,Stanford
2507,Jaylen Washington,1.261,-0.6644,0.5967,UTRGV
2508,Jaylen Wysinger,0.1235,0.6334,0.7569,Texas Southern
2509,Jaylin Henderson,-0.0716,0.5256,0.454,Portland State
2510,Jaylin Jackson-Posey,0.5821,-2.0452,-1.4631,Texas Southern
2511,Jaylin Sellers,0.0288,-0.8047,-0.7759,UCF
2512,Jaylin Stewart,0.609,2.2063,2.8153,UConn
2513,Jaylon Gibson,0.8259,-0.3655,0.4605,Charleston So.
2514,Jaylon Johnson,-0.5868,0.4521,-0.1347,Tennessee Tech
2515,Jaylon McDaniel,0.4666,0.0949,0.5614,Lindenwood
2516,Jayme Mitchell,0.9366,-1.1467,-0.2101,Jackson State
2517,Jaymien Aponte,0.3525,-0.1218,0.2307,Rhode Island
2518,Jayshayne Woodard,1.4414,0.2433,1.6846,East Carolina
2519,Jayson Kent,0.0091,1.3545,1.3636,Texas
2520,Jayson Morgan,0.4469,-0.6238,-0.177,Furman
2521,Jayson Petty,1.3729,-1.2801,0.0928,Kansas City
2522,Jayson Williams-Johnson,-0.1631,0.0251,-0.138,Oregon
2523,Jayson Woodrich,1.0445,-0.5562,0.4884,Oakland
2524,Jayvon Maughmer,2.605,1.2688,3.8738,Liberty
2525,Jazz Gardner,0.5948,-0.853,-0.2582,Pacific
2526,Je'Shawn Stevenson,1.7916,1.4474,3.239,Cleveland State
2527,Jean Aranguren,2.8917,-0.863,2.0287,Hofstra
2528,Jeannot Basima,0.2226,-0.3468,-0.1241,Yale
2529,Jed Miller,3.0401,1.3911,4.4312,Montana State
2530,Jedy Cordilia,0.1859,-0.8114,-0.6254,Mount St. Mary's
2531,Jeff Grace,-0.0105,0.1152,0.1048,Nebraska
2532,Jeff Planutis,-2.4112,-0.3366,-2.7479,Mercyhurst
2533,Jeff Woodward,0.4984,1.5867,2.0851,Colgate
2534,Jefferson De La Cruz Monegro,-0.5861,0.4003,-0.1858,Valparaiso
2535,Jefferson Koulibaly,-0.4511,0.508,0.0569,Pacific
2536,Jeffery Armstrong,-0.246,-0.5703,-0.8163,Southern Miss.
2537,Jeffrey Langston,-0.2075,-1.1519,-1.3594,Southern Utah
2538,Jeffrey Mills,0.0631,0.0242,0.0874,Air Force
2539,Jelani Hamilton,-0.7728,2.287,1.5142,Georgia State
2540,Jemal Davis,0.7742,0.9796,1.7537,UNC Asheville
2541,Jemel Jones,-0.6974,2.0426,1.3453,CSU Bakersfield
2542,Jensen Bradtke,-0.372,-1.0771,-1.4491,Montana
2543,Jerald Colonel,0.9707,0.7549,1.7257,Northwestern State
2544,Jeramiah Israel,0.579,-0.6452,-0.0662,Northern Ky.
2545,"Jeremiah ""Bear"" Cherry",1.9879,0.7287,2.7166,UNLV
2546,Jeremiah Bembry,-0.4903,-0.6099,-1.1001,Oakland
2547,Jeremiah Burke,-0.5805,0.2345,-0.3461,North Dakota State
2548,Jeremiah Dargan,-0.3277,-0.747,-1.0747,Montana
2549,Jeremiah Davis,-0.0247,-0.3951,-0.4199,Montana State
2550,Jeremiah Evans,0.5344,-0.486,0.0484,Louisiana
2551,Jeremiah Fears,0.9579,4.3919,5.3497,Oklahoma
2552,Jeremiah Hernandez,-0.069,1.9915,1.9225,Ball State
2553,Jeremiah Jenkins,0.5657,-0.1367,0.429,Brown
2554,Jeremiah Johnson,-1.1811,-1.1266,-2.3077,Green Bay
2555,Jeremiah Nyarko,-0.3695,0.2983,-0.0712,Stony Brook
2556,Jeremiah Quigley,-0.3031,1.0419,0.7387,George Mason
2557,Jeremiah Wilkinson,0.4651,1.9996,2.4647,California
2558,Jeremiah Williams,-0.26,-0.9146,-1.1747,Rutgers
2559,Jeremy Clayville,0.5594,-0.7886,-0.2292,Saint Francis
2560,Jeremy Elyzee,-0.3289,0.3972,0.0684,Southeastern La.
2561,Jeremy Fears,2.5136,1.6856,4.1992,Michigan State
2562,Jeremy Foumena,-0.0998,-0.3882,-0.488,Mississippi State
2563,Jeremy Lorenz,2.3398,1.8377,4.1775,Wofford
2564,Jeremy Roach,1.6353,1.3709,3.0062,Baylor
2565,Jeremy Sanchez,0.0037,-0.1187,-0.115,Missouri
2566,Jeriah Coleman,0.0559,0.3282,0.3841,Nevada
2567,Jermahri Hill,-0.4105,0.3937,-0.0168,Ball State
2568,Jermaine Ballisager Webb,-0.3995,0.8504,0.4509,Portland
2569,Jermaine Coleman,-0.4093,0.2754,-0.1339,St. Thomas (MN)
2570,Jermaine Washington,1.3521,1.1516,2.5037,San Jose State
2571,Jerome Beya,-0.9583,0.3578,-0.6005,Bethune-Cookman
2572,Jerome Hunter,0.0127,0.9472,0.9599,Xavier
2573,Jerome Palm,-0.67,-0.4042,-1.0741,Hawaii
2574,Jerone Morton,1.3346,0.7082,2.0428,Morehead State
2575,Jerrell Barron,0.1439,-0.0841,0.0598,Brown
2576,Jerrell Bellamy,0.2254,-0.8343,-0.6089,Troy
2577,Jerrell Colbert,1.1802,2.1945,3.3747,SMU
2578,Jerry Deng,0.3094,0.7434,1.0527,Florida State
2579,Jerry Huang,-0.0795,-0.0704,-0.1498,Utah
2580,Jerry Ngopot,-1.2845,-1.3247,-2.6091,ULM
2581,Jesaiah McWright,-1.3606,-1.8734,-3.234,Tulsa
2582,Jesse Jones,-0.5161,-0.597,-1.1131,Florida State
2583,Jestin Porter,1.663,1.5035,3.1666,Middle Tenn.
2584,Jesus Carralero Martin,1.0171,-0.6325,0.3845,Bethune-Cookman
2585,Jett Montgomery,-1.05,0.0968,-0.9533,Southern Miss.
2586,Jevin Muniz,0.5067,0.5102,1.0169,FGCU
2587,Jevon Hill,0.445,1.2538,1.6987,South Dakota
2588,Jevon Porter,1.3308,-1.8164,-0.4856,LMU (CA)
2589,Jhamir Brickus,-1.0296,2.3978,1.3681,Villanova
2590,Jhaylon Martinez,-0.1644,0.3165,0.1522,Niagara
2591,Jimmie Williams,-0.5473,1.1145,0.5671,South Fla.
2592,Jimmy Oladokun,1.1419,-1.0172,0.1247,Rice
2593,Jinup Dobuol,0.2342,-0.4356,-0.2013,Portland
2594,Jinwoo Kim,1.0897,1.5115,2.6011,Navy
2595,Jizzle James,1.1862,1.9127,3.0988,Cincinnati
2596,Jlynn Counter,1.6154,1.7825,3.3979,Middle Tenn.
2597,Jo Valrie,0.1891,-0.4034,-0.2143,SIUE
2598,Jo'el Emanuel,-0.5861,-0.0733,-0.6594,FDU
2599,JoJo Fullwood,0.2133,-0.3941,-0.1809,UNCW
2600,JoJo Moore,-0.4466,1.7688,1.3222,Oral Roberts
2601,JoJo Wallace,-0.5647,-0.0404,-0.6051,Iona
2602,Joaquim ArauzMoore,0.4091,0.0733,0.4824,Gonzaga
2603,Jocobi Hendricks,0.4705,1.7717,2.2422,Florida A&M
2604,Joe Anderson,-0.2516,2.7133,2.4617,Lipscomb
2605,Joe Bamisile,2.6798,1.4003,4.08,VCU
2606,Joe Charles,2.0447,3.0405,5.0852,McNeese
2607,Joe Few,-0.0407,-0.4417,-0.4824,Gonzaga
2608,Joe Ganton,0.0549,-0.0045,0.0504,Fairfield
2609,Joe Hurlburt,0.9171,-0.3902,0.5269,Davidson
2610,Joe Manning,2.1705,0.1932,2.3637,Southern U.
2611,Joe Munden,0.3387,-0.2675,0.0713,NIU
2612,Joe Nugent,-0.5825,1.7529,1.1704,Holy Cross
2613,Joe Octave,-0.8973,-0.8597,-1.7571,Stony Brook
2614,Joe Ostrowsky,3.1943,-0.0543,3.14,Central Conn. St.
2615,Joe Pridgen,0.6815,3.6684,4.35,Montana
2616,Joe Sayler,-1.6426,1.5799,-0.0627,South Dakota State
2617,Joe Sedora,0.1605,-0.0892,0.0713,Penn State
2618,Joe Spinelli,-1.0373,-0.3387,-1.376,Chicago State
2619,Joe Vick,-0.1763,-0.0283,-0.2046,Valparaiso
2620,Joel Armotrading,1.5808,2.1256,3.7063,UC Riverside
2621,Joey Chammaa,-5.1562,0.7842,-4.3719,San Diego
2622,Joey Hart,1.1384,0.5786,1.717,Ball State
2623,Joey Kahn,0.0078,-0.1139,-0.1062,UAB
2624,Joey Madimba,0.0684,-0.2752,-0.2068,Idaho State
2625,Joey Scarpitti,-0.4757,-0.3531,-0.8288,Col. of Charleston
2626,Johan Munch,0.5664,0.649,1.2154,Oregon State
2627,Johan Nziemi,0.9329,0.9251,1.858,Longwood
2628,John Adams,-1.9492,-0.1401,-2.0893,The Citadel
2629,John Berbano,-0.3513,-0.3178,-0.669,Manhattan
2630,John Blackwell,2.4393,5.2979,7.7372,Wisconsin
2631,John Bol,0.0455,0.3598,0.4053,Ole Miss
2632,John Buggs,0.5094,1.2405,1.7499,ETSU
2633,John Camden,-1.4591,2.9412,1.4821,Delaware
2634,John Christofilis,0.1411,0.3203,0.4614,Seattle U
2635,John Clemmons,0.5105,0.4925,1.003,Delaware State
2636,John Holbrook,0.1856,0.2063,0.3919,North Carolina
2637,John Hugley,-0.3244,0.8584,0.5341,Xavier
2638,John Kelly,-0.3116,0.8314,0.5197,NJIT
2639,John Lovelace,-0.095,0.0366,-0.0583,Milwaukee
2640,John McCrear,0.4428,-0.1752,0.2676,Murray State
2641,John Mikey Square,-1.2024,0.8031,-0.3992,Cal St. Fullerton
2642,John Mobley,0.6254,4.4941,5.1196,Ohio State
2643,John Poulakidas,-0.4935,4.6547,4.1612,Yale
2644,John Seay-Oliver,0.0701,0.1832,0.2533,South Carolina State
2645,John Shanu,0.3561,0.5169,0.873,Eastern Mich.
2646,John Tonje,3.2102,3.3742,6.5844,Wisconsin
2647,John Wade,0.2321,0.1841,0.4162,Southern Miss.
2648,John-Paul Ricks,-1.8285,0.305,-1.5234,Prairie View
2649,Johnathan DeJurnett,0.6053,-0.3442,0.2611,Purdue Fort Wayne
2650,Johnathan Lawson,1.7793,-0.2615,1.5178,Little Rock
2651,Johnathan Massie,0.6422,0.8646,1.5067,North Texas
2652,Johnathan Pace,-0.7905,-0.6199,-1.4104,Mississippi Val.
2653,Johnell Davis,3.0621,2.9242,5.9863,Arkansas
2654,Johni Broome,1.3061,5.675,6.9811,Auburn
2655,Johnnie Walter,0.7167,-1.5075,-0.7908,Penn
2656,Johnny Kinziger,1.1883,3.2591,4.4473,Illinois State
2657,Johnny O'Neil,0.1552,1.3375,1.4927,Santa Clara
2658,Jojo Anderson,-0.276,0.5785,0.3025,Idaho
2659,Jon Mani,1.9792,1.3567,3.3358,Denver
2660,Jon O'Neill,-0.6337,0.8655,0.2318,New Hampshire
2661,Jon Sanders,-1.2294,1.3472,0.1179,Northwestern State
2662,Jonah Goorin,0.1021,0.0479,0.15,Southern California
2663,Jonah Hinton,-0.7357,0.5655,-0.1702,St. Bonaventure
2664,Jonah Long,-0.0705,-0.5037,-0.5742,App State
2665,Jonah Lucas,0.22,-0.3693,-0.1493,Marquette
2666,Jonah Pierce,0.5853,0.1021,0.6873,Presbyterian
2667,Jonas Aidoo,0.3227,0.6921,1.0148,Arkansas
2668,Jonas Sirtautas,-0.5947,0.9045,0.3098,Radford
2669,Jonathan Aybar,0.7585,-1.2202,-0.4617,FIU
2670,Jonathan Beagle,1.5521,-0.2633,1.2888,Richmond
2671,Jonathan Dunn,-2.4382,-2.7768,-5.215,Coppin State
2672,Jonathan Griman,0.1056,-0.5771,-0.4715,California Baptist
2673,Jonathan Ogunfuye,0.0607,-0.1879,-0.1272,Mount St. Mary's
2674,Jonathan Pierre,-0.1423,1.4748,1.3325,Belmont
2675,Jonathan Powell,1.7499,0.4737,2.2237,West Virginia
2676,Jonnivius Smith,1.0603,2.4946,3.5549,UTSA
2677,Jordan Battle,0.2329,1.0551,1.288,Coastal Carolina
2678,Jordan Brathwaite,1.7546,0.6588,2.4134,Yale
2679,Jordan Brinson,1.1209,-0.6927,0.4282,CSUN
2680,Jordan Burks,-1.3694,1.479,0.1096,Georgetown
2681,Jordan Butler,0.1995,0.5269,0.7264,South Carolina
2682,Jordan Chatman,-0.7247,1.5258,0.8011,Florida A&M
2683,Jordan Clayton,0.1604,-0.1228,0.0376,Northwestern
2684,Jordan Crawford,0.7258,-0.6184,0.1073,Louisiana Tech
2685,Jordan Crawford,0.7258,-0.6184,0.1073,Eastern Ky.
2686,Jordan Davis,-0.112,1.2397,1.1277,Illinois State
2687,Jordan Derkack,-0.2439,0.878,0.6341,Rutgers
2688,Jordan Gainey,2.085,5.6448,7.7298,Tennessee
2689,Jordan Geronimo,1.2042,0.542,1.7461,Maryland
2690,Jordan Hamilton,0.8526,-0.0131,0.8396,SIUE
2691,Jordan Ivy-Curry,0.109,3.074,3.183,UCF
2692,Jordan Jefferson,-0.5271,0.2766,-0.2505,Little Rock
2693,Jordan Johnson,0.5191,1.6368,2.1559,Southern U.
2694,Jordan Jones,-0.3405,-0.039,-0.3794,Central Conn. St.
2695,Jordan Leaks,1.8747,1.3148,3.1894,Norfolk State
2696,Jordan Longino,0.0956,1.9207,2.0163,Villanova
2697,Jordan Malmlov,-0.0255,-0.1417,-0.1672,Nevada
2698,Jordan Marsh,-0.3142,2.3714,2.0572,UNC Asheville
2699,Jordan Martin,0.5423,0.2595,0.8017,N.C. A&T
2700,Jordan Mason,-0.2835,1.2292,0.9457,UIC
2701,Jordan McCullum,0.6537,0.1,0.7537,Murray State
2702,Jordan Meka,-2.2845,0.601,-1.6835,Monmouth
2703,Jordan Mizell,1.8261,-2.1286,-0.3025,Tarleton State
2704,Jordan Nesbitt,1.1857,-0.1281,1.0576,Wyoming
2705,Jordan Pennick,-1.5484,1.2383,-0.31,Navy
2706,Jordan Pickett,0.0013,0.6092,0.6105,SIUE
2707,Jordan Pope,-0.6893,2.3784,1.689,Texas
2708,Jordan Pyke,-0.4682,1.9519,1.4837,UIW
2709,Jordan Rayford,-0.0943,0.091,-0.0034,Indiana
2710,Jordan Riley,1.7531,1.1375,2.8906,East Carolina
2711,Jordan Roberts,0.1896,1.328,1.5176,A&M-Corpus Christi
2712,Jordan Rogers,1.029,-1.6993,-0.6704,NJIT
2713,Jordan Ross,-0.3796,1.532,1.1523,Saint Mary's (CA)
2714,Jordan Sears,1.581,0.6422,2.2232,LSU
2715,Jordan Snell,0.0176,0.1234,0.141,NC State
2716,Jordan Stiemke,-0.7632,0.5048,-0.2584,Loyola Maryland
2717,Jordan Tillmon,-1.4068,-0.4995,-1.9063,Prairie View
2718,Jordan Wildy,0.675,-1.4436,-0.7686,Lindenwood
2719,Jordan Williams,-0.4341,-0.0739,-0.508,Arizona State
2720,Jordan Williams,-0.4341,-0.0739,-0.508,Vanderbilt
2721,Jordan Wood,-1.5106,0.4231,-1.0876,Stetson
2722,Jordann Dumont,1.0152,1.1491,2.1643,Villanova
2723,Jordon Marshall,0.1319,0.1149,0.2467,Alabama State
2724,Jordon Nevill,0.4176,1.3475,1.765,Queens (NC)
2725,Jordy Barnes,0.3892,1.2208,1.61,Utah State
2726,Jorge Diaz Graham,-0.5043,1.3075,0.8031,Pittsburgh
2727,Jorge Moreno,-0.1646,2.004,1.8394,Southern Ill.
2728,Jorn Everson,-0.0045,-0.8239,-0.8284,Army West Point
2729,Joryam Saizonou,-0.5872,0.6922,0.105,UNC Greensboro
2730,Jose Benitez,-0.3011,-0.3116,-0.6128,Southern Miss.
2731,Jose Cuello,-0.3217,-0.8135,-1.1351,UMES
2732,Joseph Barrio,-0.0553,-0.0483,-0.1036,CSUN
2733,Joseph Martinez,-0.5757,-0.5677,-1.1434,Tarleton State
2734,Joseph Pinion,0.8713,3.9399,4.8113,Arkansas State
2735,Joseph Teich,-0.4844,-0.3414,-0.8258,Tulane
2736,Joseph Tugler,4.9757,4.9206,9.8964,Houston
2737,Joseph Venzant,0.627,0.4554,1.0824,Abilene Christian
2738,Joseph Yesufu,0.6067,0.4465,1.0532,West Virginia
2739,Josh Ahayere,1.2741,-0.3615,0.9126,Colgate
2740,Josh Akpovwa,0.004,-0.1689,-0.1649,UIW
2741,Josh Baldwin,0.001,0.2953,0.2963,Cornell
2742,Josh Banks,-0.8435,1.5817,0.7382,UNC Asheville
2743,Josh Bascoe,-0.1909,1.0702,0.8793,Bucknell
2744,Josh Cohen,0.5875,-0.8251,-0.2376,Southern California
2745,Josh Corbin,0.1759,1.4183,1.5942,UNCW
2746,Josh Davis,0.2,0.1296,0.3296,The Citadel
2747,Josh Dilling,-0.0663,1.6424,1.5761,Northern Ky.
2748,Josh Dix,-0.7857,3.7465,2.9608,Iowa
2749,Josh Farmer,0.8474,-2.6678,-1.8204,Texas Southern
2750,Josh Fulton,-0.7603,-0.3877,-1.148,Bucknell
2751,Josh Furst,0.1238,-0.1607,-0.0369,Purdue
2752,Josh Gatete,-0.0284,0.4444,0.416,Air Force
2753,Josh Gray,0.8661,1.325,2.1911,Missouri
2754,Josh Harris,-0.3364,2.2744,1.9381,North Florida
2755,Josh Hill,0.8617,-0.3858,0.4759,Arkansas State
2756,Josh Holloway,0.3903,2.6922,3.0825,Samford
2757,Josh Hubbard,1.4066,4.7194,6.126,Mississippi State
2758,Josh Ibukunoluwa,-0.0828,1.5149,1.4321,High Point
2759,Josh Ijeh,-1.19,1.255,0.0651,Kansas City
2760,Josh Jones,-0.2447,1.3354,1.0907,Oral Roberts
2761,Josh Lee,-0.4611,0.9364,0.4753,Denver
2762,Josh Massey,-1.8995,-1.0066,-2.9061,Stetson
2763,Josh Meo,-0.5527,-0.5794,-1.1321,Coastal Carolina
2764,Josh Michigan,0.0115,-0.3203,-0.3088,Iona
2765,Josh Mitchell,0.236,-0.5869,-0.3509,Alcorn
2766,Josh Morgan,0.5802,0.0243,0.6045,Stonehill
2767,Josh Odunowo,-0.6742,1.3632,0.689,UMBC
2768,Josh Ogundele,1.029,-0.0764,0.9526,Tennessee State
2769,Josh Ojianwuna,1.5334,1.9946,3.528,Baylor
2770,Josh Omojafo,1.7274,1.0919,2.8193,Robert Morris
2771,Josh Ozabor,-0.5277,0.5786,0.0509,Bryant
2772,Josh Pascarelli,1.4383,-0.5959,0.8424,Marist
2773,Josh Pickett,-0.1867,0.4496,0.263,Denver
2774,Josh Reed,2.2298,1.5817,3.8115,Cincinnati
2775,Josh Reed,2.2298,1.5817,3.8115,Drexel
2776,Josh Rivera,-0.9047,-0.8836,-1.7882,Fordham
2777,Josh Scovens,-0.4108,2.0179,1.6071,Army West Point
2778,Josh Smith,-0.3053,-0.7543,-1.0595,N.C. Central
2779,Josh Taylor,-1.2115,-0.9099,-2.1213,East Texas A&M
2780,Josh Thomas,0.1229,-0.658,-0.5351,Western Mich.
2781,Josh Townley-Thomas,-0.3792,-0.4068,-0.786,Creighton
2782,Josh Uduje,-0.6867,1.8176,1.131,San Jose State
2783,Joshua Beadle,-0.5217,1.4552,0.9336,Boston College
2784,Joshua Bonga,-0.2105,0.0929,-0.1176,Fresno St.
2785,Joshua DeCady,1.9959,0.051,2.0469,Hofstra
2786,Joshua Dent,0.0757,-0.7861,-0.7104,Saint Mary's (CA)
2787,Joshua Eli,0.3151,0.0758,0.3909,Army West Point
2788,Joshua Hughes,0.6801,-1.3896,-0.7095,Evansville
2789,Joshua Hughes,0.6801,-1.3896,-0.7095,Samford
2790,Joshua Hughley,-0.3869,0.1396,-0.2473,Alabama A&M
2791,Joshua Ingram,0.3819,0.099,0.4808,Lehigh
2792,Joshua Jefferson,2.3091,3.4217,5.7308,Iowa State
2793,Joshua O'Garro,1.2349,1.7158,2.9507,Texas State
2794,Joshua Ola-Joseph,0.0901,-1.054,-0.964,California
2795,Joshua Reaves,-0.093,1.6775,1.5845,UIC
2796,Joshua Streit,-1.2823,0.7407,-0.5416,Omaha
2797,Joshua Strong,-0.3968,0.5501,0.1533,Howard
2798,Joshua Wyche,-1.1625,-1.2708,-2.4334,Lafayette
2799,Josiah Cunningham,0.2358,-0.4805,-0.2446,Columbia
2800,Josiah Davis,0.6256,0.5154,1.141,Niagara
2801,Josiah Dotzler,0.5787,0.3392,0.9179,Saint Louis
2802,Josiah Dunham,0.0569,1.5125,1.5695,Southern Ind.
2803,Josiah Francis,0.0079,-0.877,-0.8691,FDU
2804,Josiah Hammons,-0.0603,0.1921,0.1318,Sam Houston
2805,Josiah Harris,0.9309,1.7274,2.6582,Akron
2806,Josiah Harris,0.9309,1.7274,2.6582,Radford
2807,Josiah Lake,1.0685,2.2431,3.3116,Oregon State
2808,Josiah LeGree,0.7652,-0.0175,0.7477,Indiana State
2809,Josiah Moseley,1.2616,0.3341,1.5957,Villanova
2810,Joson Sanon,-0.1337,2.7129,2.5792,Arizona State
2811,Josue Grullon,-1.2911,-1.6187,-2.9098,UT Martin
2812,Joul Karram,0.0251,0.1901,0.2152,Utah
2813,Jovan Blacksher,-1.2547,1.1584,-0.0963,California
2814,Jovan Milicevic,0.4315,2.6532,3.0847,New Mexico
2815,Jovan Ristic,0.0677,-0.2776,-0.2099,LMU (CA)
2816,Joy Ighovodja,0.2925,0.8013,1.0939,Wichita State
2817,Juan Cranford,-1.3685,2.1574,0.789,Saint Francis
2818,Juan Reyna,-0.7108,-0.5589,-1.2697,Jackson State
2819,Juanse Gorosito,0.0562,1.441,1.4972,Ball State
2820,Jude Harris,0.638,-0.0204,0.6176,Portland
2821,Judson Martindale,-0.0337,0.6555,0.6218,CSUN
2822,Juhlawnei Stone,0.683,-0.0236,0.6594,SFA
2823,Juke Harris,1.7033,0.1328,1.8361,Wake Forest
2824,Julen Iturbe,-0.2606,-1.3411,-1.6016,American
2825,Julian Bowie,1.7715,1.386,3.1574,Boise State
2826,Julian Brown,0.49,0.9891,1.4791,Samford
2827,Julian Clarke,0.2698,-1.0012,-0.7314,UNC Asheville
2828,Julian Gabbidon,0.0499,0.0481,0.098,Navy
2829,Julian Hammond,1.8805,-0.1402,1.7403,Colorado
2830,Julian Larry,2.9643,2.4422,5.4064,Texas
2831,Julian Lewis,0.7135,-0.3586,0.3549,Eastern Mich.
2832,Julian Lual,1.556,-0.2679,1.2881,Alcorn
2833,Julian Mackey,-1.4225,0.1751,-1.2474,Houston Christian
2834,Julian Reese,1.9029,2.0953,3.9982,Maryland
2835,Julian Rishwain,2.087,1.6277,3.7147,UNLV
2836,Julian Roper,0.3964,0.528,0.9244,Notre Dame
2837,Julian Scott,0.1734,0.8883,1.0618,Colgate
2838,Julian Steinfeld,0.2283,0.4767,0.7049,IU Indy
2839,Julian Vaughns,-1.1868,-0.9491,-2.1359,Sacramento St.
2840,Julien Soumaoro,1.169,-0.0517,1.1173,East Carolina
2841,Julius Ellerbe,-1.9058,-2.027,-3.9328,Coppin State
2842,Julius Halaifonua,0.0671,-0.9818,-0.9147,Georgetown
2843,Julius Mims,0.8674,-0.0381,0.8293,Idaho
2844,Julius Reese,0.1053,0.2059,0.3112,N.C. A&T
2845,Julius Rollins,-2.2652,-0.1745,-2.4397,Western Ill.
2846,Julius Thedford,0.1711,1.3569,1.528,Western Ky.
2847,Jun Seok Yeo,1.0853,0.605,1.6904,Gonzaga
2848,Junjie Wang,1.1908,1.8693,3.0601,San Francisco
2849,Jurian Dixon,0.9246,2.7983,3.7229,UC Irvine
2850,Jurica Zagorsak,0.0569,-0.192,-0.1351,Ball State
2851,Jurrell Baldwin,0.1035,0.1883,0.2919,Missouri State
2852,Juslin Bodo Bodo,1.5852,3.4266,5.0119,High Point
2853,Justas Stonkus,1.098,-1.1972,-0.0993,Col. of Charleston
2854,Justice Ajogbor,3.2047,-1.7764,1.4283,Saint Joseph's
2855,Justice Shoats,-0.5186,1.4684,0.9498,Siena
2856,Justice Smith,0.7385,0.7577,1.4962,Niagara
2857,Justin Abson,1.283,1.1456,2.4286,Georgia
2858,Justin Amadi,0.6535,1.4645,2.118,Tulsa
2859,Justin Archer,-0.1125,-0.0778,-0.1903,Georgia State
2860,Justin Bailey,0.711,2.9341,3.6452,Wofford
2861,Justin Begg,0.3247,1.0962,1.4209,George Mason
2862,Justin Bieker,-1.159,-0.213,-1.372,Utah Tech
2863,Justin Bufford,1.0313,0.5315,1.5628,Middle Tenn.
2864,Justin Cross,-0.2457,-0.182,-0.4277,Kansas
2865,Justin Graham,0.2077,0.1701,0.3778,Idaho State
2866,Justin Hill,-0.4845,0.3569,-0.1276,Wichita State
2867,Justin Hohn,1.4439,1.28,2.7239,UC Irvine
2868,Justin Johnson,0.3715,0.5309,0.9024,Arkansas State
2869,Justin McBride,1.4626,0.6995,2.1621,Nevada
2870,Justin Menard,-0.5157,-0.3692,-0.8849,Iona
2871,Justin Mitchell,0.4941,0.4738,0.9679,UTRGV
2872,Justin Moore,1.155,1.3241,2.4791,Loyola Chicago
2873,Justin Morgan,2.3517,0.914,3.2656,Murray State
2874,Justin Mullins,1.0848,1.5747,2.6595,Northwestern
2875,Justin Neely,0.2413,1.593,1.8343,UAlbany
2876,Justin Page,-0.8318,-0.5779,-1.4097,Niagara
2877,Justin Pippen,0.6872,0.0831,0.7703,Michigan
2878,Justin Ray,0.3225,-0.9238,-0.6013,Monmouth
2879,Justin Redmond,-0.4293,-1.2346,-1.6638,Northwestern State
2880,Justin Rochelin,2.2236,2.5395,4.7631,UC San Diego
2881,Justin Taylor,-1.0708,0.6126,-0.4582,James Madison
2882,Justin Thomas,0.2685,1.9918,2.2603,Florida State
2883,Justin Vander Baan,0.7838,0.479,1.2628,Lafayette
2884,Justus Jackson,-1.0202,1.6402,0.62,Tennessee State
2885,Justus McNair,1.4677,1.1249,2.5926,Valparaiso
2886,Justyn Fernandez,0.0665,0.1111,0.1776,Providence
2887,Juwan Gary,0.9099,3.5403,4.4502,Nebraska
2888,Juwan Maxey,-0.2396,1.2222,0.9826,Youngstown State
2889,Jyare Davis,-0.3129,0.5424,0.2295,Syracuse
2890,K'mani Doughty,1.1698,3.512,4.6818,Indiana State
2891,KC Ibekwe,0.6326,-0.8629,-0.2302,Washington
2892,KC Ugwuakazi,0.9695,-0.4116,0.5578,East Texas A&M
2893,KD Johnson,0.3626,-0.7443,-0.3817,George Mason
2894,KJ Adams,3.04,1.8513,4.8913,Kansas
2895,KJ Debrick,1.2756,-0.6555,0.62,Cleveland State
2896,KJ Doucet,0.2685,2.2308,2.4992,Winthrop
2897,KJ Greene,0.6268,-0.5627,0.064,Tulane
2898,KJ Hymes,0.7675,-0.9368,-0.1693,Nevada
2899,KJ Keatts,0.0176,0.0694,0.087,NC State
2900,KJ Lewis,2.108,1.7495,3.8575,Arizona
2901,KJ McClurg,0.9096,2.0928,3.0023,Longwood
2902,KJ Swain,-0.0235,-0.2995,-0.323,Saint Francis
2903,KJ Tenner,2.4089,-0.0653,2.3435,West Virginia
2904,KJ Thomas,2.0308,-1.4075,0.6233,UTEP
2905,KJ Windham,2.7315,1.4648,4.1963,Northwestern
2906,KT Raimey,1.0711,1.0497,2.1208,UTRGV
2907,Kachi Nzeh,0.5768,-0.0883,0.4885,Penn State
2908,Kacper Klaczek,-0.8501,1.2459,0.3958,UAlbany
2909,Kadar Waller,0.1618,0.9349,1.0967,CSU Bakersfield
2910,Kadary Richmond,3.3779,2.1656,5.5434,St. John's (NY)
2911,Kade Douglas,0.5992,-0.0448,0.5543,UT Arlington
2912,Kade Ruegsegger,-1.6962,0.8872,-0.809,Morehead State
2913,Kaden Cooper,1.3009,0.6145,1.9155,Louisiana Tech
2914,Kaden Gumbs,-0.4682,1.9354,1.4672,Texas State
2915,Kaden Metheny,2.4323,2.6682,5.1005,Liberty
2916,Kaden Stuckey,0.4234,-0.9525,-0.5291,VMI
2917,Kadin Shedrick,1.5626,2.9757,4.5383,Texas
2918,Kadyn Betts,0.148,0.2378,0.3857,Minnesota
2919,Kael Combs,2.2024,0.6324,2.8348,Drake
2920,Kaelin Thomas,0.3484,0.5409,0.8893,Le Moyne
2921,Kahlil Singleton,0.6676,0.033,0.7006,Holy Cross
2922,Kahmare Holmes,-0.1214,-0.3775,-0.4988,Wofford
2923,Kai Burdick,-0.0909,-0.3217,-0.4125,Southern Utah
2924,Kai Johnson,0.4998,4.0706,4.5704,Montana
2925,Kai Spears,1.3996,0.6314,2.031,Marshall
2926,Kai Yu,0.1615,0.5754,0.737,Liberty
2927,Kaia Berridge,0.5526,-1.5334,-0.9808,Evansville
2928,Kaiden White,-0.0116,-1.1175,-1.1291,Marshall
2929,Kailon Nicholls,1.1074,-2.6111,-1.5037,NIU
2930,Kajus Kublickas,0.2765,-0.1819,0.0946,Florida
2931,Kaleb Banks,1.5237,0.2741,1.7978,Tulane
2932,Kaleb Brown,0.1155,-1.8271,-1.7116,Cal St. Fullerton
2933,Kaleb Glenn,-0.3114,1.9787,1.6673,Fla. Atlantic
2934,Kaleb Scott,-0.114,-1.412,-1.526,Presbyterian
2935,Kaleb Smith,-2.177,0.1921,-1.985,UC Riverside
2936,Kaleb Stewart,-3.0392,2.1215,-0.9177,South Dakota
2937,Kaleb Washington,0.3628,-2.1723,-1.8095,Florida A&M
2938,Kalen Etzler,0.2931,0.0138,0.3068,Ohio State
2939,Kalen Garry,1.7558,2.1304,3.8862,South Dakota State
2940,Kalib Mathews,-0.3507,0.5867,0.236,Queens (NC)
2941,Kalifa Sakho,0.9816,-0.0356,0.9461,Sam Houston
2942,Kalil Camara,0.5274,-0.067,0.4604,Bethune-Cookman
2943,Kalu Anya,-0.1416,0.6494,0.5078,Saint Louis
2944,Kam Burton,0.2095,-1.4975,-1.288,Southeastern La.
2945,Kam Craft,0.5223,0.8151,1.3374,Miami (OH)
2946,Kam Farris,-2.5087,-0.939,-3.4476,Bryant
2947,Kam Jones,4.0253,4.461,8.4863,Marquette
2948,Kam Martin,-0.8447,0.8856,0.041,Long Beach State
2949,Kam O'Connor,-0.2489,-0.0929,-0.3418,Eastern Ill.
2950,Kam Parker,1.704,1.0887,2.7927,A&M-Corpus Christi
2951,Kam Roberts,0.3507,-0.726,-0.3754,The Citadel
2952,Kam Williams,-0.0398,1.797,1.7572,Tulane
2953,Kam Woods,-1.1606,2.0064,0.8458,Robert Morris
2954,Kamari Jones,0.331,0.2161,0.547,Western Caro.
2955,Kamari Lands,0.4116,1.0783,1.4899,Middle Tenn.
2956,Kamari McGee,2.2463,2.6878,4.9341,Wisconsin
2957,Kameren Wright,0.8943,1.1795,2.0738,South Fla.
2958,Kameron Foman,2.242,0.0603,2.3023,Alcorn
2959,Kameron Hobbs,-0.6031,1.3572,0.754,Morgan State
2960,Kameron Johnson,-1.1708,0.1873,-0.9835,Arkansas State
2961,Kameron Taylor,0.7206,1.0,1.7206,UNC Asheville
2962,Kameryn Mitchell,-0.2503,-0.2401,-0.4904,Troy
2963,Kamrin Oriol,-1.1778,1.332,0.1542,North Florida
2964,Kamryn Thomas,0.5288,0.8233,1.3521,Omaha
2965,Kanaan Carlyle,1.1443,-1.6088,-0.4645,Indiana
2966,Kani Topuz,-0.0805,-0.4694,-0.5499,UAlbany
2967,Kanon Catchings,3.4396,0.9189,4.3585,BYU
2968,Kany Tchanda,-0.1923,-0.7593,-0.9516,Boston College
2969,Kanye Clary,1.1891,0.6188,1.8079,Mississippi State
2970,Kanye Jones,-0.7479,-0.1806,-0.9285,USC Upstate
2971,Kareem Rozier,2.0786,1.1139,3.1925,Duquesne
2972,Kareem Thomas,0.7022,0.7235,1.4257,Dartmouth
2973,Kareem Watkins,0.0547,-0.1906,-0.1359,Arkansas
2974,Kareem Watson,-0.0098,0.3227,0.3129,Delaware State
2975,Karim Elgizawy,0.1329,0.0984,0.2313,Tarleton State
2976,Kario Oquendo,0.2022,1.7988,2.001,SMU
2977,Karl Poom,0.084,0.1209,0.2048,San Francisco
2978,Karmani Gregory,-1.2848,-0.9066,-2.1915,USC Upstate
2979,Karon Boyd,1.686,1.3598,3.0458,ETSU
2980,Karson Templin,1.4832,1.2367,2.7199,Utah State
2981,Karter Knox,1.9672,1.5602,3.5275,Arkansas
2982,Kase Wynott,-0.911,-0.6322,-1.5432,Washington State
2983,Kasean Pryor,1.5168,1.3682,2.8849,Louisville
2984,Kaseem Watson,-0.1056,0.5576,0.4519,Delaware State
2985,Kasen Harrison,-0.2948,3.2623,2.9675,Winthrop
2986,Kasen Jennings,0.0923,-0.8348,-0.7424,South Fla.
2987,Kasheem Grady,0.8435,1.6256,2.4691,Kansas City
2988,Kaspar Sepp,-0.8308,1.2048,0.374,Valparaiso
2989,Kasparas Jakucionis,0.9005,4.219,5.1194,Illinois
2990,Kavion McClain,0.9346,-0.229,0.7056,Texas Southern
2991,Kavon Bradford,1.8042,-1.4548,0.3494,Buffalo
2992,Kayde Dotson,1.4538,1.3423,2.7961,New Mexico
2993,Kayden Carter,0.3704,0.845,1.2154,Western Ill.
2994,Kayden Fish,-0.0185,-0.2001,-0.2186,Iowa State
2995,Kayvaun Mulready,-0.4603,0.2687,-0.1916,Georgetown
2996,KeShawn Murphy,1.3787,0.7249,2.1036,Mississippi State
2997,Kean Webb,-1.7934,-0.3017,-2.095,San Diego
2998,Keanu Dawes,-0.337,0.5672,0.2302,Utah
2999,Keaston Willis,-1.6207,1.0851,-0.5356,Tulsa
3000,Keaton Dukes,-0.3317,-0.0593,-0.391,Purdue Fort Wayne
3001,Keaton Kutcher,0.1701,-0.2799,-0.1097,Illinois
3002,Keaton Norris,0.3247,2.5517,2.8764,Wright State
3003,Keba Keita,2.2145,2.1777,4.3921,BYU
3004,Kebba Njie,1.766,1.2454,3.0113,Notre Dame
3005,Keegan Harvey,-0.2228,-0.1522,-0.375,George Washington
3006,Keelan Steele,0.5745,1.1722,1.7467,Maine
3007,Keenan Bey,0.244,0.4389,0.6829,UMass Lowell
3008,Keenan Emmanuel,-0.1151,0.2078,0.0927,SFA
3009,Keenan Fitzmorris,-1.5866,1.2409,-0.3456,Northwestern
3010,Keenan Garner,-0.6115,-0.5007,-1.1123,IU Indy
3011,Keenan Wilkins,-1.6885,-0.9014,-2.59,Charleston So.
3012,Keeshawn Barthelemy,0.741,3.3825,4.1235,Oregon
3013,Keeshawn Kellman,1.1079,1.4029,2.5109,FGCU
3014,Keeyan Itejere,1.2952,-0.6743,0.6209,Northern Ky.
3015,Kehlin Farooq,2.3396,0.9371,3.2767,Texas Southern
3016,Keionte Cornelius,-3.0105,-1.3399,-4.3504,Alcorn
3017,Keishon Porter,0.7228,0.9524,1.6752,N.C. Central
3018,Keitenn Bristow,1.7229,-0.823,0.8999,Tarleton State
3019,Keith Higgins,-0.4993,0.3793,-0.12,Lehigh
3020,Keith Lamar,1.7165,-3.433,-1.7165,SFA
3021,Keith Richard,-2.8457,-1.8068,-4.6525,Cal St. Fullerton
3022,Keith Robbins,-0.0119,-0.0578,-0.0697,Belmont
3023,Keiveon Hunt,3.1783,1.6834,4.8617,Jackson State
3024,Kelcy Phipps,1.1501,-0.8563,0.2938,Portland State
3025,Kelechi Okworogwo,0.3703,0.7127,1.083,N.C. Central
3026,Kellan Boylan,0.5515,-0.0833,0.4682,Lipscomb
3027,Kellen Amos,0.1207,0.8517,0.9724,Rice
3028,Kellen Thames,0.1111,-0.3839,-0.2728,Saint Louis
3029,Kellen Tynes,1.7771,0.5649,2.342,Maine
3030,Kellen Welch,0.08,-0.2773,-0.1972,Bucknell
3031,Keller Boothby,0.9851,1.9907,2.9758,William & Mary
3032,Kelson Gebbers,0.2158,0.2577,0.4735,Portland
3033,Kelton Talford,-0.2306,3.011,2.7805,Winthrop
3034,Kelton Williams,0.5238,0.2195,0.7433,ULM
3035,Ken Evans,1.0098,0.7446,1.7544,Fla. Atlantic
3036,Kendal Coleman,-0.0106,-0.1786,-0.1892,California Baptist
3037,Kendal Parker,-0.7009,-0.726,-1.4269,Mississippi Val.
3038,Kendall Blue,0.0053,2.0526,2.0579,St. Thomas (MN)
3039,Kendall Campbell,-0.548,0.0559,-0.4921,Elon
3040,Kendall Hailey,-0.1986,-1.6513,-1.8499,Army West Point
3041,Kendall Munson,1.4117,0.4827,1.8944,Jacksonville
3042,Kendell Cave,-0.0401,-0.0773,-0.1174,UNCW
3043,Kendrick De Luna,-0.3057,-3.0555,-3.3612,Cal St. Fullerton
3044,Kennard Davis,-1.9723,0.2261,-1.7462,Southern Ill.
3045,Kenny Hunter,-0.2713,-2.055,-2.3264,Texas Southern
3046,Kenny Noland,-0.2351,1.141,0.9059,Columbia
3047,Kenny Pohto,2.3033,1.7307,4.034,UC Santa Barbara
3048,Kenny White,0.3952,0.5813,0.9764,Morehead State
3049,Kent Jackson,1.2387,-1.8067,-0.568,Jacksonville
3050,Kentrell Garnett,0.5654,-0.9698,-0.4044,Louisiana
3051,Kentrell Pullian,3.2854,1.1514,4.4368,Milwaukee
3052,Kenyon Giles,1.2263,1.0877,2.314,UNC Greensboro
3053,Kenyon Goodin,-3.5572,0.8809,-2.6763,Bellarmine
3054,Keon Ambrose-Hylton,1.0958,2.8896,3.9854,SMU
3055,Keon Thompson,-1.5616,-0.4776,-2.0392,SFA
3056,Keonte Jones,2.4696,1.0667,3.5363,CSUN
3057,Kernan Bundy,2.4042,-0.5062,1.898,Iona
3058,Kerr Kriisa,1.2132,-0.1515,1.0616,Kentucky
3059,Kerrington Kiel,-0.153,-0.5264,-0.6794,Troy
3060,Kerwin Prince,-0.0683,0.1269,0.0586,New Orleans
3061,Kerwin Walton,-0.4053,2.4979,2.0926,Texas Tech
3062,Kesean Shillingford,0.3366,-0.7104,-0.3738,Stonehill
3063,Keshawn Williams,0.8621,-1.2588,-0.3967,Colorado State
3064,Keshon Gilbert,3.7206,2.4127,6.1332,Iowa State
3065,Ketron Shaw,-1.5175,-0.7448,-2.2623,UMES
3066,Kevin Carney,0.1584,-0.2126,-0.0542,LMU (CA)
3067,Kevin Dunn,-0.1498,-0.2518,-0.4016,Wake Forest
3068,Kevin Gad,-0.5398,-0.3932,-0.933,Saint Mary's (CA)
3069,Kevin Kalu,0.63,-0.2021,0.4279,UTEP
3070,Kevin Kogbara,0.1149,-1.0804,-0.9655,Delaware
3071,Kevin McCarthy,-0.0235,1.1698,1.1463,Army West Point
3072,Kevin Overton,2.3701,1.6982,4.0683,Texas Tech
3073,Kevin Patton,-1.2107,-0.7901,-2.0008,Southern California
3074,Kevin Pazmino,-0.4292,-0.1517,-0.5809,Florida
3075,Kevin de Kovachich,-0.3006,0.6325,0.3319,North Ala.
3076,Kevon Vanderhorst,0.2397,-1.6092,-1.3695,Drexel
3077,Keyishon Miller,-0.7355,-0.4402,-1.1757,Sacred Heart
3078,Keynan Davis,0.6353,-0.7902,-0.1549,The Citadel
3079,Keyon Kensie,0.3291,-0.7576,-0.4284,San Diego
3080,Keyon Webb,0.0699,0.0196,0.0895,UNC Greensboro
3081,Keyontae Lewis,2.4623,-2.2623,0.2,Wagner
3082,Keyshawn Hall,-0.0184,1.7807,1.7623,UCF
3083,Keyshawn Mitchell,0.8823,-1.0512,-0.1688,Bryant
3084,Kezza Giffa,1.3845,3.7222,5.1067,High Point
3085,Khaden Bennett,1.8941,2.1143,4.0084,Quinnipiac
3086,Khaled Khaled,0.3217,0.4533,0.775,UIC
3087,Khali Horton,1.0759,-1.3224,-0.2465,Coppin State
3088,Khalif Battle,2.7023,2.1129,4.8152,Gonzaga
3089,Khalil Badru,0.135,0.9329,1.0679,New Hampshire
3090,Khalil Brantley,0.6234,-0.3021,0.3213,Oklahoma State
3091,Khalil Farmer,-0.1981,0.7507,0.5525,Hofstra
3092,Khaliq Abdul-Mateen,-1.3181,-2.0259,-3.3441,East Texas A&M
3093,Khaman Maker,-0.0902,-0.1028,-0.193,St. John's (NY)
3094,Khaman Maluach,1.9193,4.2769,6.1962,Duke
3095,Khamani Cooper,-0.7339,-0.7523,-1.4862,Omaha
3096,Khamari McGriff,0.6224,2.613,3.2354,UNCW
3097,Khani Rooths,0.5511,-1.0377,-0.4866,Louisville
3098,Kheni Briggs,0.2836,-1.9236,-1.6399,UAlbany
3099,Khouri Carvey,0.1737,1.0018,1.1756,Morehead State
3100,Khristian Lander,2.8352,-0.2903,2.5449,Western Ky.
3101,KiJan Robinson,-0.0031,0.1809,0.1778,Hofstra
3102,Kian Scroggins,-0.1779,0.8135,0.6356,Sam Houston
3103,Kieran Elliott,-0.522,-0.59,-1.1121,Cal Poly
3104,Kieran O'Haire,0.1038,0.0946,0.1984,Providence
3105,Kiir Kiir Chol Deng,0.3417,0.0898,0.4314,Sacramento St.
3106,Kilian Brockhoff,0.8247,-0.6445,0.1802,Saint Louis
3107,Killian Gribben,2.0882,-0.7176,1.3706,Maine
3108,Kimani Hamilton,0.003,1.7426,1.7456,High Point
3109,Kimo Ferrari,0.5745,0.9289,1.5034,San Diego State
3110,Kino Lilly,0.2222,0.9257,1.1479,Brown
3111,Kintavious Dozier,0.8316,0.5379,1.3696,Grambling
3112,Kiran Oliver,-0.145,0.1393,-0.0058,Morgan State
3113,Kiree Huie,-1.4676,-0.8227,-2.2903,Miami (FL)
3114,Kirk Cole,-0.2177,-0.0173,-0.235,Oklahoma State
3115,Kiyron Powell,-0.0952,0.8558,0.7606,Western Ill.
3116,Kjay Bradley,1.9106,-0.5308,1.3798,San Diego
3117,Klemen Vuga,-1.5348,-3.3253,-4.8602,Ark.-Pine Bluff
3118,Knute Wood,0.4253,0.3171,0.7424,Tennessee State
3119,Koat Keat Tong,1.1001,0.7159,1.816,UC Santa Barbara
3120,Kobe Elvis,1.7545,2.0563,3.8109,Oklahoma
3121,Kobe Jerome,0.2163,0.0901,0.3064,Delaware
3122,Kobe Johnson,3.4725,3.4661,6.9387,UCLA
3123,Kobe Johnson,3.4725,3.4661,6.9387,Saint Louis
3124,Kobe Julien,2.8747,1.9758,4.8506,Arkansas State
3125,Kobe Knox,0.4067,0.9884,1.3951,South Fla.
3126,Kobe MaGee,1.0077,1.0145,2.0222,Drexel
3127,Kobe Newton,-0.0559,1.4188,1.3629,Wyoming
3128,Kobe Sanders,0.6653,4.9514,5.6167,Nevada
3129,Kobe Stewart,0.1818,1.3487,1.5305,Presbyterian
3130,Kobe Williamson,0.8026,-0.0745,0.7281,Seattle U
3131,Kobe Young,0.3881,-1.6391,-1.251,Cal St. Fullerton
3132,Kobi Bowles,-0.5962,0.2176,-0.3786,UIW
3133,Koby Brea,0.0455,4.6633,4.7088,Kentucky
3134,Koby Jeffries,-0.1503,0.4529,0.3026,UIC
3135,Kody Clancy,0.3421,0.2816,0.6237,Ball State
3136,Kody Clouet,-2.5395,-0.6016,-3.141,San Diego
3137,Kody Williams,-0.7877,-0.3127,-1.1003,Hawaii
3138,Kohen Rowbatham,0.4888,0.5412,1.0299,New Orleans
3139,Kolby Granger,2.2901,-0.2573,2.0328,Texas Southern
3140,Kolby King,1.2169,-0.3252,0.8917,Butler
3141,Kole Williams,-0.3015,-1.6605,-1.962,FIU
3142,Kolten Griffin,-2.2286,-0.9929,-3.2215,West Ga.
3143,Kolton Mitchell,-2.104,3.1605,1.0565,Idaho
3144,Kon Knueppel,3.3524,5.5292,8.8817,Duke
3145,Kooper Jacobi,0.3354,-0.6692,-0.3338,Eastern Ill.
3146,Kordelius Jefferson,0.6963,-1.6287,-0.9325,Houston
3147,Koree Cotton,2.5469,-1.1075,1.4394,Jacksonville State
3148,Koren Johnson,0.2216,-0.1786,0.043,Louisville
3149,Koron Davis,-1.1658,0.9042,-0.2615,Louisiana
3150,Kory Mincy,0.3325,1.0441,1.3766,Presbyterian
3151,Kosy Akametu,-0.1733,0.759,0.5857,Santa Clara
3152,Kowacie Reeves,-0.5818,-0.031,-0.6128,Georgia Tech
3153,Kris Keinys,-0.1526,0.7849,0.6323,Pacific
3154,Kris Mickens,0.6041,-0.077,0.5271,Longwood
3155,Kris Parker,-0.4885,0.9879,0.4994,Villanova
3156,Kristian Gonzalez,-2.5802,1.2439,-1.3363,Idaho
3157,Kristiyan Popov,-0.483,-1.0525,-1.5355,Little Rock
3158,Kuluel Mading,0.66,0.5597,1.2197,Norfolk State
3159,Kur Teng,-0.1641,0.7237,0.5596,Michigan State
3160,Kvonn Cramer,0.6331,1.7853,2.4185,Bryant
3161,Kwame Evans,4.0754,1.3339,5.4092,Oregon
3162,Kwame Tanic,-0.0957,-0.1083,-0.204,Georgia State
3163,Kwo Agwa,-1.5791,0.386,-1.1931,UTRGV
3164,KyKy Tandy,0.5421,2.3998,2.9419,Fla. Atlantic
3165,Kyan Evans,2.1598,1.9716,4.1314,Colorado State
3166,Kycen Pruett,0.5224,-0.1329,0.3894,Marshall
3167,KyeRon Lindsay,1.2419,-0.4641,0.7778,Murray State
3168,Kylan Blackmon,0.2397,-1.5268,-1.287,Charlotte
3169,Kylan Boswell,0.948,3.2144,4.1624,Illinois
3170,Kyle Braun,0.5353,-1.317,-0.7817,Pepperdine
3171,Kyle Brown,-3.3574,0.7868,-2.5706,Ark.-Pine Bluff
3172,Kyle Carlesimo,-0.1803,1.9595,1.7792,Colgate
3173,Kyle Cuffe,1.3727,-0.5148,0.8579,Syracuse
3174,Kyle Edison,0.1327,1.6942,1.827,Southeastern La.
3175,Kyle Evans,1.8394,-0.589,1.2504,UC Irvine
3176,Kyle Frazier,-2.0648,-0.0938,-2.1586,William & Mary
3177,Kyle Jenkins,1.2009,-0.7762,0.4246,Fairfield
3178,Kyle Jorgensen,0.1334,0.9592,1.0926,Colorado State
3179,Kyle Layton,0.002,-0.3473,-0.3453,Tennessee Tech
3180,Kyle Marshall,-0.4614,-0.8766,-1.3381,Air Force
3181,Kyle Pock,-0.4941,-0.7729,-1.2669,UNI
3182,Kyle Pulliam,-0.2585,-0.258,-0.5165,William & Mary
3183,Kyle Thomas,0.8454,-0.1863,0.6591,SIUE
3184,Kyle Winters,0.9056,-0.4931,0.4125,Siena
3185,Kylen Milton,-0.7787,-0.7043,-1.483,Murray State
3186,Kyler Filewich,-0.6795,3.8066,3.1271,Wofford
3187,Kyler VanderJagt,1.1034,0.4762,1.5796,Central Mich.
3188,Kylin Green,0.13,0.2372,0.3672,Utah Valley
3189,Kymany Houinsou,1.4395,1.5244,2.964,Loyola Chicago
3190,Kyndall Davis,-0.6902,-0.2452,-0.9354,Louisiana
3191,Kyran Ratliff,0.1595,-1.248,-1.0885,Louisiana
3192,Kyrell Luc,1.594,0.7085,2.3025,Longwood
3193,Kyrell Shaw,-1.5767,0.5853,-0.9914,UMES
3194,Kyrese Mullen,1.8802,0.1983,2.0784,Hampton
3195,Kyric Davis,-0.2016,-2.1062,-2.3079,West Ga.
3196,Kyrone Alexander,0.7332,-1.1847,-0.4515,Boston U.
3197,Kyson Rose,-1.1607,0.1784,-0.9824,Idaho
3198,LA Pratt,-1.78,-1.5873,-3.3673,Northeastern
3199,LJ Brown,0.447,0.3095,0.7565,UTSA
3200,LJ Cason,0.0288,0.0107,0.0395,Michigan
3201,LJ Cryer,2.8492,3.6015,6.4508,Houston
3202,LJ Thomas,-0.4764,1.1863,0.7099,Austin Peay
3203,LJ Wells,1.4125,0.3123,1.7248,Northern Ky.
3204,Labaron Philon,1.3613,4.3107,5.672,Alabama
3205,Lachlan Brewer,-0.4924,1.0509,0.5585,Sacramento St.
3206,Ladji Dembele,0.7829,-0.4134,0.3695,Iowa
3207,Lado Laku,0.8965,0.0597,0.9562,Northwestern State
3208,Lajae Jones,2.076,1.0127,3.0886,St. Bonaventure
3209,Lamaj Lewis,-1.0647,0.5911,-0.4736,LMU (CA)
3210,Lamar Oden,0.9428,-0.3116,0.6312,Charleston So.
3211,Lamar Washington,-1.2646,0.2144,-1.0502,Pacific
3212,Lamar Wilkerson,-0.5167,2.4352,1.9185,Sam Houston
3213,Lamin Sabally,0.1686,-0.3704,-0.2018,UIW
3214,Lamine Niang,0.2526,-0.8925,-0.6399,UT Martin
3215,Lamont Butler,3.3964,3.8491,7.2455,Kentucky
3216,Lamont Evans,-0.1739,0.401,0.227,McNeese
3217,Lance Terry,-0.8435,2.2286,1.3851,Georgia Tech
3218,Lance Waddles,-0.5985,0.7876,0.1891,Omaha
3219,Lance Ware,-0.0783,-0.4168,-0.4951,UT Arlington
3220,Landen Babusiak,0.4239,0.0806,0.5046,Stetson
3221,Landin Hacker,-0.6642,0.2063,-0.4579,Bellarmine
3222,Landon Glasper,-1.3226,1.3683,0.0457,N.C. A&T
3223,Landon Johnson,0.1205,-0.2451,-0.1245,Ark.-Pine Bluff
3224,Landon Lewis,-0.1207,-0.3534,-0.4741,Brown
3225,Landon Moore,-0.256,2.3217,2.0658,Butler
3226,Landon Wolf,1.2859,1.2171,2.5031,Illinois State
3227,Landren Blocker,0.5784,-0.1147,0.4637,Louisiana Tech
3228,Landyn Jumawan,1.7393,0.3947,2.1341,Northwestern State
3229,Langdon Hatton,-0.5863,-0.5,-1.0863,Indiana
3230,Langston Love,-1.1731,2.6397,1.4666,Baylor
3231,Langston Redfield,1.8394,-0.5826,1.2568,UC Irvine
3232,Langston Reynolds,0.8492,1.1881,2.0372,Northern Colo.
3233,Laquan Hunt,0.2644,0.6713,0.9357,South Carolina State
3234,Larry Hughes,-0.0487,-0.1458,-0.1945,Saint Louis
3235,Lase Olalere,-1.4732,0.331,-1.1422,Charleston So.
3236,Lathan Sommerville,0.3257,0.1969,0.5226,Rutgers
3237,Latif Diouf,0.5567,-1.3299,-0.7732,Chattanooga
3238,Latrell Davis,-0.0433,0.02,-0.0233,San Jose State
3239,Latrell Jossell,-0.4895,1.0212,0.5317,North Texas
3240,Latrell Wrightsell,0.9329,0.8599,1.7928,Alabama
3241,Laurynas Vaistaras,0.0273,-1.3345,-1.3072,Mercer
3242,Lawrence Foreman,-0.6765,-0.0897,-0.7663,UMES
3243,Lawson Lovering,0.1548,1.0337,1.1884,Utah
3244,Layden Blocker,0.7047,-0.8195,-0.1148,DePaul
3245,Layne Taylor,0.1672,-0.5285,-0.3613,Central Ark.
3246,Lazar Djokovic,-0.6532,-0.2158,-0.869,Col. of Charleston
3247,Lazar Grbovic,0.971,-0.7017,0.2693,Eastern Ill.
3248,Lazar Stefanovic,3.4038,1.8694,5.2732,UCLA
3249,Laziz Talipov,0.0071,-0.1037,-0.0966,George Washington
3250,LeJuan Watts,-1.2048,1.6761,0.4713,Washington State
3251,Learic Davis,0.8762,-0.0462,0.83,Milwaukee
3252,Lee Dort,1.5989,-0.896,0.7029,California
3253,Leeroy Odiahi,0.472,-0.7512,-0.2792,Western Ky.
3254,Lefteris Liotopoulos,-0.4415,0.1452,-0.2964,St. John's (NY)
3255,Legend Geeter,-0.8559,-0.5638,-1.4198,Detroit Mercy
3256,Leigh Rickwood-Pitt,0.1377,-0.7654,-0.6277,Northern Ariz.
3257,Leland Coleman,-1.4736,-0.3965,-1.8701,New Orleans
3258,Leland Walker,0.3085,1.7603,2.0689,Fla. Atlantic
3259,Lenard Taylor,-0.3587,0.0768,-0.2819,Florida A&M
3260,Leo Byrne,0.1335,-0.3437,-0.2102,Harvard
3261,Leo Colimerio,-0.2052,1.6059,1.4007,Queens (NC)
3262,Leo DeBruhl,2.0786,0.5375,2.6161,UC Davis
3263,Leo Nordberg,1.3183,0.5444,1.8627,Longwood
3264,Leo Ricketts,-0.7987,0.0401,-0.7586,Sacramento St.
3265,Leo Torbor,2.1586,-0.4732,1.6854,A&M-Corpus Christi
3266,Leon Bond,-0.6114,1.7486,1.1372,UNI
3267,Leon Horner,-0.1691,0.1256,-0.0435,Texas Tech
3268,Leon Nahar,-0.8891,0.3711,-0.518,Stony Brook
3269,Leonardo Bettiol,3.0059,0.1409,3.1467,Abilene Christian
3270,Levi Brown,-0.0701,-0.1071,-0.1772,Wyoming
3271,Levi Lawal,-0.5451,-1.5826,-2.1277,NJIT
3272,Liam Carney,0.1405,0.1638,0.3043,High Point
3273,Liam Lloyd,0.6552,-0.2016,0.4535,Arizona
3274,Liam McNeeley,3.2122,1.5913,4.8035,UConn
3275,Liam Murphy,-1.4967,3.5037,2.0071,North Florida
3276,Liam Price,-0.0449,-0.166,-0.2109,Merrimack
3277,Liam Vitters,-0.3199,0.075,-0.2449,Chattanooga
3278,Liam Weaver,-0.2385,0.1585,-0.0799,Richmond
3279,Lieb Yat,-0.1851,0.0931,-0.092,Southern Miss.
3280,Lincoln Ball,1.0333,1.0977,2.131,American
3281,Lincoln Meister,-0.1478,0.0426,-0.1052,Minnesota
3282,Lincoln Palbicki,-0.2709,-0.0789,-0.3498,Omaha
3283,Linus Holmstrom,-2.0459,0.8855,-1.1604,VMI
3284,Liutauras Lelevicius,0.0734,1.7989,1.8722,Oregon State
3285,Lloyd McVeigh,-0.4538,0.7577,0.3039,Buffalo
3286,LoLo Rudolph,-0.228,-1.9656,-2.1937,Cal St. Fullerton
3287,Loch Cunningham,-0.1689,0.1444,-0.0245,Denver
3288,Logan Carey,1.7742,-0.2146,1.5596,Maine
3289,Logan Duncomb,0.1491,-1.1169,-0.9678,Winthrop
3290,Logan Epes,0.09,0.5524,0.6423,Missouri State
3291,Logan Imes,-0.3323,-0.826,-1.1583,Notre Dame
3292,Logan McLaughlin,0.5694,-0.6912,-0.1219,Cal Poly
3293,Logan Robeson,0.0266,-0.452,-0.4254,Hawaii
3294,Logan Schayes,-0.015,-0.0925,-0.1075,Morgan State
3295,Logan Stephens,-0.0613,-0.5636,-0.6249,Tulane
3296,Logan Suber,2.3275,-1.1802,1.1473,Lipscomb
3297,Logan Woods,1.2602,1.2546,2.5148,Wright State
3298,Lok Wur,1.2005,0.5989,1.7994,Grand Canyon
3299,London Fields,-1.2317,-0.4774,-1.7091,Louisiana
3300,London Riley,-0.0282,-0.3261,-0.3543,Alabama A&M
3301,Lorenzo Abellar,1.3422,-1.0817,0.2605,Southern Utah
3302,Lorenzo Downey,-0.2114,-2.0879,-2.2993,Alabama A&M
3303,Louie Jordan,-0.621,2.2257,1.6047,UMBC
3304,Louie Semona,-0.9897,-0.1924,-1.1821,Stonehill
3305,Louis Bleechmore,-2.0207,-1.5739,-3.5946,Fairfield
3306,Louis Daoust,0.5474,-0.563,-0.0156,Tennessee State
3307,Louis Hutchinson,-0.6381,-0.5405,-1.1786,Grambling
3308,Louis Lesmond,1.4454,-0.2219,1.2235,Harvard
3309,Louth Coulibaly,0.1104,-0.2692,-0.1588,Valparaiso
3310,Love Bettis,0.4475,0.21,0.6575,Northwestern State
3311,Lu'cye Patterson,-0.2082,0.7731,0.5649,Minnesota
3312,Luca Ace-Nasteski,-0.413,-0.775,-1.188,Harvard
3313,Luca Colceag,-0.3105,1.0918,0.7813,Northern Colo.
3314,Luca Soroa,-0.5598,-1.4101,-1.9699,Northeastern
3315,Lucas Orchard,-0.5702,-0.6331,-1.2033,Monmouth
3316,Lucas Prolla,-0.0945,-0.1918,-0.2863,Duquesne
3317,Lucas Scroggins,0.5824,0.599,1.1813,Valparaiso
3318,Lucas Taylor,0.1796,1.4399,1.6195,Syracuse
3319,Lucas Williams,0.3356,-0.067,0.2687,UT Martin
3320,Lucius Gibson-Savadel,0.0379,0.0422,0.0801,Sacred Heart
3321,Luis Kortright,0.4622,0.7985,1.2606,Washington
3322,Luka Damjanac,-1.617,0.8326,-0.7845,Massachusetts
3323,Luka Savicevic,-1.6004,1.2452,-0.3552,Lafayette
3324,Luka Tarlac,-1.2463,-0.4491,-1.6953,Cal Poly
3325,Luka Toews,-0.1819,0.2122,0.0303,Boston College
3326,Lukas Prongos,0.2508,-0.1213,0.1295,UC Davis
3327,Lukas Sotell,0.7148,-0.1326,0.5821,Maryland
3328,Lukas Walls,1.7316,0.685,2.4165,Samford
3329,Luke Allison,0.3729,0.0621,0.435,Presbyterian
3330,Luke Anderson,-0.2508,-3.9913,-4.2421,James Madison
3331,Luke Anderson,-0.2508,-3.9913,-4.2421,Bellarmine
3332,Luke Bamgboye,2.3085,2.0518,4.3603,VCU
3333,Luke Barrett,4.337,2.9644,7.3014,Saint Mary's (CA)
3334,Luke Benson,-0.1741,-0.5764,-0.7505,Army West Point
3335,Luke Carter,0.411,0.5626,0.9736,Lipscomb
3336,Luke Cecchi,-0.0356,-0.0323,-0.0679,Siena
3337,Luke Champion,0.1986,-0.1984,0.0002,Arizona
3338,Luke Davidson,0.1574,0.1398,0.2971,Fairfield
3339,Luke Davis,-0.935,-1.0074,-1.9423,Southern Ind.
3340,Luke Davis,-0.935,-1.0074,-1.9423,New Orleans
3341,Luke Flynn,-0.1591,2.0561,1.897,Wofford
3342,Luke Fonts,0.1038,0.0946,0.1984,Providence
3343,Luke Goode,1.7386,1.4759,3.2145,Indiana
3344,Luke Gray,-0.3353,-1.0553,-1.3906,Oral Roberts
3345,Luke Hunger,-0.0667,-0.4453,-0.512,Northwestern
3346,Luke Johnson,-0.0323,0.0526,0.0203,Oregon
3347,Luke Jungers,0.2922,0.1833,0.4755,Iona
3348,Luke Kasubke,-0.5041,1.1901,0.686,North Dakota State
3349,Luke Kearney,-0.5974,-1.5641,-2.1616,Air Force
3350,Luke Keller,0.249,0.1315,0.3805,Ga. Southern
3351,Luke Kinkade,-0.1685,0.2108,0.0423,William & Mary
3352,Luke Ledford,-0.0705,-0.5037,-0.5742,App State
3353,Luke McEldon,0.167,-0.0461,0.1208,Santa Clara
3354,Luke Murphy,-0.3179,-0.2142,-0.5321,Colorado State
3355,Luke Naser,-0.0473,0.0474,0.0002,UNLV
3356,Luke Northweather,0.5239,-0.8188,-0.2949,Oklahoma
3357,Luke O'Brien,-1.0927,-0.0354,-1.128,Georgia Tech
3358,Luke Paragon,-0.382,-0.2356,-0.6176,Brown
3359,Luke Skaljac,-0.8718,0.8513,-0.0204,Miami (OH)
3360,Luke Stansbury,-0.0458,0.027,-0.0188,SFA
3361,Luke Turner,-0.2862,0.4804,0.1942,UC Riverside
3362,Luke Wilson,0.0818,0.5727,0.6545,App State
3363,Luke Zimmerman,0.1182,-0.0828,0.0353,Davidson
3364,Luther Smith,0.0088,-0.3892,-0.3804,Southern Ind.
3365,Lyndel Erold,1.3727,0.5301,1.9028,Brown
3366,Lynn Greer,0.4848,-0.7935,-0.3087,Temple
3367,Lynn Kidd,-0.1815,1.0384,0.8569,Miami (FL)
3368,Lysander Rehnstrom,0.9387,-1.8017,-0.8631,Navy
3369,MJ Collins,0.6107,-0.3766,0.2341,Vanderbilt
3370,MJ Thomas,-0.9335,0.3035,-0.6301,New Orleans
3371,Ma'Kye Taylor,0.0418,-0.3512,-0.3093,UAlbany
3372,Ma'Shy Hill,-1.1017,-0.1457,-1.2474,Abilene Christian
3373,Ma'Syn Howell,0.2568,0.0266,0.2834,North Texas
3374,Maban Jabriel,-1.0855,1.4277,0.3422,Queens (NC)
3375,Mabor Majak,1.1398,-0.9739,0.1659,Coastal Carolina
3376,Mac Etienne,-0.0034,1.7486,1.7452,La Salle
3377,Mac Riniker,2.0195,-1.3616,0.6579,Cal Poly
3378,Mac Wrecke,-1.5596,-0.0083,-1.5679,Green Bay
3379,Macaleab Rich,0.8619,0.0225,0.8843,Kansas State
3380,Mackenzie Mgbako,-0.6323,2.591,1.9587,Indiana
3381,Macon Emory,0.207,-1.9527,-1.7457,Delaware
3382,Maddux Bodenhamer,1.9874,-0.6712,1.3162,Tennessee State
3383,Madiba Owona,-0.4883,-0.2408,-0.7291,Utah Tech
3384,Madison Durr,-0.4052,1.339,0.9339,Monmouth
3385,Mady Sissoko,-1.1178,2.6527,1.5349,California
3386,Magnus Entenmann,-0.1885,0.5648,0.3763,Kent State
3387,Magoon Gwath,4.0361,0.5125,4.5486,San Diego State
3388,Mahmoud Fofana,0.3735,-0.202,0.1716,CSUN
3389,Majer Sullivan,-0.1437,0.6666,0.523,Utah Valley
3390,Maji David-Maji,0.3335,-0.3405,-0.007,Canisius
3391,Major Freeman,-0.0348,-0.5578,-0.5926,Siena
3392,Mak Manciel,0.1554,0.5078,0.6631,Detroit Mercy
3393,Makai Grant,-0.0222,-0.0052,-0.0274,Dayton
3394,Makai Richards,-1.2128,0.1453,-1.0675,Chattanooga
3395,Makai Willis,0.2015,-0.3875,-0.1861,ULM
3396,Makaih Williams,2.1357,-0.5631,1.5726,Grand Canyon
3397,Makhai Valentine,-0.5452,0.4371,-0.1081,Missouri State
3398,Makhi Myles,-0.3029,-0.0716,-0.3744,UAB
3399,Maki Johnson,1.5707,0.4325,2.0032,ETSU
3400,Makoi Mabor,0.4418,0.9179,1.3597,UNCW
3401,Makuei Riek,-0.3881,-0.6915,-1.0796,Fairfield
3402,Malachi Arrington,-0.2924,0.2829,-0.0096,NJIT
3403,Malachi Brown,-0.0976,0.8115,0.714,Georgia State
3404,Malachi Davis,1.0473,-0.1653,0.882,LIU
3405,Malachi Douyon,0.062,0.0562,0.1181,Santa Clara
3406,Malachi McReed,-0.2339,0.2291,-0.0048,Southern U.
3407,Malachi Ndur,2.0488,-0.4782,1.5706,William & Mary
3408,Malachi Palmer,3.4064,0.5733,3.9797,Maryland
3409,Malachi Poindexter,-3.0654,0.7946,-2.2708,Illinois State
3410,Malachi Smith,-0.2576,2.3571,2.0996,Dayton
3411,Malcolm Chimezie,0.3479,-0.7259,-0.378,Boston U.
3412,Malcolm Christie,-3.1337,-0.0399,-3.1736,Oakland
3413,Malcolm Dread,-1.2777,-0.7296,-2.0073,Mount St. Mary's
3414,Malcolm Noel,-0.3296,0.1848,-0.1447,West Ga.
3415,Malcolm Wilson,0.3413,-0.961,-0.6197,Queens (NC)
3416,Malcolm Wrisby-Jefferson,0.1224,0.3563,0.4787,Brown
3417,Malcom Stute,-0.0478,-0.0518,-0.0996,Florida A&M
3418,Maleek Arington,0.4161,0.9102,1.3263,Seattle U
3419,Malek Abdelgowad,2.1789,-1.4427,0.7362,Massachusetts
3420,Malek Gomma,-0.1881,1.8653,1.6772,Seattle U
3421,Malick Diallo,0.3622,-1.4588,-1.0966,TCU
3422,Malik Abdullahi,1.7983,-0.4417,1.3566,Princeton
3423,Malik Dia,1.788,1.3761,3.1641,Ole Miss
3424,Malik Edmead,0.5901,-1.0386,-0.4484,Merrimack
3425,Malik Ferguson,-0.3271,0.4604,0.1333,Georgia State
3426,Malik Henry,1.2549,1.8734,3.1283,UNC Greensboro
3427,Malik Lamin,0.5217,-0.5984,-0.0767,Southern Utah
3428,Malik Mack,0.1779,1.6062,1.7841,Georgetown
3429,Malik Moore,1.5157,1.9237,3.4394,Montana
3430,Malik Olafioye,-0.9107,-1.5683,-2.479,Eastern Ill.
3431,Malik Rasul,0.897,0.53,1.4271,Lafayette
3432,Malik Reneau,1.2987,1.4128,2.7115,Indiana
3433,Malik Sheppard,-0.0231,-0.2608,-0.2839,Sacred Heart
3434,Malik Thomas,0.1155,2.226,2.3415,San Francisco
3435,Maliq Brown,2.7128,0.0759,2.7887,Duke
3436,Malique Ewin,1.824,2.5168,4.3409,Florida State
3437,Mambourou Mara,1.0956,-0.3647,0.7309,North Dakota
3438,Mandela Tarke,0.127,-0.0207,0.1063,Towson
3439,Manie Joses,1.6402,0.278,1.9182,Davidson
3440,Manny Obaseki,2.2862,0.5686,2.8548,Texas A&M
3441,Mantas Kocanas,0.2499,-0.0706,0.1793,Fla. Atlantic
3442,Marcel Bryant,-3.2571,-2.2394,-5.4965,Prairie View
3443,Marcell McCreary,0.9561,2.0168,2.9728,Northern Colo.
3444,Marcellus Brigham,1.0201,2.1284,3.1485,Jacksonville State
3445,Marchelus Avery,-0.494,1.5573,1.0633,Oklahoma State
3446,Marcos San Miguel,0.4997,0.0114,0.5112,Georgia Tech
3447,Marcus Adams,3.218,3.5283,6.7462,CSUN
3448,Marcus Allen,1.7128,0.598,2.3109,Missouri
3449,Marcus Banks,-0.9114,2.3541,1.4427,UMBC
3450,Marcus Boykin,0.9747,2.3334,3.3081,Sam Houston
3451,Marcus Dockery,-1.5068,0.4592,-1.0476,Howard
3452,Marcus Foster,0.6661,2.7177,3.3837,Xavier
3453,Marcus Glover,-0.5337,0.1893,-0.3444,UIW
3454,Marcus Greene,1.2513,1.9751,3.2264,Hawaii
3455,Marcus Hall,-0.7062,-0.6979,-1.4042,Green Bay
3456,Marcus Hill,1.2456,1.2457,2.4913,NC State
3457,Marcus Jackson,-1.0667,0.167,-0.8997,Siena
3458,Marcus Johnson,0.389,2.1296,2.5186,Bowling Green
3459,Marcus Kell,-1.136,-0.5352,-1.6712,Western Caro.
3460,Marcus Millender,0.21,1.8015,2.0115,UTSA
3461,Marcus Overstreet,0.455,-0.3862,0.0688,Mercer
3462,Marcus Randolph,0.9061,-0.6605,0.2456,Saint Peter's
3463,Marcus Rigsby,2.4023,-1.8156,0.5867,Troy
3464,Marcus Tankersley,-2.3287,-1.7316,-4.0602,Alcorn
3465,Marcus Watson,-1.5001,-1.1621,-2.6623,Jackson State
3466,Marcus Williams,1.0896,1.2453,2.3348,San Francisco
3467,Marcus Wilson,0.763,0.7302,1.4932,Washington State
3468,Mari Jordan,1.181,1.8405,3.0216,Tulane
3469,Marino Dubravcic,-0.2786,0.2321,-0.0464,Baylor
3470,Mario Andrews,-1.5646,0.6552,-0.9094,Alabama State
3471,Mario Brunetto,0.084,0.1269,0.2109,Eastern Mich.
3472,Mario Davis,-0.0754,-0.4491,-0.5245,Texas Southern
3473,Mark Butler,0.3327,-0.3716,-0.0389,Lafayette
3474,Mark Drone,0.4633,1.7199,2.1832,Texas State
3475,Mark Freeman,-1.2186,2.0934,0.8748,James Madison
3476,Mark Mitchell,2.4959,3.9493,6.4452,Missouri
3477,Mark Sears,1.7682,3.3662,5.1344,Alabama
3478,Markeith Browning,0.9454,-1.1728,-0.2274,Lindenwood
3479,Markell Petro,-2.0881,-0.7545,-2.8425,Mississippi Val.
3480,Markhi Strickland,0.6691,0.5642,1.2333,Western Mich.
3481,Marko Ljubicic,-0.2384,-0.6586,-0.897,Manhattan
3482,Marko Maletic,-1.937,1.1173,-0.8197,Western Ill.
3483,Marko Sarenac,1.1886,-0.239,0.9496,Weber State
3484,Markus Burton,0.5635,1.4154,1.9789,Notre Dame
3485,Markus Harding,1.1519,-0.9409,0.211,Indiana State
3486,Markus Ilver,-0.0871,0.2241,0.137,Wisconsin
3487,Markus Rouse,0.0487,0.0,0.0487,Virginia
3488,Marland Harris,-1.2512,-0.5866,-1.8378,Morgan State
3489,Marlon Barnes,0.0913,0.2061,0.2973,Pittsburgh
3490,Marlon Short,-0.1354,1.2947,1.1593,UMBC
3491,Marqueas Bell,0.1946,1.3635,1.5581,Southeast Mo. St.
3492,Marquel Sutton,-0.8095,1.7407,0.9313,Omaha
3493,Marques Gates,0.1181,-0.2579,-0.1398,Houston Christian
3494,Marques Warrick,-0.3853,3.6918,3.3065,Missouri
3495,Marquese Josephs,-0.374,0.513,0.1391,Western Mich.
3496,Marqui Worthy,-0.5021,0.1133,-0.3888,Massachusetts
3497,Marquis Barnett,2.3893,1.9162,4.3055,Kent State
3498,Marquis Hargrove,-0.3022,-0.2449,-0.5471,UAB
3499,Marsalis Roberson,0.1571,-0.1038,0.0533,UC Davis
3500,Marshal Destremau,0.7987,0.9322,1.7309,UTRGV
3501,Martavious Russell,-0.2874,-0.5558,-0.8432,Mississippi State
3502,Martaz Robinson,-0.2741,0.517,0.2428,Delaware State
3503,Martel Williams,-0.9216,1.9549,1.0333,California Baptist
3504,Martin Kawa,0.4765,-1.3146,-0.8381,Marist
3505,Martin Somerville,-0.368,1.6902,1.3223,UMass Lowell
3506,Marty Silvera,0.9612,-0.4201,0.5411,Tarleton State
3507,Marvin McGhee,-0.1527,-0.4774,-0.6301,CSU Bakersfield
3508,Marvin Musiime-Kamali,1.2176,-0.9837,0.2339,Akron
3509,Masai Troutman,0.409,-0.0287,0.3803,Northeastern
3510,Masen Miller,0.6005,2.4356,3.0362,North Dakota State
3511,Masiah Gilyard,-1.3515,0.6664,-0.6851,Manhattan
3512,Mason Falslev,-0.7319,4.3051,3.5732,Utah State
3513,Mason Gillis,2.5451,4.2113,6.7563,Duke
3514,Mason Hanback,0.7788,-0.5976,0.1811,Southeast Mo. St.
3515,Mason Johnson,0.5407,0.3263,0.867,Southern Utah
3516,Mason Jones,2.0542,-0.0065,2.0477,Ball State
3517,Mason Lee,0.6329,-1.6829,-1.0499,North Florida
3518,Mason Madsen,0.9824,1.1115,2.094,Utah
3519,Mason McBride,1.5404,-1.5102,0.0302,Houston Christian
3520,Mason Miller,-0.9279,1.3673,0.4394,Creighton
3521,Mason Nicholson,2.0085,2.388,4.3965,Jacksonville State
3522,Mason Ritter,-0.1875,0.0959,-0.0916,Columbia
3523,Mason Shubert,0.2459,-0.163,0.0828,Murray State
3524,Mason Smith,-0.1431,1.7619,1.6188,Furman
3525,Mason So,0.6261,-0.9242,-0.2981,UNC Greensboro
3526,Mason Whittaker,-0.3297,-1.7904,-2.12,American
3527,Mason Williams,-1.401,-0.0304,-1.4314,Eastern Wash.
3528,Massal Diouf,0.6808,-0.5104,0.1703,Western Ill.
3529,Matai Baptiste,0.7161,-0.9109,-0.1948,Boston U.
3530,Matar Diop,-0.8976,-0.3787,-1.2763,LMU (CA)
3531,Matar Wade,-0.5162,-0.5097,-1.0259,Morgan State
3532,Matas Vokietaitis,-1.4227,0.4205,-1.0022,Fla. Atlantic
3533,Mateen Rafiq,0.4006,0.0689,0.4695,Cornell
3534,Matej Bosnjak,-0.7179,-2.4715,-3.1895,Wichita State
3535,Mathok Majok,0.9593,-0.4746,0.4847,Oral Roberts
3536,Matija Belic,-1.0596,-1.2781,-2.3377,Wyoming
3537,Matija Zuzic,0.6765,0.8265,1.503,UT Martin
3538,Matt Allocco,1.372,2.581,3.953,Notre Dame
3539,Matt Becht,0.7895,0.0251,0.8146,Merrimack
3540,Matt Cross,1.1443,4.4344,5.5787,SMU
3541,Matt Curtis,-0.5226,0.322,-0.2006,Fairfield
3542,Matt Desler,-0.1245,-0.3001,-0.4246,California
3543,Matt Gray,0.1412,-0.3334,-0.1923,Loyola Maryland
3544,Matt Hain,0.0244,-0.2746,-0.2501,James Madison
3545,Matt Hayman,1.5267,-0.3736,1.1531,SFA
3546,Matt Kelly,-0.2559,0.0105,-0.2454,Clemson
3547,Matt Knowling,2.8594,0.9,3.7595,Southern California
3548,Matt Krass,-0.3298,-1.6106,-1.9404,Tarleton State
3549,Matt Mayock,2.0149,-1.8059,0.2089,American
3550,Matt McCool,-0.3919,-0.3011,-0.6929,Marist
3551,Matt Rogers,-0.6054,2.1103,1.5049,American
3552,Matt Zona,-0.2322,0.8658,0.6337,Fordham
3553,Matteo Picarelli,0.361,-0.1223,0.2387,Temple
3554,Matteus Case,-1.5211,0.0722,-1.4489,William & Mary
3555,Matthew Bothun,0.0121,0.3158,0.3279,North Dakota
3556,Matthew Cleveland,-1.8508,3.985,2.1342,Miami (FL)
3557,Matthew Marsh,0.2388,0.2879,0.5266,Oregon State
3558,Matthew Mors,0.8416,2.2427,3.0843,South Dakota State
3559,Matthew Mortenson,0.5869,0.117,0.7039,Loyola Chicago
3560,Matthew Murrell,0.8556,3.3906,4.2462,Ole Miss
3561,Matthew Nicholson,4.1673,1.0413,5.2086,Northwestern
3562,Matthew Reed,0.1829,0.0135,0.1964,Tulsa
3563,Matthew Robinson,-1.7319,-2.4642,-4.1961,Chicago State
3564,Matthew Sells,-0.2953,1.6009,1.3056,Tennessee Tech
3565,Matthew Spears,-0.2056,-0.1159,-0.3215,Ark.-Pine Bluff
3566,Matthew Stone,1.0611,0.7483,1.8094,North Texas
3567,Matthew Van Komen,2.0863,0.011,2.0972,Elon
3568,Matthew-Alexander Moncrieffe,0.8315,-1.1062,-0.2747,Seattle U
3569,Matus Hronsky,1.8231,0.9302,2.7532,Duquesne
3570,Maurice Thomas,-0.2161,-0.2508,-0.467,Milwaukee
3571,Maurice Vassel,-0.6804,0.2489,-0.4315,UMES
3572,Maurice Wright,-1.2792,-0.7414,-2.0206,VMI
3573,Maurio Hanson,-0.3168,0.1032,-0.2136,Robert Morris
3574,Maurizio D'Alessandro,0.1504,0.0692,0.2197,Rider
3575,Mawot Mag,0.5258,4.0192,4.545,BYU
3576,Max Agbonkpolo,-0.8354,0.8239,-0.0115,Montana State
3577,Max Brackmann,0.1271,-0.0036,0.1234,Southeastern La.
3578,Max Brooks,0.7102,2.0387,2.749,UMass Lowell
3579,Max Burchill,0.2414,1.1277,1.3691,South Dakota
3580,Max Burton,1.2863,-0.1053,1.181,Western Mich.
3581,Max Davis,0.1486,-0.2682,-0.1196,Drexel
3582,Max Fradkin,0.0555,0.0807,0.1363,Rutgers
3583,Max Frazier,-0.537,-0.9654,-1.5024,Central Conn. St.
3584,Max Green,-1.2089,2.0279,0.819,Holy Cross
3585,Max Hyman,0.0514,-0.0553,-0.0039,Northern Ky.
3586,Max Jones,1.6458,-0.358,1.2878,Kansas State
3587,Max Jusianiec,0.035,-0.5474,-0.5123,Mercyhurst
3588,Max Klesmit,-0.3689,2.5098,2.141,Wisconsin
3589,Max Langenfeld,0.6743,0.0061,0.6804,Fla. Atlantic
3590,Max Mackinnon,-0.4334,1.1881,0.7547,Portland
3591,Max Miller,-0.0803,-0.0741,-0.1544,Fordham
3592,Max Murrell,0.3481,-0.1288,0.2193,UC Santa Barbara
3593,Max Pikaar,1.3363,0.1556,1.4919,Saint Louis
3594,Max Scharnowski,0.0005,0.3795,0.38,Alabama
3595,Max Sheldon,0.022,-0.5213,-0.4993,UC Santa Barbara
3596,Max Sheridan,-0.1478,0.0426,-0.1052,Minnesota
3597,Max Shulga,4.0438,3.7833,7.8271,VCU
3598,Max Sims,0.1627,-0.2805,-0.1178,Binghamton
3599,Max Triplett,0.0898,-0.1471,-0.0573,BYU
3600,Max Weisbrod,-0.0443,0.3643,0.32,UNI
3601,Maxim Logue,-0.0424,-0.0919,-0.1343,Oregon State
3602,Maxime Raynaud,-0.2411,0.9603,0.7192,Stanford
3603,Maximo Milovich,0.6114,1.8604,2.4719,UC San Diego
3604,Maximus Edwards,2.2542,-0.3056,1.9486,Duquesne
3605,Maximus Fuentes,-0.0354,0.1838,0.1483,Jacksonville
3606,Maximus Nelson,-0.3783,0.2449,-0.1334,Purdue Fort Wayne
3607,Mayar Wol,1.0177,2.4463,3.464,Eastern Ky.
3608,Mayuom Buom,-0.3725,-0.7671,-1.1396,South Dakota
3609,Mbaye N'Diaye,0.0059,0.0871,0.093,Eastern Mich.
3610,Me'Kell Burries,-1.1709,1.3564,0.1856,Austin Peay
3611,Meechie Johnson,0.6069,0.3646,0.9716,Ohio State
3612,Mehki Ellison,-2.9003,0.8235,-2.0768,Stetson
3613,Mekai Johnson,0.064,0.4616,0.5255,Saint Joseph's
3614,Mekhi Cameron,-0.0675,-0.8398,-0.9073,Tennessee Tech
3615,Mekhi Collins,2.7321,0.3468,3.0789,Nicholls
3616,Mekhi Conner,0.3231,1.0905,1.4136,Sacred Heart
3617,Mekhi Cooper,1.3593,0.9298,2.2891,Miami (OH)
3618,Mekhi Gray,1.0088,0.4616,1.4704,UMass Lowell
3619,Mekhi Lowery,2.5061,-0.283,2.2231,Towson
3620,Mekhi Mason,0.2837,0.7424,1.0261,Washington
3621,Mekhi Turner,0.5551,0.0166,0.5717,Kennesaw State
3622,Melo Baines,1.5042,1.0269,2.5312,Norfolk State
3623,Melo Sanchez,0.1059,-0.174,-0.0681,Arkansas
3624,Melvin Council,1.2713,1.1187,2.39,St. Bonaventure
3625,Melvyn Ebonkoli,3.9928,0.2936,4.2864,Kansas City
3626,Mercy Miller,1.5507,-0.0434,1.5073,Houston
3627,Merritt Alderink,0.3566,0.0358,0.3924,Indiana State
3628,Messiah Jones,1.2791,1.7313,3.0103,Towson
3629,Mezziah Oakman,0.0147,-0.1063,-0.0916,Portland
3630,Micah Caster,-1.7489,0.2075,-1.5414,ULM
3631,Micah Davis,0.2137,0.0481,0.2617,Eastern Ky.
3632,Micah Handlogten,-0.216,2.6486,2.4326,Florida
3633,Micah Octave,-1.012,1.2486,0.2365,Alabama State
3634,Micah Parrish,1.2121,2.5824,3.7945,Ohio State
3635,Micah Peavy,2.2246,0.8856,3.1102,Georgetown
3636,Micah Robinson,-0.8653,1.9977,1.1324,TCU
3637,Micah Simpson,-0.361,-0.2188,-0.5798,Alabama State
3638,Micah Smith,-0.1822,-0.0381,-0.2203,Ga. Southern
3639,Micah Thomas,-0.9935,1.0125,0.0189,Northwestern State
3640,Michael Ajayi,2.5876,2.1608,4.7484,Gonzaga
3641,Michael Amador,0.3054,0.0675,0.3729,Bryant
3642,Michael Belle,0.8397,2.6933,3.533,VCU
3643,Michael Brown,-1.0977,-1.0501,-2.1478,Chicago State
3644,Michael Christmas,-0.2026,2.9631,2.7605,Longwood
3645,Michael Day,1.1042,-1.0042,0.1,Evansville
3646,Michael Duax,1.4025,-0.1309,1.2716,FGCU
3647,Michael Eley,-0.5673,-0.0591,-0.6264,Tulane
3648,Michael Evbagharu,-0.1174,-0.5345,-0.6519,Central Ark.
3649,Michael Folarin,0.7511,-0.4792,0.2718,St. Bonaventure
3650,Michael Graham,-0.7126,-1.4118,-2.1245,Hofstra
3651,Michael Gray,-0.5855,1.3698,0.7843,Nicholls
3652,Michael Griffin,0.7956,-2.3812,-1.5856,West Ga.
3653,Michael Houge,0.3155,2.26,2.5755,Jacksonville State
3654,Michael Imariagbe,0.6435,1.0006,1.6442,Wright State
3655,Michael Jacobs,0.4973,0.5577,1.0549,Southern U.
3656,Michael Katsock,0.0639,-0.1497,-0.0858,Davidson
3657,Michael Lawlor,-0.2484,-0.1405,-0.3889,Manhattan
3658,Michael Marcus,2.5275,-0.0159,2.5116,App State
3659,Michael McNair,0.9227,0.8686,1.7913,Boston U.
3660,Michael Nwoko,0.9762,-0.2251,0.7511,Mississippi State
3661,Michael O'Connell,1.2717,0.0455,1.3172,NC State
3662,Michael Ojo,0.208,-0.4215,-0.2135,Siena
3663,Michael Osei-Bonsu,0.7904,1.2277,2.0182,Missouri State
3664,Michael Pajeaud,0.9001,-0.9235,-0.0234,Alcorn
3665,Michael Rataj,0.2505,3.345,3.5955,Oregon State
3666,Michael Rogan,-0.3929,-0.2392,-0.6321,Fairfield
3667,Michael Sulaka,0.9987,0.017,1.0157,Western Mich.
3668,Michael Teal,-0.1213,-0.6501,-0.7714,South Carolina State
3669,Michael Thomas,0.2615,-1.9201,-1.6587,Louisiana
3670,Michael Van Raaphorst,-0.026,0.3841,0.3581,Georgetown
3671,Michael Wilson,-1.3751,-1.3831,-2.7582,Sacramento St.
3672,Michael Wolf,-0.0479,0.0976,0.0497,Xavier
3673,Michael Zanoni,-1.0561,-0.5293,-1.5854,Penn
3674,Michelangelo Oberti,-0.9306,-0.0638,-0.9944,Penn
3675,Mickey Pearson,-0.9746,0.0438,-0.9308,Ball State
3676,Mier Panoam,-0.1362,2.8526,2.7164,North Dakota
3677,Miguel Mantilla Pacchiano,0.1997,0.1289,0.3286,Hofstra
3678,Miguel Tomley,-0.0257,2.2066,2.1808,Weber State
3679,Mihailo Boskovic,0.9114,1.1962,2.1077,BYU
3680,Mikah Ballew,-0.5913,-1.1797,-1.771,Portland
3681,Mikal Dawson,0.1856,1.746,1.9316,Marshall
3682,Mikale Stevenson,0.517,-0.8238,-0.3069,Grambling
3683,Mike Bekelja,0.0465,1.302,1.3486,Kent State
3684,Mike Loughnane,1.183,0.9545,2.1375,Davidson
3685,Mike Mitchell,-1.5225,2.3924,0.8699,Minnesota
3686,Mike Saunders,-1.1636,-1.4744,-2.6379,Pepperdine
3687,Mike Sharavjamts,2.0464,1.4239,3.4703,Utah
3688,Mike Walz,-0.3263,1.7581,1.4318,Richmond
3689,Mike Williams,-0.8314,-0.8727,-1.7041,LSU
3690,Mike Woods,1.2839,-0.1515,1.1324,Navy
3691,Mikeal Brown-Jones,0.3018,0.2596,0.5614,Ole Miss
3692,Mikey Lewis,4.7606,1.5065,6.2672,Saint Mary's (CA)
3693,Mikey Williams,-1.1376,0.3027,-0.8349,UCF
3694,Mikkel Tyne,-0.715,-0.4338,-1.1488,Richmond
3695,Milan Momcilovic,2.0904,4.138,6.2284,Iowa State
3696,Miles Barnstable,0.0947,2.9567,3.0514,St. Thomas (MN)
3697,Miles Brewster,-0.7159,-0.161,-0.8769,Boston U.
3698,Miles Byrd,2.5249,1.4443,3.9691,San Diego State
3699,Miles Goodman,-0.4657,-0.6311,-1.0967,Penn State
3700,Miles Hall,-0.2237,0.527,0.3033,Florida A&M
3701,Miles Heide,3.0807,1.3587,4.4395,San Diego State
3702,Miles Hicks,-0.3979,0.7536,0.3557,William & Mary
3703,Miles Jones,1.3681,-0.1985,1.1696,UNC Greensboro
3704,Miles Keeffe,-0.0842,0.1539,0.0697,Vanderbilt
3705,Miles Kelly,2.6719,4.2617,6.9336,Auburn
3706,Miles Klapper,0.6355,-0.2068,0.4287,Idaho
3707,Miles Mitchell,-0.3975,-1.9075,-2.305,Detroit Mercy
3708,Miles Rose,-0.4398,-0.7585,-1.1983,St. Bonaventure
3709,Miles Rubin,0.931,0.4267,1.3577,Loyola Chicago
3710,Miles Stewart,-0.1268,0.854,0.7272,Howard
3711,Miles Webb,-0.182,0.9185,0.7365,Saint Francis
3712,Miles White,1.0478,-1.4553,-0.4075,Lipscomb
3713,Milos Ilic,1.0492,1.205,2.2542,Loyola Maryland
3714,Milos Kovacevic,-0.1897,-0.1514,-0.3411,La Salle
3715,Milos Uzan,4.2567,4.3983,8.6549,Houston
3716,Milos Vicentic,0.0169,-0.2674,-0.2505,UC San Diego
3717,Milton Matthews,-1.8409,0.8785,-0.9624,Florida A&M
3718,Mintautas Mockus,-0.4195,0.1212,-0.2983,UIW
3719,Miro Little,2.0998,-0.246,1.8538,Utah
3720,Misha Bednostin,0.5923,-2.5499,-1.9576,Lafayette
3721,Mister Dean,1.5454,1.5834,3.1288,USC Upstate
3722,Mitch Fischer,0.1149,-1.0936,-0.9787,Navy
3723,Mitch Mascari,2.6014,2.3907,4.9922,Drake
3724,Mitch Williams,-0.0609,0.358,0.297,Northwestern State
3725,Mitchel Minor,0.0514,-0.0553,-0.0039,Northern Ky.
3726,Mitchell Chaffee,-0.5542,0.3509,-0.2033,North Ala.
3727,Mitchell Saxen,3.4444,4.2101,7.6546,Saint Mary's (CA)
3728,Mitchell Taylor,0.7991,1.7827,2.5818,South Carolina State
3729,Mo Njie,-0.231,-0.877,-1.108,UTSA
3730,Mo Sall,0.4286,0.0269,0.4555,NIU
3731,Mobi Ikegwuruka,1.389,-0.7737,0.6152,Kansas State
3732,Modestas Kancleris,0.4293,1.3244,1.7537,UIC
3733,Moe Odum,0.772,1.5809,2.3529,Pepperdine
3734,Mohamed Binzagr,-0.2757,-0.0771,-0.3528,George Washington
3735,Mohamed Keita,0.1943,0.0118,0.2061,Temple
3736,Mohamed Maxamud,0.0518,0.0475,0.0993,Bowling Green
3737,Mohamed Wague,2.0952,2.2119,4.307,Oklahoma
3738,Mohammad Habhab,0.1154,-0.0026,0.1128,Central Mich.
3739,Money Williams,0.1592,-0.9094,-0.7502,Montana
3740,Montavious Myrick,-0.2913,3.1597,2.8684,Eastern Ky.
3741,Monty Bowser,-0.7017,-1.2524,-1.954,Northern Ariz.
3742,Mookie Cook,0.0239,-0.0217,0.0021,Oregon
3743,Mor Seck,0.0847,-2.4399,-2.3552,Fresno St.
3744,Morez Johnson,2.785,1.0334,3.8184,Illinois
3745,Morgan Safford,1.289,0.2851,1.5741,Kent State
3746,Morris Ugusuk,1.0494,1.539,2.5884,South Carolina
3747,Moses Horne,-1.1851,-1.8979,-3.083,Mississippi Val.
3748,Mosi Clayton,-0.243,-0.0138,-0.2568,Siena
3749,Mostapha El Moutaouakkil,0.8336,-0.0891,0.7446,Louisiana
3750,Motiejus Krivas,-0.1874,1.6621,1.4747,Arizona
3751,Mouhamadou Cisse,-0.034,-0.0069,-0.041,Green Bay
3752,Mouhamadou Dioum,-0.6283,0.1202,-0.5081,California Baptist
3753,Mouhamed Dioubate,0.9647,4.6739,5.6385,Alabama
3754,Mouhamed Sow,-0.2615,-1.3925,-1.654,Saint Peter's
3755,Moulaye Sissoko,2.6984,3.3932,6.0915,North Texas
3756,Mounir Hima,0.629,-0.0585,0.5704,Howard
3757,Moussa Cisse,0.9726,1.6619,2.6345,Memphis
3758,Moustapha Thiam,0.6178,1.8137,2.4315,UCF
3759,Mozae Downing-Rivers,0.9101,-1.4315,-0.5214,Missouri State
3760,Muneer Newton,0.2715,0.6505,0.922,Delaware State
3761,Muodubem Muoneke,-0.9326,0.0332,-0.8994,Green Bay
3762,Muon Reath,2.2234,0.642,2.8654,UNC Greensboro
3763,Mustafo Vanjov,0.291,-0.2142,0.0769,UTRGV
3764,Mustapha Amzil,1.7081,0.7585,2.4666,New Mexico
3765,Mwani Wilkinson,1.7107,0.3192,2.0299,Little Rock
3766,Mykell Robinson,0.895,-1.3358,-0.4408,Fresno St.
3767,Mykol Sanchez-Vega,0.464,-1.241,-0.777,East Texas A&M
3768,Mykolaus Ivanauskas,-0.7877,-0.4373,-1.225,Mercyhurst
3769,Myles Che,4.121,-0.7826,3.3385,UC Irvine
3770,Myles Colvin,1.1316,0.4218,1.5535,Purdue
3771,Myles Foster,-0.1028,-0.3309,-0.4337,Clemson
3772,Myles Jenkins,-0.089,-1.158,-1.247,SFA
3773,Myles Rice,1.6889,1.4669,3.1558,Indiana
3774,Myles Rigsby,1.7167,1.2522,2.9689,Troy
3775,Myles Stute,1.3336,1.3111,2.6446,South Carolina
3776,Myles Tate,0.6935,0.251,0.9445,App State
3777,Myles Thompson,1.6387,-0.1667,1.472,SIUE
3778,Myles Watkins,-2.2728,0.5038,-1.7691,Bellarmine
3779,Myles Wilmoth,1.9599,-2.5153,-0.5554,Siena
3780,Mylik Wilson,1.2973,0.0815,1.3788,Houston
3781,Mylyjael Poteat,0.1867,-0.0953,0.0915,Virginia Tech
3782,Myron Amey,-0.8112,0.7133,-0.0979,LMU (CA)
3783,N'famara Dabo,0.3859,0.5662,0.952,Brown
3784,ND Okafor,-0.4221,-1.5713,-1.9933,Washington State
3785,NJ Benson,1.4001,2.8678,4.2679,DePaul
3786,Naheem McLeod,0.1654,0.2951,0.4605,Syracuse
3787,Naithan George,0.967,0.4793,1.4462,Georgia Tech
3788,Nakavieon White,0.7504,-0.0671,0.6832,Ga. Southern
3789,Nakyel Shelton,0.9482,0.7942,1.7424,Eastern Ill.
3790,Nana Antwi-Boasiako,3.2221,-0.9733,2.2488,SFA
3791,Nasir DeGruy,-0.5952,-1.4729,-2.0681,Abilene Christian
3792,Nasir Mann,-0.2298,1.4464,1.2166,Queens (NC)
3793,Nasir Muhammad,-1.3297,0.2281,-1.1017,NIU
3794,Nasir Whitlock,0.8816,1.7058,2.5874,Lehigh
3795,Nassim Mashhour,-0.6437,0.4187,-0.2249,Oakland
3796,Nate Barnhart,-0.2302,-0.0076,-0.2378,South Dakota State
3797,Nate Bittle,2.9496,3.0063,5.9559,Oregon
3798,Nate Brafford,0.0381,2.0364,2.0745,Ga. Southern
3799,Nate Calmese,-1.9668,2.8675,0.9007,Washington State
3800,Nate Deer,-1.0289,0.4112,-0.6177,Texas State
3801,Nate Ferguson,1.3448,-0.5736,0.7713,Drake
3802,Nate Fleisher,-0.1801,-0.1019,-0.282,Syracuse
3803,Nate Fouts,-2.0233,0.7462,-1.277,Le Moyne
3804,Nate Francois,-0.0145,-0.347,-0.3615,Northeastern
3805,Nate Guerengomba,0.2604,0.1507,0.4111,Massachusetts
3806,Nate Heise,2.7218,3.9422,6.664,Iowa State
3807,Nate Johnson,-0.3045,2.6342,2.3296,Akron
3808,Nate Johnson,-0.3045,2.6342,2.3296,Detroit Mercy
3809,Nate Kingz,1.5286,2.4833,4.012,Oregon State
3810,Nate Lliteras,-1.8078,-0.0277,-1.8355,North Florida
3811,Nate Martin,1.0319,1.391,2.4229,Marshall
3812,Nate Pickens,-0.4294,2.61,2.1806,UC Riverside
3813,Nate Santos,-0.2229,3.6154,3.3925,Dayton
3814,Nate Tshimanga,0.3229,0.4054,0.7283,New Mexico State
3815,Nathan Dudukovich,-0.8129,0.1231,-0.6898,IU Indy
3816,Nathan Johnson,0.9141,1.1484,2.0625,Lindenwood
3817,Nathan McGill,-0.1749,0.0485,-0.1263,Stonehill
3818,Nathan Self,-0.209,-0.3631,-0.5722,Houston Christian
3819,Naz Brown,-2.2962,-1.7356,-4.0319,Coastal Carolina
3820,Nazar Mahmoud,-0.7019,-0.0033,-0.7052,UTSA
3821,Nazir Williams,-0.9697,3.3947,2.425,Cornell
3822,Ndewedo Newbury,0.3322,1.1358,1.468,San Francisco
3823,Neal Begovich,0.4997,0.1617,0.6613,Duke
3824,Neal Marquardt,0.2503,-1.5161,-1.2658,Stonehill
3825,Ned Hull,0.1467,0.0977,0.2444,Elon
3826,Neel Beniwal,0.1901,0.1368,0.327,San Diego
3827,Neftali Alvarez,0.1539,-1.7316,-1.5776,Southern Miss.
3828,Nehemiah Benson,-1.4892,-1.5732,-3.0624,Binghamton
3829,Nehemiah Turner,-2.2758,-1.747,-4.0228,Central Ark.
3830,Nelly Joseph,2.088,1.3503,3.4383,New Mexico
3831,Nemanja Sarenac,1.8739,1.3157,3.1896,Weber State
3832,Nemo Johnson,0.0767,-0.0726,0.0041,Prairie View
3833,Nendah Tarke,-0.2659,0.367,0.1011,Towson
3834,Nestor Dyachok,0.4453,-0.493,-0.0477,North Florida
3835,Nic Book,1.2252,-1.5343,-0.3091,USC Upstate
3836,Nic Codie,-0.8696,0.6484,-0.2212,Texas
3837,Nic McClain,-0.7164,-2.1515,-2.8679,Eastern Wash.
3838,Nicco DiGiulio,0.3361,-0.5376,-0.2015,Canisius
3839,Niccolo Moretti,0.891,1.6001,2.4911,Fla. Atlantic
3840,Nicholas Jourdain,2.0019,0.6021,2.6041,Memphis
3841,Nicholas Sanford,0.0788,-0.1049,-0.0261,New Hampshire
3842,Nicholas Shogbonyo,-1.5257,-0.1909,-1.7165,Denver
3843,Nick Anderson,-0.3834,3.5524,3.1689,Furman
3844,Nick Anderson,-0.3834,3.5524,3.1689,Prairie View
3845,Nick Boyd,1.6114,1.4339,3.0453,San Diego State
3846,Nick Davidson,-0.2089,1.6775,1.4686,Nevada
3847,Nick Del Bosque,0.1022,-0.0557,0.0465,San Diego
3848,Nick Dorn,3.0186,1.341,4.3595,Elon
3849,Nick Ellington,1.649,1.4671,3.1161,Murray State
3850,Nick Evans,-0.0294,-0.4735,-0.5029,William & Mary
3851,Nick Fiorillo,1.4701,0.707,2.1772,Vermont
3852,Nick Johnson,0.6397,0.8339,1.4736,Winthrop
3853,Nick Kern,0.2711,1.5485,1.8195,Penn State
3854,Nick Krass,-0.0593,-2.0511,-2.1104,Tarleton State
3855,Nick Lombardi,0.0605,-0.0727,-0.0122,Valparaiso
3856,Nick Martinelli,2.1924,2.4419,4.6343,Northwestern
3857,Nick McMullen,-0.4701,1.2827,0.8126,Georgia State
3858,Nick Pringle,1.8656,-0.6631,1.2026,South Carolina
3859,Nick Randall,-0.1033,-0.1741,-0.2774,Colorado
3860,Nick Richart,0.5682,0.124,0.6922,Charlotte
3861,Nick Sanders,0.2675,-0.0644,0.2031,Michigan State
3862,Nick Spinoso,-2.2296,-1.0147,-3.2443,Penn
3863,Nick Townsend,0.9592,2.9514,3.9106,Yale
3864,Nick Woodard,-2.1126,-0.0554,-2.1679,Stony Brook
3865,Nico Galette,-0.5382,1.2438,0.7056,Youngstown State
3866,Nico Nobili,-0.4948,0.6833,0.1885,Boston U.
3867,Nicolas Louis-Jacques,0.0987,-0.1791,-0.0804,Colgate
3868,Nicolo Romanelli,-0.5642,-0.3592,-0.9234,Columbia
3869,Niels Lane,1.4397,0.6901,2.1299,Delaware
3870,Nigel Burris,-1.1395,0.1992,-0.9404,Weber State
3871,Nigel Clarkson,-0.2853,-0.5076,-0.7929,Columbia
3872,Nigle Cook,-0.5264,-0.4909,-1.0173,Wyoming
3873,Nijel Pack,0.7866,1.865,2.6516,Miami (FL)
3874,Nik Graves,-0.435,2.7228,2.2878,Charlotte
3875,Nik Hendrix,0.1772,0.1438,0.321,Youngstown State
3876,Nika Metskhvarishvili,-0.1655,2.2596,2.0941,Charlotte
3877,Nikita Konstantynovskyi,0.4389,-1.0686,-0.6297,Notre Dame
3878,Niklas Polonowski,-0.3036,-2.1122,-2.4158,Penn
3879,Niko Abusara,0.5626,0.9198,1.4824,Dartmouth
3880,Niko Rocak,3.3874,-2.1863,1.2011,UC Davis
3881,Nikola Djapa,0.846,0.8527,1.6987,Colorado State
3882,Nikola Milosevic,-1.0248,-1.2933,-2.3182,Little Rock
3883,Nikolaos Chitikoudis,1.0059,-1.7987,-0.7928,N.C. A&T
3884,Nilavan Jotham Daniels,0.1548,-0.8388,-0.684,Providence
3885,Nils Cooper,0.75,-0.1185,0.6315,UC Davis
3886,Nils Machowski,0.6922,0.1576,0.8498,UCF
3887,Nimari Burnett,2.8928,1.4584,4.3511,Michigan
3888,Nique Clifford,3.2322,4.8247,8.0569,Colorado State
3889,Niyi Olabode,1.9969,-0.0842,1.9127,UC Riverside
3890,Nnaemeka Ikechi,0.2751,0.1609,0.4361,Army West Point
3891,Nnanna Njoku,0.0958,-0.3391,-0.2433,Villanova
3892,Noa Gonsalves,-0.282,0.4203,0.1383,Utah Tech
3893,Noah Amenhauser,0.2404,0.7033,0.9438,Coastal Carolina
3894,Noah Barnett,1.4228,-0.7385,0.6843,Vermont
3895,Noah Batchelor,-0.0357,-0.3275,-0.3632,Buffalo
3896,Noah Best,-0.2772,0.6982,0.421,Fairfield
3897,Noah Bolanga,-0.4796,-1.2444,-1.724,St. Bonaventure
3898,Noah Boyde,-0.1535,-0.1391,-0.2926,LSU
3899,Noah Collier,-0.9907,3.4023,2.4116,William & Mary
3900,Noah Farrakhan,-0.8669,1.6298,0.763,Hampton
3901,Noah Feddersen,-1.2567,2.6265,1.3698,North Dakota State
3902,Noah Haaland,0.3531,0.0405,0.3936,Gonzaga
3903,Noah Jones,0.5172,-0.0759,0.4414,American
3904,Noah Lobdell,-0.1801,-0.1019,-0.282,Syracuse
3905,Noah Melson,0.5816,0.3322,0.9138,Chattanooga
3906,Noah Reynolds,2.0178,-0.932,1.0858,TCU
3907,Noah Robledo,-0.1989,0.7778,0.5789,Columbia
3908,Noah Ross,-0.3428,2.2285,1.8857,UNCW
3909,Noah Taitz,0.5845,1.8497,2.4341,Utah Valley
3910,Noah Van Bibber,0.5224,0.1778,0.7003,Winthrop
3911,Noah Waterman,0.6619,0.0288,0.6907,Louisville
3912,Noah Williams,1.1461,0.4147,1.5608,James Madison
3913,Noah Williamson,0.4876,-0.052,0.4356,Bucknell
3914,Noble Crawford,-0.3037,-1.3228,-1.6265,Chicago State
3915,Noel Brown,1.3865,1.2251,2.6116,St. Bonaventure
3916,Nojus Indrusaitis,0.6418,-0.2728,0.369,Iowa State
3917,Nolan Dorsey,1.6724,0.086,1.7584,Campbell
3918,Nolan Hickman,3.0006,4.7313,7.7318,Gonzaga
3919,Nolan Hodge,0.758,2.695,3.453,UNCW
3920,Nolan Minessale,0.2514,1.8387,2.0901,St. Thomas (MN)
3921,Nolan Winter,1.9897,1.1958,3.1855,Wisconsin
3922,Norchad Omier,1.3792,2.0665,3.4457,Baylor
3923,Nordin Kapic,2.9558,1.8924,4.8482,UC San Diego
3924,Novak Perovic,0.5234,0.811,1.3344,Maine
3925,Nyle Ralph-Beyer,-0.541,0.615,0.0741,Sacred Heart
3926,Nyles Howard,0.4058,0.0715,0.4773,Navy
3927,O'Mar Stanley,0.6043,1.5576,2.1618,Boise State
3928,Oakland Fort,0.4722,1.4488,1.921,Northern Ariz.
3929,Obadiah Curtis,1.678,-0.4552,1.2229,Eastern Ill.
3930,Obi Agbim,-0.4839,1.3932,0.9093,Wyoming
3931,Obinna Anochili-Killen,2.022,0.7644,2.7864,Marshall
3932,Obinnaya Okafor,-0.0134,0.0485,0.0351,VCU
3933,Ocypher Owens,-1.8267,-0.8616,-2.6884,Le Moyne
3934,Ofure Ujadughele,2.3021,-0.975,1.3271,UC Irvine
3935,Okechukwu Okeke,0.5968,0.1652,0.7621,FIU
3936,Ola Ajiboye,0.4328,-0.3751,0.0577,Tennessee Tech
3937,Olajuwon Ibrahim,0.0252,-0.4119,-0.3867,FIU
3938,Oleg Kojenets,0.5747,-1.5605,-0.9858,Wyoming
3939,Oleksandr Kobzystyi,-0.2901,-0.1524,-0.4425,Oregon
3940,Olumide Adelodun,-1.3471,-0.2253,-1.5724,Niagara
3941,Oluwasegun Durosinmi,1.0131,-0.0966,0.9165,NIU
3942,Omaha Biliew,0.6492,0.2085,0.8577,Wake Forest
3943,Omar Adegbola,-0.0867,0.151,0.0644,Baylor
3944,Omar Cooper,0.9712,0.2147,1.186,McNeese
3945,Omar Croskey,1.0378,1.9316,2.9694,South Carolina State
3946,Omar Harris,0.6606,0.0717,0.7323,Campbell
3947,Omar Migues-Hibeljic,0.3639,0.1927,0.5566,Buffalo
3948,Omari Hamilton,-2.37,-0.2284,-2.5984,Alcorn
3949,Onyx Pastoriza,0.1996,0.2678,0.4674,FIU
3950,Orlando Horton,-0.4829,-1.8681,-2.351,Prairie View
3951,Orlando Lovejoy,1.0471,-0.6044,0.4427,Detroit Mercy
3952,Osa Obasohan,-0.332,-0.385,-0.717,Hawaii
3953,Oscar Berry,-0.3969,0.8215,0.4246,North Florida
3954,Oscar Cluff,0.7114,2.5474,3.2588,South Dakota State
3955,Ose Okojie,-0.6023,-0.4511,-1.0534,Howard
3956,Osiris Grady,0.1245,-0.9814,-0.8568,Utah Valley
3957,Oswin Erhunmwunse,0.8576,0.9389,1.7965,Providence
3958,Otega Oweh,1.4506,2.2567,3.7073,Kentucky
3959,Otis Frazier,2.1823,1.2702,3.4526,UTEP
3960,Otto Landrum,-0.3318,1.1451,0.8132,Boston U.
3961,Oumar Ballo,1.9033,1.2694,3.1727,Indiana
3962,Oumar Koureissi,-0.5213,-0.5842,-1.1056,Texas Southern
3963,Owen Aquino,2.3375,-0.3041,2.0334,Liberty
3964,Owen Dease,1.7387,-1.1264,0.6124,A&M-Corpus Christi
3965,Owen Derhmann,-0.3332,1.045,0.7118,Central Ark.
3966,Owen Freeman,1.4713,1.0438,2.5151,Iowa
3967,Owen Gray,0.0499,0.0481,0.098,Navy
3968,Owen Kmety,-0.1498,-0.2518,-0.4016,Wake Forest
3969,Owen Koonce,-0.5406,2.0135,1.4729,Cal Poly
3970,Owen Larson,0.9525,2.5557,3.5082,South Dakota State
3971,Owen Lobsinger,-1.2778,0.9527,-0.3251,Western Mich.
3972,Oziyah Sellers,1.0277,1.717,2.7447,Stanford
3973,PJ Carter,0.0394,1.3435,1.3829,Memphis
3974,PJ Dobuol,3.8502,0.1291,3.9793,Southern U.
3975,PJ Eason,1.0467,-1.7215,-0.6747,Grambling
3976,PJ Edwards,1.1341,-2.8907,-1.7566,Grambling
3977,PJ Fuller,0.0618,-0.9294,-0.8676,CSUN
3978,PJ Haggerty,1.911,1.8542,3.7653,Memphis
3979,PJ Hayes,-0.587,0.6416,0.0545,Rutgers
3980,PJay Smith,0.1609,0.8021,0.963,Furman
3981,Pablo Navarro,-0.1809,0.5874,0.4065,Oral Roberts
3982,Pablo Soumare,-0.5152,-0.908,-1.4232,Omaha
3983,Pablo Tamba,1.0747,-0.8014,0.2733,UC Davis
3984,Papa Amadou Kante,-0.2296,1.094,0.8644,Pittsburgh
3985,Pape N'Diaye,0.6183,-0.004,0.6143,UNLV
3986,Parby Kabamba,-0.9318,0.2164,-0.7153,Marist
3987,Paris Dawson,2.5268,0.8943,3.4212,Seattle U
3988,Parker Fox,0.0829,0.2266,0.3095,Minnesota
3989,Parker Friedrichsen,-0.3965,-1.1317,-1.5282,Wake Forest
3990,Parker Gerrits,0.8487,0.8027,1.6514,Washington State
3991,Parker Jones,-1.1985,0.6802,-0.5182,Colgate
3992,Parker Robison,0.3263,0.9733,1.2996,Chattanooga
3993,Parker Strauss,1.4986,-0.7598,0.7388,UC Riverside
3994,Parsa Fallah,0.7453,3.3228,4.0681,Oregon State
3995,Pasha Goodarzi,-0.4248,-0.0065,-0.4312,San Jose State
3996,Pat Suemnick,0.0844,0.2003,0.2848,Oklahoma State
3997,Patrick Antonelli,-0.0491,-0.2564,-0.3055,Louisville
3998,Patrick Bath,0.143,0.2826,0.4256,North Dakota State
3999,Patrick Cassidy,-0.239,-0.0926,-0.3316,Kansas
4000,Patrick Chew,1.0832,0.2203,1.3035,Murray State
4001,Patrick Haigh,0.3676,-1.4717,-1.1041,Mount St. Mary's
4002,Patrick McCaffery,-1.6028,2.3936,0.7908,Butler
4003,Patrick McCraney,1.483,0.6604,2.1433,ULM
4004,Patrick McMahon,0.5169,2.0923,2.6091,Montana State
4005,Patrick Ngongba,1.2394,2.8779,4.1173,Duke
4006,Patrick O'Brien,-0.1498,-0.0782,-0.228,Bucknell
4007,Patrick Wessler,0.4011,0.9383,1.3394,Virginia Tech
4008,Paul Bizimana,0.4143,-1.0813,-0.667,Cal Poly
4009,Paul Bruns,-2.1841,2.9793,0.7952,South Dakota
4010,Paul Djobet,-1.3911,0.916,-0.4751,Miami (FL)
4011,Paul Jones,-0.0396,1.246,1.2064,Winthrop
4012,Paul Lewis,0.6113,-0.0254,0.5859,UTSA
4013,Paul Lindberg,0.1593,-0.1464,0.0129,Gardner-Webb
4014,Paul McMillan,-2.2491,0.7454,-1.5037,Canisius
4015,Paul McNeil,-0.415,1.5474,1.1324,NC State
4016,Paul Otieno,0.4428,0.9266,1.3694,Quinnipiac
4017,Paul Zilinskas,-0.4282,2.6515,2.2232,IU Indy
4018,Paulie Stramaglia,0.1724,0.889,1.0614,Samford
4019,Paulis Rapolis,-0.5115,-1.188,-1.6995,Northern Ky.
4020,Paulius Murauskas,1.5547,1.2899,2.8445,Saint Mary's (CA)
4021,Pavle Misic,-0.4201,0.448,0.0278,Utah Tech
4022,Pavlo Dziuba,-0.1238,-1.2544,-1.3783,Eastern Wash.
4023,Paxton Davidson,0.7246,-0.7455,-0.0209,The Citadel
4024,Payton Parrish,0.2934,-0.1168,0.1767,Grambling
4025,Payton Pitts,-0.0368,-0.1975,-0.2343,Harvard
4026,Payton Sandfort,0.9168,2.8973,3.8141,Iowa
4027,Payton Sparks,-0.3694,0.1717,-0.1977,Ball State
4028,Pearse McGuinn,0.1933,-1.7061,-1.5128,Stonehill
4029,Pearson Carmichael,-0.2183,-0.2437,-0.462,Boise State
4030,Pedro Lopez Sanvicente,-1.054,-1.1519,-2.2059,Denver
4031,Percy Daniels,0.4947,-0.6316,-0.1369,Tulane
4032,Perry Smith,-2.142,-1.3522,-3.4942,N.C. Central
4033,Petar Krivokapic,-1.1179,-0.2203,-1.3382,Pacific
4034,Petar Majstorovic,-0.1163,0.9459,0.8296,Syracuse
4035,Peter Bandelj,-1.2039,2.8865,1.6826,Cal Poly
4036,Peter Carey,-1.4796,0.4864,-0.9932,Siena
4037,Peter Carr,-0.0872,-0.1619,-0.2491,Virginia Tech
4038,Peter Dadson,0.0282,0.0627,0.091,Southern Utah
4039,Peter Filipovity,0.0838,0.9261,1.0099,New Mexico State
4040,Peter Fuchs,-0.4701,-0.3817,-0.8518,Detroit Mercy
4041,Peter Kramer,0.9736,0.4664,1.44,Lehigh
4042,Peter Noble,0.0555,0.0807,0.1363,Rutgers
4043,Peter Oduro,-0.4596,-2.1495,-2.6092,Coppin State
4044,Peter Sposito,0.3192,-0.2641,0.0551,Loyola Maryland
4045,Peter Suder,0.9101,2.1823,3.0924,Miami (OH)
4046,Peyton Ackerman,0.3706,-0.4032,-0.0326,NIU
4047,Peyton Marshall,-0.1593,0.7918,0.6325,Missouri
4048,Peyton Rogers,0.614,-0.3357,0.2783,Houston Christian
4049,Peyton Seals,0.1378,1.1659,1.3038,Princeton
4050,Peyton Smith,-0.3718,-1.46,-1.8318,Fairfield
4051,Pharaoh Compton,1.3561,0.8933,2.2494,San Diego State
4052,Pharell Boyogueno,1.4002,0.7969,2.1972,Gardner-Webb
4053,Pharrel Payne,0.624,0.736,1.36,Texas A&M
4054,Phat Phat Brooks,0.5344,0.2324,0.7668,Michigan
4055,Philip Byriel,0.7575,1.1343,1.8918,Princeton
4056,Phillip Russell,2.634,1.4967,4.1308,VCU
4057,Pierce Bazil,0.0168,-1.3692,-1.3524,Houston Christian
4058,Pierce Shirk,-0.4081,-0.4079,-0.8159,Morgan State
4059,Pierre Brooks,1.039,2.1293,3.1683,Butler
4060,Pierre Geneste,-1.1537,-0.7804,-1.9341,Fresno St.
4061,Pip Ajayi,-0.6318,-0.4819,-1.1137,Bucknell
4062,Po'Boigh King,-0.1445,-0.7992,-0.9437,N.C. Central
4063,Ponce James,-0.9961,1.6404,0.6443,Delaware State
4064,Poohpha Warakulnukroh,0.0673,-0.1094,-0.0421,UCF
4065,Pop Isaacs,1.7232,-0.0726,1.6506,Creighton
4066,Porter Bazil,0.6008,0.0515,0.6523,Houston Christian
4067,Posh Alexander,1.5816,0.4188,2.0005,Dayton
4068,Precious Idiaru,0.4574,-0.3342,0.1232,Longwood
4069,Presley Patterson,-0.1872,0.1012,-0.086,Auburn
4070,Preston Clark,0.1883,-0.0565,0.1318,Texas
4071,Preston Ruedinger,-0.4297,-1.0236,-1.4532,Green Bay
4072,Preston Squire,0.5468,-0.4483,0.0985,Bowling Green
4073,Preston Vandermyde,0.1733,-0.326,-0.1527,Utah Tech
4074,Primo Spears,-0.3197,1.2645,0.9448,UTSA
4075,Prince Aligbe,2.5851,-1.6717,0.9133,Seton Hall
4076,Prophet Johnson,-0.5734,0.1013,-0.4721,Fairfield
4077,Pryce Sandfort,0.2244,5.9772,6.2016,Iowa
4078,Puff Johnson,0.8737,2.8902,3.7639,Penn State
4079,Qadir Martin,0.446,0.6676,1.1136,Mercyhurst
4080,Qiant Myers,2.2214,1.9759,4.1973,Portland State
4081,Quadir Copeland,1.5492,2.9841,4.5333,McNeese
4082,Quadir Pettaway,-0.2571,0.6858,0.4287,Presbyterian
4083,Quan Lax,-0.0299,-1.4106,-1.4406,Austin Peay
4084,Quandre Bullock,0.6302,1.6953,2.3255,South Dakota
4085,Quante Berry,-0.328,2.4537,2.1256,Temple
4086,Quaran McPherson,0.4722,-0.2049,0.2674,NIU
4087,Quel'Ron House,1.3402,2.7862,4.1264,Jacksonville State
4088,Quentin Bolton,0.2184,0.5691,0.7875,Ark.-Pine Bluff
4089,Quentin Diboundje,1.8785,0.8562,2.7346,Rhode Island
4090,Quentin Duncan,-0.6331,1.0657,0.4326,NJIT
4091,Quentin Heady,1.0802,0.3266,1.4068,Central Mich.
4092,Quentin Jones,-1.0496,-0.8545,-1.9041,NIU
4093,Quentin McCoy,-0.0786,-0.4051,-0.4838,Arizona State
4094,Quentin Meza,0.3423,0.909,1.2513,Idaho State
4095,Ques Glover,-0.6275,0.183,-0.4445,Ohio State
4096,Quimari Peterson,2.5737,2.2985,4.8722,ETSU
4097,Quin Gorman,0.0323,0.5083,0.5406,Stony Brook
4098,Quincy Ademokoya,1.1356,0.4129,1.5485,South Fla.
4099,Quincy Allen,-1.1362,-1.1688,-2.305,Chicago State
4100,Quincy Ballard,1.76,2.5332,4.2932,Wichita State
4101,Quincy Clark,0.5913,0.6197,1.211,UMass Lowell
4102,Quincy McGriff,-0.7809,-1.6385,-2.4193,Alabama A&M
4103,Quinn Denker,1.3537,0.6713,2.025,Northern Colo.
4104,Quinn Guth,0.0332,-0.2678,-0.2345,Quinnipiac
4105,Quinn Nielsen,0.2419,-0.2812,-0.0393,Boston U.
4106,Quinn Peters,-0.5543,-0.4804,-1.0347,Monmouth
4107,Quinn Strander,0.617,0.3272,0.9443,Nicholls
4108,Quinton Mincey,-0.6319,1.2765,0.6446,UMass Lowell
4109,Quinton Morton-Robertson,-0.8382,2.349,1.5108,Purdue Fort Wayne
4110,Quinton Webb,0.0475,0.744,0.7914,New Mexico
4111,Quion Burns,1.559,2.0432,3.6023,Maine
4112,Quion Williams,0.6837,-1.4608,-0.7771,Abilene Christian
4113,RJ Blakney,0.2099,0.0967,0.3066,Old Dominion
4114,RJ Davis,2.2881,3.0452,5.3333,North Carolina
4115,RJ Felton,0.2056,2.524,2.7296,East Carolina
4116,RJ Godfrey,2.676,1.003,3.679,Georgia
4117,RJ Greene,0.8531,0.5328,1.3859,Wagner
4118,RJ Horry,0.9537,0.594,1.5477,Lindenwood
4119,RJ Johnson,-0.1879,0.2696,0.0817,Charleston So.
4120,RJ Keene,2.9694,2.1533,5.1228,Boise State
4121,RJ Kennah,-0.1992,-0.2518,-0.451,Wake Forest
4122,RJ Luis,3.3421,3.2073,6.5494,St. John's (NY)
4123,RJ Melendez,1.1688,1.4372,2.606,Mississippi State
4124,RJ Nance,-0.3132,-0.6372,-0.9504,UTRGV
4125,RJ Smith,0.8719,1.3451,2.217,Colorado
4126,RJ Taylor,-0.2926,-0.691,-0.9836,UNI
4127,Ra'Heim Moss,1.9755,-1.8213,0.1542,Oregon
4128,RaSheed Jones,-2.0453,0.8312,-1.2142,Coastal Carolina
4129,Race Herr,0.0969,-0.871,-0.7741,Gardner-Webb
4130,Radek Homer,0.1848,-0.3255,-0.1407,Northern Colo.
4131,Raekwon Horton,-0.9569,-0.608,-1.5649,UTSA
4132,Raeshun McGregory,-1.3969,-1.2091,-2.6061,Mississippi Val.
4133,Rafael Castro,0.1334,1.9019,2.0353,George Washington
4134,Rafael Pinzon,1.2532,3.4453,4.6985,Bryant
4135,Rahdir Hicks,1.626,-1.4025,0.2235,Towson
4136,Rahmir Barno,0.1019,0.1504,0.2523,FGCU
4137,Rahmir Moore,0.7686,-0.1051,0.6634,Wagner
4138,Rahsool Diggins,0.3944,0.8496,1.244,Massachusetts
4139,Rakease Passmore,1.1673,-0.4728,0.6945,Kansas
4140,Raleigh Burgess,1.4579,0.439,1.8968,Purdue
4141,Ralph Akuta,0.3356,-0.3938,-0.0582,Drexel
4142,Ralph Martino,-1.2334,-0.7971,-2.0305,UMES
4143,Ramel Lloyd,0.614,-0.5849,0.0291,Long Beach State
4144,Ramogi Nyagudi,-0.368,-0.3429,-0.7109,St. Thomas (MN)
4145,Ramon Walker,1.1499,0.9086,2.0585,Houston
4146,Ramondo Battle,-0.3467,-0.837,-1.1837,Evansville
4147,Ramone Seals,0.2885,-0.4358,-0.1473,Kennesaw State
4148,Ramzi Salem,-0.1225,0.0369,-0.0856,Valparaiso
4149,Randall Pettus,2.0517,-1.1076,0.9441,Northern Ky.
4150,Randarius Jones,1.4169,-0.2322,1.1847,Troy
4151,Raphael Dumon,-1.4088,0.7321,-0.6768,Ark.-Pine Bluff
4152,Rashaan Mbemba,1.5516,1.2449,2.7965,Colorado State
4153,Rashad King,0.5522,1.2948,1.847,Northeastern
4154,Rashaud Marshall,3.2291,-0.6823,2.5467,Arkansas State
4155,Rashaun Agee,0.3239,1.9852,2.3091,Southern California
4156,Rasheed Baldwin,-0.0081,0.355,0.3469,UNC Asheville
4157,Rasheed Bello,0.0788,2.9293,3.0081,Purdue Fort Wayne
4158,Rasheer Fleming,1.2497,3.21,4.4597,Saint Joseph's
4159,Ray Glasgow,1.2753,1.8291,3.1044,Tennessee Tech
4160,Ray Harrison,1.8205,2.0122,3.8327,Grand Canyon
4161,Ray'Sean Taylor,0.243,0.9057,1.1488,SIUE
4162,Raymond Espinal-Guzman,-0.4731,0.455,-0.0181,Sacred Heart
4163,Raymond Somerville,-1.2036,-0.3996,-1.6032,Delaware State
4164,Raynard Horry,0.7858,-0.1007,0.6851,SIUE
4165,Raysean Seamster,0.9869,1.0734,2.0602,UT Arlington
4166,Rayvon Griffith,-0.1801,0.353,0.1729,Cincinnati
4167,Redd Thompson,0.0907,-0.3203,-0.2296,James Madison
4168,Redek Born,0.0643,0.3262,0.3904,UNI
4169,Reece Holbrook,-0.0848,-0.2613,-0.3461,Eastern Ky.
4170,Reece Potter,-1.3219,2.9424,1.6205,Miami (OH)
4171,Reece Robinson,0.905,0.0136,0.9186,Cleveland State
4172,Reed Bailey,0.0544,2.3196,2.374,Davidson
4173,Reed Trapp,0.0076,-0.1014,-0.0938,Auburn
4174,Reese McMullen,-0.1691,-0.1107,-0.2798,Penn
4175,Reggie Bass,-0.77,-0.4472,-1.2172,Lindenwood
4176,Reggie Thomas,0.2178,-1.5645,-1.3467,North Dakota
4177,Reggie Ward,0.6615,-2.0681,-1.4067,Bethune-Cookman
4178,Regimantas Ciunys,0.088,0.3048,0.3928,UMBC
4179,Reid Cason,0.4027,-0.2751,0.1276,East Carolina
4180,Reid Ducharme,1.3839,0.1566,1.5405,Siena
4181,Reid Lovelace,-0.3319,-0.0702,-0.4022,Oklahoma
4182,Reis Jones,0.0278,-1.3938,-1.366,Charleston So.
4183,Renars Sondors,0.3022,0.2948,0.597,ULM
4184,Renato Ruiz,0.1073,0.1778,0.2851,FIU
4185,Rex Sunderland,-0.1043,-1.2745,-1.3787,New Hampshire
4186,Reyne Smith,1.8976,4.3508,6.2485,Louisville
4187,Ricardo Wright,-0.4366,-0.6103,-1.047,Kennesaw State
4188,Riccardo Ghedini,-0.5761,-0.2603,-0.8364,Davidson
4189,Riccardo Greppi,-0.0862,-0.3847,-0.4709,Wisconsin
4190,Rich Barron,-0.6519,-0.0765,-0.7283,Providence
4191,Rich Byhre,-0.4791,-0.2919,-0.771,St. Thomas (MN)
4192,Rich Rolf,-0.4386,-0.8704,-1.309,Charlotte
4193,Rich Smith,2.8402,1.2308,4.071,Abilene Christian
4194,Richard Goods,1.3586,0.819,2.1777,Hampton
4195,Richard Nweke,-0.0353,-0.0017,-0.037,Columbia
4196,Richie Saunders,-0.6847,3.9275,3.2427,BYU
4197,Richie Springs,0.0212,-2.723,-2.7018,Quinnipiac
4198,Rick Issanza,0.8968,0.2009,1.0977,LMU (CA)
4199,Rickey Ballard,-1.0772,-0.1509,-1.2281,West Ga.
4200,Rickey Bradley,1.5124,1.5577,3.0702,VMI
4201,Ridvan Tutic,-0.2763,-0.3549,-0.6312,Maine
4202,Rieco Hellams,0.3607,0.0292,0.3899,Old Dominion
4203,Rihards Vavers,-1.4328,1.1654,-0.2674,Washington State
4204,Rikus Schulte,1.6135,0.8781,2.4916,UC Riverside
4205,Riley Allenspach,0.0208,0.3904,0.4112,Samford
4206,Riley Fox,-0.0798,1.1649,1.0851,Yale
4207,Riley Kugel,0.883,2.969,3.852,Mississippi State
4208,Riley Mulvey,0.5726,0.8245,1.3971,Iowa
4209,Riley Parker,-0.2875,0.1618,-0.1256,Saint Francis
4210,Ring Malith,2.6191,-0.1458,2.4734,SIUE
4211,Ring Nyeri,1.4177,0.4724,1.8901,Kansas City
4212,Rob Brown,1.7666,2.893,4.6596,Nicholls
4213,Rob Dockery,-0.2188,0.0154,-0.2034,Texas A&M
4214,Rob Lawson,-1.3492,-0.6467,-1.9959,Morgan State
4215,Rob Martin,1.4714,2.1865,3.6579,Southeast Mo. St.
4216,Rob Taylor,-0.9866,-1.2174,-2.204,Wagner
4217,Rob Whaley,-0.5877,0.3782,-0.2096,UNLV
4218,Robbie Avila,0.654,2.8758,3.5298,Saint Louis
4219,Robbie Stankard,0.0044,-0.3273,-0.3229,Columbia
4220,Robby Beasley,2.3085,-0.6862,1.6223,San Francisco
4221,Robby Carmody,-1.203,0.9371,-0.2659,Le Moyne
4222,Robby Phillips,0.0333,-0.4999,-0.4666,Binghamton
4223,Robby Todd,0.1997,-0.5062,-0.3065,Eastern Ky.
4224,Robert Braswell,-0.6691,0.1883,-0.4808,Charlotte
4225,Robert Carpenter,2.462,2.3648,4.8268,New Mexico State
4226,Robert Cowherd,-0.8452,0.3214,-0.5238,Ole Miss
4227,Robert Davis,0.4974,1.8042,2.3016,Old Dominion
4228,Robert Hinton,-1.357,0.1444,-1.2126,Harvard
4229,Robert Jennings,0.6078,-1.8938,-1.286,Oklahoma State
4230,Robert Jeter,0.2467,-0.7773,-0.5306,Southern Utah
4231,Robert Lewis,-0.5776,-0.2404,-0.818,Ark.-Pine Bluff
4232,Robert McCray,2.4807,0.0854,2.5662,Jacksonville
4233,Robert Miller,0.5366,1.1034,1.64,LSU
4234,Robert Peters,-0.0784,0.2437,0.1653,VMI
4235,Robert Smith,0.4095,1.1644,1.5739,Delaware State
4236,Robert Thibiant,0.0674,0.1959,0.2633,CSUN
4237,Robert Vaihola,1.1614,0.6222,1.7836,San Jose State
4238,Robert Wright,0.3532,3.48,3.8332,Baylor
4239,Roberts Blums,0.3143,-0.9525,-0.6383,Davidson
4240,Roddy Gayle,2.4902,1.6101,4.1003,Michigan
4241,Roderick Coffee,-0.6716,0.4933,-0.1782,Florida A&M
4242,Rodney Brown,-0.4291,1.5542,1.1251,Virginia Tech
4243,Rodney Johnson,-0.8346,-0.1544,-0.989,Tennessee Tech
4244,Rodney Rice,3.0367,5.3098,8.3465,Maryland
4245,Rodolfo Rufino Bolis,1.2827,-1.6624,-0.3796,Eastern Ill.
4246,Rodrick Payne,0.9199,-0.4597,0.4602,Western Ill.
4247,Roee Oselka,0.6485,0.2412,0.8897,Green Bay
4248,Roger McFarlane,1.8776,-1.0107,0.8669,Boston College
4249,Rokas Jocius,-0.279,0.5915,0.3126,UCF
4250,Roko Maric,0.4321,0.2826,0.7147,South Carolina State
4251,Rollie Worster,1.6001,1.7185,3.3186,Nebraska
4252,Rolyns Aligbe,0.9165,-0.9809,-0.0644,Southern Ill.
4253,Romad Dean,-0.6566,0.1544,-0.5022,Fordham
4254,Romelle Mansel,0.488,-0.3131,0.1749,Jackson State
4255,Romeo Myrthil,0.2416,0.4573,0.6988,Dartmouth
4256,Ron Rutland,0.0537,0.5674,0.6212,IU Indy
4257,Ronald Jessamy,0.8946,0.5564,1.451,Tennessee State
4258,Ronald Polite,0.7932,2.0703,2.8635,UNC Greensboro
4259,Rondel Walker,2.2864,0.0954,2.3818,North Texas
4260,Rongie Gordon,0.7261,1.4823,2.2084,Kennesaw State
4261,Ronnie DeGray,1.9171,0.6783,2.5954,Wichita State
4262,Ronnie Harrison,0.7455,-0.0667,0.6788,Tarleton State
4263,Roosevelt Wheeler,0.4638,0.1137,0.5775,ETSU
4264,Rory Stewart,-1.2249,0.8667,-0.3582,FGCU
4265,Ross Candelino,0.5361,1.4264,1.9624,Lipscomb
4266,Rowan Brumbaugh,1.0231,1.8323,2.8555,Tulane
4267,Roy Marom,-0.1004,-0.2714,-0.3717,Tarleton State
4268,Royce Parham,0.7223,2.0472,2.7695,Marquette
4269,Ruben Prey,2.5129,-0.9788,1.5341,St. John's (NY)
4270,Ruben Rodriguez,-1.0663,0.2182,-0.8481,Rider
4271,Rubin Jones,-0.3612,0.3566,-0.0047,Michigan
4272,Rueben Chinyelu,1.7149,0.2393,1.9542,Florida
4273,Ruot Bijiek,0.0057,1.3445,1.3501,Bucknell
4274,Russell Hawkins,0.2036,0.1494,0.353,North Carolina
4275,Ryan Abelman,-0.263,2.9261,2.6632,Northern Ariz.
4276,Ryan Agarwal,0.9967,1.7321,2.7288,Stanford
4277,Ryan Archey,0.2298,-1.7385,-1.5087,Coppin State
4278,Ryan Beasley,2.9079,-0.5409,2.3671,San Francisco
4279,Ryan Bolton,-0.4629,0.1812,-0.2817,Prairie View
4280,Ryan Conwell,2.4946,3.8001,6.2947,Xavier
4281,Ryan Cornish,3.4205,-0.6062,2.8144,Dartmouth
4282,Ryan Curry,-0.3944,0.78,0.3855,Army West Point
4283,Ryan Donohoo,-0.2839,-0.3458,-0.6297,UAB
4284,Ryan Dufault,-1.2345,1.672,0.4375,St. Thomas (MN)
4285,Ryan Duncan,-0.0797,0.02,-0.0597,Princeton
4286,Ryan Elzy,1.0515,0.7152,1.7667,Southeastern La.
4287,Ryan Erikson,0.1719,-0.0006,0.1713,North Dakota
4288,Ryan Forrest,-1.1266,0.6594,-0.4672,N.C. A&T
4289,Ryan Hall,0.8455,-0.4938,0.3517,Southern Ind.
4290,Ryan Hite,0.0521,0.5372,0.5894,Hampton
4291,Ryan Hurst,0.1777,-0.2579,-0.0802,Detroit Mercy
4292,Ryan Jackson,-0.4336,0.3584,-0.0752,William & Mary
4293,Ryan Jolly,0.9058,0.6974,1.6032,Winthrop
4294,Ryan Jones,0.0536,0.0005,0.0541,Virginia Tech
4295,Ryan Kalambay,0.3504,-0.768,-0.4176,Detroit Mercy
4296,Ryan Kalkbrenner,2.7934,2.8293,5.6228,Creighton
4297,Ryan Kiachian,0.9515,-1.0907,-0.1392,Cornell
4298,Ryan Lafferty,0.5358,0.4669,1.0027,St. Thomas (MN)
4299,Ryan Lopez,-0.3237,-0.0145,-0.3382,Chattanooga
4300,Ryan Mabrey,0.4383,-0.9568,-0.5185,Quinnipiac
4301,Ryan Mela,1.1106,1.5107,2.6213,Providence
4302,Ryan Mutombo,-0.2992,-0.0582,-0.3574,Georgia Tech
4303,Ryan Myers,-2.7967,-1.4683,-4.2649,Western Ill.
4304,Ryan Nembhard,1.6581,4.9075,6.5656,Gonzaga
4305,Ryan Nutter,0.4342,-1.036,-0.6018,Marshall
4306,Ryan Pettis,-0.3501,-0.7798,-1.1298,Fordham
4307,Ryan Pettit,2.4508,-2.2298,0.221,Lafayette
4308,Ryan Prather,1.1553,-0.3864,0.7689,Robert Morris
4309,Ryan Rapp,0.1683,0.4347,0.6029,Hawaii
4310,Ryan Sabol,-2.4647,-1.1116,-3.5763,Buffalo
4311,Ryan Schwarz,-0.4212,-0.6786,-1.0998,San Diego State
4312,Ryan Skerry,-0.0837,-0.0844,-0.1681,Towson
4313,Ryan Soulis,-0.4889,-0.8884,-1.3772,Richmond
4314,Ryan Sutliff,0.3055,0.063,0.3685,Boston U.
4315,Ryan Van Eyck,0.4957,-0.3998,0.0959,UIW
4316,Ryan Wade,-2.0835,1.3113,-0.7722,Green Bay
4317,Ryan Williams,0.6491,-1.1809,-0.5318,Northeastern
4318,Ryan Zan,0.1154,0.7185,0.8339,La Salle
4319,Ryder Elisaldez,-0.7324,1.0354,0.303,UC San Diego
4320,Rylan Griffen,0.2309,1.4009,1.6319,Kansas
4321,Rylan Houck,0.5382,0.6395,1.1777,Lipscomb
4322,Rylan Jones,0.6499,3.4599,4.1098,Samford
4323,Rylee Samons,-0.0377,-0.0133,-0.051,Tennessee Tech
4324,Rytis Petraitis,0.2963,2.013,2.3093,California
4325,Saadiq Moore,1.0373,-0.9863,0.0509,Weber State
4326,Saba Gigiberia,0.123,0.1156,0.2386,San Francisco
4327,Sabien Cain,0.3634,0.1314,0.4947,CSUN
4328,Sabry Philip,-1.0596,-2.1117,-3.1712,Stony Brook
4329,Sadaidriene Hall,0.824,-0.0996,0.7244,San Jose State
4330,Sadiku Ibine Ayo,0.4936,0.6542,1.1478,St. John's (NY)
4331,Sadraque NgaNga,-0.8507,1.0707,0.22,San Jose State
4332,Sage Tolentino,-0.2687,0.8376,0.5689,UNC Asheville
4333,Sai Witt,1.0146,0.2969,1.3116,Austin Peay
4334,Saint Thomas,0.3272,3.0598,3.387,Southern California
4335,Saiyd Burnside,-2.6806,-0.2745,-2.9552,Florida A&M
4336,Saliou Seye,1.3859,-1.0666,0.3193,Alabama A&M
4337,Sam Akinrelere,0.0,0.0996,0.0996,Air Force
4338,Sam Akot,0.2189,-0.14,0.0789,Buffalo
4339,Sam Alajiki,1.0243,-1.2389,-0.2146,Oral Roberts
4340,Sam Alamutu,1.2859,-0.2001,1.0858,Vermont
4341,Sam Alexis,1.6142,-0.6402,0.974,Florida
4342,Sam Brown,-1.4552,0.4042,-1.0509,Penn
4343,Sam Donnelly,0.2811,0.3896,0.6708,Le Moyne
4344,Sam Duskin,0.6961,0.9022,1.5982,Air Force
4345,Sam Fagan,-0.8059,-0.5149,-1.3208,Monmouth
4346,Sam Godwin,-0.5636,1.0126,0.449,Oklahoma
4347,Sam Hennessy,0.0826,0.2426,0.3251,Bradley
4348,Sam Hines,1.6827,0.8453,2.528,Southeastern La.
4349,Sam Hoiberg,2.8276,1.2226,4.0503,Nebraska
4350,Sam King,-0.0466,-0.2045,-0.2511,Purdue
4351,Sam Klores,-0.1178,-1.168,-1.2857,Brown
4352,Sam Kodi,-1.1186,-1.6731,-2.7917,Southern Ind.
4353,Sam Krist,0.2473,1.1782,1.4254,Navy
4354,Sam Lecholat,1.3866,0.3843,1.7709,Montana State
4355,Sam Lewis,-0.9512,1.8198,0.8686,Toledo
4356,Sam Mervis,-0.2158,-0.2675,-0.4832,Southern Ind.
4357,Sam Murray,0.221,-0.6363,-0.4153,Missouri State
4358,Sam Orme,1.6637,1.2973,2.961,Belmont
4359,Sam Sherry,-0.7629,2.473,1.7101,Elon
4360,Sam Silverstein,2.163,0.958,3.1209,California Baptist
4361,Sam Springer,-0.6604,0.1122,-0.5482,Air Force
4362,Sam Stockton,1.5163,-0.2928,1.2235,Eastern Wash.
4363,Sam Thomson,-0.6894,-0.2007,-0.89,Northeastern
4364,Sam Towns,-0.1076,0.598,0.4905,Bowling Green
4365,Sam Vinson,0.2835,-0.4306,-0.1471,Northern Ky.
4366,Sam Walters,1.5001,2.1188,3.6189,Michigan
4367,Sam Wright,-1.3664,-0.8182,-2.1846,Colgate
4368,Samage Teel,-2.0104,2.7032,0.6928,Indiana State
4369,Samet Yigitoglu,1.0895,1.0143,2.1039,SMU
4370,Sami Osmani,-0.2615,-0.4599,-0.7214,Creighton
4371,Sami Pissis,-1.5776,-0.5576,-2.1352,New Hampshire
4372,Sammie Yeanay,0.1607,0.0189,0.1795,Grand Canyon
4373,Sammy Howlin,0.751,-0.9712,-0.2202,Utah Tech
4374,Samson Aletan,2.7976,0.4583,3.2559,Yale
4375,Samson Johnson,0.5408,3.781,4.3218,UConn
4376,Samuel Ariyibi,-0.2996,-0.2339,-0.5335,Utah Tech
4377,Samuel Cole,-0.0369,0.1886,0.1517,Niagara
4378,Samuel Gibbs,0.1489,0.1879,0.3367,Loyola Maryland
4379,Samuel Onu,0.1988,-0.1359,0.0628,Grambling
4380,Samuel Yurasek,0.3978,0.0141,0.4119,Loyola Chicago
4381,Santiago Trouet,2.2116,-1.0429,1.1687,San Diego
4382,Sasa Ciani,1.2523,-1.8982,-0.646,UIC
4383,Savion Lewis,0.1076,-0.9366,-0.829,Quinnipiac
4384,Savo Drezgic,0.5914,-0.0225,0.5689,Georgia
4385,Sawyer Mayhugh,0.1054,0.2187,0.3242,Queens (NC)
4386,Saxby Sunderland,-0.8083,-1.2233,-2.0316,Chicago State
4387,Saxton Hoepker,0.1228,-0.2072,-0.0844,Southeast Mo. St.
4388,Scooter Williams,-2.2386,-0.875,-3.1136,East Texas A&M
4389,Scottie Ebube,1.6054,0.1386,1.744,Wyoming
4390,Scottie Hubbard,0.9316,0.0361,0.9677,Old Dominion
4391,Scotty Middleton,-0.5502,0.7376,0.1874,Seton Hall
4392,Scotty Washington,1.0088,1.0599,2.0688,CSUN
4393,Sean Blake,0.6554,-0.8109,-0.1555,Vermont
4394,Sean Craig,-0.1729,1.2982,1.1253,IU Indy
4395,Sean Cusano,-0.0517,0.1067,0.055,Chattanooga
4396,Sean Durugordon,-0.354,1.056,0.702,Old Dominion
4397,Sean Elkinton,-0.4174,1.1399,0.7225,Louisiana Tech
4398,Sean Hansen,1.7369,-0.2984,1.4385,George Washington
4399,Sean Lang,1.266,-0.3505,0.9155,Mercyhurst
4400,Sean Logan,1.0392,-0.3281,0.711,Davidson
4401,Sean Moore,1.5367,-0.1405,1.3962,UNCW
4402,Sean Newman,1.5874,0.9428,2.5302,Louisiana Tech
4403,Sean Pedulla,1.6376,1.6627,3.3003,Ole Miss
4404,Sean Smith,1.3663,1.5817,2.948,Western Ill.
4405,Sean Stewart,0.6031,1.03,1.6331,Ohio State
4406,Sean Trumper,1.1846,0.1904,1.375,Merrimack
4407,Sebastian Akins,-1.4757,0.0421,-1.4336,Denver
4408,Sebastian Hartmann,0.66,1.9962,2.6562,Eastern Wash.
4409,Sebastian Mack,2.1151,-0.1099,2.0051,UCLA
4410,Sebastian Perry,-0.3109,-0.3437,-0.6546,Omaha
4411,Sebastian Rancik,0.9923,-1.7622,-0.7698,Colorado
4412,Sebastian Robinson,-0.0887,-1.4659,-1.5546,NJIT
4413,Sebastian Thomas,0.655,0.5523,1.2073,Rhode Island
4414,Seifeldin Hendawy,-0.5069,-0.264,-0.7709,Loyola Chicago
4415,Sekou Kalle,1.1066,-1.4241,-0.3176,Eastern Ill.
4416,Selton Miguel,1.3108,1.0604,2.3712,Maryland
4417,Sencire Harris,2.6527,0.8027,3.4554,West Virginia
4418,Seneca Willoughby,-0.3078,1.2682,0.9604,Bethune-Cookman
4419,Seryee Lewis,-1.2091,-0.1631,-1.3722,Western Mich.
4420,Seth Hubbard,-2.3127,1.692,-0.6206,Toledo
4421,Seth Joba,-0.3563,-2.5911,-2.9474,Vermont
4422,Seth Jones,2.8587,-0.0577,2.801,Pacific
4423,Seth Kruse,0.0573,0.186,0.2433,Oral Roberts
4424,Seth Trimble,1.1021,2.0128,3.1149,North Carolina
4425,Seth Wilson,0.0549,1.871,1.9259,Akron
4426,Seydou Traore,0.0094,-0.4764,-0.467,Iowa
4427,Shadrak Lasu,2.8726,-1.9134,0.9592,LIU
4428,Shaedon Simpson,0.3037,0.5578,0.8615,Central Mich.
4429,Shahar Lazar,-1.0206,-0.2782,-1.2988,Gardner-Webb
4430,Shahid Muhammad,0.2351,-1.239,-1.0039,Massachusetts
4431,Shakeel Moore,2.4391,0.6443,3.0834,Kansas
4432,Shakir Odunewu,-0.0225,1.0249,1.0023,CSU Bakersfield
4433,Shamir Bogues,2.4458,0.481,2.9268,Vermont
4434,Shammah Scott,0.7668,2.1889,2.9558,Akron
4435,Shane Anthony,0.1994,-0.2228,-0.0234,UNCW
4436,Shane Blakeney,-0.365,-0.3791,-0.7441,Drexel
4437,Shane Dezonie,-0.6813,0.5612,-0.1201,Temple
4438,Shane Feden,0.0338,-0.2747,-0.241,James Madison
4439,Shane Nowell,1.4429,-0.4205,1.0224,Portland State
4440,Shane Thomas,-0.2001,-1.1522,-1.3523,Creighton
4441,Shannon Grant,-0.2233,-1.5434,-1.7668,Jackson State
4442,Shanon Simango,1.0968,1.2071,2.3039,Dartmouth
4443,Shaqir O'Neal,-0.9422,-1.503,-2.4452,Florida A&M
4444,Shaquil Bender,1.0592,0.9256,1.9848,Manhattan
4445,Sharron Young,0.9816,2.5014,3.483,Akron
4446,Shaumba Ngoyi,-1.0538,-0.1278,-1.1816,Eastern Wash.
4447,Shawn Fulcher,0.0974,-0.6452,-0.5478,Alabama State
4448,Shawn Jones,-0.7077,0.9982,0.2905,Mississippi State
4449,Shawn Mitchell,0.4128,-0.1834,0.2295,Southern Utah
4450,Shawn Phillips,-0.7378,-0.9441,-1.6819,Arizona State
4451,Shawn Simmons,-1.2417,0.2615,-0.9802,Saint Joseph's
4452,Sheldon Edwards,0.7747,1.7484,2.5231,Loyola Chicago
4453,Sheldon Williams,1.4924,2.4613,3.9537,A&M-Corpus Christi
4454,Shelton Williams-Dryden,-3.975,0.8129,-3.1621,West Ga.
4455,Shemar Rathan-Mayes,-1.5337,-0.7407,-2.2745,Mercyhurst
4456,Shereef Mitchell,-1.6216,0.8028,-0.8188,Ohio
4457,Sheridan Sharp,-0.6018,0.3787,-0.2231,Southern Ill.
4458,Shey Eberwein,0.4313,1.2665,1.6978,South Dakota
4459,Shilo Jackson,0.1488,-0.176,-0.0272,A&M-Corpus Christi
4460,Shon Robinson,-0.0112,0.1313,0.1201,UIW
4461,Shy Odom,1.6078,-0.2128,1.395,Vermont
4462,Siem Uijtendaal,0.6025,0.0324,0.6349,Youngstown State
4463,Silas Demary,1.6372,1.8504,3.4876,Georgia
4464,Silas Sunday,1.8076,0.2108,2.0184,Hofstra
4465,Simas Lukosius,0.6704,1.8356,2.506,Cincinnati
4466,Simeon Cottle,0.3946,2.5096,2.9041,Kennesaw State
4467,Simeon Wilcher,3.5938,-0.2766,3.3172,St. John's (NY)
4468,Simeon Womack,-0.2042,0.2141,0.0099,Bethune-Cookman
4469,Simon Hildebrandt,-0.4285,-0.2102,-0.6386,High Point
4470,Simon Tilahun,0.056,-0.0564,-0.0004,Cal St. Fullerton
4471,Simon Wheeler,0.0722,-0.0118,0.0604,Jacksonville
4472,Sin'Cere McMahon,0.4038,0.9247,1.3285,Norfolk State
4473,Sincere Malone,1.2731,1.0107,2.2838,Nicholls
4474,Sincere Parker,2.4987,1.1546,3.6533,McNeese
4475,Sion James,4.3468,4.7301,9.0769,Duke
4476,Sione Lose,0.5399,-2.7371,-2.1972,UC Davis
4477,Sir Mohammed,0.0975,-1.9629,-1.8654,Notre Dame
4478,Skylar Wicks,0.7197,0.5054,1.2251,UTSA
4479,Skyy Clark,2.4592,3.2941,5.7533,UCLA
4480,Sola Adebisi,0.0612,-1.9086,-1.8474,The Citadel
4481,Solo Ball,0.0006,4.1656,4.1662,UConn
4482,Solomon Callaghan,0.1612,-0.1421,0.0191,Wright State
4483,Solomon Ominu,0.0493,0.4423,0.4915,Pacific
4484,Solomon Oraegbu,0.2977,0.6244,0.9221,Prairie View
4485,Solomon Ray,1.0025,0.2551,1.2576,Grambling
4486,Solomon Washington,3.621,1.5118,5.1328,Texas A&M
4487,Somto Cyril,0.4506,2.3595,2.81,Georgia
4488,Sonny Wilson,-3.0099,2.3452,-0.6647,Toledo
4489,Spence Wewe,0.5289,-0.2424,0.2865,Quinnipiac
4490,Spencer Bain,-0.0245,-0.3355,-0.36,Kansas State
4491,Spencer Elliott,-0.8169,-0.6837,-1.5005,Tulane
4492,Spencer Hubbard,0.5542,0.1163,0.6704,Duke
4493,Spencer Joyner,-0.5125,-0.4792,-0.9917,Boston U.
4494,Spencer Legg,-0.2001,-0.1984,-0.3985,Louisville
4495,Spencer Mahoney,0.4851,-0.1148,0.3702,California
4496,Stanley Borden,0.0599,0.073,0.133,Duke
4497,Stark Jones,0.6513,0.0615,0.7128,Longwood
4498,Stas Sivka,-0.1142,0.7442,0.6299,George Mason
4499,Stefan Cicic,0.1086,-0.1173,-0.0087,Tulane
4500,Stefan Jimenez-Vojnic,0.0374,0.1473,0.1847,NJIT
4501,Stefan Todorovic,-1.5099,2.4848,0.9748,Pepperdine
4502,Stefano Alesso,-0.8491,-2.0187,-2.8679,Stetson
4503,Stefano Faloppa,-0.742,-0.687,-1.429,UT Martin
4504,Stephan Snagg,0.3081,0.0973,0.4054,Binghamton
4505,Stephan Swenson,1.608,1.0535,2.6615,UC Santa Barbara
4506,Stephaun Walker,-0.2206,-0.0876,-0.3082,Old Dominion
4507,Stephen Giwa,0.3755,-0.6212,-0.2457,A&M-Corpus Christi
4508,Stephen Okoro,-0.0216,-1.6368,-1.6584,Detroit Mercy
4509,Stephen Olowoniyi,0.0096,0.2644,0.274,Southern Ind.
4510,Stephon Payne,0.7594,-0.02,0.7395,Jacksonville
4511,Stephon Roberts,1.0529,-1.9148,-0.8619,Saint Peter's
4512,Sterling Knox,-0.1046,-0.2258,-0.3304,Creighton
4513,Sterling Young,-0.9236,1.0041,0.0805,Florida A&M
4514,Steve Settle,-0.0129,2.5556,2.5427,Temple
4515,Steven Ashworth,1.3082,3.3989,4.7071,Creighton
4516,Steven Clay,0.5665,0.7067,1.2733,Morehead State
4517,Steven Crowl,0.073,3.1395,3.2125,Wisconsin
4518,Steven Jamerson,0.1195,-1.4863,-1.3667,San Diego
4519,Steven Solano,0.3582,0.2107,0.5689,Saint Joseph's
4520,Steven Tipton,0.6596,1.0408,1.7004,NIU
4521,Steven Vasquez,0.6723,1.0737,1.746,San Jose State
4522,Stevie Clark,0.4761,-0.1873,0.2888,Colgate
4523,Stevie Mitchell,2.0508,2.2294,4.2802,Marquette
4524,Stone Hutchings,1.8723,-0.5671,1.3052,Utah Tech
4525,Stoney Hadnot,0.9083,0.775,1.6833,South Dakota State
4526,Styles Phipps,0.2206,0.702,0.9226,Grand Canyon
4527,Sultan Adewale,-0.0012,-0.2961,-0.2973,UAlbany
4528,Supreme Cook,-0.2209,-0.4271,-0.648,Oregon
4529,Sven Djopmo,0.1548,-0.0523,0.1025,Arizona
4530,Szymon Zapala,3.1929,-0.2884,2.9045,Michigan State
4531,T'Johnn Brown,0.7706,-0.1967,0.5739,McNeese
4532,TJ Bamba,0.9111,2.4479,3.359,Oregon
4533,TJ Berger,-0.6062,-0.7579,-1.3641,Lafayette
4534,TJ Biel,2.3002,0.8105,3.1108,Southeast Mo. St.
4535,TJ Burch,0.9704,-0.4191,0.5513,Ball State
4536,TJ Ford,0.3997,-1.2706,-0.8709,UIW
4537,TJ Gadsden,-0.0015,-1.0315,-1.0329,Hofstra
4538,TJ Grant,0.3282,-0.1254,0.2028,Mercer
4539,TJ Hurley,1.0609,0.914,1.9749,Vermont
4540,TJ Johnson,0.7575,1.474,2.2315,VMI
4541,TJ Long,-0.9748,-2.3934,-3.3681,Vermont
4542,TJ Nadeau,-1.6498,-2.7206,-4.3705,Detroit Mercy
4543,TJ NeSmith,-1.8114,1.4864,-0.325,Radford
4544,TJ Power,0.5389,-1.2559,-0.717,Virginia
4545,TJ Prosise,0.1554,0.2372,0.3926,George Mason
4546,TJ Simpkins,0.5471,1.9598,2.5068,Elon
4547,TJ Thomas,0.8099,0.4346,1.2445,East Texas A&M
4548,TJ Wainwright,-0.7886,0.7997,0.011,Long Beach State
4549,TJ Weeks,-1.7335,0.4427,-1.2908,Rider
4550,TK Simpkins,-0.0321,1.1322,1.1001,Elon
4551,TO Barrett,0.1463,0.5488,0.6951,Missouri
4552,Tae Davis,-0.2894,2.0596,1.7703,Notre Dame
4553,Taelon Peter,0.4583,5.0142,5.4725,Liberty
4554,Taeshaud Jackson,-0.974,-0.3149,-1.289,Northern Colo.
4555,Tafara Gapare,2.209,-0.4737,1.7353,Maryland
4556,Tahaad Pettiford,0.9619,4.2917,5.2536,Auburn
4557,Tahj Staveskie,1.4643,-0.607,0.8573,Cleveland State
4558,Tahron Allen,-0.4598,-0.855,-1.3148,Delaware
4559,Tai Hamilton,0.9277,0.0838,1.0115,Winthrop
4560,Tai'Reon Joseph,-0.5589,-0.9291,-1.488,UTSA
4561,Taine Murray,-0.169,0.2346,0.0655,Virginia
4562,Tainui Taiaroa,0.0818,0.644,0.7258,Southern Utah
4563,Taj Au-Duke,0.5244,-2.3201,-1.7957,Pepperdine
4564,Taj Bryant,-0.6224,0.439,-0.1834,Sacred Heart
4565,Taj DeGourville,0.5824,-0.6475,-0.0651,San Diego State
4566,Taj Manning,-0.2518,-0.1381,-0.3899,Kansas State
4567,Tajae Jones,0.6808,0.2197,0.9006,Siena
4568,Tajavis Miller,-0.5934,2.5022,1.9089,North Dakota State
4569,Taje' Kelly,-1.0211,-1.6302,-2.6512,Charleston So.
4570,Takai Hardy,-1.1092,0.5651,-0.5441,Idaho
4571,Taku Youngblood,-0.1523,-0.4256,-0.578,Gardner-Webb
4572,Tallis Toure,0.4323,-0.0783,0.354,Stanford
4573,Tamar Bates,1.0474,0.9962,2.0436,Missouri
4574,Tamarion Hoover,-0.7576,-1.4721,-2.2297,Jackson State
4575,Tamaury Releford,1.9761,-1.2158,0.7603,West Ga.
4576,Tamin Lipsey,2.4653,2.0488,4.5141,Iowa State
4577,Tan Yildizoglu,-0.4555,1.2768,0.8213,VMI
4578,Tana Kopa,-3.3335,-0.1521,-3.4856,Canisius
4579,Tanahj Pettway,-1.574,-1.2852,-2.8591,Prairie View
4580,Tank Byard,-0.8421,0.0181,-0.824,Rider
4581,Tanner Christensen,1.8675,1.9358,3.8034,Hawaii
4582,Tanner Cuff,0.6367,-1.0177,-0.3811,Evansville
4583,Tanner O'Grady,-0.0806,0.0174,-0.0632,Robert Morris
4584,Tanner Ostop,0.0031,-0.0524,-0.0493,Fairfield
4585,Tanner Thomas,-0.3197,-0.2186,-0.5382,Sacred Heart
4586,Tanner Toolson,1.5082,1.7635,3.2717,Utah Valley
4587,Tarence Guinyard,0.3784,3.4147,3.7931,UT Martin
4588,Tarik Watson,0.5821,-2.0246,-1.4424,Marist
4589,Tariq Francis,-0.8701,-1.8328,-2.703,NJIT
4590,Tariq Ingraham,-1.6407,-0.8855,-2.5262,Rider
4591,Tarique Foster,-0.4443,-0.4959,-0.9401,Massachusetts
4592,Tarris Reed,2.2183,1.9606,4.179,UConn
4593,Taryn Todd,2.4057,0.9864,3.3921,Arkansas State
4594,Tasos Cook,0.5385,0.1567,0.6952,Campbell
4595,Tate Laczkowski,1.0322,0.8162,1.8483,Army West Point
4596,Tate McCubbin,-0.2999,1.8931,1.5932,Austin Peay
4597,Tauris Watson,-1.2246,-1.0074,-2.232,West Ga.
4598,Tavari Johnson,0.4912,2.0096,2.5008,Akron
4599,Tavi Jackson,0.6225,0.8953,1.5178,Southern Utah
4600,Tavion Banks,-0.0739,1.8916,1.8177,Drake
4601,Tay Knox,0.6751,0.8186,1.4936,Western Ill.
4602,Tay Mosher,1.0296,-1.6829,-0.6532,East Texas A&M
4603,Taye Fields,0.9051,1.5352,2.4403,North Ala.
4604,Taylor Bol Bowen,0.2662,-0.1722,0.094,Florida State
4605,Tayon Sessoms,0.1377,-0.3141,-0.1764,Washington State
4606,Tayshawn Comer,1.7535,0.1399,1.8934,Evansville
4607,Tayton Conerway,2.7039,2.824,5.5279,Troy
4608,Te'Jon Sawyer,-0.4284,2.522,2.0935,Montana
4609,Teddy Washington,1.7039,0.2628,1.9668,Southeast Mo. St.
4610,Tegra Izay,0.4424,0.0642,0.5065,Southern Miss.
4611,Tekao Carpenter,0.3011,-0.4544,-0.1532,Austin Peay
4612,Tennessee Rainwater,-3.0253,1.3105,-1.7148,Utah Tech
4613,Teo Rice,1.1926,0.1988,1.3913,Yale
4614,Terell Strickland,2.0207,-1.3103,0.7104,LIU
4615,Terence Harcum,2.1553,2.4286,4.584,Murray State
4616,Terrance Arceneaux,6.2057,2.1892,8.3949,Houston
4617,Terrance Dixon,-0.1944,-0.6083,-0.8027,Lamar University
4618,Terrance Ford,1.7796,0.6401,2.4198,Arkansas State
4619,Terrance Jones,0.8776,-1.1098,-0.2322,Norfolk State
4620,Terrance Williams,-1.8571,-1.5683,-3.4254,Southern California
4621,Terrell Ard,1.3364,-0.2855,1.0509,Mount St. Mary's
4622,Terrell Gaines,-0.152,-0.344,-0.496,Austin Peay
4623,Terren Frank,1.8517,-0.6317,1.22,Campbell
4624,Terrence Brown,0.0519,0.2107,0.2626,FDU
4625,Terrence Edwards,3.3596,1.8137,5.1733,Louisville
4626,Terrence Hill,0.3391,0.5811,0.9202,VCU
4627,Terri Miller,2.5557,0.4968,3.0525,Portland State
4628,Terry Anderson,3.174,2.0659,5.2398,High Point
4629,Terry Copeland,-0.0594,0.0385,-0.0209,NIU
4630,Terry McMorris,0.8082,0.9047,1.7129,Eastern Ill.
4631,Tevin Smith,1.5629,1.654,3.2168,Cleveland State
4632,Tey Barbour,0.7499,-0.3637,0.3862,Harvard
4633,Themus Fulks,-0.1668,1.8387,1.672,Milwaukee
4634,Theo Grant,-2.4279,-0.796,-3.2239,New Orleans
4635,Theo Pierre-Justin,-0.2934,-0.1051,-0.3984,DePaul
4636,Theo Seng,0.2181,0.0067,0.2248,Troy
4637,Theodore Pendergrass,0.0178,0.2278,0.2455,Delaware State
4638,Thierno Sylla,0.9339,-0.5602,0.3737,SFA
4639,Thomas Batties,1.0455,-0.1667,0.8787,Harvard
4640,Thomas Crowe,0.2745,-0.1225,0.152,Notre Dame
4641,Thomas Dowd,3.1038,1.4304,4.5342,Troy
4642,Thomas Hattan,0.2745,-0.1225,0.152,Notre Dame
4643,Thomas Haugh,2.9747,5.9221,8.8968,Florida
4644,Thomas Kizer,0.0057,-0.1206,-0.1149,Samford
4645,Thomas Ndong,-0.0507,0.4332,0.3825,Oregon State
4646,Thomas Sorber,5.7614,0.8991,6.6605,Georgetown
4647,Thomas Tillman,-0.0413,-0.07,-0.1112,Furman
4648,Thomas Tut,0.9784,-1.8135,-0.835,Southeastern La.
4649,Thompson Camara,-0.2637,0.4478,0.184,Charleston So.
4650,Tibet Gorener,0.3663,0.3948,0.761,SMU
4651,Tidjiane Dioumassi,0.1501,0.6515,0.8016,Southern U.
4652,Tim Eze,0.3003,1.0342,1.3345,UMBC
4653,Tim Moore,0.2082,0.0421,0.2503,NJIT
4654,Tim Oboh,-0.0844,-2.9223,-3.0066,Buffalo
4655,Timaris Brown,-0.572,-0.1787,-0.7507,IU Indy
4656,Timmy Adedire,-1.0862,2.3862,1.3001,N.C. Central
4657,Timmy Fasehun,0.4499,-0.2303,0.2196,ETSU
4658,Timoty Knapp,0.4514,0.5783,1.0297,Bradley
4659,Tishan Ahir,0.4037,0.1659,0.5696,UC Irvine
4660,Titas Sargiunas,1.5284,0.889,2.4174,High Point
4661,Tito Deng,-0.1673,0.6924,0.5251,Jacksonville
4662,Titus Yearout,0.3694,-1.0124,-0.643,Idaho
4663,Tobe Awaka,-0.5195,1.6153,1.0959,Arizona
4664,Tobi Lawal,-0.4322,0.7939,0.3618,Virginia Tech
4665,Toby Nnadozie,-0.0555,-2.3503,-2.4057,Coppin State
4666,Toby Okani,1.8354,0.2863,2.1217,West Virginia
4667,Todd Brogna,-1.408,1.6162,0.2081,Stonehill
4668,Todd Jones,-0.2998,0.0455,-0.2543,Portland
4669,Tom Beattie,-0.6617,0.1789,-0.4828,Hawaii
4670,Tom House,-0.5434,0.2262,-0.3172,Furman
4671,Tom Mark,-0.5352,0.2823,-0.2529,CSU Bakersfield
4672,Tomas Thrastarson,0.2056,0.6653,0.8709,Washington State
4673,Tomislav Ivisic,1.9551,2.3508,4.306,Illinois
4674,Tomiwa Sulaiman,2.9892,2.1115,5.1007,Towson
4675,Tommy Conniff,-0.791,0.9047,0.1137,Lehigh
4676,Tommy Gankhuyag,1.4942,0.1573,1.6514,UTRGV
4677,Tommy Humphries,0.7381,0.3132,1.0512,Furman
4678,Tommy Kamarad,1.4981,-0.383,1.1151,Winthrop
4679,Tommy Pinegar,0.4798,0.2273,0.7071,Missouri State
4680,Toneari Lane,-2.5301,2.244,-0.2861,Georgia State
4681,Tony Duckett,-0.0257,-0.6308,-0.6565,San Diego
4682,Tony Felder,0.0131,-0.4905,-0.4774,Radford
4683,Tony Osburn,0.8332,3.2823,4.1155,Omaha
4684,Tony Perkins,0.8879,0.929,1.8169,Missouri
4685,Tony Toney,-0.2237,1.7898,1.5661,UAB
4686,Torey Alston,0.7697,0.5166,1.2862,Middle Tenn.
4687,Torian Lee,2.0834,-0.1706,1.9129,UC Irvine
4688,Torin Bosch,-0.0556,-0.5225,-0.5782,UMBC
4689,Touko Tainamo,-0.5953,0.3588,-0.2364,Wyoming
4690,Townsend Tripple,0.1746,-0.1276,0.047,BYU
4691,Toyaz Solomon,0.4826,3.1534,3.636,UNC Asheville
4692,Trace Salton,0.7599,-1.5643,-0.8044,Marist
4693,Trace Young,-0.3454,-0.0157,-0.3612,LSU
4694,Trae Benham,2.3477,1.6882,4.0359,High Point
4695,Trae Broadnax,0.1394,0.7993,0.9388,Rice
4696,Trae English,1.2504,-2.8404,-1.59,Nicholls
4697,Traivar Jackson,-0.9074,-0.1837,-1.0912,Grand Canyon
4698,Tramon Mark,0.2731,0.7001,0.9732,Texas
4699,Travis Gray,0.6048,-0.6375,-0.0327,FIU
4700,Travis Harper,1.1169,0.1143,1.2311,Tennessee State
4701,Travis Perry,-0.1846,-0.6647,-0.8493,Kentucky
4702,Travis Roberts,-1.9959,-1.7588,-3.7547,Marist
4703,Travonne Jackson,-0.2285,-0.215,-0.4435,Little Rock
4704,Trayvon Barbary,0.3206,0.1323,0.453,Bethune-Cookman
4705,Trazarien White,1.7609,1.0603,2.8212,TCU
4706,Tre Carroll,-0.4662,0.2458,-0.2204,Fla. Atlantic
4707,Tre Coleman,1.7603,1.9109,3.6712,Nevada
4708,Tre Dinkins,-0.7811,1.5742,0.7931,Duquesne
4709,Tre Donaldson,1.6073,3.2896,4.8969,Michigan
4710,Tre Green,0.8856,1.3811,2.2667,Middle Tenn.
4711,Tre Holloman,2.1815,2.3717,4.5532,Michigan State
4712,Tre Johnson,1.3231,2.2144,3.5375,Texas
4713,Tre Norman,1.8629,-0.1495,1.7134,Marquette
4714,Tre White,2.1707,0.6219,2.7926,Illinois
4715,Tre'Von Spillers,1.8813,1.8618,3.7432,Wake Forest
4716,Tre'shawn Sheppard,-0.4835,0.789,0.3056,LIU
4717,Tre-Vaughn Minott,1.5937,0.0167,1.6104,Portland State
4718,Trent Edwards,2.5133,0.9658,3.4791,Morgan State
4719,Trent Hundley,-1.335,-0.2184,-1.5533,Evansville
4720,Trent Johnson,-0.3382,-0.198,-0.5362,Houston Christian
4721,Trent Middleton,1.6012,0.1183,1.7194,Delaware
4722,Trent Mosquera,0.0397,-0.5583,-0.5186,Le Moyne
4723,Trent Noah,0.0154,0.6447,0.6602,Kentucky
4724,Trent Perry,1.0193,-0.8634,0.1559,UCLA
4725,Trent Pierce,-0.4876,2.7395,2.2519,Missouri
4726,Trent Scott,0.8199,-0.9906,-0.1707,Morehead State
4727,Trenton McLaughlin,0.0253,1.5979,1.6232,Northern Ariz.
4728,Trevan Leonhardt,1.9126,2.0757,3.9884,Utah Valley
4729,Trevin Knell,1.6519,2.4924,4.1443,BYU
4730,Trevion LaBeaux,-0.3879,-0.6702,-1.0581,East Carolina
4731,Trevon Brazile,-0.2491,1.2736,1.0245,Arkansas
4732,Trevor Augustine,0.2148,-0.1533,0.0616,Canisius
4733,Trevor Baskin,1.3422,1.9341,3.2763,Colorado
4734,Trevor Best,-1.7845,0.4777,-1.3068,Arizona State
4735,Trevor Hennig,0.5124,0.4362,0.9485,Weber State
4736,Trevor Mullin,1.945,1.5989,3.5439,Yale
4737,Trevor Smith,-2.5656,-1.3958,-3.9614,Hampton
4738,Trey Alfonso,0.0857,0.5468,0.6325,Southern Miss.
4739,Trey Autry,3.881,3.6184,7.4994,George Washington
4740,Trey Boggess,0.3011,-0.1131,0.1881,Murray State
4741,Trey Bonham,-0.568,3.8985,3.3305,Chattanooga
4742,Trey Campbell,4.2186,2.1596,6.3782,UNI
4743,Trey Deveaux,0.7391,-0.1825,0.5566,Western Ill.
4744,Trey Edmonds,0.9058,-1.074,-0.1681,Minnesota
4745,Trey Fort,0.516,3.1027,3.6187,Samford
4746,Trey Galloway,2.0407,1.8949,3.9356,Indiana
4747,Trey Green,-1.2443,0.0764,-1.1678,Xavier
4748,Trey Hall,0.2509,-1.1288,-0.8779,UMES
4749,Trey Hicks,-0.5446,1.306,0.7614,Longwood
4750,Trey Horton,0.0788,-0.5434,-0.4646,UTEP
4751,Trey Jackson,-0.2952,-1.6383,-1.9336,Mississippi State
4752,Trey Kaufman-Renn,0.2445,5.1853,5.4298,Purdue
4753,Trey Lewis,-0.0651,-1.4952,-1.5604,Purdue Fort Wayne
4754,Trey Lewis,-0.0651,-1.4952,-1.5604,Florida A&M
4755,Trey Miller,1.0484,0.9667,2.0151,UTRGV
4756,Trey Moss,-0.1699,-1.3761,-1.546,George Washington
4757,Trey O'Neil,-0.447,-1.0718,-1.5189,Elon
4758,Trey Parker,-1.4588,0.2538,-1.2049,NC State
4759,Trey Patterson,-0.2962,-1.3019,-1.5981,Rice
4760,Trey Pettigrew,-1.3867,-2.6772,-4.064,Eastern Mich.
4761,Trey Robinson,0.3562,0.9553,1.3115,Northern Ky.
4762,Trey Stewart,-0.0883,0.5973,0.509,BYU
4763,Trey Stuart,0.1573,0.1874,0.3448,TCU
4764,Trey Thomas,-1.042,-0.4307,-1.4727,Bowling Green
4765,Trey Thomas,-1.042,-0.4307,-1.4727,Bethune-Cookman
4766,Trey Townsend,1.3268,0.7166,2.0435,Arizona
4767,Trey Utter,-0.1855,0.0769,-0.1086,SMU
4768,Trey Weiand,0.2242,-0.1121,0.1121,Saint Francis
4769,Trey Wilson,0.0784,-0.7742,-0.6958,Mount St. Mary's
4770,Trey Woodyard,-0.6957,-0.9138,-1.6096,New Hampshire
4771,Trey'Dez Green,-0.3898,0.0076,-0.3823,LSU
4772,Treysen Eaglestaff,-0.2058,1.7734,1.5675,North Dakota
4773,Treyson Anderson,-1.4166,-0.5413,-1.9578,North Dakota State
4774,Treyton Thompson,0.3793,-2.3407,-1.9614,Stetson
4775,Tristan Gross,1.0444,-0.3512,0.6932,Stetson
4776,Tristen Guillouette,0.2217,-0.6771,-0.4553,FGCU
4777,Triston Wennersten,-0.7531,-1.5418,-2.2949,NJIT
4778,Triston Wilson,2.7936,2.832,5.6256,Presbyterian
4779,Troy Cicero,0.2534,-1.0431,-0.7897,Loyola Maryland
4780,Troy Cole,0.6929,-0.925,-0.2322,Southeast Mo. St.
4781,Troy D'Amico,-0.9424,1.2538,0.3115,DePaul
4782,Troy Hupstead,0.2524,1.1451,1.3975,UT Arlington
4783,Troy McKoy,-0.6813,-1.7461,-2.4274,Chicago State
4784,Tru Washington,1.9775,0.7634,2.741,New Mexico
4785,Truth Harris,-2.017,0.6525,-1.3645,Radford
4786,Tsvet Sotirov,-0.7117,-0.9377,-1.6494,NIU
4787,Tuburu Naivalurua,-0.1753,0.19,0.0146,Oakland
4788,Tucker Anderson,1.3162,3.2631,4.5794,Utah State
4789,Tucker DeVries,1.434,1.8481,3.2821,West Virginia
4790,Tunde Vahlberg Fasasi,1.8697,0.4978,2.3675,La Salle
4791,Tuongthach Gatkek,3.7175,0.9953,4.7128,Little Rock
4792,Turner Buttry,-1.2615,1.9927,0.7312,Eastern Ky.
4793,Ty Berry,0.6025,0.4681,1.0706,Northwestern
4794,Ty Bevins,0.1143,-0.8438,-0.7296,George Washington
4795,Ty Blake,-0.275,-0.0168,-0.2918,Illinois State
4796,Ty Davis,-0.2359,0.2981,0.0622,Creighton
4797,Ty Harper,0.5517,0.1402,0.6919,Youngstown State
4798,Ty Iwanonkiw,0.058,0.0332,0.0911,Cornell
4799,Ty Johnson,0.6056,0.1713,0.7769,UC Davis
4800,Ty Pence,-0.3053,-0.329,-0.6343,Illinois State
4801,Ty Robinson,-0.4894,-0.5847,-1.0742,Central Ark.
4802,Ty-Laur Johnson,1.1083,0.3024,1.4107,Wake Forest
4803,Tybo Bailey,-0.109,-0.409,-0.518,East Carolina
4804,Tycen McDaniels,-0.4052,0.0082,-0.397,Alcorn
4805,Tye Dorset,2.0153,0.0332,2.0485,Merrimack
4806,Tyem Freeman,-0.0561,0.6134,0.5573,UIC
4807,Tyeree Bryan,1.6546,1.3476,3.0022,Santa Clara
4808,Tyje Kelton,1.6056,1.1385,2.7441,Wagner
4809,Tylan Pope,0.2026,1.972,2.1746,Texas State
4810,Tylen Riley,-0.2124,0.5153,0.3029,California Baptist
4811,Tyler Andrews,-0.2746,-0.8615,-1.1361,Eastern Ky.
4812,Tyler Beard,0.2207,3.2232,3.4439,CSUN
4813,Tyler Behrend,0.0536,-0.7407,-0.6871,Tulsa
4814,Tyler Betsey,0.6255,1.1329,1.7584,Cincinnati
4815,Tyler Bilodeau,1.8328,1.6755,3.5082,UCLA
4816,Tyler Boston,-0.6692,0.1117,-0.5575,Holy Cross
4817,Tyler Brelsford,-0.1025,-1.854,-1.9565,Morehead State
4818,Tyler Bush,0.2484,0.1315,0.3799,Ga. Southern
4819,Tyler Caron,-0.1064,-0.3084,-0.4148,Oklahoma State
4820,Tyler Doyle,-0.8913,1.3381,0.4468,Bellarmine
4821,Tyler Fearne,0.1227,-0.0372,0.0855,Charlotte
4822,Tyler Harris,-0.5144,0.9993,0.4849,Washington
4823,Tyler Hendricks,1.3227,2.2511,3.5738,UCF
4824,Tyler Johnson,1.8558,1.2713,3.1271,Virginia Tech
4825,Tyler Johnson,1.8558,1.2713,3.1271,Mercer
4826,Tyler Linhardt,-1.9332,-0.5511,-2.4843,Idaho
4827,Tyler Lundblade,-2.2506,3.2411,0.9906,Belmont
4828,Tyler Mack,-1.1545,-0.2645,-1.4191,Alabama State
4829,Tyler McGhie,1.3968,2.467,3.8638,UC San Diego
4830,Tyler Mrus,-0.8032,2.2207,1.4175,Idaho
4831,Tyler Myers,-0.2407,-0.2834,-0.524,Evansville
4832,Tyler Nickel,0.904,2.0448,2.9488,Vanderbilt
4833,Tyler Ode,-0.0567,0.8837,0.827,Toledo
4834,Tyler Olden,0.0805,0.1151,0.1956,Western Ky.
4835,Tyler Patterson,0.7727,0.8956,1.6683,Montana State
4836,Tyler Perkins,3.2531,4.3385,7.5916,Villanova
4837,Tyler Powell,-0.7069,1.0507,0.3438,Eastern Wash.
4838,Tyler Rice,1.6331,-0.3127,1.3204,Hampton
4839,Tyler Ringgold,0.777,-0.5124,0.2645,Tulane
4840,Tyler Rolison,2.3367,0.2992,2.6359,Nevada
4841,Tyler Schmidt,0.689,3.4171,4.1061,Valparaiso
4842,Tyler Shirley,-1.6939,-1.1767,-2.8707,Florida A&M
4843,Tyler Tanner,0.387,2.0002,2.3871,Vanderbilt
4844,Tyler Tejada,0.4488,2.5171,2.966,Towson
4845,Tyler Whitney-Sidney,-0.7788,0.1026,-0.6762,Lehigh
4846,Tymo Sternicki,0.1484,-0.0514,0.097,Denver
4847,Tymu Chenery,1.2565,-0.0168,1.2397,Binghamton
4848,Tyon Grant-Foster,1.5713,0.8758,2.447,Grand Canyon
4849,Tyonne Farrell,2.4546,0.6026,3.0572,Rhode Island
4850,Tyran Cook,0.662,-0.9876,-0.3256,Indiana State
4851,Tyran Mason,0.057,0.3394,0.3963,North Texas
4852,Tyreck Morris,-2.2932,0.8758,-1.4174,Saint Peter's
4853,Tyree Ihenacho,1.4174,0.0141,1.4315,Washington
4854,Tyreese Watson,-0.8964,0.2825,-0.6138,ULM
4855,Tyrel Bladen,1.3881,-0.0515,1.3366,Norfolk State
4856,Tyrel Morgan,-0.0816,3.5722,3.4906,Texas State
4857,Tyren Moore,-1.045,2.385,1.34,UAB
4858,Tyrese Elliott,-0.0916,-0.2466,-0.3382,Alcorn
4859,Tyrese Hughey,1.6213,-0.172,1.4493,Furman
4860,Tyrese Hunter,2.103,1.8159,3.919,Memphis
4861,Tyrese Proctor,2.1877,5.5352,7.7229,Duke
4862,Tyriek Weeks,0.3953,-1.1484,-0.7531,Rider
4863,Tyrin Lawrence,1.9179,2.2413,4.1592,Georgia
4864,Tyrone Marshall,0.8586,0.4072,1.2658,Western Ky.
4865,Tyrone Riley,2.9204,3.2182,6.1386,San Francisco
4866,Tyruse Boock,0.1009,-0.0267,0.0742,Iona
4867,Tyshawn Archie,0.2856,-0.283,0.0026,Tulsa
4868,Tyson Acuff,-0.89,1.4091,0.5191,Rutgers
4869,Tyson Brown,0.8456,-0.1908,0.6547,Ga. Southern
4870,Tyson Commander,-0.6597,0.1749,-0.4848,Loyola Maryland
4871,Tyson Degenhart,0.7446,4.1016,4.8461,Boise State
4872,Tyson Dunn,-0.8907,-1.3148,-2.2055,Buffalo
4873,Tyson Oghene,-0.1203,-0.4485,-0.5688,Canisius
4874,Tytan Anderson,2.0214,3.6966,5.718,UNI
4875,Tytan Newton,0.7388,-1.5386,-0.7998,Morgan State
4876,Tyzhaun Claude,-0.406,0.3832,-0.0227,North Carolina
4877,Ubong Abasi Etim,0.4503,0.5337,0.984,Central Ark.
4878,Ubong Okon,1.6563,-0.2258,1.4305,Alabama State
4879,Ugnius Jarusevicius,0.4961,0.8908,1.387,Central Mich.
4880,Ugonna Onyenso,0.0099,0.6006,0.6104,Kansas State
4881,Unisa Turay,1.0364,-1.9015,-0.8651,Utah Tech
4882,Urban Klavzar,0.8802,1.2396,2.1198,Florida
4883,VJ Edgecombe,1.675,1.3352,3.0102,Baylor
4884,Valentino Pinedo,-0.0132,0.2135,0.2004,Saint Francis
4885,Varick Lewis,-0.0449,-1.1559,-1.2008,Long Beach State
4886,Vasean Allette,0.7699,0.1732,0.9431,TCU
4887,Vasilije Vucinic,1.2548,-0.3484,0.9064,Weber State
4888,Vasja Pandza,0.8747,-0.5961,0.2785,Seattle U
4889,Vason Stevenson,-0.2412,0.033,-0.2082,Pittsburgh
4890,Veljko Ilic,0.591,-1.637,-1.046,Loyola Maryland
4891,Ven-Allen Lubin,2.2719,2.9238,5.1956,North Carolina
4892,Veniamin Abosi,0.9411,2.4258,3.3669,San Francisco
4893,Vernon Collins,1.2105,-1.4434,-0.2329,Western Caro.
4894,Vianney Salatchoum,1.3593,-1.2276,0.1317,FIU
4895,Vic Searls,1.9908,1.2075,3.1983,Ohio
4896,Vice Zanki,-0.1475,-1.0279,-1.1754,Eastern Wash.
4897,Victor Panov,2.9842,0.4187,3.4029,Drexel
4898,Victor Payne,0.2597,2.1439,2.4036,Saint Francis
4899,Victor Valdes,0.3516,0.4668,0.8184,Troy
4900,Viktor Lakhin,2.5706,2.6343,5.2049,Clemson
4901,Viktor Mikic,-0.2172,-0.089,-0.3062,Florida
4902,Viktor Rajkovic,-0.2247,-0.0105,-0.2351,Seattle U
4903,Viljami Vartiainen,-0.9027,2.0556,1.153,Weber State
4904,Villiam Garcia Adsten,0.4525,-0.4092,0.0433,Drexel
4905,Vincent Brady,1.5201,-0.7822,0.7379,Missouri State
4906,Vincent Delano,-1.7748,-1.2573,-3.0322,Portland
4907,Vincent Iwuchukwu,0.6385,-0.4246,0.2139,St. John's (NY)
4908,Vinko Polovic,-0.1336,-0.0192,-0.1528,Milwaukee
4909,Vladimer Salaridze,2.4062,2.3852,4.7914,UT Martin
4910,Vladimir Pavlovic,0.1362,-0.165,-0.0288,California
4911,Vladislav Goldin,2.7018,1.4809,4.1828,Michigan
4912,VonCameron Davis,1.1295,-0.2152,0.9143,Kent State
4913,Vukasin Masic,0.1589,0.3463,0.5052,Portland
4914,Vyctorius Miller,1.9479,1.7069,3.6549,LSU
4915,Vytautas Zygas,-1.8069,-1.3343,-3.1413,Old Dominion
4916,Wade Neyland,-0.1748,0.1727,-0.0021,Sam Houston
4917,Wade Taylor,2.85,1.2813,4.1313,Texas A&M
4918,Waka Mbatch,0.0587,-0.1451,-0.0863,Florida State
4919,Walker Andrews,2.0459,0.222,2.2679,VMI
4920,Walker Horn,0.0666,0.0268,0.0934,Kentucky
4921,Walt Andrews,0.8578,-1.9628,-1.105,NJIT
4922,Walter Clayton,3.4314,5.8222,9.2536,Florida
4923,Walter Hamilton,-0.511,-0.8027,-1.3138,Mississippi Val.
4924,Warren Marshall,-0.194,-0.0194,-0.2133,Oakland
4925,Warren Yeh,-0.747,0.6101,-0.1369,Alabama A&M
4926,Wayne Bristol,-0.332,0.2897,-0.0423,Hampton
4927,Wayne McKinney,2.0392,-0.134,1.9052,San Diego State
4928,Wes Peterson,1.432,0.9848,2.4168,Binghamton
4929,Wes Rubin,-0.3213,-0.3304,-0.6517,UNI
4930,Wesley Cardet,-0.8569,0.7112,-0.1457,Providence
4931,Wesley Celichowski,0.925,0.4995,1.4245,Air Force
4932,Wesley Johnson,0.0504,0.181,0.2313,Campbell
4933,Wesley Oba,0.4169,-0.4107,0.0063,Missouri State
4934,Wesley Robinson,-0.3514,1.5236,1.1722,Manhattan
4935,Wesley Yates,-0.4352,3.0299,2.5947,Southern California
4936,Weston Aigner,-0.8145,-0.463,-1.2775,Evansville
4937,Weston Coggeshall,0.1269,-0.1048,0.0222,South Carolina
4938,Wilder Evers,0.0298,-0.2074,-0.1776,Kansas
4939,Wilguens Jr Exacte,-0.4846,-1.2918,-1.7764,Bowling Green
4940,Wilhelm Breidenbach,0.3044,-0.9058,-0.6015,Washington
4941,Will Allen,0.6914,-0.1975,0.4939,Louisiana Tech
4942,Will Amica,0.0028,-1.1368,-1.134,Le Moyne
4943,Will Berg,2.0158,1.0373,3.0531,Purdue
4944,Will Coble,0.9517,0.2521,1.2038,App State
4945,Will Cooper,-0.9184,-0.6006,-1.519,Air Force
4946,Will Eggemeier,-0.0005,-0.1024,-0.1029,Boston College
4947,Will Felton,-0.0707,0.6455,0.5748,N.C. A&T
4948,Will Gibson,-0.3281,-0.0688,-0.3969,Liberty
4949,Will Heimbrodt,1.6978,0.3042,2.002,Seattle U
4950,Will Hornseth,1.0882,0.7785,1.8667,UNI
4951,Will Johnston,0.2984,1.1889,1.4873,LMU (CA)
4952,Will Kuykendall,0.2072,-0.0523,0.1549,Arizona
4953,Will Lange,-0.6193,-0.3089,-0.9282,Saint Joseph's
4954,Will Lovings-Watts,-0.4751,-0.3589,-0.834,James Madison
4955,Will Maxwell,0.1332,-0.1094,0.0238,Dayton
4956,Will McClendon,-0.1593,1.0545,0.8952,San Jose State
4957,Will Menaugh,0.2387,-0.1833,0.0554,Arizona
4958,Will Moore,0.0729,-0.3158,-0.2429,Marshall
4959,Will Pruitt,1.5416,2.0918,3.6334,Lipscomb
4960,Will Richard,3.4641,4.8249,8.289,Florida
4961,Will Richardson,0.5121,-1.206,-0.6939,Fordham
4962,Will Riley,1.5788,5.2164,6.7952,Illinois
4963,Will Shaver,0.0235,0.0088,0.0323,UAB
4964,Will Shortt,-0.0643,0.0498,-0.0145,Niagara
4965,Will Soucie,1.164,1.6736,2.8376,North Ala.
4966,Will Sydnor,-0.8606,-0.5201,-1.3808,Manhattan
4967,Will Thengvall,-0.2079,-0.0685,-0.2765,Kansas
4968,Will Thomas,-2.1631,1.9795,-0.1835,Morgan State
4969,Will Tschetter,-0.3465,1.3016,0.9551,Michigan
4970,William Humer,-0.6424,0.4906,-0.1517,Northern Colo.
4971,William Jeffress,0.1459,1.1341,1.2801,Louisiana Tech
4972,William Kermoury,0.2207,1.729,1.9498,Northeastern
4973,William Kyle,-0.0095,0.6924,0.6829,UCLA
4974,William Scott,-0.3053,-1.1842,-1.4895,Canisius
4975,William Whorton,1.11,-0.0285,1.0815,South Dakota State
4976,Willie Lightfoot,-0.2547,-0.6595,-0.9142,Alcorn
4977,Willie Williams,0.367,0.6804,1.0473,Northwestern State
4978,Wilson Dubinsky,1.9839,1.6551,3.639,South Carolina State
4979,Win Miller,-0.0867,-0.7147,-0.8014,Belmont
4980,Wisler Sanon,1.1596,0.1704,1.33,Saint Francis
4981,Woody Newton,2.5108,1.3473,3.8581,George Mason
4982,Wooga Poplar,0.4923,2.2081,2.7005,Villanova
4983,Wyatt DeGraaf,0.5579,-0.2196,0.3383,Brown
4984,Wyatt Fricks,0.4344,-0.9933,-0.5589,Marshall
4985,Wyatt Nausadis,1.9244,-0.5917,1.3327,American
4986,Wynston Tabbs,-1.3284,0.4125,-0.916,Morgan State
4987,Xaivian Lee,0.8299,1.3986,2.2285,Princeton
4988,Xander Wedlow,0.4951,-0.2488,0.2462,St. Bonaventure
4989,Xavier Amos,0.1046,1.6137,1.7182,Wisconsin
4990,Xavier Bell,0.064,1.0902,1.1542,Wichita State
4991,Xavier Booker,0.2187,-0.5252,-0.3065,Michigan State
4992,Xavier Brown,0.8252,2.5655,3.3907,James Madison
4993,Xavier DuSell,-0.6018,1.3812,0.7795,Nevada
4994,Xavier Foster,0.1339,-0.7913,-0.6574,Radford
4995,Xavier Lipscomb,0.8252,0.3641,1.1892,Mount St. Mary's
4996,Xavier Nesbitt,0.3882,-0.8254,-0.4373,Harvard
4997,Xavier Sykes,0.2086,-1.2328,-1.0242,Southern Utah
4998,Xinyi Li,-0.5827,-0.8918,-1.4745,LIU
4999,Xzavier Lino,0.3002,0.4472,0.7474,UMass Lowell
5000,Xzavier Long,0.2726,-0.5632,-0.2906,Hampton
5001,Xzayvier Brown,1.3439,1.6081,2.952,Saint Joseph's
5002,Yacine Toumi,0.5906,-0.2513,0.3393,Seton Hall
5003,Yame Butler,1.0133,1.1852,2.1984,Drexel
5004,Yanic Konan Niederhauser,2.0297,1.7287,3.7584,Penn State
5005,Yaniel Rivera,1.0428,-1.8741,-0.8313,Abilene Christian
5006,Yanis Bamba,0.1934,0.3974,0.5908,Wichita State
5007,Yann Farell,-0.4873,1.5816,1.0944,East Carolina
5008,Yaphet Moundi,1.0562,-0.7407,0.3155,Iona
5009,Yaqub Mir,0.3587,-0.0098,0.3489,UC San Diego
5010,Yassine Gharram,-1.2683,0.5599,-0.7085,Yale
5011,Yaxel Lendeborg,0.6359,3.9724,4.6084,UAB
5012,Yoav Berman,1.4415,-0.6195,0.8221,Queens (NC)
5013,Yoda Oke,0.245,-1.1593,-0.9143,Air Force
5014,Yohan Traore,-1.5283,0.0892,-1.4391,SMU
5015,Yonatan Levy,-0.522,-0.4239,-0.9459,Green Bay
5016,Yoro Diallo,1.2892,-1.191,0.0982,Winthrop
5017,Youri Fritz,2.5949,0.9404,3.5353,Northeastern
5018,Youssef Khayat,-0.0374,0.3817,0.3443,Bowling Green
5019,Youssouf Singare,0.3725,-0.2671,0.1054,UConn
5020,Yuri Covington,0.6277,1.4813,2.109,UMass Lowell
5021,Yusef Salih,0.7148,-0.1296,0.5852,East Texas A&M
5022,Yussif Basa-Ama,0.1363,0.1252,0.2615,Miami (FL)
5023,Yusuf Jihad,-1.6151,0.989,-0.6261,Eastern Mich.
5024,Yvens Paul,-0.1375,0.0963,-0.0413,Eastern Ky.
5025,Zaakir Sawyer,-0.1204,0.7857,0.6653,Prairie View
5026,Zaakir Williamson,1.1821,-0.3092,0.8729,Saint Peter's
5027,Zach Anderson,2.9861,1.5594,4.5455,George Mason
5028,Zach Bell,0.1445,0.1484,0.2929,Jacksonville
5029,Zach Bloch,-0.5233,3.2762,2.753,Northern Colo.
5030,Zach Clemence,0.6321,-0.2951,0.337,Kansas
5031,Zach Cleveland,1.4319,1.1044,2.5363,Liberty
5032,Zach Freemantle,3.0978,1.7496,4.8475,Xavier
5033,Zach Gonsoulin,0.8952,0.7418,1.637,UTSA
5034,Zach Hicks,0.5864,1.4557,2.0422,Penn State
5035,Zach Keller,0.477,-0.3055,0.1715,Utah
5036,Zach Kraft,-1.6658,-0.1022,-1.768,North Dakota
5037,Zach Lamey,0.5599,0.5781,1.1379,Lipscomb
5038,Zach Laput,0.2499,1.5566,1.8065,Davidson
5039,Zach Martini,1.2927,0.9645,2.2572,Rutgers
5040,Zach Matulu,-0.4318,-1.5628,-1.9946,UAlbany
5041,Zach Reed,-0.0532,-4.7023,-4.7555,Bellarmine
5042,Zach Reinhart,-3.1051,-1.4743,-4.5793,Ark.-Pine Bluff
5043,Zach Riley,-0.9705,-1.0389,-2.0094,Fordham
5044,Zach Tow,-0.048,0.0,-0.048,Kentucky
5045,Zachariah Mianab,0.0466,-0.0635,-0.017,UT Arlington
5046,Zachary Davis,0.0038,1.0393,1.0431,South Carolina
5047,Zachary Jones,0.0233,-0.0643,-0.0409,Saint Francis
5048,Zachary Royster,0.27,0.027,0.2969,Loyola Chicago
5049,Zachary Visentin,-0.5927,-0.4168,-1.0095,Cal St. Fullerton
5050,Zachiah Clark,0.4728,0.0562,0.5291,UC Santa Barbara
5051,Zack Austin,-0.1434,3.0674,2.924,Pittsburgh
5052,Zack Davidson,0.0353,-0.8917,-0.8564,Montana
5053,Zack Markus,1.0969,0.8473,1.9442,Kansas City
5054,Zae Blake,-1.3214,-1.5993,-2.9208,Wagner
5055,Zahree Harrison,-1.9984,-1.479,-3.4774,Coppin State
5056,Zaide Lowery,-0.0441,0.804,0.7599,Marquette
5057,Zaire Hayes,-1.2973,-0.0748,-1.3721,Texas Southern
5058,Zaire Williams,0.8828,-0.8773,0.0055,Wagner
5059,Zakai Zeigler,3.2739,2.9999,6.2738,Tennessee
5060,Zamoku Weluche-Ume,-0.0952,-0.1558,-0.2509,George Washington
5061,Zander Yates,0.6951,1.0161,1.7112,Liberty
5062,Zane Adnan,0.3605,0.6113,0.9718,UAlbany
5063,Zane Butler,0.359,0.424,0.7829,Arkansas State
5064,Zane Doughty,0.6251,0.197,0.8221,Ball State
5065,Zaon Collins,-1.0899,-0.0158,-1.1057,Fresno St.
5066,Zarique Nutter,-0.674,-2.3193,-2.9933,Georgia State
5067,Zavian McLean,-0.1271,2.858,2.7308,FGCU
5068,Zavier Banks,-0.1379,-0.1683,-0.3062,Oakland
5069,Zavier Fitch,1.6464,-0.4847,1.1617,Wagner
5070,Zawdie Jackson,1.6537,1.4645,3.1182,New Mexico State
5071,Zaxton King,0.6477,0.2484,0.8961,Missouri State
5072,Ze'rik Onyema,0.0208,0.0814,0.1022,Texas
5073,Zeb Jackson,0.7974,2.8957,3.6931,VCU
5074,Zed Key,0.0762,1.4956,1.5718,Dayton
5075,Zek Montgomery,3.7655,1.021,4.7866,Bradley
5076,Zek Tekin,-0.844,-0.019,-0.863,Le Moyne
5077,Zeke Cook,-0.3664,-1.9513,-2.3177,Louisiana
5078,Zeke Mayo,2.0155,1.7044,3.7199,Kansas
5079,Zhuric Phelps,1.0272,1.9483,2.9755,Texas A&M
5080,Zimi Nwokeji,0.1845,0.6344,0.8189,Jacksonville
5081,Zine Eddine Bedri,0.2349,1.6466,1.8815,Columbia
5082,Zio Kim,0.2999,-0.1699,0.13,Princeton
5083,Zion Bethea,-1.8212,-0.8914,-2.7125,Pepperdine
5084,Zion Cruz,-0.6729,0.7611,0.0882,Rider
5085,Zion Fruster,1.0997,-2.6549,-1.5553,Eastern Ill.
5086,Zion Harmon,0.0656,-0.4805,-0.4149,Seton Hall
5087,Zion Pipkin,0.2288,0.3436,0.5724,Wichita State
5088,Zion Richardson,-1.6345,1.0242,-0.6102,Cal St. Fullerton
5089,Zion Russell,-0.8617,-1.0118,-1.8735,Niagara
5090,Zion Sensley,0.4202,0.6203,1.0404,UC Santa Barbara
5091,Zion Stanford,-0.0329,0.2992,0.2664,Temple
5092,Zion Walker,-1.3246,0.1755,-1.1491,Radford
5093,Zion Willburn,-0.7032,-0.2046,-0.9079,Samford
5094,Zocko Littleton,0.8966,-1.7613,-0.8647,Rider
5095,Zoom Diallo,0.0459,2.3751,2.421,Washington
5096,Zuby Ejiofor,4.0779,2.9575,7.0355,St. John's (NY)
5097,Zvonimir Ivisic,1.9069,0.6602,2.567,Arkansas
5098,Zytarious Mortle,2.2841,-0.5294,1.7546,Texas Southern
