,player,DRAPM,ORAPM,Total_RAPM,team
0,AC Bryant,-1.556,5.1777,3.6217,Alabama A&M
1,AD Diedhiou,-1.8783,-0.9887,-2.867,ULM
2,AJ Allenspach,-2.754,2.8294,0.0755,Army West Point
3,AJ Barnes,0.2208,-0.2468,-0.026,Southern U.
4,AJ Bates,0.1547,0.7646,0.9193,Louisiana Tech
5,AJ Braun,-1.3623,0.5169,-0.8454,California Baptist
6,AJ Brown,-1.8943,4.6619,2.7676,Ohio
7,AJ Burgin,-3.5074,1.8334,-1.674,Idaho State
8,AJ Casey,0.0126,-0.381,-0.3683,Saint Louis
9,AJ Clark,2.3273,-0.7819,1.5454,VMI
10,AJ Clayton,-1.8358,5.261,3.4252,Ohio
11,AJ Dancler,-4.9349,3.2858,-1.6491,Le Moyne
12,AJ Economou,-0.5048,-0.6823,-1.1871,Hawaii
13,AJ Ferguson,0.8665,2.1837,3.0502,Murray State
14,AJ George,-1.7725,1.1855,-0.587,SMU
15,AJ Hoggard,-0.393,2.9311,2.538,Vanderbilt
16,AJ Hopkins,0.5487,-2.7844,-2.2358,UT Martin
17,AJ LaBeau,0.2444,-0.2527,-0.0084,Cornell
18,AJ Levine,-0.9047,-2.0631,-2.9678,Penn
19,AJ Lopez,-1.5553,0.6137,-0.9416,Maine
20,AJ Lux,-0.7324,-1.6958,-2.4283,Bellarmine
21,AJ McBride,-0.3181,-0.1476,-0.4657,Niagara
22,AJ McGinnis,-1.6319,-0.9672,-2.599,Wichita State
23,AJ McKee,0.1665,3.169,3.3355,Milwaukee
24,AJ Patterson,-0.5607,-0.7951,-1.3559,Air Force
25,AJ Redd,-0.029,-0.4161,-0.4451,Illinois
26,AJ Rodriguez,-0.4179,-0.1719,-0.5898,Cornell
27,AJ Smith,-2.8163,3.2152,0.3989,James Madison
28,AJ Smith,-2.8163,3.2152,0.3989,Col. of Charleston
29,AJ Staton-McCray,-1.7272,1.5688,-0.1584,Miami (FL)
30,AJ Storr,-1.2779,0.018,-1.2599,Kansas
31,AJ Swinton,-0.3944,-0.0528,-0.4472,Florida State
32,AJ Wills,-1.7053,-1.2927,-2.998,Wyoming
33,AK Okereke,-1.0684,8.3773,7.3089,Cornell
34,Aa'reyon Munir-Jones,-0.8736,0.3952,-0.4784,Coppin State
35,Aaron Bradshaw,2.4548,0.4917,2.9465,Ohio State
36,Aaron Cooley,-0.8019,1.6921,0.8901,Brown
37,Aaron Davis,-0.2839,0.1183,-0.1656,Bryant
38,Aaron Franklin,-1.3781,-0.1846,-1.5627,Milwaukee
39,Aaron Gray,-3.1416,2.0414,-1.1002,Indiana State
40,Aaron Hunkin-Claytor,0.1942,-0.1331,0.0611,Hawaii
41,Aaron McBride,1.8425,1.4753,3.3178,LMU (CA)
42,Aaron Nkrumah,-0.3817,2.4709,2.0892,Tennessee State
43,Aaron Oh,-0.5822,0.0074,-0.5748,Georgia State
44,Aaron Potter,0.3971,1.8108,2.2079,A&M-Corpus Christi
45,Aaron Powell,-1.2209,-1.4752,-2.6961,Rice
46,Aaron Price,-2.482,0.7548,-1.7271,Cal Poly
47,Aaron Reddish,0.1478,-0.6501,-0.5023,UAlbany
48,Aaron Scott,2.8175,3.5332,6.3507,St. John's (NY)
49,Aaron Smith,-1.3959,-2.3496,-3.7455,Alabama A&M
50,Abdi Bashir,-6.2163,4.4921,-1.7242,Monmouth
51,Abdou Khadre Kebe,-2.3999,-4.6168,-7.0167,Mount St. Mary's
52,Abdou Samb,-0.2229,-2.1034,-2.3263,Towson
53,Abdou Tsimbila,-1.677,-1.4046,-3.0816,Fordham
54,Abdoulaye Thiam,-1.0522,3.7579,2.7057,High Point
55,Abdul Momoh,2.5769,1.2542,3.8311,Central Conn. St.
56,Abdulai Fanta Kabba,0.8104,-1.1377,-0.3273,Denver
57,Abou Magassa,0.1085,0.4029,0.5114,Wyoming
58,Abou Ousmane,1.5111,4.2286,5.7397,Oklahoma State
59,Aboubacar Traore,-0.4424,0.5759,0.1334,Louisville
60,Abramo Canka,-3.8049,1.3434,-2.4615,Stetson
61,Ace Bailey,0.907,7.1338,8.0408,Rutgers
62,Ace Baldwin,1.3702,6.284,7.6542,Penn State
63,Ace Talbert,0.6711,-0.724,-0.053,Saint Francis
64,Ace Valentine,-4.5035,1.542,-2.9615,UMBC
65,Achile Spadone,-0.7528,-0.5493,-1.3021,Bucknell
66,Achor Achor,-0.9542,-1.6505,-2.6046,Kansas State
67,Adam Benhayoune,-0.5916,-0.0931,-0.6847,LSU
68,Adam Clark,0.3163,3.6479,3.9642,Merrimack
69,Adam Comer,-0.3725,-0.6931,-1.0656,Col. of Charleston
70,Adam Hamilton,1.1662,-0.0435,1.1227,Lamar University
71,Adam Hinton,-0.6757,2.1562,1.4805,Cornell
72,Adam Holod,-0.0031,-0.2491,-0.2521,American
73,Adam Miller,1.6878,2.1955,3.8833,Arizona State
74,Adam Moussa,0.9722,0.1311,1.1033,California Baptist
75,Adam Njie,-2.3149,0.9256,-1.3893,Iona
76,Adam Shoff,-0.5565,-0.6799,-1.2365,Montana
77,Adam Stewart,0.0755,0.1522,0.2277,TCU
78,Adam Tauer,-0.0352,0.2156,0.1804,St. Thomas (MN)
79,Adama Bal,-1.62,4.0614,2.4414,Santa Clara
80,Adante' Holiman,-3.2927,5.143,1.8503,Ga. Southern
81,Aday Mara,3.8377,4.1466,7.9843,UCLA
82,Addison Arnold,-0.1071,-0.5793,-0.6864,Arizona
83,Addison Patterson,0.5489,1.4229,1.9717,Northwestern State
84,Ademide Badmus,-2.9872,-1.0946,-4.0818,Gardner-Webb
85,Ademola Oladipo,-0.5938,0.1496,-0.4442,Alabama A&M
86,Aden Holloway,-0.0914,7.913,7.8216,Alabama
87,Aden Tagaloa-Nelson,0.0272,-0.1752,-0.148,West Virginia
88,Adetokunbo Bakare,-0.1729,2.0375,1.8647,Saint Peter's
89,Adou Thiero,3.8848,5.9013,9.7861,Arkansas
90,Adrian Samuels,-0.1973,-1.5677,-1.7649,American
91,Adrian Uchidiuno,-0.033,0.198,0.165,Brown
92,Adrian Wooley,0.277,6.6005,6.8775,Kennesaw State
93,Afan Trnka,-2.5364,-2.2923,-4.8287,UT Martin
94,Ahamad Bynum,-1.7479,4.7789,3.031,UTEP
95,Ahmad Henderson,-0.1239,3.445,3.3211,UIC
96,Ahmad Nowell,-0.1115,0.8955,0.7841,UConn
97,Ahmad Robinson,-0.441,2.424,1.983,Mercer
98,Ahmed Barba-Bey,-3.4075,1.1183,-2.2892,FDU
99,Ahmed Essahaty,-0.8424,-1.2278,-2.0702,Southeastern La.
100,Ahmet Jonovic,1.3272,1.6268,2.9541,Bradley
101,Ahmir Langlais,-0.9176,-1.1083,-2.0259,Tennessee State
102,Ahron Ulis,-0.5105,-1.6852,-2.1956,Nebraska
103,Aidan Braccia,-0.0702,-0.3013,-0.3715,Belmont
104,Aidan Burke,-0.6548,3.0933,2.4385,UC San Diego
105,Aidan Cammann,2.5974,0.282,2.8793,Stanford
106,Aidan Carpenter,0.2423,-1.3749,-1.1326,Sacred Heart
107,Aidan Driggers,0.1969,-0.0988,0.0981,Jacksonville State
108,Aidan Hadaway,-0.5217,1.781,1.2592,Ohio
109,Aidan Harris,-0.201,-1.0641,-1.2651,Saint Francis
110,Aidan Kehoe,-1.9055,1.1626,-0.7429,Navy
111,Aidan Konop,-0.3471,-0.074,-0.4211,Wisconsin
112,Aidan Mahaney,-0.4913,-0.0036,-0.4949,UConn
113,Aidan McCool,-0.2755,-0.4703,-0.7459,Louisville
114,Aidan Mckeon,-0.1726,-0.2762,-0.4489,James Madison
115,Aidan Noyes,-1.2869,1.852,0.5651,Belmont
116,Aidan Reichert,-3.2539,3.7729,0.519,Mercyhurst
117,Aidan Richard,-2.136,0.1728,-1.9632,Holy Cross
118,Aidan Rubio,-0.8354,-0.3219,-1.1573,UNC Asheville
119,Aidan Shaw,0.7132,2.0274,2.7405,Missouri
120,Aiden Sherrell,1.3256,3.6119,4.9375,Alabama
121,Aiden Tobiason,-1.6676,2.9798,1.3122,Temple
122,Ajay Holubar,-1.352,1.1824,-0.1695,IU Indy
123,Ajay Sheldon,-0.3477,0.4055,0.0578,Ohio
124,Ajay Tew,-0.9303,-0.0545,-0.9848,ULM
125,Akil Watson,-0.9525,-0.5093,-1.4618,Massachusetts
126,Akili Evans,-0.534,-2.4145,-2.9485,Austin Peay
127,Akintola Akinniyi,-0.1439,-0.2772,-0.4211,Quinnipiac
128,Akira Jacobs,-2.3391,1.2026,-1.1365,Hawaii
129,Akrum Ahemed,1.6214,-0.0568,1.5646,UNC Greensboro
130,Al Green,-1.7982,3.8874,2.0892,Louisiana Tech
131,Alaaeddine Boutayeb,-0.6207,-1.1709,-1.7917,Rider
132,Alden Applewhite,-1.1832,2.908,1.7247,Murray State
133,Alec Millender,-3.1971,2.5444,-0.6526,IU Indy
134,Alec Oglesby,0.244,0.2067,0.4506,Middle Tenn.
135,Alejandro Vasquez,-2.1232,2.1875,0.0643,UAB
136,Aleks Szymczyk,-0.494,-1.0848,-1.5788,Charlotte
137,Aleksandar Gavalyugov,-0.219,0.3721,0.1531,Villanova
138,Aleksander Pachucki,-0.6682,0.2735,-0.3947,Fordham
139,Alem Huseinovic,-0.413,1.9524,1.5394,Rice
140,Alex Anderson,-3.2912,-0.9039,-4.1951,Texas Southern
141,Alex Andrews,-0.0904,-0.0861,-0.1765,Florida A&M
142,Alex Bates,-0.8472,-1.7606,-2.6077,Stonehill
143,Alex Chaikin,-2.5492,5.7418,3.1925,Lafayette
144,Alex Condon,3.3253,6.0134,9.3387,Florida
145,Alex Cotton,-0.4301,0.3254,-0.1047,North Texas
146,Alex Crawford,-2.8119,0.7741,-2.0377,Fresno St.
147,Alex Daniels,-0.4864,-0.3532,-0.8395,American
148,Alex Doyle,-1.9983,-0.5234,-2.5218,Stetson
149,Alex Engro,0.09,0.0563,0.1463,Army West Point
150,Alex Holt,-1.6304,2.529,0.8985,Mercer
151,Alex Horiuk,-0.5504,-2.8346,-3.385,Southern Ind.
152,Alex Huibregtse,-4.9379,3.0861,-1.8518,Wright State
153,Alex Karaban,-0.6246,8.6783,8.0536,UConn
154,Alex Koch,0.1358,0.1425,0.2783,Mercer
155,Alex Kovatchev,0.4266,-0.6054,-0.1787,Sacramento St.
156,Alex Leiba,0.1118,-1.0044,-0.8926,Pepperdine
157,Alex McFadden,-0.6033,0.1301,-0.4732,Delaware
158,Alex Merkviladze,-0.7308,2.8514,2.1206,LMU (CA)
159,Alex Nokes,0.1938,0.1081,0.3019,Lindenwood
160,Alex Raiford,-1.3941,-1.1423,-2.5364,Chicago State
161,Alex Tchikou,-0.1488,-0.5449,-0.6937,Detroit Mercy
162,Alex Tew,0.1674,-1.3333,-1.1659,Weber State
163,Alexander Lesburt,-1.0123,1.9272,0.9149,Brown
164,Alexander Nwagha,-0.8311,-1.0818,-1.9129,Northeastern
165,Alexis Marmolejos,-1.9052,3.4152,1.51,Lamar University
166,Alexis Reyes,-1.6357,-0.8696,-2.5053,Quinnipiac
167,Alfred Worrell,-2.0606,0.4075,-1.6531,Southern Miss.
168,Alfredo Addesa,-1.7136,0.8285,-0.8851,Lehigh
169,Ali Dibba,-0.8921,3.1385,2.2463,Southern Ill.
170,Ali Ragab,0.3217,-1.2011,-0.8795,Northern Ariz.
171,Alier Maluk,-0.406,-1.0927,-1.4987,Florida State
172,Alijah Curry,-0.2167,-0.4681,-0.6848,Manhattan
173,Alijah Martin,1.0928,6.3226,7.4154,Florida
174,All Wright,-2.6194,3.9278,1.3084,Valparaiso
175,Allen David Mukeba,-0.6497,4.2035,3.5537,Oakland
176,Allen Myers,-0.2289,-0.1952,-0.424,Manhattan
177,Allen Strothers,-0.8398,-0.2557,-1.0955,ETSU
178,Allen Udemadu,-0.9274,-2.603,-3.5304,Missouri State
179,Almar Atlason,-2.8465,0.5389,-2.3076,Bradley
180,Alonso Faure,-1.5606,-1.5317,-3.0924,Pepperdine
181,Alonzo Dodd,0.6075,-0.8033,-0.1959,App State
182,Alpha Chibambe,-0.5363,-0.4074,-0.9437,UMBC
183,Alphonzo Billups,-1.2423,0.2858,-0.9565,VCU
184,Alston Andrews,0.0263,-3.184,-3.1577,Delaware State
185,Alston Mason,-1.7766,5.0204,3.2439,Arizona State
186,Alvaro Cardenas,0.3487,6.4577,6.8064,Boise State
187,Alvaro Folgueiras,2.4597,6.5315,8.9912,Robert Morris
188,Alvin Stredic,-5.5661,-4.3768,-9.9429,Mississippi Val.
189,Aly Tounkara,1.0288,-0.6807,0.348,Lindenwood
190,Alyn Breed,-0.1246,-0.0076,-0.1322,McNeese
191,Amaan Sandhu,-0.0385,-0.2395,-0.278,Manhattan
192,Amadou Doumbia,0.0823,-0.7907,-0.7084,Massachusetts
193,Amael L'Etang,2.1611,2.4193,4.5804,Dayton
194,Amahrie Simpkins,-2.2905,2.1556,-0.1349,Morgan State
195,Amani Drummond,0.0972,-0.6649,-0.5677,UIW
196,Amani Hansberry,1.9316,4.5676,6.4992,West Virginia
197,Amani Lyles,0.0912,2.7361,2.8273,Akron
198,Amar Augillard,-0.2856,-0.2281,-0.5138,Fresno St.
199,Amar Kuljuhovic,-3.1705,4.1345,0.964,North Dakota
200,Amar'e Marshall,-3.4755,1.3681,-2.1074,UAlbany
201,Amare Campbell,-0.1988,-1.3161,-1.5149,Pacific
202,Amaree Abram,-0.1875,3.8217,3.6342,Louisiana Tech
203,Amari Jedkins,-0.1839,-0.7404,-0.9243,Montana
204,Amari McCottry,1.3216,-1.3679,-0.0463,Saint Louis
205,Amari Williams,3.5365,6.6559,10.1923,Kentucky
206,Amarion Dickerson,1.4738,2.4922,3.966,Robert Morris
207,Amarr Knox,-3.0838,1.9982,-1.0857,Alabama State
208,Amarri Monroe,-0.8008,3.5233,2.7224,Quinnipiac
209,Amdy Ndiaye,0.0564,-0.0878,-0.0314,Pittsburgh
210,Ametri Moss,-2.9841,0.2361,-2.748,North Florida
211,Amier Ali,-1.4537,2.9239,1.4702,Arizona State
212,Amir Arrington,-0.4296,-0.0246,-0.4542,George Washington
213,Amir Lindsey,-1.8402,1.0331,-0.807,UAlbany
214,Amir Nesbitt,-1.6227,-0.1443,-1.767,Stonehill
215,Amir Shaheed,0.04,0.0334,0.0734,Towson
216,Amiri Stewart,-0.6869,2.2171,1.5302,Sacred Heart
217,Amsal Delalic,-0.0621,1.1079,1.0459,Pittsburgh
218,Anakin Brown,-0.2702,-0.0536,-0.3238,Jacksonville
219,Anastasios Rozakeas,-1.0743,-1.007,-2.0813,Florida State
220,Anderson Kopp,0.8704,6.0654,6.9358,Kansas City
221,Andersson Garcia,3.525,6.6854,10.2104,Texas A&M
222,Andre Curbelo,-0.0276,-0.3814,-0.409,Southern Miss.
223,Andre Henry,2.7503,-0.2806,2.4697,UC Irvine
224,Andre Johnson,-1.099,-0.4747,-1.5737,Utah Valley
225,Andre Lorentsson,-2.5058,1.4417,-1.0641,Toledo
226,Andre Mulibea,-1.0417,0.9584,-0.0833,Coastal Carolina
227,Andre Nunley,1.1968,-1.6668,-0.47,Southern U.
228,Andre Screen,0.6592,1.5124,2.1716,Butler
229,Andre Snoddy,-4.2182,2.1088,-2.1095,Stony Brook
230,Andre Weir,0.8405,-1.8317,-0.9912,Kennesaw State
231,Andre Young,-0.4329,-2.8829,-3.3159,Rider
232,Andrea Holden,-0.9835,-0.4398,-1.4233,Wright State
233,Andrej Jakimovski,1.1758,3.9996,5.1754,Colorado
234,Andrej Stojakovic,-0.5906,5.7574,5.1668,California
235,Andres Marrero,0.3998,-0.7486,-0.3488,La Salle
236,Andrew Akuchie,-0.8601,-0.2509,-1.111,Rice
237,Andrew Alia,0.4511,-0.9799,-0.5287,Drake
238,Andrew Bailey,-0.1668,-0.1741,-0.341,Charlotte
239,Andrew Ball,-1.2801,0.6792,-0.6008,Monmouth
240,Andrew Canda,-0.1774,-0.2687,-0.4461,FDU
241,Andrew Carr,3.0312,6.4822,9.5134,Kentucky
242,Andrew Cook,-3.4078,5.3242,1.9163,Eastern Wash.
243,Andrew Holifield,2.3918,4.7295,7.1213,Lamar University
244,Andrew King,-3.0479,0.594,-2.4539,Elon
245,Andrew Latiff,-0.3487,-0.0807,-0.4294,Clemson
246,Andrew McConnell,-2.7229,0.1199,-2.603,USC Upstate
247,Andrew McKeever,-0.3922,0.5546,0.1624,Saint Mary's (CA)
248,Andrew McKenna,0.0967,-0.0662,0.0305,Pacific
249,Andrew Meadow,-1.7004,4.6985,2.9982,Boise State
250,Andrew Morgan,-0.5471,0.8155,0.2684,Nebraska
251,Andrew Nagy,-2.1712,0.2868,-1.8843,Long Beach State
252,Andrew Phillips,-2.7943,1.6019,-1.1924,Lafayette
253,Andrew Rohde,-2.1381,2.6308,0.4927,Virginia
254,Andrew Sineway,-0.1807,0.372,0.1912,High Point
255,Andrew Taylor,-0.6319,-0.0931,-0.7249,Stetson
256,Andrew Welage,-0.7306,1.3447,0.6141,Wright State
257,Andrew Younan,0.1402,0.9608,1.1009,Weber State
258,Andrija Bukumirovic,-4.2784,1.7419,-2.5364,UT Martin
259,Andrija Vukovic,-0.7967,0.5669,-0.2299,Oklahoma State
260,Andy Stefonowicz,-1.2923,2.334,1.0417,North Dakota State
261,Aneek Patil,-0.2049,0.0523,-0.1526,Queens (NC)
262,Angel Montas,-2.244,-1.5809,-3.8249,Mercer
263,Angelo Brizzi,-0.7461,0.9571,0.2111,Longwood
264,Angelo Ciaravino,0.3077,1.3182,1.6259,Northwestern
265,Angelo Winkel,0.5564,-1.9996,-1.4432,Eastern Wash.
266,Angok Anyang,-1.4118,-0.7944,-2.2062,Alabama A&M
267,Anias Futrell,-2.0113,1.4272,-0.5842,Lindenwood
268,Aniwaniwa Tait-Jones,2.1663,9.3288,11.4952,UC San Diego
269,Annor Boateng,0.398,-1.0696,-0.6716,Missouri
270,Anouar Mellouk,-2.2999,-2.5291,-4.829,Morehead State
271,Anquan Boldin,-1.2222,-0.2384,-1.4606,Buffalo
272,Anquan Hill,-2.6683,4.8371,2.1687,Sacred Heart
273,Ansley Almonor,-0.6066,4.1372,3.5305,Kentucky
274,Antallah Sandlin'El,-1.5941,-0.3377,-1.9318,Robert Morris
275,Ante Beljan,-2.3446,-0.7899,-3.1344,Little Rock
276,Ante Brzovic,0.1554,4.8876,5.043,Col. of Charleston
277,Anthony Alston,0.3485,-0.1177,0.2308,App State
278,Anthony Arrington,-1.9947,-1.3508,-3.3455,Wofford
279,Anthony Batson,0.2589,-2.3057,-2.0468,Stanford
280,Anthony Benard,-3.8068,-4.2406,-8.0474,Canisius
281,Anthony Blunt,-1.4024,1.8025,0.4002,UMass Lowell
282,Anthony Clayton,-0.2688,-0.1302,-0.399,Syracuse
283,Anthony Dell'Orso,0.2177,6.595,6.8126,Arizona
284,Anthony Doppler,-0.6758,-0.3297,-1.0055,North Dakota
285,Anthony Finkley,0.7158,2.6461,3.3619,Saint Joseph's
286,Anthony Gause,0.1722,-2.4447,-2.2725,Charleston So.
287,Anthony Leal,3.5811,3.4307,7.0118,Indiana
288,Anthony McComb,-5.6026,-0.3726,-5.9752,New Hampshire
289,Anthony Morales,0.6999,-1.9119,-1.212,Kent State
290,Anthony Nimani,-1.3685,0.8836,-0.4849,Cornell
291,Anthony Peoples,0.2105,0.1593,0.3698,N.C. Central
292,Anthony Pritchard,-1.4852,0.3354,-1.1498,Central Mich.
293,Anthony Robinson,3.6693,6.8078,10.4771,Virginia
294,Anthony Robinson,3.6693,6.8078,10.4771,Missouri
295,Anthony Roy,-0.9421,6.0476,5.1054,Green Bay
296,Anthony Selden,-3.7244,2.079,-1.6454,Gardner-Webb
297,Anthony Sellars,-0.1394,-0.1998,-0.3392,Ark.-Pine Bluff
298,Antoine Lorick,-1.5725,1.1704,-0.4021,Tennessee State
299,Anton Bonke,-1.4058,-0.8667,-2.2725,Providence
300,Anton Brookshire,-2.6428,-1.305,-3.9478,Austin Peay
301,Antoni Siewruk,-2.4787,0.8572,-1.6215,New Hampshire
302,Antoni Vlogianitis,0.0011,0.0261,0.0272,Marist
303,"Antonio ""TJ"" Madlock",-1.2069,2.6991,1.4921,Alabama State
304,Antonio Lisenbee,-2.385,0.1008,-2.2842,Alcorn
305,Antonio Sisk,-3.9202,-3.8425,-7.7627,Mississippi Val.
306,Antwan Burnett,0.4913,0.4927,0.984,Grambling
307,Antwan Robinson,-2.9414,-2.9651,-5.9065,Cal St. Fullerton
308,Antwann Jones,-0.2382,0.2569,0.0187,Bethune-Cookman
309,Antwaun Massey,-1.1837,-1.4189,-2.6026,Southern Ill.
310,Antwone Woolfolk,1.589,-0.5506,1.0384,Miami (OH)
311,Antwonne Holmes,-0.4336,-0.8486,-1.2822,UTEP
312,Anwar Gill,-2.418,0.1449,-2.2731,Howard
313,Apostolos Roumoglou,-1.5152,0.7576,-0.7576,Richmond
314,Aquan Smart,-0.9342,1.2066,0.2724,N.C. Central
315,Arden Conyers,-0.5194,-0.1837,-0.7031,South Carolina
316,Ari Fulton,-2.5977,0.2556,-2.3422,NJIT
317,Ari Seals,-0.2535,-0.5546,-0.8081,Tulsa
318,Aric Demings,-1.4403,-3.3854,-4.8256,Monmouth
319,Ariel Bland,0.0357,-1.714,-1.6783,UC Santa Barbara
320,Arlandus Keyes,1.4014,1.2574,2.6588,Mount St. Mary's
321,Armandas Plintauskas,-0.1916,-3.6171,-3.8087,Merrimack
322,Armani Perkins,-0.3377,-0.3328,-0.6706,UMass Lowell
323,Armoni Zeigler,-0.8493,0.4988,-0.3505,Saint Peter's
324,Arnas Sakenis,0.6537,0.3526,1.0063,SIUE
325,Arne Osojnik,-3.0696,1.1717,-1.8979,Eastern Mich.
326,Arop Arop,-0.7645,-0.8822,-1.6467,Columbia
327,Arrinten Page,0.852,0.3827,1.2346,Cincinnati
328,Artese Stapleton,0.6754,-0.4508,0.2246,Eastern Ill.
329,Arthur Kaluma,2.6445,6.0041,8.6485,Texas
330,Arthur Tate,-8.8385,-1.9014,-10.7399,Mississippi Val.
331,Arturo Dean,2.449,2.4005,4.8495,Oklahoma State
332,Aryan Arora,-0.5437,-0.2395,-0.7833,Manhattan
333,Asa Newell,-0.4168,7.2975,6.8807,Georgia
334,Asa Thomas,-0.8573,0.1742,-0.6832,Clemson
335,Asher Boney,-0.1136,-1.5453,-1.6589,Southeastern La.
336,Asher Woods,-1.3692,2.748,1.3788,Tulane
337,Ashton Hardaway,1.4352,0.2803,1.7155,Saint Mary's (CA)
338,Ashton Reese,-0.7184,-0.2753,-0.9937,UMBC
339,Ashton Smith,-2.5845,0.0135,-2.571,South Dakota
340,Ashton Williamson,-1.6535,-0.5948,-2.2482,FIU
341,Asim Jones,-0.3451,2.3135,1.9684,FIU
342,Asjon Anderson,-0.7551,0.3885,-0.3665,Queens (NC)
343,Assane Diop,0.4191,-0.0415,0.3775,Colorado
344,Atiki Ally Atiki,2.6574,0.476,3.1335,New Mexico
345,Atin Wright,0.1888,4.985,5.1738,North Texas
346,Atticus Schuler,-0.0813,-0.0966,-0.1779,Dayton
347,Aubin Gateretse,0.0183,2.5836,2.602,Utah State
348,Augustas Marciulionis,1.921,5.721,7.642,Saint Mary's (CA)
349,Augustinas Kiudulas,-2.7104,1.5488,-1.1616,VMI
350,Augusto Cassia,0.9028,0.6422,1.545,Butler
351,Augustus Gerhart,-0.4495,-0.585,-1.0345,Penn
352,Austin Benigni,-2.3618,3.4072,1.0454,Navy
353,Austin Brooks,0.0953,-0.2363,-0.1411,Jacksonville State
354,Austin Green,-1.1785,0.2932,-0.8852,Texas State
355,Austin Harvell,-1.0578,-1.1199,-2.1777,Alabama A&M
356,Austin Herro,-0.1333,-0.358,-0.4913,South Carolina
357,Austin Hunt,-1.1891,1.9148,0.7257,Harvard
358,Austin Johnson,-3.2401,-1.2015,-4.4416,Long Beach State
359,Austin Maurer,-1.3504,0.2626,-1.0878,Grand Canyon
360,Austin Montgomery,-0.9091,-0.2117,-1.1208,Georgetown
361,Austin Nunez,0.0921,-0.2232,-0.1311,Arizona State
362,Austin Parks,0.1375,0.2942,0.4317,Ohio State
363,Austin Patterson,-1.1723,2.1148,0.9426,Montana
364,Austin Rapp,-1.3604,2.8209,1.4605,Portland
365,Austin Swartz,-4.8504,1.6609,-3.1895,Miami (FL)
366,Austin Villarreal,-0.5844,-0.3608,-0.9451,Milwaukee
367,Austin Williams,-1.6586,-1.5494,-3.2081,Elon
368,Avantae Parker,0.6831,-1.3324,-0.6493,Ga. Southern
369,Avery Brown,-4.6713,1.0872,-3.5841,Columbia
370,Avery Felts,0.6713,-0.2875,0.3838,Arkansas State
371,Avishai Lowery,-0.0917,0.0543,-0.0375,Jacksonville State
372,Ayden Davis,-0.9284,-0.7841,-1.7125,Wright State
373,Ayden Evans,-1.7708,-2.5782,-4.349,Ohio
374,Ayden Kelley,-0.0622,-0.2197,-0.2818,Arkansas
375,Ayodele Taiwo,1.0428,-4.9051,-3.8623,Howard
376,Ayomide Bamisile,-0.4767,0.0434,-0.4333,Utah
377,Azavier Johnson,-0.3687,-0.5771,-0.9458,New Mexico State
378,Aziz Bandaogo,1.7788,4.5279,6.3067,Cincinnati
379,Azmar Abdullah,-2.3792,-0.6153,-2.9945,Boston U.
380,B Artis White,-1.5674,-0.6077,-2.1751,Richmond
381,BB Knight,-0.6804,0.05,-0.6304,Lamar University
382,BJ Davis,2.0273,4.0788,6.1061,San Diego State
383,BJ Edwards,3.2493,5.09,8.3393,SMU
384,BJ Freeman,0.1278,4.22,4.3478,Arizona State
385,BJ Kolly,0.5152,-1.0138,-0.4985,Montana State
386,BJ Omot,0.6047,0.345,0.9497,California
387,BJ Ward,-1.1157,1.0544,-0.0614,Southeast Mo. St.
388,Baba Miller,0.7267,7.0094,7.7361,Fla. Atlantic
389,Babacar Diallo,0.1577,1.9295,2.0872,Kansas City
390,Babacar Faye,1.9721,2.2556,4.2277,Western Ky.
391,Babacar Mbengue,0.1162,0.073,0.1892,UTEP
392,Babatunde Durodola,-2.1279,0.2444,-1.8835,Temple
393,Baboucarr Njie,-0.38,0.2628,-0.1172,UTSA
394,Bailey Nunn,-3.2305,-2.6707,-5.9012,Sacramento St.
395,Bangot Dak,0.5715,2.2767,2.8482,Colorado
396,Baraka Okojie,-0.2518,1.2022,0.9505,Memphis
397,Barrington Hargress,-2.4475,7.4288,4.9813,UC Riverside
398,Barry Evans,-0.043,3.5522,3.5092,Bryant
399,Bash Wieland,-0.062,4.3234,4.2614,Chattanooga
400,Basheer Jihad,1.2682,4.458,5.7262,Arizona State
401,Bautista Giralt,-0.8159,-0.8573,-1.6732,UAlbany
402,Baye Fall,-1.033,-0.383,-1.416,Kansas State
403,Baye Ndongo,3.2004,1.8042,5.0046,Georgia Tech
404,Baylor Hebb,-0.7035,-0.4661,-1.1696,UTEP
405,Beau Becker,-2.2452,-1.5564,-3.8016,Air Force
406,Belal El Shakery,0.0845,-0.3705,-0.286,Wofford
407,Ben Bowen,-0.7671,-0.712,-1.4791,Denver
408,Ben Bradford,-0.9395,1.2275,0.288,Charlotte
409,Ben Brown,-0.6688,-1.1918,-1.8606,Dartmouth
410,Ben Burnham,-0.8132,3.3729,2.5597,Virginia Tech
411,Ben Callahan-Gold,-2.6675,2.4547,-0.2129,Binghamton
412,Ben Capron,0.3559,-0.1265,0.2294,Holy Cross
413,Ben Defty,-0.6692,0.1338,-0.5354,Boston U.
414,Ben Egbo,-0.5867,-1.788,-2.3748,UC Irvine
415,Ben Eisendrath,0.258,-1.9939,-1.7359,Harvard
416,Ben Estis,-0.6662,-0.0047,-0.6709,Ohio
417,Ben Ezeagu,-0.1354,0.1277,-0.0076,App State
418,Ben Fox,-1.9283,0.8858,-1.0425,Central Ark.
419,Ben Gold,1.2996,2.9808,4.2804,Marquette
420,Ben Gregg,0.4142,6.4247,6.8389,Gonzaga
421,Ben Hammond,0.1896,-0.5794,-0.3898,Virginia Tech
422,Ben Hendriks,-0.5366,0.0969,-0.4398,Ball State
423,Ben Humrichous,0.6513,4.6574,5.3088,Illinois
424,Ben Johnson,-5.2121,-0.1342,-5.3463,Bellarmine
425,Ben Knostman,0.5347,0.8332,1.3679,Lehigh
426,Ben Michaels,-3.5373,0.7388,-2.7985,Buffalo
427,Ben Middlebrooks,2.2258,1.9192,4.145,NC State
428,Ben Murphy,0.8687,-0.2184,0.6503,Maryland
429,Ben Nacey,-0.1097,-1.3749,-1.4845,Old Dominion
430,Ben Nau,-0.8524,2.6761,1.8236,St. Thomas (MN)
431,Ben Nicol,-0.2085,-0.2572,-0.4658,Ohio
432,Ben Oosterbaan,-0.0977,3.4795,3.3818,St. Thomas (MN)
433,Ben Palacios,-1.7224,-1.4571,-3.1795,Boston U.
434,Ben Ponder,-0.4879,-0.5515,-1.0394,Louisiana Tech
435,Ben Radford,-0.0385,-0.3001,-0.3386,Tulsa
436,Ben Roy,-0.9687,-0.9108,-1.8794,Boston U.
437,Ben Schwieger,-0.4663,2.6099,2.1436,UNI
438,Ben Shtolzberg,0.6233,1.7593,2.3826,UC Santa Barbara
439,Ben Southerland,0.063,-0.4185,-0.3554,Wright State
440,Ben Tweedy,-3.7807,0.2596,-3.5211,Green Bay
441,Ben VanderWal,0.4566,5.8186,6.2752,Furman
442,Ben Wight,-0.6232,1.54,0.9168,Stony Brook
443,Ben Woodward,0.0675,0.1959,0.2635,George Mason
444,Bencao Vungo,-0.6312,-0.6,-1.2312,East Carolina
445,Bendji Pierre,-3.4786,0.777,-2.7016,San Diego
446,Benjamin Bayela,0.161,-0.2117,-0.0507,Jacksonville State
447,Benjamin Bosmans-Verdonk,-1.0765,0.5202,-0.5563,South Carolina
448,Bennett Andersen,-0.5737,-0.4472,-1.0209,Florida
449,Bennett Stirtz,1.3677,9.687,11.0547,Drake
450,Benny Gealer,0.4069,2.9784,3.3852,Stanford
451,Benny Williams,-1.2985,1.69,0.3915,UCF
452,Bensley Joseph,0.112,4.8193,4.9313,Providence
453,Bent Leuchten,2.3856,7.2757,9.6613,UC Irvine
454,Beon Riley,-1.3434,2.6543,1.3109,Utah Tech
455,Berk Can Akin,0.8265,-2.7876,-1.9611,UC Irvine
456,Berke Buyuktuncel,2.5475,0.2146,2.7621,Nebraska
457,Bernard Pelote,-1.8777,2.3467,0.4691,Western Caro.
458,Bernie Blunt,-1.6093,1.8109,0.2016,Mercyhurst
459,Bessanty Saragba,-1.0163,-1.8883,-2.9047,Texas State
460,Bez Mbeng,1.0105,2.3112,3.3216,Yale
461,Bijan Cortes,-1.4602,0.4235,-1.0368,Wichita State
462,Bilal Abdur-Rahman,-2.4182,0.3077,-2.1105,Alabama A&M
463,Billy Rayer,-0.694,-0.3269,-1.0209,Saint Joseph's
464,Billy Richmond,-0.1708,1.6843,1.5135,Arkansas
465,Billy Smith,-4.5979,5.355,0.7572,Bellarmine
466,Birgir Irving,-0.6029,0.3195,-0.2834,High Point
467,Birima Seck,-1.6636,-0.5315,-2.1951,Fairfield
468,Bishop Boswell,1.3204,-1.8095,-0.4892,Tennessee
469,Bismark Nsiah,-0.7108,2.4313,1.7205,FDU
470,Blair Thompson,-2.0926,1.747,-0.3457,Columbia
471,Blaise Keita,-0.2556,-1.1413,-1.397,Western Ky.
472,Blaise Threatt,-1.8319,5.3398,3.5079,Weber State
473,Blaize Sagna,-1.4055,-3.0212,-4.4267,Stetson
474,Blake Ammons,-0.2865,-1.079,-1.3656,Kansas City
475,Blake Anderson,-0.321,-0.6107,-0.9317,Miami (OH)
476,Blake Barker,-1.666,-1.4118,-3.0777,Army West Point
477,Blake Barkley,-0.3397,-0.1392,-0.4788,Northwestern
478,Blake Buchanan,-1.5488,2.6239,1.0751,Virginia
479,Blake Daberkow,0.0197,2.3138,2.3335,Idaho State
480,Blake Fleming,0.2373,0.3654,0.6027,Tennessee State
481,Blake Floyd,-0.6263,-0.1595,-0.7858,North Ala.
482,Blake Forrest,-1.1848,-1.0937,-2.2785,Colgate
483,Blake Goodman,-0.8198,-1.1599,-1.9797,Eastern Ill.
484,Blake Harper,-4.9795,3.7306,-1.2488,Howard
485,Blake Lander,-2.6675,-0.153,-2.8205,LIU
486,Blake Muschalek,-0.667,-0.0615,-0.7284,Auburn
487,Blake Peters,-2.5065,3.3238,0.8173,Princeton
488,Blake Smith,-0.5221,-0.9049,-1.4271,Northwestern
489,Blane St Clair,-0.8965,-1.2273,-2.1238,Army West Point
490,Blaze Angellotti,-0.3515,-0.0831,-0.4346,Saint Francis
491,Blue Cain,0.296,4.8908,5.1868,Georgia
492,Bo Montgomery,0.6176,4.63,5.2475,UNCW
493,Bob Nunge,-0.0916,0.0684,-0.0232,Xavier
494,Bobby Durkin,-2.0231,5.0245,3.0014,Davidson
495,Bobby Hurley,-0.582,-0.5262,-1.1082,Arizona State
496,Bobby Pettiford,-1.518,4.9923,3.4743,High Point
497,Bobby Rosenberger,-4.2938,-1.1435,-5.4373,Saint Francis
498,Boden Kapke,-1.2121,2.662,1.4499,Butler
499,Bogdan Zimonjic,-0.5662,-0.4065,-0.9727,Tennessee Tech
500,Bol Dengdit,-3.5552,1.3057,-2.2495,Portland
501,Bol Kuir,-1.4047,-1.2512,-2.6559,Alabama A&M
502,Boogie Fland,2.0509,3.4278,5.4786,Arkansas
503,Boopie Miller,0.818,2.722,3.54,SMU
504,Bostyn Holt,0.6708,-0.4107,0.2601,Florida State
505,Boubacar Coulibaly,-0.3431,2.2931,1.95,Pepperdine
506,Bowen Born,-0.6692,1.4147,0.7455,Colorado State
507,Bowen Hammer,-1.1585,0.4031,-0.7554,Austin Peay
508,Bowen Hardman,-1.6535,2.507,0.8535,Akron
509,Bowyn Beatty,1.7114,-3.1168,-1.4053,Sacramento St.
510,Braden Appelhans,-0.5906,3.0496,2.459,New Mexico
511,Braden East,-0.554,-0.3066,-0.8606,Lamar University
512,Braden Grant,0.0272,-0.4351,-0.4079,Wright State
513,Braden Hausen,0.1676,0.2645,0.432,High Point
514,Braden Housley,0.2772,1.0471,1.3244,Utah State
515,Braden Huff,2.2414,7.6065,9.8479,Gonzaga
516,Braden Pierce,0.2575,-0.5688,-0.3113,Maryland
517,Braden Smith,0.9535,8.7049,9.6583,Purdue
518,Braden Sparks,-4.3704,-1.1881,-5.5585,Fairfield
519,Bradey Henige,0.1749,0.8322,1.007,California Baptist
520,Bradley Colbert,-0.1876,0.2266,0.039,Xavier
521,Bradley Douglas,-3.0821,2.3933,-0.6888,Ga. Southern
522,Bradley Ezewiro,-0.9084,2.6498,1.7413,UAB
523,Brady Cummins,-3.9549,1.6415,-2.3135,Colgate
524,Brady Dunlap,-0.7564,0.022,-0.7345,St. John's (NY)
525,Brady Hardewig,-1.3492,-0.9569,-2.3061,West Ga.
526,Brady Muller,-0.7281,-1.8374,-2.5654,Bucknell
527,Brady Shoulders,0.061,-0.5342,-0.4733,Mercer
528,Brady Smith,-0.5098,-0.5148,-1.0246,Utah
529,Brady Uhl,0.0104,-0.0288,-0.0184,Dayton
530,Bradyn Foster,-0.8034,-0.6868,-1.4902,Penn
531,Bradyn Hubbard,0.5561,3.5686,4.1247,Abilene Christian
532,Braedan Lue,0.6823,1.5138,2.1961,Kennesaw State
533,Braeden Carrington,-1.3534,1.1564,-0.197,Tulsa
534,Braeden Moore,-1.3085,1.2941,-0.0144,Oral Roberts
535,Braeden Shrewsberry,-3.3768,4.8739,1.4971,Notre Dame
536,Braeden Speed,-1.7921,-1.6211,-3.4132,Loyola Maryland
537,Braelon Bush,-6.0811,3.5244,-2.5567,Prairie View
538,Braelon Green,-0.6975,-3.1866,-3.8841,Bowling Green
539,Bragi Gudmundsson,-0.806,0.5399,-0.2661,Campbell
540,Bralyn Smith,0.1845,0.0306,0.215,Siena
541,Brandin Cummings,-0.4462,3.5522,3.1061,Pittsburgh
542,Brandon Angel,-1.3056,3.3494,2.0438,Oregon
543,Brandon Baffone,-0.5696,-0.106,-0.6756,Delaware
544,Brandon Dwyer,-0.4905,-0.1498,-0.6404,FGCU
545,Brandon Garrison,-0.7103,3.2756,2.5653,Kentucky
546,Brandon Hardy,-1.5901,-0.9205,-2.5106,Louisiana
547,Brandon Huntley-Hatfield,-1.1055,1.8489,0.7434,NC State
548,Brandon Jennings,1.7079,0.9469,2.6548,VCU
549,Brandon Johnson,-2.7364,1.8002,-0.9361,Miami (FL)
550,Brandon Klatsky,-0.4518,-0.297,-0.7488,Georgia
551,Brandon Love,0.6411,0.8033,1.4444,Nevada
552,Brandon Maclin,-0.6042,3.9128,3.3086,Radford
553,Brandon McCreesh,-1.1057,-0.0343,-1.14,Bucknell
554,Brandon Mitchell-Day,0.4833,2.8193,3.3027,Dartmouth
555,Brandon Morgan,-0.9214,-1.584,-2.5054,Western Caro.
556,Brandon Muntu,-3.0469,0.5324,-2.5145,Western Mich.
557,Brandon Murray,0.9871,3.7188,4.706,McNeese
558,Brandon Newman,-0.266,4.2594,3.9935,Oklahoma State
559,Brandon Noel,-4.0676,6.0687,2.0011,Wright State
560,Brandon Rechsteiner,-2.7618,1.1772,-1.5845,Virginia Tech
561,Brandon Stroud,-0.0083,0.4778,0.4695,South Fla.
562,Brandon Taylor,-0.6294,0.1377,-0.4917,East Texas A&M
563,Brandon Walker,-1.102,3.0441,1.9422,Montana State
564,Brandon Weston,-0.9886,2.1312,1.1426,Tennessee State
565,Brandon White,0.1117,-0.2386,-0.1268,Western Caro.
566,Brandon Whitney,-2.7914,3.6416,0.8503,Montana
567,Brandton Chatfield,-0.4018,1.9485,1.5467,Iowa State
568,Brandyn Talbot,-1.1448,1.3364,0.1916,UT Arlington
569,Brant Byers,-2.0883,3.5788,1.4905,Miami (OH)
570,Brantly Stevenson,1.2186,-0.8392,0.3794,California Baptist
571,Brashon Hall,-0.2311,-0.5544,-0.7855,FDU
572,Braxton Bayless,-2.5534,1.0416,-1.5118,Western Ky.
573,Braxton Jones,-3.1397,-1.7423,-4.882,Southern Ind.
574,Braxton Meah,1.3967,-0.7285,0.6682,Nebraska
575,Braxton Stacker,0.7797,3.7311,4.5108,Southeast Mo. St.
576,Brayden Crump,-2.5138,1.945,-0.5688,Elon
577,Brayden Fagbemi,-2.6288,0.0927,-2.5361,Central Ark.
578,Brayden Jackson,-0.9566,-0.5907,-1.5472,Buffalo
579,Brayden Maldonado,1.765,2.1616,3.9266,Seattle U
580,Brayden O'Connor,-0.2316,2.2444,2.0127,George Mason
581,Brayden Reynolds,-2.9423,-1.5088,-4.4511,FDU
582,Braydon Whitaker,-0.7463,-0.5664,-1.3127,Troy
583,Braylen Nash,0.0959,-0.1234,-0.0276,Ohio State
584,Braylen Smith,-0.4076,-1.0075,-1.4151,The Citadel
585,Braylhan Thomas,-0.5926,-0.3755,-0.9681,Ga. Southern
586,Braylon Jackson,-0.534,-0.1594,-0.6934,Evansville
587,Brayon Freeman,-0.9255,1.1745,0.249,Bethune-Cookman
588,Brendan Coyle,-3.2429,3.7012,0.4583,Siena
589,Brendan Hausen,-0.8356,5.0885,4.2529,Kansas State
590,Brendan Mykalcio,-0.5979,-0.1878,-0.7857,Gardner-Webb
591,Brendan Reed,0.4726,0.0297,0.5023,Lehigh
592,Brendan Scanlon,0.0738,0.3544,0.4282,Saint Francis
593,Brendan Terry,-0.5402,3.3352,2.795,Southeast Mo. St.
594,Brendan Wenzel,1.9976,1.0244,3.022,TCU
595,Brendan Yarusso,-0.0901,-0.1464,-0.2365,Santa Clara
596,Brendon O'Keefe,-0.0429,0.1135,0.0706,Army West Point
597,Brenen Lorient,-0.473,4.8994,4.4264,North Texas
598,Brennan Chatman,-0.4732,1.1744,0.7012,Radford
599,Brennan Ramirez,-0.1775,0.3077,0.1302,Boise State
600,Brennan Rigsby,-0.3975,1.0715,0.674,Minnesota
601,Brennan Watkins,-3.0348,0.8152,-2.2195,North Dakota State
602,Brennen Burns,-2.8185,0.2332,-2.5853,Sam Houston
603,Brent Bland,0.441,-0.9056,-0.4646,Saint Peter's
604,Brent Davis,2.3668,-0.6117,1.755,LIU
605,Brentay Noel,0.1665,-2.1353,-1.9688,Southern U.
606,Brenton Knapper,1.6793,4.5332,6.2125,Santa Clara
607,Breon Pass,-0.8056,2.1409,1.3353,NC State
608,Brett Decker,-1.7449,2.6132,0.8683,Liberty
609,Brewer Carruth,0.4957,-1.6016,-1.1059,Southern Miss.
610,Breylin Garcia,-2.5285,1.3863,-1.1422,USC Upstate
611,Brian Amuneke,-2.3169,1.7388,-0.578,Fresno St.
612,Brian Goracke,-2.2487,0.2544,-1.9942,Montana State
613,Brian Mathews,-0.6063,-1.3698,-1.9761,North Dakota
614,Brian Moore,-1.5325,7.5368,6.0043,Norfolk State
615,Brian Myles,-0.095,0.9353,0.8403,Nicholls
616,Brian Nussbaum,-0.3579,0.227,-0.1309,Fordham
617,Brian Taylor,0.9734,3.034,4.0075,SIUE
618,Brian Waddell,0.2382,0.9575,1.1956,Purdue
619,Brice Williams,-1.5421,8.6504,7.1083,Nebraska
620,Brigham Rogers,1.1159,-1.0564,0.0596,Belmont
621,Brit Burden,0.0502,0.0197,0.0699,Southern California
622,Brit Harris,-5.2347,4.6042,-0.6306,USC Upstate
623,Britton Berrett,-0.8298,0.4436,-0.3862,Utah Tech
624,Broc Bidwell,-0.1221,0.2869,0.1648,Campbell
625,Brock Felder,1.1832,0.7344,1.9176,Southern Utah
626,Brock Harding,-0.3558,3.2107,2.855,Iowa
627,Brock Matheny,0.1629,0.049,0.212,Davidson
628,Brock Vice,-0.1212,-0.3477,-0.4689,North Texas
629,Brock Wisne,0.793,1.6778,2.4709,Northern Colo.
630,Brody Boyer,-1.1339,0.1979,-0.936,Samford
631,Brody Fox,-4.1182,1.2765,-2.8417,The Citadel
632,Brody Kozlowski,-0.0604,0.0995,0.0391,BYU
633,Brody Limric,-0.8148,1.1533,0.3385,Central Conn. St.
634,Brody Peebles,-0.7611,3.0265,2.2654,Belmont
635,Brody Robinson,-3.5821,2.4773,-1.1048,UT Arlington
636,Brody Rowbury,-2.6219,3.4264,0.8045,Southeastern La.
637,Broek Ostrom,-0.091,0.0769,-0.0141,St. Bonaventure
638,Brooklyn Hicks,-0.5769,0.8626,0.2857,UNLV
639,Brooks Barnhizer,1.8727,4.3162,6.1888,Northwestern
640,Bruce Thornton,0.6075,9.565,10.1725,Ohio State
641,Bruno Alocen,-0.4095,1.7845,1.375,Indiana State
642,Bryan Etumnu,0.1517,-1.5547,-1.403,Merrimack
643,Bryan Ndjonga,-0.7451,-2.3055,-3.0506,Central Mich.
644,Bryant Selebangue,-0.2012,1.9872,1.786,McNeese
645,Bryce Baker,-0.1273,3.4314,3.3041,Winthrop
646,Bryce Cash,0.2683,0.2818,0.5501,Queens (NC)
647,Bryce Darbyshire,-0.2176,-0.0549,-0.2725,Northern Ky.
648,Bryce Dortch,-0.2643,0.9235,0.6592,Rutgers
649,Bryce Eaton,-1.449,-0.4045,-1.8535,Saint Peter's
650,Bryce Ford,-1.9469,1.3008,-0.646,Toledo
651,Bryce Harris,-0.9222,-0.9097,-1.8319,Howard
652,Bryce Heard,-0.1462,-1.5278,-1.674,NC State
653,Bryce Hopkins,1.3032,1.606,2.9092,Providence
654,Bryce Howard,0.0997,-0.3048,-0.2051,UC Santa Barbara
655,Bryce Johnson,-3.5777,4.1889,0.6112,Sacred Heart
656,Bryce Johnson,-3.5777,4.1889,0.6112,UMBC
657,Bryce Lindsay,-2.0803,6.2369,4.1566,James Madison
658,Bryce Pope,0.3626,-0.1646,0.198,Southern California
659,Bryce Roberts,-0.4149,-1.4694,-1.8842,Texas Southern
660,Bryce Thompson,-0.0614,3.4502,3.3888,Oklahoma State
661,Bryce Walker,-0.2683,-0.1962,-0.4645,Virginia
662,Bryce Zephir,-4.5342,-1.6723,-6.2065,Montana State
663,Brycen Goodine,0.1935,4.8125,5.006,Oklahoma
664,Bryson Cokley,-0.6213,0.2384,-0.3829,George Mason
665,Bryson Dawkins,-3.1263,3.4042,0.2779,Houston Christian
666,Bryson Ogletree,-0.7554,-1.417,-2.1724,N.C. A&T
667,Bryson Spell,-0.2853,0.3469,0.0616,Liberty
668,Bryson Tucker,0.5034,0.3727,0.8761,Indiana
669,Bryson Wilson,-0.6933,-1.6265,-2.3198,Buffalo
670,Bube Momah,0.0855,-0.1738,-0.0882,Lehigh
671,Bubu Benjamin,-3.2065,2.098,-1.1085,Tarleton State
672,Bukky Oboye,0.3219,-0.7118,-0.3898,Santa Clara
673,Burke Chebuhar,0.1108,1.1657,1.2766,Notre Dame
674,Burke Smith,-1.1142,-1.3662,-2.4804,Pacific
675,Byron Brown,-2.551,-2.5177,-5.0687,Air Force
676,Byron Ireland,-1.4753,1.1975,-0.2778,Nicholls
677,Byron Joshua,-1.9624,2.6307,0.6683,UAlbany
678,CJ Booker,-0.5705,-1.4104,-1.9808,Southeastern La.
679,CJ Brown,1.8364,2.2157,4.0521,South Fla.
680,CJ Cox,2.0461,5.4307,7.4768,Purdue
681,CJ Delancy,-0.7095,-6.422,-7.1316,Chicago State
682,CJ Ford,0.1299,-2.1338,-2.0039,Northern Ariz.
683,CJ Fredrick,-0.2543,0.2387,-0.0157,Cincinnati
684,CJ Fulton,0.5119,4.069,4.5809,Col. of Charleston
685,CJ Gunn,-0.1091,2.9991,2.89,DePaul
686,CJ Happy,-1.4427,-1.3102,-2.7529,Princeton
687,CJ Hardy,-2.3141,1.9,-0.4141,CSU Bakersfield
688,CJ Hines,-2.5315,3.8402,1.3087,Alabama State
689,CJ Huntley,-0.9779,4.2675,3.2896,App State
690,CJ Hyland,-2.9851,-3.1363,-6.1214,Western Caro.
691,CJ Jones,-2.8181,1.0029,-1.8153,Kansas State
692,CJ Luster,-3.8863,5.4983,1.6121,Stony Brook
693,CJ Noland,1.052,1.4308,2.4828,New Mexico
694,CJ O'Hara,-2.8937,0.3827,-2.5109,Green Bay
695,CJ Parker,-0.3266,-0.0267,-0.3533,Old Dominion
696,CJ Rich,0.1478,-0.997,-0.8492,USC Upstate
697,CJ Walker,-2.61,3.8033,1.1933,East Carolina
698,CJ Wilcher,0.0255,3.3327,3.3582,Texas A&M
699,CJ Williams,0.1043,0.1765,0.2808,Auburn
700,Cade Bennett,-0.6359,-1.4124,-2.0483,Saint Mary's (CA)
701,Cade Brazier,-0.8711,1.1504,0.2793,Southern Utah
702,Cade Gibbs,-0.6662,-0.4472,-1.1134,Marshall
703,Cade Hardtke,-0.1689,0.3459,0.1771,Bradley
704,Cade Haskins,-2.317,2.3883,0.0713,Dartmouth
705,Cade Higgins,-0.3768,-0.4286,-0.8054,Col. of Charleston
706,Cade Hornecker,-1.8216,-2.4133,-4.2349,Abilene Christian
707,Cade Kelderman,-0.3445,-0.0914,-0.4359,Iowa State
708,Cade Norris,-0.3195,0.2238,-0.0957,Illinois State
709,Cade Pendleton,-0.6875,1.857,1.1696,UC San Diego
710,Cade Phillips,2.4911,3.0416,5.5326,Tennessee
711,Cade Tyson,0.4044,2.0136,2.418,North Carolina
712,Caden Boser,-1.9737,0.7243,-1.2495,Illinois State
713,Caden Diggs,-1.7789,-1.3827,-3.1616,Old Dominion
714,Caden Pierce,-0.1751,2.7066,2.5315,Princeton
715,Caden Powell,-0.3351,3.98,3.6449,Rice
716,Caedin Hamilton,-0.2383,-1.3563,-1.5947,Marquette
717,Cael Schmitt,-0.6494,0.101,-0.5485,UNI
718,Caelum Swanton-Rodger,0.1756,-2.5983,-2.4227,Old Dominion
719,Cal Conroy,-0.0508,-0.362,-0.4128,Tulsa
720,Cal Liston,-1.2305,-1.7039,-2.9344,VMI
721,Cale Jacobsen,1.8608,0.2523,2.1131,Nebraska
722,Caleb Crawford,-0.4695,-1.0203,-1.4898,Maine
723,Caleb Dorsey,-1.7551,0.1656,-1.5895,William & Mary
724,Caleb Ellison,-0.6522,-0.5463,-1.1985,N.C. Central
725,Caleb Embeya,-1.2518,-1.2703,-2.5221,Towson
726,Caleb Evans,0.0256,0.7019,0.7275,Tarleton State
727,Caleb Foster,-0.4601,0.8776,0.4175,Duke
728,Caleb Furst,1.9143,2.6456,4.5599,Purdue
729,Caleb Grill,0.0608,11.2022,11.263,Missouri
730,Caleb Hannah,-0.5679,-1.2919,-1.8598,IU Indy
731,Caleb Jones,-6.2864,-0.7213,-7.0077,Ark.-Pine Bluff
732,Caleb Kenney,-3.1228,-1.6372,-4.7601,Holy Cross
733,Caleb Lohner,0.1855,-2.4151,-2.2295,Utah
734,Caleb Love,-0.2312,7.5924,7.3611,Arizona
735,Caleb Mackrey,-0.6483,-2.747,-3.3953,Marist
736,Caleb McCarty,-0.6462,-1.3368,-1.983,South Carolina State
737,Caleb Middleton,-2.916,-2.1533,-5.0693,New Hampshire
738,Caleb Murphy,-1.3067,-0.0115,-1.3183,UMass Lowell
739,Caleb Pennyfeather,-1.8823,-2.359,-4.2413,Little Rock
740,Caleb Reese,-0.2001,-0.1833,-0.3835,Loyola Chicago
741,Caleb Robinson,1.3032,-0.0468,1.2564,Nicholls
742,Caleb Shaw,-1.0086,2.6355,1.6269,Grand Canyon
743,Caleb Stone-Carrawell,-0.5447,2.4901,1.9454,LMU (CA)
744,Caleb Surgers,0.1244,-1.6119,-1.4875,Delaware State
745,Caleb Thompson,-0.6805,-0.2001,-0.8805,Western Ill.
746,Caleb Walker,-1.7885,-0.5916,-2.3801,Air Force
747,Caleb Williams,-2.1722,-0.6432,-2.8154,Georgetown
748,Caleb Williams,-2.1722,-0.6432,-2.8154,Minnesota
749,Caleb Williams,-2.1722,-0.6432,-2.8154,Lafayette
750,Caleb Zurliene,-1.2513,2.9325,1.6812,Campbell
751,Callum Richard,-0.1475,-0.443,-0.5904,East Carolina
752,Calum Rutherfurd,-0.3624,-0.3674,-0.7297,Montana State
753,Calvin Robins,-1.6284,0.6367,-0.9918,Howard
754,Cam Amboree,-2.5301,1.4157,-1.1144,Southern U.
755,Cam Brent,-0.3255,-0.305,-0.6304,Ole Miss
756,Cam Bryant,-0.9914,-0.779,-1.7704,Mercer
757,Cam Carter,-1.2185,4.689,3.4706,LSU
758,Cam Christy,-0.4803,-0.4779,-0.9582,Winthrop
759,Cam Cole,-0.0731,-4.5594,-4.6325,Navy
760,Cam Cormany,0.1563,-0.0469,0.1094,Navy
761,Cam Denson,-2.9901,-2.333,-5.3232,Long Beach State
762,Cam Estevez,-2.3494,1.0638,-1.2856,Rhode Island
763,Cam Gillus,-3.097,-1.5717,-4.6687,Lehigh
764,Cam Glover,-3.7525,-0.4378,-4.1903,The Citadel
765,Cam Gregory,-2.4034,-4.0079,-6.4113,Campbell
766,Cam Hayes,-2.7199,0.0183,-2.7016,East Carolina
767,Cam Lawin,-0.6765,-0.8082,-1.4847,San Diego State
768,Cam Liggins,-0.509,-0.5697,-1.0787,Coppin State
769,Cam Manyawu,2.6855,1.9014,4.5869,Drake
770,Cam Morris,-2.6163,1.8946,-0.7217,UMass Lowell
771,Cam Palesse,-3.9112,2.9127,-0.9985,Canisius
772,Cam Scott,-0.5507,-2.2636,-2.8143,South Carolina
773,Cam'Ron Brown,-1.8928,-3.7889,-5.6817,Coppin State
774,Cam'Ron Fletcher,-0.5341,1.1128,0.5787,Xavier
775,Camaren Sparrow,0.9603,-2.6305,-1.6701,Coppin State
776,Camaron Tongue,0.0443,1.8087,1.853,Santa Clara
777,Camden Heide,0.0418,2.3315,2.3732,Purdue
778,Camerin James,-1.8499,-2.7101,-4.56,East Texas A&M
779,Cameron Barnes,-0.6003,-0.2745,-0.8748,Illinois State
780,Cameron Brennan,-0.2064,-1.1352,-1.3417,Colgate
781,Cameron Brown,-1.6469,-0.9144,-2.5612,Marquette
782,Cameron Butler,-0.1237,-0.9611,-1.0848,Alcorn
783,Cameron Carr,-0.316,0.7852,0.4692,Tennessee
784,Cameron Clark,-0.7817,-0.3843,-1.166,CSU Bakersfield
785,Cameron Corhen,-0.7574,0.8742,0.1168,Pittsburgh
786,Cameron Crawford,-0.4073,2.3253,1.918,Duquesne
787,Cameron Faas,-0.8811,1.5465,0.6654,Kansas City
788,Cameron Fens,-2.7883,2.1108,-0.6775,South Dakota
789,Cameron Gehlhausen,-0.3251,-0.1787,-0.5038,Evansville
790,Cameron Grant,0.4252,1.5079,1.9331,Stanford
791,Cameron Haffner,-0.046,0.8551,0.8091,Evansville
792,Cameron Hildreth,1.1519,1.8372,2.9891,Wake Forest
793,Cameron Huefner,-2.508,3.0411,0.533,Sam Houston
794,Cameron Jackson,0.2183,0.5836,0.8019,UT Arlington
795,Cameron Jernigan,-1.3287,-2.2975,-3.6263,Chicago State
796,Cameron Matthews,4.3923,4.301,8.6932,Mississippi State
797,Cameron McNamee,-0.1355,-1.3416,-1.477,Dartmouth
798,Cameron Merritt,0.0176,0.3209,0.3386,West Ga.
799,Cameron O'Kelley,-0.3102,-0.4691,-0.7792,App State
800,Cameron Piggee,-2.3281,0.6432,-1.6849,NJIT
801,Cameron Sheffield,-0.0132,0.4396,0.4264,Duke
802,Cameron Shockley-Okeke,-2.8882,3.3278,0.4395,Howard
803,Cameron Tweedy,-0.7909,-1.5181,-2.309,FDU
804,Camian Shell,-2.1908,-1.5042,-3.695,N.C. A&T
805,Camp Wagner,-2.0586,2.9155,0.8569,Indiana State
806,Campbell Duncan,-0.0549,0.0155,-0.0394,Tennessee
807,Camren Hunter,-0.5742,-0.7157,-1.2899,Wisconsin
808,Camryn Weston,-1.1459,2.4048,1.2589,Middle Tenn.
809,Canin Jefferson,-1.4943,-1.3941,-2.8884,North Ala.
810,Cannon Richards,-0.3871,-1.8437,-2.2308,Wofford
811,Car'Ron Brown,-0.0063,0.0024,-0.0039,Coppin State
812,Cardell Bailey,-2.5398,2.0558,-0.484,UMES
813,Carey Booth,-0.9032,0.7281,-0.1751,Illinois
814,Carl Cherenfant,0.5172,-1.1173,-0.6002,New Mexico State
815,Carl Daughtery,-1.3219,1.1266,-0.1953,UC Davis
816,Carl Parrish,-1.7835,1.9191,0.1356,Presbyterian
817,Carlos Cortijo,-2.9272,0.6208,-2.3065,UT Martin
818,Carlos Paez,-0.6842,1.8758,1.1916,Southeastern La.
819,Carlos Rosario,-1.2026,-0.922,-2.1245,Oral Roberts
820,Carlos Stewart,-1.765,5.936,4.171,Santa Clara
821,Carlous Williams,-0.8455,1.6237,0.7782,Tennessee State
822,Carlton Linguard,0.8064,2.2322,3.0386,San Francisco
823,Carmelo Adkins,-2.6357,1.7277,-0.908,USC Upstate
824,Carmelo Pacheco,-3.4602,2.2137,-1.2465,Mount St. Mary's
825,Carnegie Johnson,-1.9307,-0.8434,-2.7741,Navy
826,Carson Brown,-0.0476,-0.1237,-0.1713,Western Caro.
827,Carson Cooper,2.3574,3.0389,5.3963,Michigan State
828,Carson Prost,-0.7244,-0.5541,-1.2785,Eastern Ill.
829,Carson Rhodes,-0.1427,-0.0373,-0.18,Saint Francis
830,Carson Schwieger,-0.5069,1.5594,1.0525,Valparaiso
831,Carson Towt,-0.1152,4.2234,4.1082,Northern Ariz.
832,Carter Benton,-1.5067,-0.9612,-2.4678,Pacific
833,Carter Bjerke,-0.8296,4.805,3.9754,St. Thomas (MN)
834,Carter Bryant,2.4598,5.7325,8.1923,Arizona
835,Carter Gilmore,2.8606,3.6841,6.5447,Wisconsin
836,Carter Kingsbury,-1.2858,0.4253,-0.8605,Iowa
837,Carter Welling,1.4198,2.7825,4.2023,Utah Valley
838,Carter Whitt,-2.5142,1.9396,-0.5746,Belmont
839,Casey O'Malley,0.0526,-0.4344,-0.3818,Marquette
840,Casey Simmons,-0.2166,2.4565,2.2399,Yale
841,Casmir Chavis,-0.126,-0.3846,-0.5106,Arkansas
842,Cavan Reilly,-3.4437,2.1808,-1.2629,Delaware
843,Cayden Gehlhausen,0.1004,-0.1598,-0.0594,Southern Ind.
844,Cayden Vasko,-1.5474,1.6923,0.145,Central Mich.
845,Cayden Ward,-2.9185,1.7462,-1.1724,Cal Poly
846,Cedric Coward,1.0278,3.8312,4.8591,Washington State
847,Cedric Lath,-0.4098,-1.3398,-1.7496,Houston
848,Cesar Tchilombo,-0.5371,-1.2403,-1.7774,Northern Ky.
849,Cesare Edwards,-2.2944,3.4353,1.1409,Georgia State
850,Chace Davis,-1.1,0.121,-0.979,Radford
851,Chad Baker-Mazara,0.999,7.2381,8.2371,Auburn
852,Chad Moodie,-3.0716,-1.9208,-4.9925,Alabama A&M
853,Chad Venning,-0.8647,2.8998,2.0351,Boston College
854,Cham Okey,-1.2171,-0.5306,-1.7477,SIUE
855,Chance Beard,-0.0931,-0.1411,-0.2342,UAB
856,Chance McMillian,0.7743,9.3117,10.086,Texas Tech
857,Chance Moore,1.405,2.5177,3.9226,St. Bonaventure
858,Chance Stephens,-0.4837,-0.9374,-1.4211,Maryland
859,Chance Westry,-0.2958,-0.098,-0.3938,Syracuse
860,Chancellor White,-2.9174,0.9131,-2.0043,Louisiana
861,Chandler Baker,-3.3655,1.948,-1.4175,Colgate
862,Chandler Cuthrell,0.4749,4.038,4.5129,Purdue Fort Wayne
863,Chandler Jackson,2.71,0.8494,3.5594,Florida State
864,Chandler Pigge,-1.3751,2.535,1.1599,Harvard
865,Chaney Johnson,4.3496,4.6051,8.9547,Auburn
866,Chanler Montgomery,-0.0379,0.1256,0.0878,N.C. A&T
867,Chanse Perkins,-0.3789,-0.2391,-0.618,Army West Point
868,Chansey Willis,-1.9749,3.2232,1.2483,Western Mich.
869,Charles Dunlap,-0.1365,-0.1648,-0.3013,Coastal Carolina
870,Charles Ireland,-0.4509,-0.3408,-0.7917,La Salle
871,Charles Johnston,-1.7775,2.9108,1.1333,Furman
872,Charles Stone,-0.1781,-0.1109,-0.289,Kennesaw State
873,Charlie Diamantis,-0.3423,-0.7802,-1.1225,Stonehill
874,Charlie May,-0.0272,-0.2392,-0.2664,Michigan
875,Charlie Miller,-0.139,0.4075,0.2685,UNI
876,Charlie Williams,0.5649,2.0002,2.5651,Lipscomb
877,Chas Kelley,-1.5595,-0.3964,-1.9559,Boston College
878,Chas Lewless,-0.2135,-0.6771,-0.8906,San Diego
879,Chas Stinson,-0.6215,-0.8917,-1.5132,Stonehill
880,Chase Beasley,-0.3266,-1.031,-1.3576,Air Force
881,Chase Clemmons,-0.0384,-0.2311,-0.2694,Kennesaw State
882,Chase Courbat,-0.5356,-0.1574,-0.693,UNI
883,Chase Forte,-1.0649,4.9155,3.8506,South Dakota
884,Chase Hunter,0.2112,6.3765,6.5877,Clemson
885,Chase Johnston,0.2418,2.5589,2.8007,High Point
886,Chase Kuiper,-0.268,-0.3804,-0.6484,Detroit Mercy
887,Chase Lowe,0.1613,3.2303,3.3916,William & Mary
888,Chase Martin,-3.0918,-2.1955,-5.2873,Missouri State
889,Chase McKey,-1.5273,-1.4353,-2.9626,Western Caro.
890,Chase Robinson,-1.3364,1.6361,0.2998,Cleveland State
891,Chase Ross,1.6911,4.1746,5.8658,Marquette
892,Chase Sample,-0.197,-0.0993,-0.2963,Southern U.
893,Chase Tucker,0.0225,0.219,0.2416,George Mason
894,Chase Walker,-0.518,8.2964,7.7784,Illinois State
895,Chaunce Jenkins,-0.1408,1.9817,1.8409,Seton Hall
896,Chauncey Gibson,-1.9649,0.162,-1.8029,Prairie View
897,Chauncey Wiggins,-1.8096,1.5224,-0.2872,Clemson
898,Chaydon Stone,-0.1817,-0.7866,-0.9683,UMBC
899,Chaz Lanier,1.5054,6.9377,8.4431,Tennessee
900,Chaz Watson,1.1502,2.264,3.4142,Cleveland State
901,Cheikh Ndiaye,-1.9176,-1.8575,-3.7751,Sam Houston
902,Chendall Weaver,0.6857,2.7363,3.422,Texas
903,Chiang Ring,0.3283,-0.1277,0.2006,Murray State
904,Chianti Clay,-0.2092,-0.4569,-0.6661,Arizona State
905,Chibuzo Agbo,-0.3944,5.8563,5.4619,Southern California
906,Chico Johnson,-4.1332,-4.7519,-8.8852,USC Upstate
907,Chidube Ekwommadu,-1.5302,0.8867,-0.6435,FDU
908,Chika Nduka,-0.0067,-0.0865,-0.0932,Montana State
909,Chilaydrien Newton,-3.0312,1.1231,-1.9081,Grambling
910,Chisom Okpara,-0.6731,3.7409,3.0678,Stanford
911,Chol Marial,0.4894,-3.077,-2.5876,San Jose State
912,Chop Paljor,-2.6793,0.8111,-1.8683,Ark.-Pine Bluff
913,Chris Adlam,-2.0132,0.125,-1.8882,East Texas A&M
914,Chris Arias,-3.0542,1.6966,-1.3576,Jacksonville
915,Chris Ashby,-4.9475,2.0324,-2.9151,Queens (NC)
916,Chris Austin,-5.2384,2.5693,-2.6691,Portland
917,Chris Bell,-1.5973,0.2667,-1.3306,Syracuse
918,Chris Cain,-0.1787,-0.369,-0.5477,Cornell
919,Chris Daniels,-0.6914,-1.4121,-2.1036,N.C. Central
920,Chris Fields,-2.2309,0.7762,-1.4548,Norfolk State
921,Chris Ford,-0.1382,-1.1221,-1.2603,Robert Morris
922,Chris Gatty,-0.1718,-0.1463,-0.3182,Syracuse
923,Chris Hodges,-0.9761,-0.6289,-1.605,Wisconsin
924,Chris Howell,3.5968,0.6684,4.2652,UC San Diego
925,Chris Johnson,-0.1788,-0.3773,-0.556,SFA
926,Chris Kuzemka,-0.2678,-1.2794,-1.5471,Loyola Maryland
927,Chris Lockett,0.3577,0.2298,0.5875,Boise State
928,Chris Loofe,1.2793,0.0164,1.2956,Middle Tenn.
929,Chris Manon,0.2098,5.3898,5.5995,Vanderbilt
930,Chris McDermott,0.3837,0.8085,1.1921,Texas A&M
931,Chris Mitchell,0.1265,-0.4494,-0.3229,UC Santa Barbara
932,Chris Moncrief,-0.9118,1.3508,0.4391,Saint Francis
933,Chris Moore,0.1231,0.4863,0.6094,Auburn
934,Chris Morgan,2.7283,-2.0182,0.71,Purdue Fort Wayne
935,Chris Morgan,2.7283,-2.0182,0.71,Monmouth
936,Chris Mpaka,0.7929,-1.993,-1.2001,Tarleton State
937,Chris Mubiru,-0.3249,-0.9183,-1.2432,Northwestern State
938,Chris Riddle,0.6579,1.3428,2.0007,DePaul
939,Chris Rubayo,-0.3676,-0.9515,-1.3191,Lafayette
940,Chris Tadjo,-1.044,-0.6805,-1.7245,Iowa
941,Chris Torres,-0.319,-0.4552,-0.7742,Siena
942,Chris Ubochi,0.0899,-0.1775,-0.0876,Penn
943,Chris Walker,-3.0084,0.9799,-2.0285,Binghamton
944,Chris Youngblood,0.6524,4.8924,5.5447,Alabama
945,Chrishawn Christmas,1.3224,-0.01,1.3124,SFA
946,Christ Essandoko,1.8162,-0.0935,1.7227,Providence
947,Christian Alston,-0.9699,0.8955,-0.0744,Abilene Christian
948,Christian Anderson,0.6767,6.1218,6.7985,Texas Tech
949,Christian Coleman,-3.2472,4.2368,0.9897,UAB
950,Christian Cook,-0.3265,2.8731,2.5466,New Mexico State
951,Christian Davis,-0.3608,3.9632,3.6023,Bradley
952,Christian Fermin,1.9993,-0.6993,1.2999,VCU
953,Christian Foy,-0.2461,-0.3717,-0.6178,Merrimack
954,Christian Fussell,-0.3113,-1.632,-1.9433,Middle Tenn.
955,Christian Gamble,-1.1674,-2.5264,-3.6938,Mercyhurst
956,Christian Henry,-2.0013,2.8594,0.8581,Eastern Mich.
957,Christian Hughes,-0.2731,-1.7722,-2.0454,Little Rock
958,Christian Ings,-4.4256,3.2566,-1.169,Norfolk State
959,Christian Jones,1.0359,0.9376,1.9735,George Washington
960,Christian King,0.1377,1.9375,2.0752,Washington
961,Christian Kirkland,1.4217,-1.5233,-0.1016,Youngstown State
962,Christian Landry,-0.1664,0.0268,-0.1396,Louisiana
963,Christian May,-1.8167,-0.0997,-1.9164,Towson
964,Christian Moore,-5.9311,-0.385,-6.3161,The Citadel
965,Christian Moore,-5.9311,-0.385,-6.3161,Ark.-Pine Bluff
966,Christian Nitu,0.6239,-1.9633,-1.3394,Florida State
967,Christian Reeves,0.402,-0.354,0.0481,Clemson
968,Christian Reid,0.7808,-1.1467,-0.366,Southern Miss.
969,Christian Richardson,-0.3922,-2.3258,-2.718,Long Beach State
970,Christian Shumate,-0.7538,2.9511,2.1973,McNeese
971,Christian Tomasco,0.0558,0.1131,0.1689,Temple
972,Christian Tucker,-0.9047,-1.1315,-2.0362,California
973,Christian Turner,-0.743,-0.2377,-0.9807,Texas State
974,Christian Villegas,0.823,1.5177,2.3408,A&M-Corpus Christi
975,Christian Watson,-1.1765,-0.0619,-1.2383,Southern Miss.
976,Christian Winborne,-0.7625,-2.8587,-3.6212,Iona
977,Christian Wright,-3.5053,1.3527,-2.1525,Louisiana
978,Christoph Tilly,1.5232,5.0275,6.5507,Santa Clara
979,Christopher Biekeu,-0.2396,-0.0477,-0.2873,New Mexico State
980,Christopher Flippin,-4.323,-1.5925,-5.9154,UMES
981,Christopher Green,-0.1401,-0.0263,-0.1664,Monmouth
982,Christopher Mantis,-4.2839,3.5222,-0.7617,Maine
983,Christopher Melis,1.0416,-1.2825,-0.2409,Stonehill
984,Chuck Bailey,-2.4186,-1.6149,-4.0335,Nevada
985,Chuck Harris,-0.5379,5.7875,5.2497,SMU
986,Chucky Hepburn,2.6464,6.3343,8.9808,Louisville
987,Chudi Dioramma,-0.3469,0.8559,0.5091,Sacramento St.
988,Churchill Abass,-0.6478,-2.5673,-3.2151,Wake Forest
989,Churchilll Bounds,-0.4769,0.8835,0.4066,Wagner
990,Cian Medley,-1.613,-0.4818,-2.0948,Kent State
991,Cinque Lemon,-1.1088,-1.0036,-2.1124,Western Caro.
992,Clance Crosby,-1.8681,-3.1177,-4.9858,Alabama A&M
993,Clarence Rupert,-0.3067,0.2752,-0.0315,Iona
994,Clark Slajchert,-0.7084,0.1629,-0.5455,Southern California
995,Clash Peters,0.9417,-0.8582,0.0836,Georgia State
996,Claudell Harris,-0.9046,4.5679,3.6633,Mississippi State
997,Clayton Jackson,-1.4988,-1.7692,-3.2681,Lindenwood
998,Clayton Southwick,0.2708,-2.1435,-1.8727,SFA
999,Clem Edomwonyin,-0.1235,-2.6227,-2.7462,Drexel
1000,Cli'ron Hornbeak,-0.5605,1.911,1.3505,Kent State
1001,Cliff Davis,-4.4479,2.9129,-1.535,UTRGV
1002,Clifford Omoruyi,4.1074,4.9406,9.048,Alabama
1003,Clinton Efinda,-0.8623,-0.6407,-1.503,UNC Greensboro
1004,Clyde Bailey,-0.5587,-0.338,-0.8968,UNC Greensboro
1005,Clyde Mauldin,0.1827,-0.2351,-0.0524,Furman
1006,Cobie Montgomery,-2.3378,2.385,0.0472,Southern Miss.
1007,Cody Head,-1.8177,0.1539,-1.6638,Arkansas State
1008,Cody Pennebaker,-2.0589,-0.7717,-2.8306,Lamar University
1009,Coen Carr,1.3245,5.0327,6.3572,Michigan State
1010,Colby Baumann,-0.0022,-0.1381,-0.1403,Ohio State
1011,Colby Brooks,-1.3791,0.4003,-0.9788,San Diego
1012,Colby Duggan,-2.8904,4.4013,1.5109,Campbell
1013,Colby Garland,-2.3884,3.5296,1.1413,Longwood
1014,Colby McAllister,-2.3806,1.1577,-1.2229,The Citadel
1015,Colby Rogers,-0.4772,2.7142,2.237,Memphis
1016,Colby Tanner,-0.127,-0.2681,-0.3951,Abilene Christian
1017,Cole Alexander,-0.4678,-0.6377,-1.1055,The Citadel
1018,Cole Anderson,-3.1661,4.5359,1.3699,UC Santa Barbara
1019,Cole Andrews-Heitz,-0.027,-0.3624,-0.3895,Rice
1020,Cole Bott,-0.4537,-0.1019,-0.5556,Texas
1021,Cole Certa,-0.5323,0.6886,0.1563,Notre Dame
1022,Cole Despie,0.0614,0.1783,0.2396,TCU
1023,Cole Farrell,-0.8465,0.1689,-0.6776,Portland State
1024,Cole Franklin,0.6484,-3.2173,-2.5689,Cleveland State
1025,Cole Hargrove,0.4435,2.9496,3.3931,Drexel
1026,Cole Henry,-1.2935,1.1663,-0.1272,Wyoming
1027,Cole Kastner,0.0833,0.415,0.4983,Stanford
1028,Cole McCabe,-0.9826,-1.4216,-2.4042,Rider
1029,Cole McCormick,-4.1925,1.3223,-2.8702,Central Ark.
1030,Cole Sherman,-0.3368,-0.5294,-0.8662,Louisville
1031,Coleman Hawkins,1.7927,3.8874,5.6801,Kansas State
1032,Coleman Lemke,-0.5503,-0.734,-1.2844,Portland
1033,Coleson Messer,-0.5041,-0.2964,-0.8005,Vanderbilt
1034,Coleton Benson,-3.6234,2.3308,-1.2927,Texas State
1035,Colin Darby,0.3399,0.724,1.0639,CSU Bakersfield
1036,Colin Granger,-3.8155,0.8765,-2.939,Coastal Carolina
1037,Colin Hawkins,-2.2902,-4.1079,-6.3981,Gardner-Webb
1038,Colin McKenzie,-1.035,-0.3991,-1.4341,South Carolina State
1039,Colin O'Rourke,-0.0811,-0.0503,-0.1313,Toledo
1040,Colin Porter,2.2376,3.4436,5.6812,Liberty
1041,Colin Ruffin,0.0353,-1.5587,-1.5234,Lindenwood
1042,Colin Smalls,-3.4201,2.14,-1.2801,American
1043,Colin Smith,-2.2414,3.269,1.0276,UC Santa Barbara
1044,Colin White,0.5401,1.1801,1.7201,Ohio State
1045,Collin Chandler,-0.524,0.5326,0.0086,Kentucky
1046,Collin Course,0.0104,0.0239,0.0343,Tarleton State
1047,Collin Holloway,-3.2023,1.0006,-2.2017,Samford
1048,Collin Kuhl,-0.9888,-1.1552,-2.144,Ga. Southern
1049,Collin Metcalf,1.2912,-1.16,0.1312,Northeastern
1050,Collin Moore,0.5694,1.3776,1.947,Grand Canyon
1051,Collin Mulholland,-0.7608,3.2985,2.5377,Chattanooga
1052,Collin Murray-Boyles,3.6945,8.1995,11.8939,South Carolina
1053,Collin O'Connor,-4.3078,-1.4538,-5.7616,Stony Brook
1054,Collin O'Toole,-0.1106,0.0418,-0.0688,Villanova
1055,Collin Tanner,0.0605,-0.1736,-0.1131,Richmond
1056,Coltie Young,-4.476,0.8339,-3.6421,ULM
1057,Comeh Emuobor,-1.6863,-1.39,-3.0763,Iona
1058,Conner Venable,-0.2137,-0.2336,-0.4473,Virginia Tech
1059,Connor Amundsen,-2.1535,1.8078,-0.3456,Dartmouth
1060,Connor Braun,-0.1054,-0.2273,-0.3327,Arizona State
1061,Connor Christensen,0.0761,-1.8873,-1.8111,Dartmouth
1062,Connor Dillon,-0.9825,1.6367,0.6542,Bradley
1063,Connor Dow,-0.2353,0.4207,0.1853,Oklahoma State
1064,Connor Dubsky,-2.1644,0.4967,-1.6677,UNC Asheville
1065,Connor Essegian,0.0379,5.7455,5.7833,Nebraska
1066,Connor Gal,-0.0053,0.0925,0.0872,Temple
1067,Connor Hickman,1.1269,-0.9142,0.2126,Cincinnati
1068,Connor Hollenbeck,-2.8412,1.038,-1.8032,Idaho State
1069,Connor Kochera,-2.2283,3.5145,1.2863,Davidson
1070,Connor Linke,-0.2663,-0.258,-0.5243,Bradley
1071,Connor Mancell,-0.9736,-0.8874,-1.861,Central Ark.
1072,Connor Martin,-0.7947,-0.5036,-1.2983,Coastal Carolina
1073,Connor Serven,-0.4182,-0.4263,-0.8445,Virginia Tech
1074,Connor Sevilla,-3.1988,1.0261,-2.1727,UC Davis
1075,Connor Turnbull,1.1545,2.2421,3.3966,Evansville
1076,Connor Withers,0.963,3.1945,4.1574,Bryant
1077,Conor Enright,-0.9326,1.7155,0.783,DePaul
1078,Conrad Hawley,-0.1219,-0.1603,-0.2822,Iowa State
1079,Conrad Martinez,0.8116,2.4098,3.2214,Arizona
1080,Cooper Bean,-0.2707,0.2561,-0.0146,Indiana State
1081,Cooper Bowser,0.8679,2.5465,3.4143,Furman
1082,Cooper Campbell,-2.1036,3.7075,1.6039,Troy
1083,Cooper Craggs,-0.975,0.8573,-0.1177,Oakland
1084,Cooper Flagg,5.3151,10.1507,15.4657,Duke
1085,Cooper Jackson,-0.6814,-0.1886,-0.87,Navy
1086,Cooper Jones,0.0319,0.2853,0.3172,Old Dominion
1087,Cooper Josefsberg,-0.4493,-0.2647,-0.714,Florida
1088,Cooper Koch,-0.5688,0.3192,-0.2496,Iowa
1089,Cooper Mueller,-0.2096,0.0711,-0.1386,Princeton
1090,Cooper Nadler,-0.354,-0.1218,-0.4758,Siena
1091,Cooper Noard,-2.4382,5.1054,2.6672,Cornell
1092,Cooper Schwieger,-0.0107,3.0027,2.992,Valparaiso
1093,Cooper Smith,-1.0146,0.4683,-0.5463,Eastern Mich.
1094,Cooper Wright,-0.1502,0.5892,0.439,Colgate
1095,Corbin Green,-0.3365,-0.2865,-0.6229,Texas Tech
1096,Corbin Zentner,-0.164,0.0812,-0.0828,Cornell
1097,Cord Stansberry,-2.598,-0.3949,-2.9929,Western Caro.
1098,Corey Brown,-0.2467,-0.1587,-0.4055,Samford
1099,Corey Camper,0.465,1.1065,1.5714,UTEP
1100,Corey Chest,1.9392,1.3218,3.261,LSU
1101,Corey Floyd,0.3493,2.7398,3.0891,Providence
1102,Corey Hadnot,-0.9265,1.8041,0.8776,Purdue Fort Wayne
1103,Corey Jones,-0.9958,-0.45,-1.4458,UNC Asheville
1104,Corey McKeithan,-1.7741,4.2859,2.5118,La Salle
1105,Corey Miller,-1.3257,-0.5548,-1.8805,Monmouth
1106,Corey Perkins,-3.0791,-1.3695,-4.4486,Delaware State
1107,Corey Sawyer,-1.6282,-1.0574,-2.6856,Eastern Ill.
1108,Corey Stephenson,-2.1499,1.7958,-0.3541,CSU Bakersfield
1109,Corey Thomas,1.2187,2.4412,3.6599,Bradley
1110,Corey Tripp,-0.9794,3.5665,2.5871,Wofford
1111,Corey Walker,-0.9189,0.7495,-0.1695,South Fla.
1112,Corey Washington,-0.7414,4.9716,4.2302,Wichita State
1113,Corneilous Williams,-1.3071,2.3602,1.0531,North Ala.
1114,Cornelius Robinson,-2.1322,0.6703,-1.4619,Monmouth
1115,Cort Roberson,-0.1308,-0.3748,-0.5055,Wyoming
1116,Cory Curtis,-0.2576,-0.5498,-0.8073,Long Beach State
1117,Cory Wells,0.9196,-1.7256,-0.8059,Utah Valley
1118,Courtney Anderson,-0.3009,-0.6517,-0.9526,Colorado
1119,Covy Kelly,0.2059,0.2762,0.4821,Idaho State
1120,Cowandric Samuel,-0.1889,-1.6779,-1.8667,Jackson State
1121,Creed Williamson,-0.4826,-0.4608,-0.9434,Little Rock
1122,Creighton Thieneman,0.2928,-0.0763,0.2165,Marshall
1123,Cris Carroll,-0.2197,0.4127,0.193,Youngstown State
1124,Cruz Davis,-0.8226,2.4167,1.5941,Hofstra
1125,Curt Hopf,-5.0078,-2.451,-7.4589,Bellarmine
1126,Curt Lewis,-0.2116,-0.5209,-0.7325,ETSU
1127,Curtis Blair,-0.3202,-1.1345,-1.4547,Liberty
1128,Curtis Givens,-1.4796,-0.3466,-1.8262,LSU
1129,Curtis Jones,0.1033,7.2342,7.3376,Iowa State
1130,Curtis Williams,-0.2267,1.1591,0.9324,Georgetown
1131,Cyprian Hyde,-0.402,-1.048,-1.4499,VMI
1132,Cyr Malonga,-0.7358,-1.868,-2.6039,East Carolina
1133,Cyril Martynov,-0.3868,-0.9593,-1.3462,Eastern Ky.
1134,D'Ante Bass,1.2543,-0.6366,0.6177,Alabama State
1135,D'Aundre Samuels,-0.1759,1.2438,1.0679,Houston Christian
1136,D'Marco Dunn,1.1243,3.5113,4.6356,Penn State
1137,D'Maurian Williams,-3.5027,4.9002,1.3975,High Point
1138,D'Shay Wright,-0.9026,-0.0033,-0.9058,South Carolina State
1139,DA Houston,-0.3326,-0.4724,-0.805,Coastal Carolina
1140,DJ Campbell,-1.9833,-1.0092,-2.9925,California
1141,DJ Davis,-2.2199,0.9591,-1.2608,Washington
1142,DJ Hughes,-0.272,-1.1482,-1.4202,ETSU
1143,DJ Jefferson,-0.1052,-0.3269,-0.4321,Longwood
1144,DJ Nix,-1.6719,-0.6024,-2.2743,Cornell
1145,DJ Nussbaum,0.1803,-2.1812,-2.0009,Eastern Ky.
1146,DJ Patrick,-0.8967,0.9261,0.0295,Charleston So.
1147,DJ Richards,-0.0604,4.1087,4.0483,McNeese
1148,DJ Shine,-1.5686,2.6156,1.0469,Queens (NC)
1149,DJ Smith,-2.1822,2.2349,0.0527,Robert Morris
1150,DJ Wagner,-0.533,3.0649,2.5318,Arkansas
1151,DK Thorn,-0.2331,2.187,1.9539,UTRGV
1152,DQ Cole,-1.6163,1.8673,0.2511,Oakland
1153,Da'Sean Nelson,-1.2124,0.4993,-0.7132,Eastern Mich.
1154,DaCannon Wickware,-0.8418,-0.7015,-1.5433,UTEP
1155,DaJion Humphrey,-0.2218,-2.1411,-2.3629,Bowling Green
1156,DaJohn Craig,-0.788,-0.1719,-0.9599,Oregon State
1157,DaMariee Jones,-2.2266,1.1963,-1.0304,Southern U.
1158,DaSean Stevens,0.1033,3.6744,3.7777,Seattle U
1159,Dae Dae Hunter,-2.2996,0.7593,-1.5403,New Orleans
1160,DaeVeon Scott,0.4391,0.033,0.4721,SFA
1161,Daemar Kelly,-2.3881,-0.0729,-2.461,Saint Francis
1162,Daeshon Shepherd,-3.1351,0.5831,-2.552,La Salle
1163,Daeshun Ruffin,-1.0934,3.1437,2.0504,Jackson State
1164,Dai Dai Ames,-0.3224,2.3243,2.0019,Virginia
1165,Dailliss Cox,-1.1287,-1.2398,-2.3685,Chicago State
1166,Dailyn Swain,2.4264,3.4882,5.9146,Xavier
1167,Daimion Collins,-0.1098,1.9251,1.8153,LSU
1168,Dain Dainja,1.2254,3.8235,5.0489,Memphis
1169,Dajuan Harris,3.8767,4.3005,8.1773,Kansas
1170,Dakota Candler,-0.3299,-0.2588,-0.5887,Evansville
1171,Dakota Leffew,0.5549,5.5326,6.0875,Georgia
1172,Dalen Davis,-1.8863,-0.5918,-2.4781,Princeton
1173,"Dallan ""Deebo"" Coleman",1.0447,1.4857,2.5304,UCF
1174,Dallas Hobbs,-1.94,1.547,-0.3931,Mount St. Mary's
1175,Dallas Howell,0.1407,1.7862,1.9269,North Ala.
1176,Dallin Grant,-1.5199,-2.0379,-3.5578,Utah Tech
1177,Dallin Hall,0.3657,4.3334,4.6991,BYU
1178,Dallion Johnson,-3.3291,3.645,0.3159,FGCU
1179,Dalton Banks,-0.4177,3.025,2.6072,Illinois State
1180,Damarco Minor,-0.3335,3.5354,3.2018,Oregon State
1181,Damari Monsanto,-1.1359,4.672,3.5362,UTSA
1182,Damarion Bonds,-0.2344,2.8999,2.6656,Central Mich.
1183,Damarion Dennis,0.2544,4.1403,4.3947,A&M-Corpus Christi
1184,Damarion Walkup,-0.5345,-1.5287,-2.0633,Southeast Mo. St.
1185,Damarius Owens,-1.1014,-0.6614,-1.7627,Marquette
1186,Damian Dunn,2.4974,2.9876,5.485,Pittsburgh
1187,Damien Mayo,-0.2745,0.4526,0.1781,Southern Ill.
1188,Damon Strand,-1.7434,1.6179,-0.1254,UAlbany
1189,Damon Wilkinson,-1.5235,0.5744,-0.9491,South Dakota State
1190,Damondre McKnight,-3.0257,-1.0974,-4.1231,Niagara
1191,Damoni Harrison,-3.1535,2.2938,-0.8597,Southern Ind.
1192,Dan Gherezgher,-4.5996,0.8638,-3.7358,Northern Ky.
1193,Dan Luers,-1.2802,2.3624,1.0822,Miami (OH)
1194,Dan Skillings,-1.0466,1.4052,0.3585,Cincinnati
1195,Dane Erikstrup,0.609,5.3438,5.9529,Washington State
1196,Dani Pounds,-1.0352,-1.015,-2.0502,Old Dominion
1197,Daniel Abreu,-0.429,4.0713,3.6423,Drake
1198,Daniel Akitoby,-1.7422,2.8622,1.12,Morgan State
1199,Daniel Banister,0.3658,1.5769,1.9426,Hampton
1200,Daniel Batcho,-0.6806,5.4277,4.7471,Louisiana Tech
1201,Daniel Braster,-1.8718,-1.3491,-3.2209,Alcorn
1202,Daniel Egbuniwe,-0.2336,-0.3062,-0.5398,Tennessee Tech
1203,Daniel Foster,0.4311,-0.0391,0.392,Nevada
1204,Daniel Freitag,-1.4087,-1.429,-2.8378,Wisconsin
1205,Daniel Hackett,-0.7468,-0.3117,-1.0586,Manhattan
1206,Daniel Hankins-Sanford,-0.3773,3.6263,3.249,Massachusetts
1207,Daniel Helterhoff,-2.457,-2.8108,-5.2677,USC Upstate
1208,Daniel Jacobsen,0.125,0.3,0.425,Purdue
1209,Daniel Johnson,0.2807,1.4979,1.7786,Hampton
1210,Daniel Loos,-1.6425,-1.9996,-3.642,Austin Peay
1211,Daniel Macgregor,-2.7687,-2.6156,-5.3842,Stetson
1212,Daniel Nauseef,-0.4961,-0.0411,-0.5372,Clemson
1213,Daniel Nixon,-0.1368,0.1674,0.0306,Hampton
1214,Daniel Ortiz,-3.4632,2.624,-0.8392,North Ala.
1215,Daniel Rivera,-1.0116,1.2368,0.2252,Massachusetts
1216,Daniel Rouzan,-1.7128,-0.5004,-2.2132,Bethune-Cookman
1217,Daniel Tobiloba,-0.1335,-0.5164,-0.6499,South Fla.
1218,Daniel Umoh,-1.0852,-3.5105,-4.5957,Mississippi Val.
1219,Daniil Glazkov,0.7842,-0.3243,0.4599,Loyola Chicago
1220,Danilo Dozic,0.2582,1.2392,1.4974,Pepperdine
1221,Danilo Jovanovich,-1.4808,0.6644,-0.8164,Milwaukee
1222,Danny Wolf,4.6189,7.3903,12.0092,Michigan
1223,Danny Young,-0.2408,-0.6558,-0.8966,Cleveland State
1224,Danquez Dawsey,-2.4289,-0.2135,-2.6425,Lamar University
1225,Dante DePante,-0.059,0.297,0.2379,Youngstown State
1226,Dante Harris,-0.2159,-0.649,-0.8649,Memphis
1227,Dante Kearse,-2.2107,-1.7362,-3.9469,The Citadel
1228,Dante Maddox,-0.5645,4.0316,3.4671,Xavier
1229,Dante Mayo,-0.115,0.0427,-0.0723,North Carolina
1230,Dante Oliver,-0.8324,-1.5629,-2.3953,North Florida
1231,Dante Sawyer,-5.0451,-0.1635,-5.2086,Ark.-Pine Bluff
1232,Dante Wilcox,-1.103,-2.703,-3.806,FIU
1233,Dantwan Grimes,-0.4253,0.959,0.5337,Tarleton State
1234,Daquan Davis,0.139,1.9137,2.0527,Florida State
1235,DarKaun King,-0.9269,0.6575,-0.2694,North Ala.
1236,Darik Dissette,-2.833,0.2906,-2.5424,North Dakota State
1237,Darin Smith,0.0899,1.7737,1.8637,Central Conn. St.
1238,Darius Burford,-2.6886,2.1194,-0.5693,UT Arlington
1239,Darius Dawson,-1.9572,0.8569,-1.1003,Austin Peay
1240,Darius DeAveiro,-1.7951,1.2247,-0.5704,Valparaiso
1241,Darius Duffy,-0.9916,1.9696,0.978,Milwaukee
1242,Darius Ford,-2.8183,-1.9881,-4.8064,Alabama A&M
1243,Darius Gakwasi,-0.2978,0.0212,-0.2766,Princeton
1244,Darius Hannah,1.1787,4.0648,5.2435,Bradley
1245,Darius Johnson,0.0148,6.814,6.8288,UCF
1246,Darius Leonard,-1.0074,-0.9856,-1.993,Coppin State
1247,Darius Maddox,-1.1736,4.7737,3.6,George Mason
1248,Darius Robinson,-3.9811,1.6067,-2.3744,Oral Roberts
1249,Dariyus Woodson,-4.514,1.412,-3.102,North Dakota
1250,Darlinstone Dubar,1.5003,2.0206,3.521,Tennessee
1251,Darnell Evans,1.2593,-1.9136,-0.6543,Georgia State
1252,Darren Buchanan,-1.5816,2.4066,0.8251,George Washington
1253,Darren Harris,-0.4468,1.6144,1.1676,Duke
1254,Darren Williams,-1.8621,-1.0857,-2.9478,FGCU
1255,Darrick Jones,-3.5639,-0.8755,-4.4393,Le Moyne
1256,Darrion Baker,-0.6091,-0.364,-0.973,SIUE
1257,Darrion Salery,-3.7834,-4.5472,-8.3307,Mississippi Val.
1258,Darrion Sutton,1.1229,-1.7466,-0.6237,Georgia Tech
1259,Darrion Williams,1.2571,8.5467,9.8038,Texas Tech
1260,Darryl Simmons,-2.0147,3.3999,1.3853,Gardner-Webb
1261,Dasear Haskins,-0.1104,0.6288,0.5184,Saint Joseph's
1262,Dashon Gittens,0.6092,-0.5654,0.0439,FIU
1263,Dasonte Bowen,2.258,0.2197,2.4777,St. Bonaventure
1264,Davian Williams,-1.5938,-0.5735,-2.1672,Alcorn
1265,David Brown,-4.5676,-0.6277,-5.1953,Loyola Maryland
1266,David Burnett,-0.4511,-0.2316,-0.6826,Navy
1267,David Castillo,0.4048,-2.0489,-1.6441,Kansas State
1268,David Coit,1.0451,3.3294,4.3746,Kansas
1269,David Craig,-1.0758,-0.7349,-1.8108,Tennessee Tech
1270,David Dixon,2.051,0.1542,2.2052,Duquesne
1271,David Douglas,0.212,-0.1986,0.0133,Fresno St.
1272,David Early,-2.3341,2.0978,-0.2363,Radford
1273,David Fonville,0.3422,0.5983,0.9405,High Point
1274,David Fuchs,-1.3974,2.6926,1.2952,Rhode Island
1275,David Gabriel,0.0098,0.0414,0.0512,Seton Hall
1276,David Green,-1.5357,5.1,3.5643,Rhode Island
1277,David Hermes,-0.8324,-1.2705,-2.1029,UTSA
1278,David Idada,-0.4988,-2.655,-3.1537,Southeast Mo. St.
1279,David Joplin,-0.3908,4.7335,4.3427,Marquette
1280,David Mack,0.2424,-0.0683,0.1741,NIU
1281,David Mager,-0.1387,-1.6457,-1.7844,Pepperdine
1282,David McDaniel,-0.4593,-0.0765,-0.5359,Jackson State
1283,David Meriwether,0.2691,0.0075,0.2766,ETSU
1284,David Murray,0.7205,-1.3612,-0.6407,Merrimack
1285,David N'Guessan,2.4025,6.7054,9.108,Kansas State
1286,David Onanina,-1.9487,-1.6476,-3.5963,Bethune-Cookman
1287,David Pickles,-0.32,-0.7184,-1.0384,UC Santa Barbara
1288,David Punch,1.0403,0.6004,1.6408,TCU
1289,David Rochester,-1.1149,-0.8538,-1.9687,Brown
1290,David Simon,-1.6648,-1.5788,-3.2436,San Diego
1291,David Skogman,1.3505,0.1175,1.4681,DePaul
1292,David Terrell,-0.3115,0.6726,0.3611,UTEP
1293,David Thomas,-0.8123,-0.404,-1.2163,DePaul
1294,David Tubek,-0.799,0.5072,-0.2918,Seton Hall
1295,David Wilkerson,0.1748,0.0242,0.199,Youngstown State
1296,Davide Poser,-2.2716,-1.6809,-3.9525,New Hampshire
1297,Davidson Hubbard,-0.5321,0.0159,-0.5161,Baylor
1298,Davin Cosby,0.1661,0.8376,1.0037,Wake Forest
1299,Davin Francis,0.0588,-0.0729,-0.0141,FDU
1300,Davion Bailey,-2.333,4.904,2.571,UIW
1301,Davion Bradford,-2.3939,-1.715,-4.1089,ETSU
1302,Davion Everett,-0.5098,4.1808,3.671,South Carolina State
1303,Davion Sykes,-0.0829,1.3381,1.2552,Southern Ill.
1304,Davis Bynum,0.464,0.9757,1.4398,Cal St. Fullerton
1305,Davis Molnar,1.243,0.0974,1.3404,Furman
1306,Davon Barnes,1.1125,-0.6408,0.4718,Ole Miss
1307,Davontae Hall,-2.0895,2.2906,0.2011,Kansas City
1308,Davonte Davis,0.3377,-2.8845,-2.5468,Oklahoma State
1309,Davonte Sweatman,-1.7088,-0.9251,-2.6339,Central Conn. St.
1310,Davyn de Jongh,0.0159,-0.0599,-0.044,Navy
1311,Dawson Baker,0.4104,4.8369,5.2472,BYU
1312,Dawson Garcia,-0.0226,8.6142,8.5916,Minnesota
1313,Day Day Thomas,2.7827,2.2976,5.0804,Cincinnati
1314,Dayan Nessah,-0.9636,-0.9692,-1.9329,George Washington
1315,Daylen Berry,-2.1666,2.4626,0.296,Charleston So.
1316,Daylon Dickerson,-1.7862,0.0134,-1.7728,UMBC
1317,Dayon Polk,-0.1556,-0.3473,-0.5028,Army West Point
1318,Dayton Forsythe,0.2454,3.2349,3.4803,Oklahoma
1319,Dayvion McKnight,0.0632,3.2563,3.3194,Xavier
1320,De'Ante Green,-1.4003,0.6574,-0.7428,South Fla.
1321,De'Shayne Montgomery,0.6669,-1.1964,-0.5296,Georgia
1322,DeAndre Craig,-0.9562,2.9585,2.0023,Denver
1323,DeAndre Williams,-2.4116,-1.7325,-4.1441,Holy Cross
1324,DeAntoni Gordon,-1.8449,0.8184,-1.0266,Southern Miss.
1325,DeCorion Temple,-0.1002,0.1158,0.0156,Central Mich.
1326,DeJour Reaves,-2.5585,3.1496,0.5912,Iona
1327,DeMarion Yap,-0.9602,-0.2881,-1.2483,UNLV
1328,DeMarr Langford,-0.7828,2.7759,1.9931,UAlbany
1329,DeSean Goode,-4.36,5.3022,0.9422,IU Indy
1330,DeShawn Goodwyn,-0.0263,-0.2024,-0.2287,Gardner-Webb
1331,DeShawn Harris-Smith,0.819,-0.766,0.053,Maryland
1332,Dean Reiber,-2.8607,-0.5168,-3.3775,Charlotte
1333,Dean Shepherd,0.2384,0.5078,0.7463,Delaware State
1334,Deandre Smart,-1.7797,-0.8224,-2.6021,Elon
1335,Deangelo Elisee,0.2894,0.1791,0.4685,Purdue Fort Wayne
1336,Declan Cutler,-1.2348,0.2281,-1.0067,Weber State
1337,Declan Dillon,-1.406,-0.9527,-2.3588,SIUE
1338,Declan Ryan,0.172,-1.4657,-1.2937,Holy Cross
1339,Dedan Thomas,-2.6265,4.4672,1.8407,UNLV
1340,Deivon Smith,2.3572,3.3384,5.6956,St. John's (NY)
1341,Del Jones,-0.253,0.1112,-0.1418,Clemson
1342,Del'Jayvien Harried,-0.6844,1.4025,0.7181,Alcorn
1343,Delaney Heard,-1.2608,-1.3534,-2.6142,Kennesaw State
1344,Dellquan Warren,0.5631,-1.1481,-0.585,Mississippi State
1345,Delonnie Hunt,-0.9131,2.6921,1.779,Richmond
1346,Delrecco Gillespie,1.2885,3.9279,5.2164,Kent State
1347,Delyle Williams,-0.0978,-2.9336,-3.0314,Jackson State
1348,Demajion Topps,-1.7076,0.0065,-1.7011,Morgan State
1349,Demarco Bethea,-1.8514,-0.1399,-1.9914,East Texas A&M
1350,Demari Williams,-1.9926,0.3192,-1.6734,Houston Christian
1351,Demarien Yates,0.1556,0.8133,0.9689,Memphis
1352,Demarion Burch,-1.247,3.4811,2.2341,Bradley
1353,Demarion Watson,1.1856,-1.0087,0.1769,Iowa State
1354,Demarshay Johnson,-0.4464,-0.832,-1.2784,San Diego State
1355,Demetrius Davis,-0.6594,1.4786,0.8193,UNC Greensboro
1356,Demetrius Lilley,-1.0189,0.2207,-0.7982,La Salle
1357,Demetrus Johnson,-2.7894,-2.9407,-5.73,West Ga.
1358,Deng Garang,-3.4538,2.3299,-1.1239,Le Moyne
1359,Deng Majak,0.3815,-2.4892,-2.1077,Oakland
1360,Deng Mayar,-3.2713,1.4215,-1.8498,North Dakota
1361,Denijay Harris,-2.7814,1.9336,-0.8478,Southern Miss.
1362,Dennis Asoro,-2.1037,-1.8282,-3.9318,Ark.-Pine Bluff
1363,Dennis Parker,2.3765,0.4386,2.815,NC State
1364,Denver Anglin,-1.7583,2.4595,0.7013,Rice
1365,Denver Jones,2.8712,6.3671,9.2383,Auburn
1366,Denzel Aberdeen,-0.3399,3.1351,2.7953,Florida
1367,Denzel Hines,-2.8648,-0.3674,-3.2321,Coastal Carolina
1368,Deon Perry,-1.6729,0.8428,-0.8301,Fairfield
1369,Deonte Williams,-0.9414,-1.0283,-1.9698,Sacramento St.
1370,Derek Fountain,0.639,-0.4808,0.1582,LSU
1371,Derek Sangster,-0.2072,-0.44,-0.6472,UC Davis
1372,Derek Simpson,0.1077,1.4179,1.5256,Saint Joseph's
1373,Derek Vorst,-0.7607,-0.6461,-1.4068,Indiana State
1374,Derick Hamilton,-0.9224,-0.315,-1.2374,UTEP
1375,Derik Queen,3.6479,7.0054,10.6534,Maryland
1376,Derin Saran,0.2401,0.3146,0.5547,Stanford
1377,Derrian Ford,-3.7457,3.2263,-0.5193,Arkansas State
1378,Derrick Butler,-2.4279,0.9643,-1.4636,Bowling Green
1379,Derrick Harris,-0.0767,-0.7218,-0.7986,Charleston So.
1380,Derrick Michael Xzavierro,0.4119,-0.5465,-0.1346,Long Beach State
1381,Derrick Tezeno,-1.3141,1.2801,-0.0341,Southern U.
1382,Derrin Boyd,-2.1362,1.7701,-0.3661,Col. of Charleston
1383,Derrion Reid,0.8575,1.8474,2.7049,Alabama
1384,Derrius Ward,-1.0118,-0.545,-1.5568,Coppin State
1385,Des Watson,-1.3572,3.4177,2.0606,Loyola Chicago
1386,Desai Lopez,-0.7343,-0.8688,-1.6031,San Diego State
1387,Deshaun Jackson,1.9065,0.7703,2.6767,Mercyhurst
1388,Desmond Claude,-0.6072,4.3941,3.787,Southern California
1389,Desmond Polk,-1.6384,-1.1759,-2.8143,SIUE
1390,Desmond Roberts,-0.142,-0.2293,-0.3713,Virginia
1391,Deuce Jones,-1.0892,2.5901,1.5009,La Salle
1392,Deuce Turner,-4.2356,1.8457,-2.39,UC Santa Barbara
1393,Devan Cambridge,0.7221,0.4185,1.1406,Texas Tech
1394,Devan Sapp,-2.5612,-1.6766,-4.2378,UMBC
1395,Devean Williams,-0.0345,0.1712,0.1366,Bryant
1396,Deven Dahlke,-0.7784,0.6599,-0.1185,San Diego
1397,Devin Askew,-3.6893,4.6925,1.0032,Long Beach State
1398,Devin Brafford,0.3487,-0.0137,0.3351,Siena
1399,Devin Carney,-0.2078,-0.3485,-0.5563,Denver
1400,Devin Ceaser,-2.0479,-0.0774,-2.1253,Old Dominion
1401,Devin Curtis,-0.0375,0.0679,0.0304,California
1402,Devin Dinkins,-4.2699,5.473,1.2032,Manhattan
1403,Devin Haid,-0.5087,4.8463,4.3377,Central Conn. St.
1404,Devin Hines,-1.1269,-0.4723,-1.5992,Lafayette
1405,Devin McGlockton,2.0347,9.2732,11.3079,Vanderbilt
1406,Devin Ree,-0.864,-0.4683,-1.3323,Louisiana Tech
1407,Devin Royal,-0.0905,6.0199,5.9293,Ohio State
1408,Devin Tillis,1.2325,7.1415,8.3741,UC Irvine
1409,Devin Vanterpool,-0.0108,-2.4725,-2.4833,Fla. Atlantic
1410,Devon Arlington,0.4154,-0.6946,-0.2792,Yale
1411,Devon Barnes,-0.8129,2.6024,1.7895,UTEP
1412,Devon Ellis,-0.2169,-0.9305,-1.1474,Valparaiso
1413,Devon Hancock,-0.5401,-0.1569,-0.6969,ULM
1414,Devon Pryor,-0.5338,2.5551,2.0213,Texas
1415,Devon Savage,-1.6841,1.0566,-0.6275,Merrimack
1416,Devontae Blanton,-3.4524,4.984,1.5317,Eastern Ky.
1417,Dexter Akanno,-0.4813,5.5417,5.0604,Utah State
1418,Deyton Albury,1.1698,2.6103,3.7801,Utah State
1419,Deywilk Tavarez,-0.6414,2.9543,2.3129,Col. of Charleston
1420,Dez White,-1.5831,4.6978,3.1146,Missouri State
1421,Dezayne Mingo,-2.86,2.5838,-0.2762,Marshall
1422,Dezmond McKinney,-2.5804,-1.8023,-4.3828,Bellarmine
1423,Dhiaukuei Manyiel Dut,-1.2171,-0.9425,-2.1595,Georgia State
1424,Di'Andre Howell-South,1.357,-2.5665,-1.2095,Wagner
1425,Dian Wright-Forde,-1.8417,2.8593,1.0176,A&M-Corpus Christi
1426,Diante Smith,-1.8136,2.3908,0.5771,UT Arlington
1427,Diego Campisano,-0.8083,1.0896,0.2813,Northern Ariz.
1428,Dieonte Miles,-0.9593,-1.0755,-2.0348,Morehead State
1429,Dilen Miller,0.9184,-2.7956,-1.8772,Robert Morris
1430,Dillan Baker,-1.9186,-0.6718,-2.5905,Northern Ariz.
1431,Dillon Bailey,-2.8009,4.244,1.4431,Wofford
1432,Dillon Battie,-0.4797,1.8216,1.342,Temple
1433,Dillon Hunter,3.3954,3.8428,7.2382,Clemson
1434,Dillon Mitchell,4.8022,4.8488,9.651,Cincinnati
1435,Dillon Tingler,-1.4153,-0.441,-1.8563,Eastern Mich.
1436,Dillon Wilhite,0.1825,0.0072,0.1898,Kansas
1437,Diogo Seixas,-4.3431,-4.8744,-9.2175,Central Ark.
1438,Dion Brown,-3.1878,2.4594,-0.7284,Boston College
1439,Dionjahe Thomas,-0.424,0.8419,0.4179,Southern U.
1440,Dionte Bostick,2.9903,-0.8127,2.1776,New Mexico State
1441,Dionte Johnson,-0.688,1.5606,0.8726,N.C. Central
1442,Dior Conners,-1.9623,0.6837,-1.2786,App State
1443,Dior Johnson,-2.9626,0.8248,-2.1378,UCF
1444,Dishon Jackson,1.9994,1.9244,3.9239,Iowa State
1445,Divine Ugochukwu,-3.1345,0.3928,-2.7417,Miami (FL)
1446,Djahi Binet,-2.9552,-0.4878,-3.443,Alcorn
1447,Dji Bailey,0.517,3.6534,4.1704,LSU
1448,Djordje Curcic,-1.2301,-1.2114,-2.4415,Col. of Charleston
1449,Doctor Bradley,-0.4886,0.7469,0.2583,Ark.-Pine Bluff
1450,Dok Muordar,0.6341,-0.7454,-0.1113,Monmouth
1451,Dola Adebayo,-0.6072,3.2179,2.6106,Mount St. Mary's
1452,Dom Campbell,-1.3362,-0.4037,-1.74,Howard
1453,Dom Payne,0.2717,-0.2569,0.0148,Longwood
1454,Domas Kauzonas,0.9434,-0.0803,0.8631,UNC Greensboro
1455,Domenic Malvey,-0.1784,-0.1838,-0.3622,New Hampshire
1456,Dominic Capriotti,-0.2581,-0.735,-0.9931,Binghamton
1457,Dominic Commisso,-1.6038,-0.4942,-2.0981,The Citadel
1458,Dominic Gooden,0.2971,-1.1316,-0.8345,NIU
1459,Dominic Muncey,-0.6227,-1.5794,-2.2021,San Diego
1460,Dominic Pangonis,-2.1269,0.1083,-2.0186,SFA
1461,Dominick Harris,-0.2792,-1.2482,-1.5274,UCLA
1462,Dominick Nelson,-0.408,1.8903,1.4823,Utah Valley
1463,Dominick Stewart,-0.0944,-1.8667,-1.9612,Penn State
1464,Dominique Daniels,-2.8638,5.0372,2.1734,California Baptist
1465,Dominique Ford,-0.7825,2.6771,1.8946,Southern Utah
1466,Don Douglass,0.2188,0.1938,0.4126,Wofford
1467,Don McHenry,-0.218,3.9453,3.7274,Western Ky.
1468,Donald Hand,-3.5502,5.4327,1.8826,Boston College
1469,Donavan Yap,-3.3045,1.8698,-1.4347,San Jose State
1470,Donavin Young,-0.4194,0.1782,-0.2412,Stanford
1471,Donnie Freeman,-0.8473,2.7732,1.9259,Syracuse
1472,Donovan Atwell,-0.7642,5.9587,5.1945,UNC Greensboro
1473,Donovan Dent,0.7305,8.0096,8.7401,New Mexico
1474,Donovan Draper,-1.7466,2.5166,0.77,Navy
1475,Donovan Hunter,0.1177,0.1535,0.2712,Kent State
1476,Donovan Newby,-1.0697,5.6291,4.5594,UNCW
1477,Donovan Oday,-2.7141,1.6275,-1.0866,Cal St. Fullerton
1478,Donovan Raymond,-1.0466,-0.9163,-1.9629,Old Dominion
1479,Donovan Rivers,-0.4222,-3.2916,-3.7138,Jacksonville
1480,Donovan Sanders,-5.9734,-3.8632,-9.8366,Mississippi Val.
1481,Donovan Santoro,0.0772,-0.346,-0.2688,Green Bay
1482,Donovan Williams,-1.6805,0.3895,-1.291,Western Mich.
1483,Dontae Horne,-0.4585,-1.3468,-1.8053,Ga. Southern
1484,Dontae Walker,-0.7068,-0.9336,-1.6404,Northwestern State
1485,Dontaie Allen,0.2669,1.1397,1.4066,Wyoming
1486,Donte Bacchus,-0.9911,3.0968,2.1057,North Ala.
1487,Dontrez Styles,-2.6021,4.0866,1.4844,NC State
1488,Dontrez Williams,-0.4699,-0.5322,-1.002,Abilene Christian
1489,Dorian Finister,-3.0353,0.9039,-2.1313,Sam Houston
1490,Dorian McMillian,-4.7078,0.8857,-3.8221,Jackson State
1491,Doryan Onwuchekwa,0.468,-0.7485,-0.2805,Georgia Tech
1492,Doug Young,-1.3467,-0.8675,-2.2143,Quinnipiac
1493,Dovydas Butka,-1.0997,0.9507,-0.1491,Pepperdine
1494,Dozie Onyirimba,-0.1852,-0.1425,-0.3277,Kennesaw State
1495,Dra Gibbs-Lawhorn,-0.3178,1.521,1.2032,Illinois
1496,Dragos Lungu,-0.0157,-1.5762,-1.5919,San Diego
1497,Drake Allen,0.0302,4.409,4.4392,Utah State
1498,Drake Dobbs,-3.3239,6.2388,2.9148,St. Thomas (MN)
1499,Drake Powell,1.6771,5.302,6.9791,North Carolina
1500,Dramane Camara,0.6597,-0.0757,0.584,Norfolk State
1501,Drayton Jones,-0.3129,3.3099,2.997,South Carolina State
1502,Dre Davis,2.9002,4.1291,7.0293,Ole Miss
1503,Drew Ardouin,0.1446,0.1633,0.3078,San Francisco
1504,Drew Barbee,-0.1218,1.3192,1.1973,Central Mich.
1505,Drew Carter,-0.1719,-0.0379,-0.2098,Oregon
1506,Drew Fielder,0.215,1.3055,1.5205,Georgetown
1507,Drew McElroy,0.0879,0.1562,0.2441,TCU
1508,Drew McKenna,-2.4259,-0.7342,-3.1601,Georgetown
1509,Drew Scharnowski,-1.129,1.7249,0.5959,Belmont
1510,Drew Steffe,-0.5854,3.2042,2.6187,Southern Ill.
1511,Drew Thelwell,-1.4171,4.1323,2.7152,Iowa
1512,Drey Carter,-0.9463,-0.5216,-1.4679,Wright State
1513,Drissa Traore,0.3396,0.0726,0.4122,Rhode Island
1514,Drue Drinnon,-2.5615,1.1591,-1.4024,Texas State
1515,Duane Posey,-2.3412,2.4533,0.1121,Texas Southern
1516,Duane Rogers,-0.101,-0.3247,-0.4257,Detroit Mercy
1517,Duane Thompson,-0.2886,-0.7964,-1.085,St. Bonaventure
1518,Dug McDaniel,0.1369,2.2181,2.355,Kansas State
1519,Duke Brennan,0.4708,2.8807,3.3515,Grand Canyon
1520,Duke Deen,-0.8046,5.7689,4.9643,Bradley
1521,Duke Miles,0.7185,4.9696,5.6881,Oklahoma
1522,Duncan Powell,-0.7562,4.3542,3.5981,Georgia Tech
1523,Duncan Reid,-1.8979,1.3014,-0.5965,Southern Utah
1524,Dupree Fletcher,0.0303,-0.5621,-0.5319,Grambling
1525,Dusan Neskovic,-3.0269,5.0457,2.0188,Richmond
1526,Dusty Stromer,0.4589,3.2032,3.6622,Gonzaga
1527,Dutch Dowdell,-2.5038,-1.7466,-4.2505,Harvard
1528,Dwayne Koroma,-2.454,3.1659,0.7119,Le Moyne
1529,Dwayne Perkins,-0.035,-0.0384,-0.0734,Nicholls
1530,Dwon Odom,-0.6286,5.9788,5.3502,Tulsa
1531,Dylan Addae-Wusu,0.495,2.8259,3.3209,Seton Hall
1532,Dylan Anderson,-0.5709,-0.4719,-1.0428,Boise State
1533,Dylan Andrews,-1.6763,1.5517,-0.1245,UCLA
1534,Dylan Arnett,-0.2017,4.7078,4.5061,Cleveland State
1535,Dylan Branson,-2.0449,1.3629,-0.6821,Bellarmine
1536,Dylan Canoville,-1.0747,-0.4194,-1.494,Jackson State
1537,Dylan Cardwell,4.8949,6.72,11.6149,Auburn
1538,Dylan Darling,-0.894,7.6713,6.7773,Idaho State
1539,Dylan Dawson,-2.1511,-1.0261,-3.1772,Texas State
1540,Dylan Faulkner,2.5509,2.1794,4.7303,Lipscomb
1541,Dylan Godfrey,-3.548,-1.3741,-4.9221,Canisius
1542,Dylan Grant,-0.7536,1.263,0.5093,Rutgers
1543,Dylan Harper,-0.4327,8.5761,8.1434,Rutgers
1544,Dylan Hayman,-2.3557,4.4823,2.1267,UIW
1545,Dylan James,2.0631,1.6811,3.7443,Georgia
1546,Dylan Jones,-1.8912,3.078,1.1867,FDU
1547,Dylan Mansour,-0.0555,-0.5602,-0.6158,Washington
1548,Dylan Mclean,-3.3619,-0.8907,-4.2526,Alabama A&M
1549,Dylan Murans,0.0514,-0.0522,-0.0008,Army West Point
1550,Dylan Saunders,-2.7835,-1.8619,-4.6453,New Hampshire
1551,Dylan Warlick,-0.547,-0.9351,-1.4821,Saint Louis
1552,Dylan Williams,-3.3343,-1.9373,-5.2717,Penn
1553,Dylan Williamson,-3.633,5.6265,1.9936,Towson
1554,Dyondre Dominguez,-0.2294,3.5424,3.313,Arkansas State
1555,Dyson Koehler,-1.5236,0.7392,-0.7843,Weber State
1556,EJ Avelar,0.3938,-0.4309,-0.037,UTRGV
1557,EJ Farmer,-0.078,2.8843,2.8062,Youngstown State
1558,EJ Neal,0.0184,2.4248,2.4432,Sacramento St.
1559,EJ Ryans,-1.9312,-2.528,-4.4593,Western Mich.
1560,EJay Greer,-0.2332,-0.2626,-0.4958,Alabama A&M
1561,Earl Timberlake,0.3734,2.0612,2.4347,Bryant
1562,Ebenezer Dowuona,-0.2931,-2.2583,-2.5514,James Madison
1563,Ebenezer Ogoh,0.1729,0.1499,0.3228,IU Indy
1564,Ebo Wilson,-0.3093,-2.4138,-2.7231,Jackson State
1565,Ebrima Dibba,-1.3625,-0.7145,-2.077,Cleveland State
1566,Eddie Jallow Hedqvist,0.284,-0.0562,0.2278,Pacific
1567,Eddie Lampkin,-2.0161,4.8699,2.8538,Syracuse
1568,Eddie Ricks,-1.4162,0.3728,-1.0434,James Madison
1569,Eddiean Tirado,-0.4904,-1.134,-1.6244,SIUE
1570,Eddrin Bronson,-1.7692,-0.9203,-2.6895,Furman
1571,Edouard Benoit,-3.3123,-0.8931,-4.2054,Lehigh
1572,Edrick Quezada,0.008,-0.0375,-0.0295,Merrimack
1573,Eduardo Andre,3.0359,-0.3925,2.6434,West Virginia
1574,Eduardo Klafke,1.456,3.5565,5.0126,Ole Miss
1575,Edward Nnamoko,-0.0052,-1.0688,-1.0739,New Mexico State
1576,Eemeli Yalaho,0.2899,1.0456,1.3355,Texas Tech
1577,Efrem Johnson,-1.2051,2.5712,1.3661,UAB
1578,Efstratios Kalliontzis,-3.7375,0.3973,-3.3402,N.C. A&T
1579,Efton Reid,1.8276,3.0584,4.886,Wake Forest
1580,Egan Shields,-1.8839,-1.3912,-3.2751,Northern Colo.
1581,Egor Demin,0.2244,6.3686,6.5931,BYU
1582,Eian Elmer,0.3959,3.5483,3.9442,Miami (OH)
1583,Eli Bennett,-0.1224,-0.0522,-0.1747,Virginia
1584,Eli DeLaurier,-1.4755,-1.1485,-2.6239,Providence
1585,Eli Djordjevic,-1.2448,-0.5736,-1.8183,Long Beach State
1586,Eli King,-0.5952,1.9952,1.4,North Dakota
1587,Eli Rice,-0.0115,-0.2068,-0.2183,Penn State
1588,Eli Wilborn,-0.5603,1.5944,1.0341,Duquesne
1589,Eli Yofan,-0.4337,-0.065,-0.4987,Miami (OH)
1590,Elia Bongiorno,-0.1706,-0.3038,-0.4745,UC Santa Barbara
1591,Elias Cato,-4.2936,1.3218,-2.9718,Central Ark.
1592,Elias Ralph,-0.9447,4.3262,3.3814,Pacific
1593,Elijah Brooks,-2.3692,-1.5456,-3.9149,Houston Christian
1594,Elijah Chol,0.5886,0.1276,0.7162,UC Irvine
1595,Elijah Crawford,-0.7125,-1.2826,-1.9951,BYU
1596,Elijah Elliott,-0.0614,3.1845,3.1231,Southern Ill.
1597,Elijah Elliott,-0.0614,3.1845,3.1231,Ohio
1598,Elijah Fisher,-3.2168,-0.1059,-3.3227,Pacific
1599,Elijah Gray,-3.4422,1.7092,-1.7329,Temple
1600,Elijah Hawkins,2.1978,4.0451,6.2429,Texas Tech
1601,Elijah Hutchins-Everett,0.6405,2.7732,3.4137,James Madison
1602,Elijah Jamison,-1.372,-0.1584,-1.5304,UNCW
1603,Elijah Jones,-1.1106,0.6174,-0.4932,UTEP
1604,Elijah Jones,-1.1106,0.6174,-0.4932,Col. of Charleston
1605,Elijah Kennedy,-1.423,-0.6165,-2.0394,Hampton
1606,Elijah Lewis,-0.0627,0.8254,0.7627,Marist
1607,Elijah Mahi,0.5484,3.6201,4.1685,Santa Clara
1608,Elijah Malone,1.5598,2.1662,3.726,Colorado
1609,Elijah Moore,0.3,1.5999,1.8999,Syracuse
1610,Elijah Perkins,0.328,-2.9267,-2.5987,Saint Peter's
1611,Elijah Price,0.3442,1.7301,2.0743,Fresno St.
1612,Elijah Saunders,-0.2392,1.193,0.9538,Virginia
1613,Elijah Stephens,-2.222,1.7996,-0.4224,American
1614,Elijah Strong,-2.5974,1.8636,-0.7338,Boston College
1615,Elijah Terry,-2.0252,-4.2188,-6.244,Prairie View
1616,Elijah Thomas,-2.0984,-0.6568,-2.7552,Eastern Wash.
1617,Elijah Tucker,-1.1901,-0.0406,-1.2307,Longwood
1618,Elijah Walsh,-1.211,0.9395,-0.2715,Campbell
1619,Elliot Cadeau,0.8043,3.9227,4.727,North Carolina
1620,Elliot Lowndes,1.928,-0.4095,1.5185,Southeast Mo. St.
1621,Elliott Black,-0.1845,-0.1766,-0.3611,Merrimack
1622,Elmore James,-0.8914,0.8114,-0.08,Ohio
1623,Elvin Edmonds,-0.6234,0.1559,-0.4675,Bucknell
1624,Emanuel Richards,-0.2797,-2.1046,-2.3843,Longwood
1625,Emanuel Sharp,3.0781,6.4539,9.5319,Houston
1626,Emareyon McDonald,-0.4156,-0.3748,-0.7904,Grambling
1627,Emarion Ellis,-0.7441,0.5471,-0.197,Nicholls
1628,Emeka Nnaji,-0.8836,1.0902,0.2065,Grambling
1629,Emil Skytta,-1.3626,-2.7977,-4.1603,Sacramento St.
1630,Emir Buyukhanli,-0.289,-0.2897,-0.5787,Yale
1631,Emmanuel Innocenti,3.2647,3.6556,6.9203,Gonzaga
1632,Emmanuel Koveos,-0.2721,-0.2379,-0.51,Georgia State
1633,Emmanuel Kuac,-1.2401,-2.9056,-4.1457,Detroit Mercy
1634,Emmanuel Ogbole,-0.3077,1.4189,1.1112,Rutgers
1635,Emmanuel Okorafor,-0.8209,-2.0096,-2.8305,Seton Hall
1636,Emmanuel Okpomo,-0.2911,-3.1914,-3.4825,New Hampshire
1637,Emmanuel Stephen,0.2233,0.2266,0.45,Arizona
1638,Emmanuel Tshimanga,1.4239,-1.2473,0.1767,New Mexico State
1639,Emmanuel Ugbo,1.4794,-0.8497,0.6297,Boise State
1640,Emmer Nichols,0.2848,-0.1094,0.1754,Georgia Tech
1641,Emmett Marquardt,-0.8152,4.1991,3.3839,Eastern Wash.
1642,Emory Lanier,0.0156,-1.251,-1.2353,Rice
1643,Enoch Boakye,0.7047,3.7251,4.4298,Villanova
1644,Enoch Cheeks,0.5147,6.2048,6.7195,Dayton
1645,Enoch Kalambay,1.061,2.0301,3.0911,Western Ky.
1646,Enrico Borio,0.0513,-0.6152,-0.5639,Jacksonville
1647,Ephraim Acquah,-0.9579,-0.7156,-1.6736,UMass Lowell
1648,Eren Banks,-1.7806,-0.4677,-2.2483,Ga. Southern
1649,Eric Acker,-2.9814,-0.5323,-3.5137,La Salle
1650,Eric Brown,-0.0116,0.0428,0.0312,Cal Poly
1651,Eric Dailey,1.5672,8.0538,9.621,UCLA
1652,Eric Dixon,-1.613,9.8982,8.2851,Villanova
1653,Eric Holland,0.0586,-0.1923,-0.1338,Kennesaw State
1654,Eric Lee,-0.8735,0.0109,-0.8625,Alabama A&M
1655,Eric Michaels,-1.1265,-1.4116,-2.5381,American
1656,Eric Morgan,-1.5443,0.0726,-1.4717,Saint Peter's
1657,Eric Mulder,-1.2211,2.3816,1.1605,Purdue Fort Wayne
1658,Eric Parnell,-0.4193,0.9937,0.5744,Hofstra
1659,Eric Van Der Heijden,0.2132,0.5211,0.7344,Campbell
1660,Eric Zheng,-0.099,0.016,-0.083,Seattle U
1661,Erich Harding,0.023,-0.4374,-0.4144,Marshall
1662,Erick Reader,-0.195,0.0112,-0.1837,Minnesota
1663,Erik Pratt,0.1211,2.8717,2.9928,Milwaukee
1664,Erik Reynolds,-1.6255,3.696,2.0706,Saint Joseph's
1665,Erik Taylor,-2.305,0.7578,-1.5472,Sam Houston
1666,Erik Timko,-4.6218,4.3786,-0.2431,Delaware
1667,Erik Villarreal,-0.5036,0.2613,-0.2424,McNeese
1668,Ernest Ross,-2.7395,-0.5265,-3.266,Grambling
1669,Ernest Udeh,2.5535,5.2293,7.7828,TCU
1670,Errol White,0.8978,-0.7038,0.1941,Lamar University
1671,Essam Mostafa,-0.9203,6.7009,5.7806,Middle Tenn.
1672,Esyah Pippa-White,-0.9167,-0.5642,-1.4809,Milwaukee
1673,Ethan Brittain-Watts,-4.6724,0.4374,-4.235,Ball State
1674,Ethan Butler,-1.5551,-1.3036,-2.8587,NIU
1675,Ethan Mayes,-0.8436,0.5799,-0.2638,SFA
1676,Ethan McComb,0.0269,-0.1017,-0.0748,Butler
1677,Ethan Menzies,-1.7277,-2.0877,-3.8154,Cal Poly
1678,Ethan Meuser,0.038,1.7697,1.8076,Stonehill
1679,Ethan Morton,0.7388,2.7516,3.4904,Colorado State
1680,Ethan Okwuosa,-0.9802,0.0256,-0.9546,Boston U.
1681,Ethan Pickett,-1.6768,2.4546,0.7778,UIC
1682,Ethan Potter,-0.9982,2.2019,1.2036,Utah Valley
1683,Ethan Price,-0.2626,3.833,3.5704,Washington State
1684,Ethan Roberts,-4.6993,4.5087,-0.1906,Penn
1685,Ethan Soares,-0.0177,-0.0888,-0.1065,Boston College
1686,Ethan Taylor,-3.4305,2.4907,-0.9399,Air Force
1687,Ethan Thomas,-0.665,-1.2122,-1.8772,Central Ark.
1688,Ethan Wright,-0.0351,-0.3332,-0.3683,Miami (OH)
1689,Etienne Strothers,0.315,1.4742,1.7892,Hampton
1690,Eugene Brown,-1.9298,-0.1803,-2.1101,Ga. Southern
1691,Eunique Rink,-1.4236,-1.1884,-2.612,Hampton
1692,Evan Ashe,-3.6081,-0.8844,-4.4925,Binghamton
1693,Evan Dickey,0.0504,-0.1636,-0.1131,Dayton
1694,Evan Haywood,-0.8701,1.9008,1.0307,Butler
1695,Evan Ipsaro,-1.742,3.8678,2.1258,Miami (OH)
1696,Evan Johnson,-3.4388,0.373,-3.0658,UMES
1697,Evan Kilminster,-0.0493,-0.75,-0.7993,Col. of Charleston
1698,Evan Mahaffey,2.3367,3.1124,5.4492,Ohio State
1699,Evan Nelson,-2.6593,0.8564,-1.8029,Harvard
1700,Evan Otten,-0.7162,0.0869,-0.6293,Idaho State
1701,Evan Phelps,-1.835,-3.0176,-4.8527,East Texas A&M
1702,Evan Stinson,-0.5935,-0.4557,-1.0492,Stanford
1703,Evan Williams,-0.6256,-1.0884,-1.7139,Prairie View
1704,Evan Wilson,-1.1427,-0.8735,-2.0162,Akron
1705,Evan van der Plas,-3.9017,-5.7154,-9.6171,Canisius
1706,Evans Kipruto,-0.2402,-1.9294,-2.1696,UC Santa Barbara
1707,Even Brauns,-1.0428,3.6539,2.6111,Iowa
1708,Ewan Steele,-0.1697,-0.1839,-0.3536,Idaho
1709,Eze Wali,-0.1368,-1.8678,-2.0046,The Citadel
1710,Ezra Ausar,1.532,2.993,4.525,Utah
1711,Fadi Mougharbel,-0.3928,-0.2794,-0.6723,UTRGV
1712,Faizon Fields,0.4511,0.2876,0.7387,Milwaukee
1713,Fallou Gueye,-3.539,-2.8044,-6.3434,Sacred Heart
1714,Federiko Federiko,3.6258,3.5114,7.1372,Texas Tech
1715,Fedor Zugic,0.3306,1.6994,2.0299,Creighton
1716,Felix Kossaras,0.3202,0.8027,1.123,Colorado
1717,Felix Okpara,1.6963,2.2535,3.9499,Tennessee
1718,Femi Odukale,4.4035,-0.4664,3.9371,Minnesota
1719,Festus Ndumanya,-0.8143,-1.7418,-2.5561,CSUN
1720,Fidelis Okereke,0.2457,-0.5349,-0.2892,CSU Bakersfield
1721,Filip Borovicanin,3.8096,1.9223,5.7319,New Mexico
1722,Filip Radakovic,-1.5599,-0.4777,-2.0376,UT Martin
1723,Filip Skobalj,-0.4312,4.3753,3.9441,UIC
1724,Finley Bizjack,-2.1805,6.2106,4.0301,Butler
1725,Finley Sheridan,-1.6319,-0.459,-2.0909,Stetson
1726,Finn Lally,-0.7543,-0.2697,-1.024,William & Mary
1727,Fischer Brown,-0.9246,-0.8677,-1.7923,Western Caro.
1728,Flash Burton,-2.1239,-0.1516,-2.2755,Rider
1729,Fletcher Abee,-3.4418,1.4833,-1.9585,UNC Asheville
1730,Fletcher Loyer,-0.8092,7.087,6.2778,Purdue
1731,Florian Tenebay,0.5708,-1.7538,-1.183,South Carolina State
1732,Flory Bidunga,2.6818,2.8837,5.5654,Kansas
1733,Floyd Rideau,-2.7362,2.8361,0.0999,N.C. Central
1734,Folabomi Fayemi,-1.0389,-0.2162,-1.2551,Lafayette
1735,Foster Wonders,-4.5225,-1.369,-5.8915,Green Bay
1736,Fousseyni Traore,-1.8923,7.2499,5.3576,BYU
1737,Francis Nwaokorie,-1.4392,2.131,0.6918,Loyola Chicago
1738,Franck Kepnang,0.9123,-0.1764,0.7359,Washington
1739,Frank Anselem-Ibe,0.9386,-0.9464,-0.0078,Louisville
1740,Frank Champion,0.199,4.6095,4.8086,Chattanooga
1741,Frank Mitchell,0.2362,1.6488,1.885,Minnesota
1742,Frankie Collins,1.6703,0.271,1.9413,TCU
1743,Frankie Fidler,0.3623,3.4486,3.8109,Michigan State
1744,Frankie Vassalluzzo,-0.1678,0.6222,0.4544,Bryant
1745,Frankquon Sherman,0.121,2.4484,2.5694,Kennesaw State
1746,Fraser Roxburgh,-1.5001,2.7973,1.2971,Manhattan
1747,Fred Payne,0.9147,1.2593,2.1741,Boston College
1748,Freddie Cooper,0.1087,-1.7906,-1.6819,Cal St. Fullerton
1749,Freddie Dilione V,-1.1465,2.8702,1.7237,Penn State
1750,Freddy Hicks,0.7156,1.2577,1.9733,Tarleton State
1751,Frederiks Meinarts,0.0857,-0.0175,0.0682,Buffalo
1752,Fredrick King,-0.6168,1.1602,0.5434,Creighton
1753,Freds Pauls Bagatskis,-1.1225,1.6366,0.5141,Le Moyne
1754,Gabe Cupps,0.0776,-0.1692,-0.0916,Indiana
1755,Gabe Dorsey,-2.3242,5.7656,3.4414,William & Mary
1756,Gabe Dynes,3.236,1.8775,5.1135,Youngstown State
1757,Gabe Madsen,-0.7304,4.8775,4.1471,Utah
1758,Gabe Moss,-2.076,-0.8826,-2.9586,Delaware
1759,Gabe Pickens,-1.4336,-0.3636,-1.7972,New Mexico State
1760,Gabe Sisk,0.899,-0.1422,0.7569,ETSU
1761,Gabe Spinelli,-4.3526,-2.6364,-6.989,Chicago State
1762,Gabe Warren,-3.4194,-0.9631,-4.3826,Holy Cross
1763,Gabriel McKay,-0.6181,-2.859,-3.4771,Liberty
1764,Gabriel Pozzato,-2.3496,3.1343,0.7847,Evansville
1765,Gai Chol,-0.3855,0.2513,-0.1342,Mississippi State
1766,Garrett Brennan,-0.0962,-2.1096,-2.2059,Loyola Maryland
1767,Garrett Hien,1.2398,0.4401,1.6799,Furman
1768,Garrett Sundra,-0.4566,1.3867,0.93,Notre Dame
1769,Garrison Keeslar,0.2616,5.2622,5.5238,Chattanooga
1770,Garry Clark,-0.9498,6.3181,5.3683,A&M-Corpus Christi
1771,Garwey Dual,1.3179,0.7117,2.0296,Seton Hall
1772,Gavin Davis,-0.7047,-1.0885,-1.7932,UC Riverside
1773,Gavin Doty,-1.9684,3.1089,1.1405,Siena
1774,Gavin Griffiths,0.9163,-0.5835,0.3328,Nebraska
1775,Gavin Marrs,-0.1924,-0.1883,-0.3806,Oregon State
1776,Gavin Paull,-0.0612,-0.0699,-0.1312,Tennessee
1777,Gavin Pendergast,0.0281,0.29,0.318,LIU
1778,Gavin Perryman,1.2819,0.2187,1.5006,Vermont
1779,Gavin Ripp,-0.3787,-1.2305,-1.6092,San Diego
1780,Gavin Walsh,-1.4142,1.0567,-0.3575,Binghamton
1781,Gediminas Mokseckas,-1.1151,-0.7483,-1.8634,Campbell
1782,Gehrig Normand,-0.1466,0.2942,0.1476,Michigan State
1783,Geoff Sprouse,-4.5915,-1.8641,-6.4556,American
1784,George Beale,-0.6342,4.5631,3.9289,Hampton
1785,George Ivory,-3.4209,-4.9757,-8.3966,Mississippi Val.
1786,George Kimble,-1.2959,3.0453,1.7494,Eastern Ky.
1787,George Marshall,-1.9278,0.9635,-0.9644,Morehead State
1788,George Natsvishvili,-2.7915,-2.3302,-5.1217,North Dakota
1789,George Perkins,0.0995,-0.1844,-0.0849,Rice
1790,George Pridgett,1.1847,-0.0058,1.1789,FIU
1791,George Smith,-2.0587,2.5165,0.4578,Penn
1792,George Tupy,0.0067,0.0045,0.0113,LMU (CA)
1793,George Washington,-0.7659,-1.3079,-2.0738,Richmond
1794,Gerald Drumgoole,-2.3515,0.321,-2.0305,George Washington
1795,Gerard O'Keefe,-3.5879,1.9175,-1.6704,Columbia
1796,German Plotnikov,2.2178,1.1979,3.4157,Hofstra
1797,Geronimo Rubio De La Rosa,-0.9454,6.873,5.9276,Columbia
1798,Giancarlo Bastianoni,-2.4097,-0.8636,-3.2734,New Hampshire
1799,Giancarlo Rosado,-1.8217,4.2213,2.3996,Charlotte
1800,Gianni Cobb,-0.9285,-2.3178,-3.2462,Columbia
1801,Gianni Hunt,-0.3159,-2.3808,-2.6967,Bethune-Cookman
1802,Gianni Thompson,-4.2058,-2.2863,-6.4921,Canisius
1803,Gibson Jimerson,-2.4548,4.2036,1.7488,Saint Louis
1804,Gicarri Harris,0.5414,3.3952,3.9366,Purdue
1805,Gioacchino Panzini,-0.8726,-0.7396,-1.6122,Cornell
1806,Giovanni Emejuru,-0.6103,2.4193,1.8091,George Mason
1807,Glenn Taylor,0.292,4.1078,4.3998,Oklahoma
1808,Gloire Goma,0.1092,0.2179,0.3271,CSU Bakersfield
1809,Goanar Biliew,-0.0702,0.2838,0.2137,Bradley
1810,Goap Kodi,-0.2961,-0.2415,-0.5377,Loyola Maryland
1811,Gob Gob,0.2225,0.2524,0.4749,Kansas City
1812,Godslove Nwabude,-1.64,-1.7833,-3.4233,Eastern Mich.
1813,Godswill Erheriene,-0.3497,-2.4185,-2.7682,Seton Hall
1814,Grady Lewis,-2.6862,-0.1604,-2.8466,CSUN
1815,Grady Whitt,-0.1854,-0.245,-0.4304,Colorado
1816,Graham Calton,-0.5776,-0.1746,-0.7522,Vanderbilt
1817,Graham Eikenberry,-0.0431,-0.1106,-0.1537,The Citadel
1818,Graham Ike,-0.2568,7.5174,7.2607,Gonzaga
1819,Grant Asman,0.4363,-0.7,-0.2636,Lipscomb
1820,Grant Darbyshire,-0.0937,-0.0374,-0.131,Kentucky
1821,Grant Gondrezick,-2.5039,-1.3514,-3.8553,Detroit Mercy
1822,Grant Huffman,0.9812,0.4865,1.4677,Vanderbilt
1823,Grant Hurst,-0.0259,-0.0829,-0.1088,Tennessee
1824,Grant Kemp,-0.8995,-0.4154,-1.3149,New Orleans
1825,Grant Martin,-0.2535,-0.2131,-0.4666,Long Beach State
1826,Grant Moore,0.041,-0.0792,-0.0382,Marshall
1827,Grant Nelson,0.7067,5.9379,6.6446,Alabama
1828,Grant Newell,0.8518,2.3368,3.1886,North Texas
1829,Grant Randall,-2.949,-1.8142,-4.7631,Quinnipiac
1830,Grant Slatten,-3.7101,1.6524,-2.0577,Tennessee Tech
1831,Grant Smith,-0.5151,-0.4871,-1.0022,East Carolina
1832,Grant Strong,-2.3866,-2.6072,-4.9938,Tennessee Tech
1833,Grant Stubblefield,-0.4028,-3.3515,-3.7543,Omaha
1834,Grant Weitman,0.351,0.0792,0.4303,Arizona
1835,Grant Whitaker,-3.7039,-4.9406,-8.6446,Bellarmine
1836,Grayson Allo,0.073,-0.1459,-0.0729,North Texas
1837,Grayson Carter,1.0709,-1.8938,-0.8229,Texas Southern
1838,Grayson Gaddis,0.021,0.014,0.035,Montana State
1839,Grayson Walters,-0.3401,-0.0622,-0.4023,Samford
1840,Great Osobor,0.007,5.196,5.203,Washington
1841,Greedy Williams,-2.8735,3.0755,0.202,UNCW
1842,Greg Cooper,-0.1926,-0.2973,-0.4899,Harvard
1843,Greg Gantt,-0.7621,0.6107,-0.1514,UNC Asheville
1844,Greg Gerhardt,-0.2595,-0.2732,-0.5327,Colorado
1845,Greg Gordon,-0.6533,-0.0212,-0.6745,UAB
1846,Greg Guidinger,-0.0557,-0.2666,-0.3223,Loyola Maryland
1847,Greg Jones,-1.5632,1.9729,0.4097,American
1848,Greg Moore,-2.4472,0.6539,-1.7933,Mississippi Val.
1849,Greg Spate,-0.9879,-1.5091,-2.497,Chicago State
1850,Greg Spurgin,-0.501,-0.1072,-0.6082,Bowling Green
1851,Gregg Glenn,-0.2726,1.0316,0.759,Tulane
1852,Grey Garrison,0.0464,-0.0448,0.0016,Oregon State
1853,Grgur Brcic,-2.0699,-0.4674,-2.5374,Toledo
1854,Griff Lamb,-0.0885,-0.0359,-0.1243,Army West Point
1855,Griffin Barrouk,-3.2108,1.1425,-2.0683,Sacred Heart
1856,Gui Tesch,-0.8286,-2.4925,-3.3211,Evansville
1857,Guillermo Diaz Graham,1.1704,2.9203,4.0907,Pittsburgh
1858,Gus Hurlburt,-0.2203,-0.2105,-0.4308,Northwestern
1859,Gus Rugaard,-0.0865,0.3232,0.2367,Bradley
1860,Gus Salem,0.0951,-0.3511,-0.2561,Central Mich.
1861,Gus Yalden,-1.0436,-2.3521,-3.3957,Seton Hall
1862,Guy Ragland,-1.6381,5.8921,4.2541,Cornell
1863,Guzman Vasilic,-1.9405,0.0641,-1.8764,Cal Poly
1864,Gyasi Powell,-1.3924,3.419,2.0266,Lipscomb
1865,Gytis Nemeiksa,-0.8044,4.6189,3.8145,Hawaii
1866,Hakim Byrd,-3.8179,0.9265,-2.8914,Utah Tech
1867,Halil Barre,0.4612,0.0188,0.48,Duquesne
1868,Halvine Dzellat,-0.3532,-0.5623,-0.9155,Cincinnati
1869,Hamad Mousa,-0.1461,-0.3948,-0.5409,Dayton
1870,Hamed Olayinka,0.6388,1.5506,2.1895,Samford
1871,Hank Alvey,-0.6228,-1.6902,-2.3131,Lehigh
1872,Hansel Enmanuel,-0.6975,1.6888,0.9913,Austin Peay
1873,Haris Elezovic,-0.8236,-0.1304,-0.954,West Virginia
1874,Harlan Obioha,0.0727,1.4758,1.5485,UNCW
1875,Harlond Beverly,1.2528,1.0873,2.3401,Wichita State
1876,Harold Woods,-1.4938,2.5043,1.0105,Northeastern
1877,Harrison Alexander,-0.7555,-0.8776,-1.6331,Mississippi State
1878,Harrison Carrington,-0.809,2.519,1.71,Colorado
1879,Harrison Hochberg,0.0494,-0.2083,-0.1589,Michigan
1880,Harrison Hornery,0.0476,0.2875,0.3351,Southern California
1881,Harrison Reede,-3.2229,-2.0287,-5.2516,UIW
1882,Harry Rouhliadeff,-1.4967,1.2246,-0.2721,Hawaii
1883,Harry Wessels,1.7053,0.0817,1.7869,Saint Mary's (CA)
1884,Hasan Abdul Hakim,-1.3637,1.3555,-0.0083,UTRGV
1885,Hashem Asadallah,-0.399,-0.3819,-0.781,Georgetown
1886,Hassan Diarra,2.2934,5.6667,7.9601,UConn
1887,Hassan Perkins,-2.092,0.0397,-2.0522,UMES
1888,Hayden Curtiss,-0.7287,2.3009,1.5722,Portland State
1889,Hayden Gray,5.0954,4.2052,9.3006,UC San Diego
1890,Hayden Hefner,1.0784,2.1376,3.216,Texas A&M
1891,Hayden Jory,-0.0501,-1.1917,-1.2418,Cal Poly
1892,Hayden Tibbits,-1.011,0.1512,-0.8597,St. Thomas (MN)
1893,Hayden Welling,-1.9484,-0.0244,-1.9728,Utah Valley
1894,Henri Veesaar,4.1668,7.5244,11.6912,Arizona
1895,Henry Abraham,-0.5789,-1.2684,-1.8474,Coastal Carolina
1896,Henry Burt,0.1015,-0.0488,0.0526,Nebraska
1897,Henry Coleman,1.9617,5.5974,7.5592,Texas A&M
1898,Henry Harrison,-0.3612,-0.1769,-0.5381,Winthrop
1899,Henry Hartwell,-0.384,-0.4825,-0.8664,UC Santa Barbara
1900,Henry Thengvall,-0.0136,0.3895,0.376,Wichita State
1901,Henry Thole,-0.0929,0.0653,-0.0276,Xavier
1902,Hercy Miller,-2.3646,-1.7248,-4.0894,Southern Utah
1903,Hermann Koffi,-5.6585,2.2316,-3.4269,Stonehill
1904,Holden Pierre-Louis,0.0111,0.0534,0.0644,Temple
1905,Hollman Smith,-0.2008,-0.3933,-0.5941,Vanderbilt
1906,Honor Huff,-3.958,6.4427,2.4846,Chattanooga
1907,Horace Simmons,-1.3724,-1.2058,-2.5782,Drexel
1908,Houran Dan,1.9976,-0.4724,1.5252,Seattle U
1909,Houston Emory,-0.677,-1.8209,-2.4979,Delaware
1910,Houston Holland,-0.2818,0.0403,-0.2415,Chattanooga
1911,Houston Jones,0.7701,0.8718,1.6418,Presbyterian
1912,Houston Mallette,0.963,1.4515,2.4145,Alabama
1913,Howard Eisley,-0.1518,-0.21,-0.3617,Michigan
1914,Howie Fleming,-0.7646,4.6315,3.867,UTRGV
1915,Hubertas Pivorius,-1.2198,0.3111,-0.9087,Northern Ky.
1916,Hudson Ward,-0.2397,-0.2071,-0.4468,Penn State
1917,Hunter Adam,-0.934,0.9293,-0.0046,Davidson
1918,Hunter Dickinson,2.4862,8.342,10.8282,Kansas
1919,Hunter Erickson,-0.5929,2.624,2.0311,Utah
1920,Hunter Harding,0.3257,0.9786,1.3042,Central Mich.
1921,Hunter Jack Madden,-1.0139,2.8682,1.8543,Abilene Christian
1922,Hunter Jacobson,-0.5891,-0.4092,-0.9982,UNI
1923,Hunter Sallis,0.6746,4.9258,5.6003,Wake Forest
1924,Hunter Schenck,-0.2676,-1.2647,-1.5323,Utah Tech
1925,Hutch Ward,-0.6414,-0.6509,-1.2922,Western Mich.
1926,Ian Burns,-0.081,-0.276,-0.357,Michigan
1927,Ian Imegwu,-0.4446,0.8722,0.4276,Cornell
1928,Ian Jackson,-3.537,4.0862,0.5492,North Carolina
1929,Ian Martinez,-2.3715,7.9789,5.6074,Utah State
1930,Ian Motta,-0.0066,-1.1536,-1.1601,Bucknell
1931,Ian Sabourin,-0.2846,0.1148,-0.1698,Xavier
1932,Ian Schieffelin,2.3466,7.1006,9.4471,Clemson
1933,Ian Smikle,0.7126,-1.3571,-0.6445,Tulsa
1934,Iaroslav Niagu,-0.4294,0.6188,0.1894,Jacksonville State
1935,Ibrahim Souare,1.0193,-1.8601,-0.8408,Georgia Tech
1936,Ibrahima Sacko,-0.0079,-0.8342,-0.8421,New Mexico
1937,Ibu Yamazaki,-1.187,2.0169,0.8299,Radford
1938,Ice Emery,-1.9594,2.4021,0.4427,Western Caro.
1939,Ife West-Ingram,-0.7897,-0.4259,-1.2156,Rider
1940,Igor Milicic,3.1381,4.523,7.6611,Tennessee
1941,Ike Cornish,0.3932,-0.7434,-0.3502,Nicholls
1942,Ileri Ayo-Faleye,-1.4951,3.3087,1.8136,Vermont
1943,Isaac Abidde,-0.8334,0.9388,0.1054,Cleveland State
1944,Isaac Asuma,0.3309,2.0915,2.4223,Minnesota
1945,Isaac Bonilla,-0.6287,-0.3503,-0.979,Maine
1946,Isaac Brice,-0.0973,0.984,0.8868,Portland State
1947,Isaac Bruns,-2.7539,4.3531,1.5992,South Dakota
1948,Isaac Celiscar,-1.2721,5.6506,4.3785,Yale
1949,Isaac Davis,-1.423,1.9067,0.4837,Utah State
1950,Isaac Gard,-0.6382,0.0518,-0.5864,Wisconsin
1951,Isaac Haney,-2.5752,3.3006,0.7254,Austin Peay
1952,Isaac Harrell,-3.094,-0.1328,-3.2268,Elon
1953,Isaac Holmes,-0.14,-0.8064,-0.9464,Saint Louis
1954,Isaac Jack,-2.1217,1.4824,-0.6393,Dayton
1955,Isaac Jessup,-0.3209,5.7412,5.4203,Cal Poly
1956,Isaac Johnson,0.2937,0.6487,0.9424,Utah State
1957,Isaac Lindsey,-2.2038,-0.6023,-2.8062,South Dakota State
1958,Isaac McKneely,-2.0968,6.2221,4.1254,Virginia
1959,Isaac Munkadi,-0.1609,-1.2821,-1.4431,Fairfield
1960,Isaac Nyakundi,-1.0154,-0.5827,-1.5982,Le Moyne
1961,Isaac Ondekane,0.8469,-1.1346,-0.2876,Omaha
1962,Isaac Parson,-4.6975,1.7144,-2.9831,N.C. Central
1963,Isaac Spears,-0.0929,-0.6337,-0.7266,Cal Poly
1964,Isaac Traudt,-0.2874,3.1372,2.8498,Creighton
1965,Isaac Varghese,-0.1168,-0.3355,-0.4523,UMBC
1966,Isaac Williams,-1.8167,0.1008,-1.7159,A&M-Corpus Christi
1967,Isaia Howard,1.352,3.1648,4.5169,Drake
1968,Isaiah Abraham,-0.617,0.3406,-0.2764,UConn
1969,Isaiah Adams,-2.2175,1.0819,-1.1355,Toledo
1970,Isaiah Addo-Ankrah,-3.9407,0.796,-3.1447,Denver
1971,Isaiah Barganier,0.0567,-0.837,-0.7803,UTRGV
1972,Isaiah Barnes,-2.2024,-1.3607,-3.5631,Tulsa
1973,Isaiah Brickner,0.2406,-2.0168,-1.7761,Idaho
1974,Isaiah Brown,0.3908,-0.1867,0.204,Florida
1975,Isaiah Caldwell,-1.1359,-4.001,-5.1369,Army West Point
1976,Isaiah Carr,0.241,-0.0907,0.1503,Denver
1977,Isaiah Chappell,-1.6162,-2.2421,-3.8584,UC Davis
1978,Isaiah Coleman,-1.6002,2.655,1.0548,Seton Hall
1979,Isaiah Cottrell,-0.5056,-1.8645,-2.3701,UNLV
1980,Isaiah Elohim,-1.1951,-0.3323,-1.5274,Southern California
1981,Isaiah Evans,-0.2398,7.0908,6.851,Duke
1982,Isaiah Folkes,-0.5849,-3.0087,-3.5936,Charlotte
1983,Isaiah Gaines,-0.3788,1.8756,1.4967,Radford
1984,Isaiah Gray,1.3379,3.5672,4.9051,Akron
1985,Isaiah Griffin,-2.8736,1.5886,-1.285,Idaho State
1986,Isaiah Griffin,-2.8736,1.5886,-1.285,Eastern Ill.
1987,Isaiah Hawthorne,-2.1483,6.4255,4.2772,Northern Colo.
1988,Isaiah Ihnen,0.7199,2.5764,3.2963,Liberty
1989,Isaiah Jackson,2.2172,-0.3896,1.8276,Drake
1990,Isaiah Johnson,-0.6876,1.206,0.5184,Portland State
1991,Isaiah Johnson-Arigu,-0.3129,-0.0132,-0.3261,Miami (FL)
1992,Isaiah Jones,0.537,1.6698,2.2068,Oakland
1993,Isaiah Lewis,-1.3626,-1.9513,-3.3139,Little Rock
1994,Isaiah Manning,-1.0908,-0.5567,-1.6474,TCU
1995,Isaiah Mbeng,-1.1957,0.4407,-0.755,William & Mary
1996,Isaiah Miranda,-0.5642,-0.4246,-0.9887,Green Bay
1997,Isaiah Moses,-2.8287,2.8295,0.0008,UC Riverside
1998,Isaiah Richards,0.7712,2.7409,3.5121,Gardner-Webb
1999,Isaiah Rivera,-0.7268,4.4264,3.6996,DePaul
2000,Isaiah Shaw,-1.8652,2.1146,0.2494,Valparaiso
2001,Isaiah Skinner,-1.68,-1.1976,-2.8776,USC Upstate
2002,Isaiah Swope,-2.311,2.7457,0.4347,Saint Louis
2003,Isaiah Sy,-2.348,2.9855,0.6375,Oregon State
2004,Isaiah Walker,-0.9317,4.361,3.4293,Belmont
2005,Isaiah Watts,-1.3422,1.0027,-0.3395,Washington State
2006,Isaiah West,0.1421,-0.7041,-0.5621,Samford
2007,Isaiah Wilson,-1.3192,-1.296,-2.6152,Winthrop
2008,Ishan Sharma,1.0123,1.5552,2.5675,Virginia
2009,Ishmael Leggett,1.4627,5.2853,6.748,Pittsburgh
2010,Isiah Lightsy,-0.198,0.0012,-0.1968,Middle Tenn.
2011,Ismael Diouf,-2.0887,-0.9158,-3.0045,NC State
2012,Ismael Plet,-1.5579,-0.3543,-1.9122,Robert Morris
2013,Ismail Habib,-3.4256,-1.2068,-4.6323,Portland State
2014,Ismaila Diagne,1.6185,0.5638,2.1823,Gonzaga
2015,Israel Jenrette,-0.7868,-3.9125,-4.6992,North Ala.
2016,Israel Yaw,-1.2323,-0.0823,-1.3147,Campbell
2017,Issac McBride,-5.3318,5.207,-0.1248,Oral Roberts
2018,Ivan Matlekovic,0.2827,0.102,0.3847,High Point
2019,Ivan Njegovan,0.5646,0.6445,1.2091,Ohio State
2020,Ivan Reynolds,0.2754,-0.1156,0.1598,Houston Christian
2021,Iverson King,1.236,-0.1189,1.1171,Presbyterian
2022,Izaiah Pasha,-2.6204,3.5444,0.924,Delaware
2023,Izaiyah Nelson,-1.0702,5.5725,4.5023,Arkansas State
2024,Izzy Miles,-1.2375,-1.3316,-2.5691,Tarleton State
2025,J'Vonne Hadley,0.5499,6.2625,6.8124,Louisville
2026,J'Wan Roberts,1.1005,6.0076,7.1082,Houston
2027,JB Frankel,-1.2833,0.7852,-0.4982,Northeastern
2028,JC Brooks,-0.2734,-0.9781,-1.2515,Tennessee State
2029,JC Harris,0.1599,-1.2004,-1.0405,UMBC
2030,JC Riley,-0.7197,-2.8666,-3.5864,Northwestern State
2031,JC Shirer,-0.4743,-0.1235,-0.5978,Liberty
2032,JD Plough,0.0059,-0.0858,-0.0798,Southern California
2033,JD Roberts,-0.4,0.2165,-0.1835,Central Ark.
2034,JJ Howard,-0.227,0.3086,0.0816,UTRGV
2035,JJ Starling,-1.2174,3.6076,2.3902,Syracuse
2036,JJ Taylor,-0.6417,1.0644,0.4227,UCF
2037,JJ Traynor,-1.1302,2.4493,1.3191,DePaul
2038,JJ White,-0.4032,6.6632,6.26,Omaha
2039,JP Estrella,-0.4324,0.7055,0.2731,Tennessee
2040,JP Pegues,-0.0567,-0.1561,-0.2128,Auburn
2041,JR Jacobs,-4.55,-2.0884,-6.6385,New Orleans
2042,JR Konieczny,0.1059,1.9492,2.0552,Notre Dame
2043,JT Dougherty,-0.7927,-0.4806,-1.2734,Army West Point
2044,JT Kelly,0.137,-0.2437,-0.1067,Notre Dame
2045,JT Rock,-0.2994,-0.241,-0.5404,Iowa State
2046,JT Toppin,0.5531,9.4303,9.9834,Texas Tech
2047,JT Warren,-2.9006,-0.3243,-3.2249,Northwestern State
2048,JV Brown,-0.2454,-0.2061,-0.4515,Missouri
2049,Ja'Borri McGhee,-1.1568,2.6069,1.4501,UAB
2050,Ja'Derryus Eatmon,-1.1485,-0.7282,-1.8767,Florida A&M
2051,Ja'Heim Hudson,-1.9495,1.2853,-0.6642,Auburn
2052,Ja'Kair Sanchez,-2.8377,1.1368,-1.701,Wagner
2053,Ja'Kobi Gillespie,1.8279,9.135,10.9628,Maryland
2054,Ja'Quavis Williford,-0.1794,1.0804,0.901,Oregon State
2055,Ja'Sean Glover,-3.2436,2.107,-1.1366,Omaha
2056,Ja'Sean Jackson,1.1265,2.4266,3.5531,Lamar University
2057,Ja'Vier Francis,2.9605,1.6719,4.6324,Houston
2058,Ja'Von Benson,-0.4394,-0.6852,-1.1247,Ole Miss
2059,JaCobi Wood,-3.9963,1.9334,-2.0629,Murray State
2060,JaJuan Nicholls,-1.7298,0.193,-1.5368,Tennessee Tech
2061,JaKobe Coles,1.6903,5.9814,7.6717,Grand Canyon
2062,"JaQualon ""JQ"" Roberts",-1.0759,-0.2892,-1.3651,Vanderbilt
2063,JaVaughn Hannah,-2.5981,1.9508,-0.6474,Western Mich.
2064,Jabari West,-0.2863,-0.0253,-0.3116,Central Ark.
2065,Jabe Mullins,0.2338,3.393,3.6268,Montana State
2066,Jabri Abdur-Rahim,1.212,3.8427,5.0547,Providence
2067,Jac Mani,-0.4211,-0.1332,-0.5543,UC Davis
2068,Jacari Lane,-1.7259,6.7181,4.9922,North Ala.
2069,Jacari White,-0.916,6.4921,5.5761,North Dakota State
2070,Jace Carter,-0.374,0.8255,0.4514,Texas A&M
2071,Jace Howard,-0.0261,-0.7747,-0.8008,Michigan
2072,Jace Posey,0.7116,1.4208,2.1324,TCU
2073,Jace Rayl,-0.2191,-0.3211,-0.5402,Purdue
2074,Jace Roquemore,-2.4596,0.001,-2.4586,Vermont
2075,Jace Whiting,-0.7903,-0.3422,-1.1325,UNLV
2076,Jacen Holloway,-2.1123,-1.4527,-3.565,Army West Point
2077,Jack Anderson,-0.1938,-0.5907,-0.7844,Marquette
2078,Jack Campion,-0.6891,-0.644,-1.3331,Southern Ind.
2079,Jack Clark,0.538,6.28,6.818,VCU
2080,Jack Collins,-2.279,3.3445,1.0655,Monmouth
2081,Jack Daugherty,-1.3617,5.6717,4.3101,Illinois State
2082,Jack DeRose,-0.092,0.0769,-0.0151,St. Bonaventure
2083,Jack DiDonna,-0.0569,-0.1283,-0.1853,Boston College
2084,Jack Doumbia,-0.7232,1.3879,0.6648,Wright State
2085,Jack Edelen,0.076,-1.6662,-1.5901,Western Ky.
2086,Jack Francis,-0.576,-0.3343,-0.9103,Texas Tech
2087,Jack Graham,-0.7263,-0.0266,-0.753,Richmond
2088,Jack Hatten,-0.0395,0.4281,0.3886,Idaho
2089,Jack Hoth,-0.8167,-1.9659,-2.7826,Oakland
2090,Jack Ingold,-0.1938,0.4183,0.2245,Lipscomb
2091,Jack Janicki,-0.1192,2.2258,2.1066,Wisconsin
2092,Jack Johnson,-0.4644,-0.945,-1.4094,Fla. Atlantic
2093,Jack Jubenville,-0.228,-0.31,-0.538,Middle Tenn.
2094,Jack Karasinski,-2.7472,4.2168,1.4697,Bellarmine
2095,Jack Kostel,-2.4357,2.3656,-0.0701,Chattanooga
2096,Jack Leahy,-0.9105,-0.4442,-1.3548,Monmouth
2097,Jack Lusk,-0.0908,-0.1899,-0.2807,Purdue
2098,Jack McCloskey,-0.2743,-0.474,-0.7483,California
2099,Jack McFadden,0.2437,-0.2485,-0.0048,Rider
2100,Jack Medalie,0.2519,0.0109,0.2628,Navy
2101,Jack Mielke,-2.9065,1.3001,-1.6064,Southern Ind.
2102,Jack Miller,-0.8757,-0.9185,-1.7941,Col. of Charleston
2103,Jack Molloy,-1.2159,0.7299,-0.486,Yale
2104,Jack Payne,-0.4035,4.9043,4.5008,Idaho
2105,Jack Pease,-0.2742,-0.3471,-0.6213,Colorado
2106,Jack Reddick,-0.9339,-1.1195,-2.0533,FGCU
2107,Jack Robison,-1.1146,0.0885,-1.0261,Wisconsin
2108,Jack Sauer,-0.2394,-0.3778,-0.6172,Miami (OH)
2109,Jack Sawyer,-1.8734,-1.9133,-3.7867,Abilene Christian
2110,Jack Scott,-2.7972,-1.8824,-4.6796,Princeton
2111,Jack Seidler,0.0117,-0.2973,-0.2855,UCLA
2112,Jack Stanton,0.5317,0.7988,1.3305,Princeton
2113,Jack Stefanski,-0.7569,-0.2524,-1.0093,Western Mich.
2114,Jack Turner,-0.8592,-0.4622,-1.3213,Loyola Chicago
2115,Jack Whitbourn,-1.519,0.1688,-1.3502,UC Riverside
2116,Jack Wistrcill,-2.4822,-1.6443,-4.1266,Northern Ariz.
2117,Jack d'Entremont,0.7637,0.5923,1.356,Richmond
2118,Jackie Johnson,-2.5208,5.4021,2.8813,Fordham
2119,Jacksen Moni,-1.4139,8.8142,7.4003,North Dakota State
2120,"Jackson ""BB"" Washington",-0.4376,0.0523,-0.3853,FGCU
2121,Jackson Benigni,-1.451,-1.9574,-3.4084,Binghamton
2122,Jackson Connor,-0.8386,-0.5537,-1.3924,Eastern Ill.
2123,Jackson Cook,0.0584,-0.1067,-0.0483,Arizona
2124,Jackson Delaney,-0.6264,-0.1648,-0.7911,Manhattan
2125,Jackson Fazande,-0.1279,0.2858,0.1579,UTSA
2126,Jackson Fields,0.1123,2.1813,2.2936,Troy
2127,Jackson Francois,0.054,-0.1005,-0.0465,Arizona
2128,Jackson Gaffney,-1.4108,-0.9103,-2.321,San Diego
2129,Jackson Greene,1.0667,1.7105,2.7773,Idaho State
2130,Jackson Hicke,-1.9509,1.3698,-0.5811,Princeton
2131,Jackson Holcombe,1.5043,2.5364,4.0406,Utah Valley
2132,Jackson Holt,-1.9918,1.7581,-0.2337,Eastern Ky.
2133,Jackson Kotecki,-1.6743,-1.5572,-3.2315,Miami (OH)
2134,Jackson Mayo,0.3196,0.7944,1.1141,Army West Point
2135,Jackson McAndrew,1.3725,3.1018,4.4743,Creighton
2136,Jackson Munro,0.3717,0.3122,0.6839,Dartmouth
2137,Jackson Noble,0.0089,-0.0454,-0.0365,Navy
2138,Jackson Paveletzke,-1.9529,1.9377,-0.0152,Ohio
2139,Jackson Peakes,0.1806,-0.818,-0.6375,Rice
2140,Jackson Porch,-0.6613,-0.7437,-1.4049,Troy
2141,Jackson Price,-0.2043,-0.3041,-0.5084,Marist
2142,Jackson Roberts,-0.3869,-0.2476,-0.6346,Clemson
2143,Jackson Rogers,-0.419,0.4011,-0.0178,Sam Houston
2144,Jackson Seale,-0.3491,-0.6505,-0.9996,Eastern Wash.
2145,Jackson Shelstad,0.814,6.2927,7.1066,Oregon
2146,Jackson Sivills,-1.7033,3.5388,1.8355,Wofford
2147,Jackson Skipper,-2.3838,1.6268,-0.757,Oral Roberts
2148,Jackson Sowards,-0.0188,0.016,-0.0027,New Orleans
2149,Jackson Threadgill,1.401,-3.0538,-1.6528,App State
2150,Jackson Young,-0.3003,0.1686,-0.1317,SMU
2151,Jacob Bannarbie,-1.0309,-0.5185,-1.5494,UNLV
2152,Jacob Beccles,-3.0127,1.0488,-1.9639,Cornell
2153,Jacob Cofie,2.0574,2.0245,4.0819,Virginia
2154,Jacob Conner,0.3145,-1.3014,-0.9869,Dayton
2155,Jacob Crews,-2.6464,5.7472,3.1008,Missouri
2156,Jacob Dar,-3.1409,4.0865,0.9456,Rice
2157,Jacob Hogarth,-0.0835,-3.3312,-3.4147,Iona
2158,Jacob Holt,-2.678,4.3312,1.6532,Sacramento St.
2159,Jacob Hudson,-1.6394,-1.0788,-2.7182,Gardner-Webb
2160,Jacob Huggins,-1.1641,-1.5639,-2.728,Princeton
2161,Jacob Hutson,-0.8841,2.7256,1.8415,UNI
2162,Jacob Johnson,0.6192,0.9957,1.6149,Middle Tenn.
2163,Jacob Koch,-0.7079,0.3586,-0.3493,Iowa
2164,Jacob Meyer,-2.5467,2.8941,0.3474,DePaul
2165,Jacob Ognacevic,-1.5046,7.161,5.6564,Lipscomb
2166,Jacob St Clair,-0.4997,-0.2002,-0.6999,Arkansas State
2167,Jacob Theodosiou,-2.4218,0.986,-1.4358,Loyola Maryland
2168,Jacob Warren,-1.8413,0.2464,-1.5949,FDU
2169,Jacob Wilson,-1.6944,-0.1076,-1.802,ULM
2170,Jacobi Wright,-0.2342,0.9809,0.7468,South Carolina
2171,Jacoi Hutchinson,-1.0831,-0.5668,-1.6499,George Washington
2172,Jacolb Fredson-Cole,-0.1848,0.2804,0.0955,Oklahoma
2173,Jacopo Van der Knaap,0.0222,-0.0088,0.0133,Hawaii
2174,Jadarius Townes,0.0168,-0.1228,-0.106,Mississippi Val.
2175,Jaden Akins,3.374,5.2743,8.6483,Michigan State
2176,Jaden Alexander,-3.0779,1.9685,-1.1094,CSU Bakersfield
2177,Jaden Bradley,1.5735,5.8171,7.3906,Arizona
2178,Jaden Brownell,-0.2913,5.5657,5.2744,Samford
2179,Jaden Clayton,-0.554,-0.0301,-0.5841,Maine
2180,Jaden Cooper,-0.166,-0.407,-0.573,Columbia
2181,Jaden Daughtry,-1.6592,3.4973,1.8381,Indiana State
2182,Jaden Daughtry,-1.6592,3.4973,1.8381,Marist
2183,Jaden Grant,0.8639,0.3646,1.2285,FIU
2184,Jaden Harris,-1.3704,1.2286,-0.1418,New Mexico State
2185,Jaden Henley,0.6541,3.6394,4.2935,UNLV
2186,Jaden House,-2.7863,1.8294,-0.9568,Rhode Island
2187,Jaden Jackson,1.1011,1.4616,2.5626,South Dakota State
2188,Jaden Johnson,-2.3785,-2.9636,-5.342,Old Dominion
2189,Jaden Karuletwa,-0.1214,-0.3428,-0.4641,Arkansas
2190,Jaden Kirkwood,0.1748,-0.6627,-0.4879,Holy Cross
2191,Jaden Martin,-1.672,-1.4158,-3.0879,Morgan State
2192,Jaden Newell,-0.381,-0.1691,-0.5502,Georgia
2193,Jaden Schertz,-0.0673,-0.501,-0.5684,Saint Louis
2194,Jaden Schutt,-2.4694,1.4965,-0.973,Virginia Tech
2195,Jaden Seymour,-1.0668,2.2723,1.2054,ETSU
2196,Jaden Smith,-0.4399,0.1037,-0.3362,Fordham
2197,Jaden Steppe,-0.2596,-0.2249,-0.4844,Colorado State
2198,Jaden Walker,-0.0053,1.4634,1.4581,A&M-Corpus Christi
2199,Jaden Webb,0.5163,-1.2839,-0.7676,Morehead State
2200,Jaden Wells,-2.3533,3.7384,1.3851,UT Arlington
2201,Jaden Winston,-2.4212,1.0748,-1.3464,Manhattan
2202,Jaden Zimmerman,-1.0583,1.1514,0.0931,Quinnipiac
2203,Jadin Collins-Roberts,-1.7483,0.5473,-1.201,Marist
2204,Jadis Jones,-0.3859,1.6197,1.2338,Lindenwood
2205,Jadrian Tracey,3.4535,4.0042,7.4576,Oregon
2206,Jadyn Shider,-0.3509,-1.8025,-2.1534,Southern Ind.
2207,Jae'Coby Osborne,0.1872,1.2317,1.4189,New Mexico State
2208,Jae'Lyn Withers,0.4773,4.9334,5.4107,North Carolina
2209,Jaeden Marshall,-4.294,3.1072,-1.1868,Niagara
2210,Jaeden Mustaf,0.5923,-0.106,0.4863,Georgia Tech
2211,Jaeden Zackery,2.2641,5.0934,7.3575,Clemson
2212,Jaedyn Brown,0.0365,0.8923,0.9289,Idaho State
2213,Jaehshon Thomas,-4.432,0.23,-4.202,Charlotte
2214,Jaelen McGlone,1.1208,-0.3734,0.7473,Central Conn. St.
2215,Jaelyn Lee,0.4737,-0.0125,0.4612,Texas A&M
2216,Jaemyn Brakefield,-0.115,6.0637,5.9487,Ole Miss
2217,Jagger Bascombe,-0.0131,-0.0029,-0.0159,Marist
2218,Jah Nze,-0.4656,1.1258,0.6602,Mercer
2219,Jah Quinones,-1.2367,-2.4473,-3.684,Mercer
2220,Jah Short,-2.921,-1.2346,-4.1556,New Orleans
2221,Jahari Williamson,-2.3932,1.4188,-0.9744,Niagara
2222,Jahki Howard,-0.0224,2.0514,2.029,Auburn
2223,Jahlil White,0.4897,-0.4003,0.0894,La Salle
2224,Jahmai Mashack,3.5949,3.0283,6.6232,Tennessee
2225,Jahmere Tripp,-0.4316,2.7246,2.293,Fordham
2226,Jahmyl Telfort,0.4618,5.1761,5.6379,Butler
2227,Jahnathan Lamothe,-3.2421,1.1241,-2.1181,N.C. A&T
2228,Jahni Summers,-2.9474,-0.2876,-3.2349,Indiana State
2229,Jahsean Corbett,-2.2038,2.0473,-0.1565,Duquesne
2230,Jahseem Felton,-1.9086,-1.9353,-3.844,Seton Hall
2231,Jahvin Carter,-1.0692,-0.8183,-1.8875,Penn State
2232,Jaiden Feroah,-1.8418,0.2248,-1.6169,Holy Cross
2233,Jaiden Glover,-1.1778,-0.5662,-1.744,St. John's (NY)
2234,Jaiden Lawrence,-1.7791,-0.6912,-2.4704,Southeastern La.
2235,Jaiden Lee,-0.1251,-0.3575,-0.4826,UMES
2236,Jaidon Lipscomb,-0.074,-0.5774,-0.6513,FIU
2237,Jailen Bedford,0.189,1.2118,1.4009,UNLV
2238,Jair Horton,-5.3929,-3.4676,-8.8604,Mississippi Val.
2239,Jaiun Simon,0.6266,-1.7998,-1.1732,Dayton
2240,Jakai Newton,-0.0177,0.1414,0.1236,Indiana
2241,Jakai Robinson,-2.2367,1.497,-0.7397,Bryant
2242,Jakai Sanders,-0.8299,-0.5287,-1.3586,Saint Peter's
2243,Jakari Spence,-0.2588,0.5732,0.3144,Jacksonville
2244,Jake Auer,-0.4108,2.0663,1.6555,West Virginia
2245,Jake Brack,-1.9531,-0.7659,-2.7191,South Dakota
2246,Jake Ciardo,-0.054,-0.442,-0.4959,Marquette
2247,Jake Davis,-0.2385,1.8427,1.6043,Illinois
2248,Jake DiMichele,-1.344,-0.2771,-1.621,Duquesne
2249,Jake Dykstra,-0.5891,-0.6621,-1.2512,Belmont
2250,Jake Ensminger,1.2544,3.9985,5.2529,Santa Clara
2251,Jake Evans,-0.2999,-0.3451,-0.645,Northern Ky.
2252,Jake Fiegen,-2.076,4.7536,2.6776,Cornell
2253,Jake Goldberg,-2.6752,-1.7494,-4.4246,NJIT
2254,Jake Heidbreder,0.8782,3.2192,4.0974,Clemson
2255,Jake Lemelman,-2.6152,0.5115,-2.1036,Mercyhurst
2256,Jake Moser,-0.5895,-0.1412,-0.7306,Oklahoma
2257,Jake Murphy,-0.7403,0.3242,-0.4161,UNCW
2258,Jake O'Neil,-1.3093,2.486,1.1767,Idaho State
2259,Jake Pike,0.5392,0.1872,0.7264,Lehigh
2260,Jake Shapiro,-0.9323,-0.2176,-1.1499,Tulane
2261,Jake Tavroff,-2.0268,1.094,-0.9329,Columbia
2262,Jake TenBerge,-0.2859,-0.6644,-0.9503,Stonehill
2263,Jake Wahlin,0.3146,4.2088,4.5234,Utah
2264,Jakevion Buckley,0.5468,2.5084,3.0552,Southeastern La.
2265,Jakob Blakley,-3.0403,-2.5655,-5.6058,Le Moyne
2266,Jakob Gibbs,-0.7733,-0.0319,-0.8053,Marshall
2267,Jakobi Heady,-2.19,4.499,2.309,Central Mich.
2268,Jakub Necas,1.2546,0.8862,2.1408,Duquesne
2269,Jalal McKie,-2.8205,-3.6063,-6.4269,N.C. A&T
2270,Jaland Lowe,-1.8643,5.9752,4.1109,Pittsburgh
2271,Jalen Barbee,-0.228,1.31,1.082,CSUN
2272,Jalen Barr,2.0725,-3.0206,-0.9481,Iona
2273,Jalen Blackmon,-2.5214,3.83,1.3086,Miami (FL)
2274,Jalen Bolden,-2.9489,0.1676,-2.7813,ULM
2275,Jalen Bouknight,0.8277,-0.6367,0.191,Lindenwood
2276,Jalen Breath,-0.783,-0.5857,-1.3687,UNC Greensboro
2277,Jalen Breazeale,-2.6968,-1.5883,-4.2852,Morehead State
2278,Jalen Celestine,1.2168,5.1114,6.3282,Baylor
2279,Jalen Cox,0.1027,0.3892,0.4919,Colgate
2280,Jalen Crawford,-0.18,-0.3982,-0.5783,Florida State
2281,Jalen DeLoach,0.0906,0.8546,0.9452,Loyola Chicago
2282,Jalen Dollar,-0.2974,-0.061,-0.3584,California Baptist
2283,Jalen Forrest,-3.7831,1.4071,-2.376,Chicago State
2284,Jalen Foy,-1.1027,-1.1876,-2.2903,Montana
2285,Jalen Hampton,-0.2114,1.5919,1.3805,Missouri State
2286,Jalen Hayes,0.1902,-0.2429,-0.0527,South Dakota
2287,Jalen Haynes,1.5915,3.9665,5.558,George Mason
2288,Jalen Hill,0.354,0.401,0.7549,UNLV
2289,Jalen Jackson,-3.7354,3.5338,-0.2016,Western Ky.
2290,Jalen Jackson,-3.7354,3.5338,-0.2016,Purdue Fort Wayne
2291,Jalen Keago,-3.5792,-0.4145,-3.9937,Alabama State
2292,Jalen Lake,-0.9846,3.8265,2.8419,Colorado State
2293,Jalen Leach,0.1556,5.0558,5.2114,Northwestern
2294,Jalen Lee,-2.889,-1.3393,-4.2282,LIU
2295,Jalen Miller,-3.1397,1.5927,-1.547,Oral Roberts
2296,Jalen Myers,-2.3939,3.8619,1.468,Norfolk State
2297,Jalen Pitre,0.7443,-0.9848,-0.2405,Sacramento St.
2298,Jalen Quinn,0.265,-0.8148,-0.5498,Loyola Chicago
2299,Jalen Reed,1.3772,2.6901,4.0673,LSU
2300,Jalen Rucker,-3.4421,3.5243,0.0822,Army West Point
2301,Jalen Shelley,1.0755,0.2146,1.29,Southern California
2302,Jalen Speer,-0.9843,1.8692,0.8849,Marshall
2303,Jalen Sullinger,-3.4758,6.0681,2.5922,Kent State
2304,Jalen Tatum,-1.1541,0.0314,-1.1227,Jackson State
2305,Jalen Terry,-3.1427,4.7078,1.5651,Eastern Mich.
2306,Jalen Ware,-1.2201,-3.9756,-5.1957,UMES
2307,Jalen Washington,0.4111,2.1669,2.578,North Carolina
2308,Jalen Weaver,-2.0175,0.6624,-1.3551,Fresno St.
2309,Jalen Windham,0.3736,-0.1319,0.2416,Morehead State
2310,Jalil Beaubrun,0.1076,-1.4007,-1.2931,App State
2311,Jalil Bethea,-3.4811,0.6781,-2.803,Miami (FL)
2312,Jalin Anderson,-2.0836,4.7495,2.6659,UIW
2313,Jalin Billingsley,-3.7133,1.2455,-2.4679,Eastern Mich.
2314,Jalin Rice,-0.4826,-0.197,-0.6795,Cleveland State
2315,Jalon Moore,-0.7431,3.492,2.7489,Oklahoma
2316,Jalyke Gaines-Wyatt,-4.5013,-0.5426,-5.044,Alcorn
2317,Jamaal Unuakhalu,-1.2263,-0.6168,-1.843,UC Davis
2318,Jamahri Harvey,-4.6398,-0.1968,-4.8366,Presbyterian
2319,Jamai Felt,0.8634,-1.2824,-0.419,Bowling Green
2320,Jamaine Mann,-3.1725,0.7754,-2.3971,Gardner-Webb
2321,Jamal Albritton,-0.1764,-0.2613,-0.4376,North Ala.
2322,Jamal Fuller,-0.6443,2.3623,1.7181,LIU
2323,Jamal Mashburn,-2.8043,5.3041,2.4998,Temple
2324,Jamal Miles,-1.6464,-0.2335,-1.8799,South Carolina State
2325,Jamal Sumlin,1.4076,0.982,2.3897,Kent State
2326,Jamal West,-2.8193,4.1209,1.3016,Nicholls
2327,Jamar Brown,-1.5723,6.6731,5.1009,Kansas City
2328,Jamar Franklin,-2.2325,2.0588,-0.1737,Jacksonville State
2329,Jamar Livingston,0.1143,-4.1687,-4.0544,Western Caro.
2330,Jamari Phillips,-1.2599,-0.4468,-1.7067,Oregon
2331,Jamari Sibley,-2.0974,1.3469,-0.7505,Southern Utah
2332,Jamarii Thomas,-1.5045,3.62,2.1155,South Carolina
2333,Jamarques Lawrence,-2.1222,1.0942,-1.028,Rhode Island
2334,Jameel Brown,0.1409,0.3655,0.5063,Temple
2335,Jameel Morris,-0.4709,-2.3695,-2.8404,FDU
2336,Jameel Rideout,-0.5476,-1.4765,-2.0241,Elon
2337,James Brown,-1.222,-0.4117,-1.6338,North Carolina
2338,James Cooper,-0.5193,0.2463,-0.273,Oregon
2339,James Dent,-2.4307,2.3133,-0.1174,NIU
2340,James Flippin,-1.6502,-0.9629,-2.6131,Grambling
2341,James Henderson,-0.2427,-0.8083,-1.051,Niagara
2342,James Jones,-1.6534,1.4513,-0.2021,Central Conn. St.
2343,James Mayor,-0.2543,-0.389,-0.6434,Eastern Ky.
2344,James Morrow,-2.0716,-3.3786,-5.4501,South Carolina State
2345,James O'Donnell,1.8313,-2.8011,-0.9698,San Francisco
2346,James Okonkwo,-0.1921,2.8109,2.6188,Akron
2347,James Patterson,-2.3148,-0.9924,-3.3072,Iona
2348,James Scott,2.275,4.1076,6.3826,Louisville
2349,James Thomas,-0.3885,-2.669,-3.0575,Mercyhurst
2350,James White,-3.7715,1.4386,-2.3329,New Orleans
2351,Jameson O'Toole,-0.572,-0.4876,-1.0596,Fordham
2352,Jamichael Davis,0.4438,2.6801,3.1239,Rutgers
2353,Jamichael Stillwell,-0.6784,3.2413,2.563,Milwaukee
2354,Jamie Bergens,-3.6806,0.7209,-2.9598,Fairfield
2355,Jamie Phillips,-6.3509,1.8554,-4.4955,Stetson
2356,Jamie Vinson,-1.0417,0.9738,-0.0679,Texas
2357,Jamil Miller,0.1757,0.4708,0.6464,Kennesaw State
2358,Jamil Muttilib,0.5988,0.7902,1.389,App State
2359,Jamille Reynolds,-0.1206,1.0577,0.9371,South Fla.
2360,Jamine Charles,-0.4669,0.3304,-0.1365,Florida A&M
2361,Jamir Simpson,-4.1839,0.9241,-3.2598,Southern Utah
2362,Jamir Watkins,-0.8692,4.9093,4.0401,Florida State
2363,Jamiya Neal,2.3584,3.2669,5.6253,Creighton
2364,Jamond Vincent,-2.5144,1.3939,-1.1205,New Orleans
2365,Jamyron Keller,-0.3003,0.1848,-0.1155,Oklahoma State
2366,Jan Vide,0.1268,-0.4862,-0.3593,LMU (CA)
2367,Janko Bulajic,0.4103,0.0044,0.4148,Lamar University
2368,Jao Ituka,-1.9049,2.3814,0.4765,Jacksonville State
2369,Japhet Medor,-0.8815,5.4145,4.533,Fordham
2370,Jaqai Murray,-1.3494,0.1088,-1.2405,N.C. Central
2371,Jaquan Carlos,-1.0095,2.744,1.7345,Syracuse
2372,Jaquan Johnson,0.0644,3.751,3.8154,Bradley
2373,Jaquan Sanders,-0.7956,-1.5302,-2.3258,Hofstra
2374,Jaquan Scott,0.7731,-1.1052,-0.3321,UTSA
2375,Jaquel Morris,1.4107,-1.7124,-0.3016,Saint Peter's
2376,Jared Billups,5.8354,1.0974,6.9327,George Mason
2377,Jared Coleman-Jones,-0.5252,1.7776,1.2524,San Diego State
2378,Jared Frey,-3.6788,0.1642,-3.5146,Stony Brook
2379,Jared Garcia,-1.3245,0.2923,-1.0322,Tulsa
2380,Jared Harris,-0.2524,-0.3199,-0.5723,Memphis
2381,Jared Lary,0.8325,0.0373,0.8698,Detroit Mercy
2382,Jared McGregor,0.1078,-0.1041,0.0038,BYU
2383,Jared Washington,-0.7531,1.1273,0.3742,Southern Ind.
2384,Jaren Johnson,-3.1723,1.6625,-1.5097,Howard
2385,Jaret Valencia,-1.6201,1.1566,-0.4635,Monmouth
2386,Jarin Stevenson,1.8323,3.535,5.3673,Alabama
2387,Jaron Pierre,-3.5529,6.9738,3.4209,Jacksonville State
2388,Jaron Rillie,-0.5946,6.2598,5.6653,Northern Colo.
2389,Jarred Hall,-0.5126,-0.4299,-0.9425,Middle Tenn.
2390,Jarred Hyder,-4.238,3.8955,-0.3426,Cal Poly
2391,Jarrell Love,-1.8697,-1.553,-3.4227,Bethune-Cookman
2392,Jarrell Pope,-0.2868,-0.3521,-0.6389,James Madison
2393,Jarren Cook,-1.4414,0.3037,-1.1377,UT Arlington
2394,Jarrett Hensley,-1.0962,1.379,0.2828,Southern Ill.
2395,Jarvis Moss,-0.9593,5.0139,4.0546,Radford
2396,Jarvis Walker,-6.136,1.3415,-4.7946,IU Indy
2397,Jasai Miles,-5.293,3.016,-2.277,North Florida
2398,Jase Butler,0.8245,0.0386,0.8631,Washington
2399,Jase Richardson,3.0662,8.1057,11.1719,Michigan State
2400,Jasen Brooks,-1.2437,1.2437,-0.0001,UC San Diego
2401,Jasen Green,0.9069,2.6956,3.6025,Creighton
2402,Jasin Sinani,0.571,3.6532,4.2242,Campbell
2403,Jasir Tremble,-1.583,0.5161,-1.067,Fresno St.
2404,Jasman Sangha,-4.4954,-1.311,-5.8064,Canisius
2405,Jason Amador,-0.9642,-0.1444,-1.1086,Grand Canyon
2406,Jason Asemota,0.0505,0.3956,0.4461,Baylor
2407,Jason Clarke,0.3034,-0.1505,0.153,App State
2408,Jason Drake,-2.4607,2.1067,-0.3541,Drexel
2409,Jason Edwards,-0.4572,6.7242,6.267,Vanderbilt
2410,Jason Fontenet,-1.1811,2.1192,0.9381,UC Santa Barbara
2411,Jason Hart,-0.7472,-1.1172,-1.8644,Long Beach State
2412,Jason Jackson,-0.3724,-0.624,-0.9963,Georgia State
2413,Jason Murphy,-0.8035,-0.4272,-1.2307,N.C. A&T
2414,Jason Nelson,-1.7294,0.5805,-1.1489,Youngstown State
2415,Jason Rivera-Torres,0.7989,-1.3636,-0.5648,San Francisco
2416,Jason Roche,-1.7918,-0.3955,-2.1872,Richmond
2417,Jason Schofield,-1.0431,1.8277,0.7846,Marist
2418,Jason Simpson,-0.7005,-1.0298,-1.7304,Florida State
2419,Jason Steele,-2.0086,-1.2671,-3.2757,LIU
2420,Jason Umosella,-1.1083,-0.472,-1.5803,La Salle
2421,Jasper Floyd,1.9798,1.713,3.6928,North Texas
2422,Jasteven Walker,-1.0443,-1.7589,-2.8031,Alabama State
2423,Javan Buchanan,2.5409,4.1509,6.6918,Boise State
2424,Javan Simmons,-2.6053,4.483,1.8777,Toledo
2425,Javar Daniel,1.4126,0.9811,2.3937,Austin Peay
2426,Javarzia Belton,-1.2394,-1.096,-2.3354,Delaware State
2427,Javian McCollum,-0.0532,3.3541,3.3009,Georgia Tech
2428,Javier Ezquerra,-1.3018,-0.6375,-1.9394,Wagner
2429,Javohn Garcia,0.9245,6.1067,7.0312,McNeese
2430,Javon Bennett,-0.1074,5.7186,5.6111,Dayton
2431,Javon Ervin,-1.1875,-3.647,-4.8345,Mount St. Mary's
2432,Javon Jackson,-1.6007,1.5629,-0.0378,UIC
2433,Javon Ruffin,-2.5372,1.6073,-0.9299,Colorado
2434,Javon Small,2.3173,8.9078,11.2251,West Virginia
2435,Javontae Campbell,-0.3299,2.7873,2.4574,Bowling Green
2436,Javonte Brown,0.0731,1.8984,1.9715,Rhode Island
2437,Javonte Johnson,-1.4438,1.5674,0.1236,California Baptist
2438,Javoy Thompson,-0.621,1.881,1.26,UNC Asheville
2439,Jawarie Hamelin,-1.0743,-3.6656,-4.7398,New Hampshire
2440,Jaxon Edwards,0.5522,-1.0864,-0.5342,St. Bonaventure
2441,Jaxon Ellingsworth,-3.8792,0.3811,-3.4981,UT Arlington
2442,Jaxon Hartman,0.0937,-0.2117,-0.1179,Mount St. Mary's
2443,Jaxon Kohler,2.3414,6.9021,9.2435,Michigan State
2444,Jaxon Olvera,-3.4372,1.4181,-2.0191,Pepperdine
2445,Jaxon Pardon,-0.2034,-0.2341,-0.4374,Bowling Green
2446,Jaxon Pollard,-0.4619,1.9033,1.4414,Queens (NC)
2447,Jaxon Prunty,0.5631,0.0772,0.6403,Col. of Charleston
2448,Jaxon Smith,-0.5419,0.4171,-0.1248,Utah State
2449,Jaxson Bell,0.1416,-0.0594,0.0822,Army West Point
2450,Jaxson Ford,-1.6628,-1.1379,-2.8007,Sam Houston
2451,Jaxson Jones,-0.1994,-0.5665,-0.7659,ETSU
2452,Jaxson Robinson,-1.2543,6.6872,5.4329,Kentucky
2453,Jaxton Bobik,-0.0972,-0.1112,-0.2084,Oklahoma State
2454,Jay Alvarez,-4.7731,0.7872,-3.9859,Rider
2455,Jay Joseph,-1.1848,0.0911,-1.0938,La Salle
2456,Jayan Walker,-0.0105,-0.1242,-0.1346,Indiana State
2457,Jayce Depron,-0.2657,0.9337,0.668,Southern U.
2458,Jayce Nathaniel,0.2435,0.6804,0.9239,UIC
2459,Jayden Barrs,0.1111,-2.0078,-1.8967,Lamar University
2460,Jayden Brewer,-0.6612,4.8874,4.2262,FIU
2461,Jayden Brown,-1.6961,1.2632,-0.4329,Bryant
2462,Jayden Brown,-1.6961,1.2632,-0.4329,Central Conn. St.
2463,Jayden Dawson,-0.5163,4.4076,3.8913,Loyola Chicago
2464,Jayden Epps,-1.0971,2.5762,1.4791,Georgetown
2465,Jayden Hastings,1.8841,-1.4392,0.4448,Boston College
2466,Jayden Henriquez,0.018,0.0471,0.0651,Hofstra
2467,Jayden Jackson,-3.1669,4.2161,1.0492,Northern Ariz.
2468,Jayden Johnson,1.5327,1.2903,2.8231,South Carolina State
2469,Jayden Karapetian,-0.1847,-0.3117,-0.4964,California
2470,Jayden Lemond,-0.7641,-4.3598,-5.124,Binghamton
2471,Jayden Mojica,-0.2895,-0.4064,-0.6958,UC Riverside
2472,Jayden Mott,0.2421,-4.2052,-3.9632,NIU
2473,Jayden Ndjigue,1.032,0.3943,1.4263,Massachusetts
2474,Jayden Nunn,0.7227,6.4066,7.1293,Baylor
2475,Jayden Pierre,-2.6669,4.8182,2.1513,Providence
2476,Jayden Quaintance,4.4426,2.3619,6.8045,Arizona State
2477,Jayden Reid,-1.8618,2.7199,0.8582,South Fla.
2478,Jayden Ross,-0.9068,1.9393,1.0324,UConn
2479,Jayden Stevens,-1.4596,0.6941,-0.7655,Idaho
2480,Jayden Taylor,-0.2853,2.2935,2.0082,NC State
2481,Jayden Williams,-1.5848,1.8986,0.3138,Dartmouth
2482,Jayden Williams,-1.5848,1.8986,0.3138,UIW
2483,Jayden Williams,-1.5848,1.8986,0.3138,Bucknell
2484,Jaydon Young,-0.2738,0.5912,0.3174,Virginia Tech
2485,Jaye Nash,-1.1628,-1.7336,-2.8964,Tulsa
2486,Jayhlon Young,3.3806,-0.2139,3.1667,Maryland
2487,Jaylan Ouwinga,-0.9664,-0.3781,-1.3444,Toledo
2488,Jayland Randall,-2.6893,1.589,-1.1003,Southern Ind.
2489,Jaylani Darden,1.1794,1.3728,2.5522,Norfolk State
2490,Jaylen Benard,-2.7432,0.5568,-2.1864,Longwood
2491,Jaylen Blakes,-0.1517,4.5422,4.3905,Stanford
2492,Jaylen Carey,-0.4571,0.4341,-0.0231,Vanderbilt
2493,Jaylen Colon,-3.9434,0.406,-3.5373,Alabama A&M
2494,Jaylen Crocker-Johnson,-0.2359,2.7306,2.4947,Colorado State
2495,Jaylen Curry,-1.1428,1.838,0.6952,Massachusetts
2496,Jaylen Dorsey,-1.0014,-1.0644,-2.0659,Western Ky.
2497,Jaylen Jenkins,-0.1815,-0.0746,-0.2562,Old Dominion
2498,Jaylen Jones,-1.212,0.8827,-0.3293,Oakland
2499,Jaylen Jones,-1.212,0.8827,-0.3293,Texas State
2500,Jaylen Murphy,-0.4298,-0.5056,-0.9354,Toledo
2501,Jaylen Murray,1.3563,5.0437,6.4,Ole Miss
2502,Jaylen Pazon,0.3261,-1.1577,-0.8316,VMI
2503,Jaylen Peterson,-0.47,2.5514,2.0814,Presbyterian
2504,Jaylen Searles,0.7703,-0.0567,0.7135,Nicholls
2505,Jaylen Smith,-2.06,1.8848,-0.1752,North Florida
2506,Jaylen Thompson,-0.2797,-0.0703,-0.35,Stanford
2507,Jaylen Washington,0.101,-2.158,-2.057,UTRGV
2508,Jaylen Wysinger,-1.829,1.0464,-0.7826,Texas Southern
2509,Jaylin Henderson,-2.1045,1.3761,-0.7284,Portland State
2510,Jaylin Jackson-Posey,-0.6529,-2.823,-3.4759,Texas Southern
2511,Jaylin Sellers,-0.3072,-0.9918,-1.2989,UCF
2512,Jaylin Stewart,-0.5563,4.0982,3.5419,UConn
2513,Jaylon Gibson,0.1711,-1.2119,-1.0408,Charleston So.
2514,Jaylon Johnson,-3.0375,3.9986,0.9611,Tennessee Tech
2515,Jaylon McDaniel,-0.732,-0.6281,-1.3601,Lindenwood
2516,Jayme Mitchell,-0.778,1.1625,0.3845,Jackson State
2517,Jaymien Aponte,0.2671,-0.2376,0.0294,Rhode Island
2518,Jayshayne Woodard,1.2652,0.6096,1.8747,East Carolina
2519,Jayson Kent,-0.4318,3.0334,2.6016,Texas
2520,Jayson Morgan,0.0452,-0.6146,-0.5694,Furman
2521,Jayson Petty,-0.7848,-1.3346,-2.1194,Kansas City
2522,Jayson Williams-Johnson,-0.3732,-0.1417,-0.5149,Oregon
2523,Jayson Woodrich,-0.5149,-0.744,-1.2589,Oakland
2524,Jayvon Maughmer,1.1819,2.2256,3.4074,Liberty
2525,Jazz Gardner,-0.5442,-0.724,-1.2682,Pacific
2526,Je'Shawn Stevenson,0.0762,3.8578,3.934,Cleveland State
2527,Jean Aranguren,1.0289,2.4717,3.5006,Hofstra
2528,Jeannot Basima,-0.5172,-0.8723,-1.3895,Yale
2529,Jed Miller,3.0749,2.5674,5.6423,Montana State
2530,Jedy Cordilia,-2.2552,0.2614,-1.9938,Mount St. Mary's
2531,Jeff Grace,-0.1575,0.1919,0.0344,Nebraska
2532,Jeff Planutis,-5.1891,3.4701,-1.719,Mercyhurst
2533,Jeff Woodward,-0.8928,4.2529,3.3601,Colgate
2534,Jefferson De La Cruz Monegro,-2.4871,0.9526,-1.5345,Valparaiso
2535,Jefferson Koulibaly,-1.8449,-0.2893,-2.1342,Pacific
2536,Jeffery Armstrong,-0.6209,-2.0408,-2.6617,Southern Miss.
2537,Jeffrey Langston,-1.2641,0.5059,-0.7581,Southern Utah
2538,Jeffrey Mills,-1.6251,-0.4208,-2.0459,Air Force
2539,Jelani Hamilton,-2.6988,3.2103,0.5115,Georgia State
2540,Jemal Davis,-0.7273,-0.5414,-1.2687,UNC Asheville
2541,Jemel Jones,-2.986,7.806,4.8201,CSU Bakersfield
2542,Jensen Bradtke,-1.8093,-0.5657,-2.3751,Montana
2543,Jerald Colonel,1.778,1.7197,3.4978,Northwestern State
2544,Jeramiah Israel,-0.0457,-1.2784,-1.3242,Northern Ky.
2545,"Jeremiah ""Bear"" Cherry",0.543,1.8387,2.3817,UNLV
2546,Jeremiah Bembry,-1.0115,-0.9687,-1.9802,Oakland
2547,Jeremiah Burke,-1.5935,0.0487,-1.5448,North Dakota State
2548,Jeremiah Dargan,-0.6459,0.5169,-0.1291,Montana
2549,Jeremiah Davis,-0.6634,-0.0621,-0.7255,Montana State
2550,Jeremiah Evans,-0.5908,-1.778,-2.3689,Louisiana
2551,Jeremiah Fears,-0.2008,7.8928,7.6919,Oklahoma
2552,Jeremiah Hernandez,-1.8967,2.0663,0.1697,Ball State
2553,Jeremiah Jenkins,-0.6182,-2.4259,-3.0441,Brown
2554,Jeremiah Johnson,-3.2763,0.4186,-2.8577,Green Bay
2555,Jeremiah Nyarko,-1.1882,-0.3494,-1.5376,Stony Brook
2556,Jeremiah Quigley,-0.8567,0.3553,-0.5014,George Mason
2557,Jeremiah Wilkinson,-1.5956,5.382,3.7864,California
2558,Jeremiah Williams,-1.0608,-0.2348,-1.2955,Rutgers
2559,Jeremy Clayville,-2.0482,0.5154,-1.5327,Saint Francis
2560,Jeremy Elyzee,-1.8302,2.1531,0.323,Southeastern La.
2561,Jeremy Fears,2.2683,3.5621,5.8304,Michigan State
2562,Jeremy Foumena,-0.4551,-0.5693,-1.0244,Mississippi State
2563,Jeremy Lorenz,1.07,2.9965,4.0665,Wofford
2564,Jeremy Roach,0.5703,2.2855,2.8558,Baylor
2565,Jeremy Sanchez,-0.1695,-0.2367,-0.4062,Missouri
2566,Jeriah Coleman,-0.1314,0.439,0.3077,Nevada
2567,Jermahri Hill,-3.2444,1.0759,-2.1685,Ball State
2568,Jermaine Ballisager Webb,-0.8745,1.9046,1.0302,Portland
2569,Jermaine Coleman,-1.6141,0.0791,-1.5349,St. Thomas (MN)
2570,Jermaine Washington,-0.3094,0.8107,0.5013,San Jose State
2571,Jerome Beya,-1.1406,-0.2888,-1.4295,Bethune-Cookman
2572,Jerome Hunter,-0.7636,1.6631,0.8995,Xavier
2573,Jerome Palm,-1.8969,-1.0455,-2.9424,Hawaii
2574,Jerone Morton,-0.4187,1.5661,1.1474,Morehead State
2575,Jerrell Barron,-0.1141,0.0039,-0.1102,Brown
2576,Jerrell Bellamy,-1.1403,0.1908,-0.9495,Troy
2577,Jerrell Colbert,1.52,0.8205,2.3405,SMU
2578,Jerry Deng,-0.9855,3.575,2.5895,Florida State
2579,Jerry Huang,-0.511,-0.2384,-0.7494,Utah
2580,Jerry Ngopot,-3.667,-1.429,-5.0959,ULM
2581,Jesaiah McWright,-2.4572,-3.9822,-6.4394,Tulsa
2582,Jesse Jones,-0.8676,-0.855,-1.7226,Florida State
2583,Jestin Porter,-1.0319,3.8616,2.8297,Middle Tenn.
2584,Jesus Carralero Martin,-0.2081,1.6102,1.4021,Bethune-Cookman
2585,Jett Montgomery,-2.3617,0.7309,-1.6308,Southern Miss.
2586,Jevin Muniz,-2.1719,2.0698,-0.1021,FGCU
2587,Jevon Hill,-0.7938,0.9174,0.1236,South Dakota
2588,Jevon Porter,0.2017,0.0852,0.2869,LMU (CA)
2589,Jhamir Brickus,-2.5417,4.3402,1.7985,Villanova
2590,Jhaylon Martinez,-2.7754,0.1743,-2.6011,Niagara
2591,Jimmie Williams,-1.4431,2.9443,1.5012,South Fla.
2592,Jimmy Oladokun,-0.065,-1.6342,-1.6992,Rice
2593,Jinup Dobuol,0.0245,-0.2221,-0.1976,Portland
2594,Jinwoo Kim,-2.1395,0.574,-1.5655,Navy
2595,Jizzle James,-0.0202,4.3598,4.3396,Cincinnati
2596,Jlynn Counter,0.8409,4.0628,4.9037,Middle Tenn.
2597,Jo Valrie,-0.2134,0.2628,0.0495,SIUE
2598,Jo'el Emanuel,-2.9753,0.8372,-2.1381,FDU
2599,JoJo Fullwood,0.3258,-0.5233,-0.1975,UNCW
2600,JoJo Moore,-2.2136,3.4173,1.2037,Oral Roberts
2601,JoJo Wallace,-1.9638,-1.1622,-3.1261,Iona
2602,Joaquim ArauzMoore,0.1924,0.0809,0.2733,Gonzaga
2603,Jocobi Hendricks,-0.6152,2.3655,1.7504,Florida A&M
2604,Joe Anderson,0.034,4.5569,4.591,Lipscomb
2605,Joe Bamisile,-0.0648,2.2501,2.1852,VCU
2606,Joe Charles,0.8063,5.7915,6.5978,McNeese
2607,Joe Few,-0.4361,-0.9032,-1.3392,Gonzaga
2608,Joe Ganton,-0.0298,-0.052,-0.0817,Fairfield
2609,Joe Hurlburt,-0.4627,-1.9645,-2.4272,Davidson
2610,Joe Manning,0.449,0.368,0.817,Southern U.
2611,Joe Munden,-1.2681,-1.5182,-2.7864,NIU
2612,Joe Nugent,-3.7493,4.0894,0.3402,Holy Cross
2613,Joe Octave,-3.3257,-0.5388,-3.8645,Stony Brook
2614,Joe Ostrowsky,1.8048,-0.3898,1.4149,Central Conn. St.
2615,Joe Pridgen,-1.0832,5.6721,4.5889,Montana
2616,Joe Sayler,-4.0651,1.6054,-2.4597,South Dakota State
2617,Joe Sedora,-0.1808,-0.0625,-0.2433,Penn State
2618,Joe Spinelli,-1.9089,-1.0784,-2.9873,Chicago State
2619,Joe Vick,-0.439,-0.2166,-0.6556,Valparaiso
2620,Joel Armotrading,1.1621,2.1693,3.3314,UC Riverside
2621,Joey Chammaa,-6.587,2.4171,-4.1699,San Diego
2622,Joey Hart,-0.8191,0.4363,-0.3828,Ball State
2623,Joey Kahn,-0.0921,-0.1421,-0.2342,UAB
2624,Joey Madimba,-0.1331,-0.4868,-0.6198,Idaho State
2625,Joey Scarpitti,-0.7162,-0.5254,-1.2416,Col. of Charleston
2626,Johan Munch,0.2573,0.2545,0.5118,Oregon State
2627,Johan Nziemi,-0.3879,2.9148,2.5269,Longwood
2628,John Adams,-3.8565,0.4132,-3.4433,The Citadel
2629,John Berbano,-0.6436,-0.3848,-1.0285,Manhattan
2630,John Blackwell,0.8613,6.991,7.8523,Wisconsin
2631,John Bol,-0.4381,0.1792,-0.2589,Ole Miss
2632,John Buggs,-1.9002,2.6008,0.7006,ETSU
2633,John Camden,-3.8473,7.2234,3.376,Delaware
2634,John Christofilis,-3.2892,1.165,-2.1241,Seattle U
2635,John Clemmons,-0.5038,-0.6278,-1.1316,Delaware State
2636,John Holbrook,-0.0609,0.2,0.1391,North Carolina
2637,John Hugley,-1.4757,0.3897,-1.086,Xavier
2638,John Kelly,-2.451,-1.2884,-3.7394,NJIT
2639,John Lovelace,-0.9196,0.5253,-0.3943,Milwaukee
2640,John McCrear,0.253,-0.1461,0.107,Murray State
2641,John Mikey Square,-2.1394,3.4657,1.3263,Cal St. Fullerton
2642,John Mobley,-1.1276,7.2004,6.0728,Ohio State
2643,John Poulakidas,-3.4147,7.9055,4.4908,Yale
2644,John Seay-Oliver,-0.8829,-0.1452,-1.0281,South Carolina State
2645,John Shanu,-0.6546,-1.0536,-1.7082,Eastern Mich.
2646,John Tonje,2.0688,9.2473,11.3161,Wisconsin
2647,John Wade,-0.0286,-1.529,-1.5576,Southern Miss.
2648,John-Paul Ricks,-3.0625,-0.6632,-3.7257,Prairie View
2649,Johnathan DeJurnett,0.4548,-0.1059,0.349,Purdue Fort Wayne
2650,Johnathan Lawson,-0.2659,4.6321,4.3661,Little Rock
2651,Johnathan Massie,0.4826,1.9399,2.4225,North Texas
2652,Johnathan Pace,-2.0811,-0.1521,-2.2333,Mississippi Val.
2653,Johnell Davis,2.2064,4.8999,7.1063,Arkansas
2654,Johni Broome,1.705,11.7512,13.4562,Auburn
2655,Johnnie Walter,-0.0769,-2.0218,-2.0987,Penn
2656,Johnny Kinziger,-0.7275,5.9275,5.2,Illinois State
2657,Johnny O'Neil,0.196,3.5341,3.7301,Santa Clara
2658,Jojo Anderson,-2.6127,-0.1442,-2.7569,Idaho
2659,Jon Mani,0.5155,0.0353,0.5508,Denver
2660,Jon O'Neill,-2.1025,0.2735,-1.8289,New Hampshire
2661,Jon Sanders,-4.09,1.4489,-2.6411,Northwestern State
2662,Jonah Goorin,0.0499,0.016,0.0659,Southern California
2663,Jonah Hinton,-2.9324,0.7543,-2.1781,St. Bonaventure
2664,Jonah Long,-0.3102,-0.4691,-0.7792,App State
2665,Jonah Lucas,0.0301,-0.5093,-0.4793,Marquette
2666,Jonah Pierce,0.0997,1.2361,1.3358,Presbyterian
2667,Jonas Aidoo,1.417,3.2366,4.6536,Arkansas
2668,Jonas Sirtautas,-1.5548,0.6351,-0.9197,Radford
2669,Jonathan Aybar,-0.9925,-0.7891,-1.7816,FIU
2670,Jonathan Beagle,0.2925,0.5735,0.866,Richmond
2671,Jonathan Dunn,-5.2315,-2.3041,-7.5356,Coppin State
2672,Jonathan Griman,-0.3788,-0.9956,-1.3744,California Baptist
2673,Jonathan Ogunfuye,-0.1291,-0.0969,-0.226,Mount St. Mary's
2674,Jonathan Pierre,-1.6859,4.2493,2.5634,Belmont
2675,Jonathan Powell,-0.0303,2.4763,2.446,West Virginia
2676,Jonnivius Smith,0.1923,1.6233,1.8156,UTSA
2677,Jordan Battle,-2.1514,4.2895,2.138,Coastal Carolina
2678,Jordan Brathwaite,0.9707,-0.1668,0.8039,Yale
2679,Jordan Brinson,0.5003,-1.3835,-0.8832,CSUN
2680,Jordan Burks,-1.6528,2.9968,1.3439,Georgetown
2681,Jordan Butler,0.7169,1.146,1.8629,South Carolina
2682,Jordan Chatman,-3.0481,2.5761,-0.472,Florida A&M
2683,Jordan Clayton,0.6998,-0.3689,0.331,Northwestern
2684,Jordan Crawford,-1.1772,-1.2972,-2.4744,Louisiana Tech
2685,Jordan Crawford,-1.1772,-1.2972,-2.4744,Eastern Ky.
2686,Jordan Davis,-1.9115,1.5122,-0.3993,Illinois State
2687,Jordan Derkack,-0.9178,1.3154,0.3976,Rutgers
2688,Jordan Gainey,1.7476,8.4128,10.1604,Tennessee
2689,Jordan Geronimo,2.3392,1.5748,3.914,Maryland
2690,Jordan Hamilton,-0.1126,-1.2355,-1.3481,SIUE
2691,Jordan Ivy-Curry,-0.5808,5.8954,5.3147,UCF
2692,Jordan Jefferson,-1.8203,0.0743,-1.746,Little Rock
2693,Jordan Johnson,-2.412,3.2675,0.8555,Southern U.
2694,Jordan Jones,-2.5401,1.8325,-0.7076,Central Conn. St.
2695,Jordan Leaks,0.9608,1.2729,2.2338,Norfolk State
2696,Jordan Longino,-0.8769,3.4762,2.5994,Villanova
2697,Jordan Malmlov,-0.3359,-0.3934,-0.7293,Nevada
2698,Jordan Marsh,-1.6403,5.3723,3.7321,UNC Asheville
2699,Jordan Martin,0.2134,0.2923,0.5057,N.C. A&T
2700,Jordan Mason,-1.8139,1.6705,-0.1434,UIC
2701,Jordan McCullum,0.1206,-0.2875,-0.1669,Murray State
2702,Jordan Meka,-2.4916,-0.3843,-2.8758,Monmouth
2703,Jordan Mizell,0.8442,-2.0434,-1.1991,Tarleton State
2704,Jordan Nesbitt,-0.1285,0.1426,0.0142,Wyoming
2705,Jordan Pennick,-4.767,0.9154,-3.8516,Navy
2706,Jordan Pickett,-1.9702,0.0444,-1.9258,SIUE
2707,Jordan Pope,-1.614,4.2451,2.6311,Texas
2708,Jordan Pyke,-2.2449,3.8507,1.6058,UIW
2709,Jordan Rayford,-0.1437,0.0609,-0.0828,Indiana
2710,Jordan Riley,1.0361,3.8589,4.8951,East Carolina
2711,Jordan Roberts,-2.2115,3.4813,1.2698,A&M-Corpus Christi
2712,Jordan Rogers,-0.3462,-2.5919,-2.9381,NJIT
2713,Jordan Ross,-0.6283,2.0958,1.4675,Saint Mary's (CA)
2714,Jordan Sears,0.9488,3.2224,4.1712,LSU
2715,Jordan Snell,-0.144,0.0356,-0.1084,NC State
2716,Jordan Stiemke,-3.4177,1.7868,-1.6309,Loyola Maryland
2717,Jordan Tillmon,-4.5157,-0.0747,-4.5904,Prairie View
2718,Jordan Wildy,-0.8176,-1.7838,-2.6015,Lindenwood
2719,Jordan Williams,-1.3619,-0.4806,-1.8425,Arizona State
2720,Jordan Williams,-1.3619,-0.4806,-1.8425,Vanderbilt
2721,Jordan Wood,-3.1227,3.1486,0.0258,Stetson
2722,Jordann Dumont,1.0401,2.1878,3.228,Villanova
2723,Jordon Marshall,-0.0063,0.1382,0.1319,Alabama State
2724,Jordon Nevill,0.1582,2.7661,2.9242,Queens (NC)
2725,Jordy Barnes,0.6809,1.1351,1.8161,Utah State
2726,Jorge Diaz Graham,-0.7788,4.2914,3.5126,Pittsburgh
2727,Jorge Moreno,-0.7634,2.5979,1.8345,Southern Ill.
2728,Jorn Everson,-2.4981,-0.142,-2.6401,Army West Point
2729,Joryam Saizonou,-2.4637,0.214,-2.2497,UNC Greensboro
2730,Jose Benitez,-0.4004,-0.6166,-1.0169,Southern Miss.
2731,Jose Cuello,-2.788,-3.4211,-6.2092,UMES
2732,Joseph Barrio,-0.2186,-0.0871,-0.3057,CSUN
2733,Joseph Martinez,-2.3833,-0.8422,-3.2254,Tarleton State
2734,Joseph Pinion,-0.1559,7.46,7.3041,Arkansas State
2735,Joseph Teich,-0.8555,-0.3242,-1.1797,Tulane
2736,Joseph Tugler,6.9358,5.9958,12.9316,Houston
2737,Joseph Venzant,0.4073,-0.4102,-0.0029,Abilene Christian
2738,Joseph Yesufu,-0.1964,1.4515,1.255,West Virginia
2739,Josh Ahayere,0.0989,-1.3872,-1.2883,Colgate
2740,Josh Akpovwa,-0.6914,-1.5862,-2.2776,UIW
2741,Josh Baldwin,-0.928,-0.4113,-1.3393,Cornell
2742,Josh Banks,-4.0482,2.7883,-1.2599,UNC Asheville
2743,Josh Bascoe,-2.8353,3.8711,1.0358,Bucknell
2744,Josh Cohen,0.4218,1.7531,2.1749,Southern California
2745,Josh Corbin,-1.8819,1.4893,-0.3926,UNCW
2746,Josh Davis,-0.1376,0.2539,0.1164,The Citadel
2747,Josh Dilling,-3.0439,4.9406,1.8967,Northern Ky.
2748,Josh Dix,-1.7572,7.6592,5.902,Iowa
2749,Josh Farmer,-0.3243,-4.5292,-4.8535,Texas Southern
2750,Josh Fulton,-1.2993,-0.983,-2.2823,Bucknell
2751,Josh Furst,0.0342,-0.1941,-0.1599,Purdue
2752,Josh Gatete,-0.2021,0.3519,0.1498,Air Force
2753,Josh Gray,0.2268,1.3934,1.6202,Missouri
2754,Josh Harris,-3.0852,4.4416,1.3565,North Florida
2755,Josh Hill,-0.5877,-0.0555,-0.6432,Arkansas State
2756,Josh Holloway,-1.4174,2.2961,0.8787,Samford
2757,Josh Hubbard,-1.217,9.4801,8.2631,Mississippi State
2758,Josh Ibukunoluwa,-0.6253,1.724,1.0987,High Point
2759,Josh Ijeh,-1.8538,-0.0385,-1.8923,Kansas City
2760,Josh Jones,-1.7687,-1.3145,-3.0831,Oral Roberts
2761,Josh Lee,-1.1967,0.4807,-0.716,Denver
2762,Josh Massey,-4.0878,1.1629,-2.9249,Stetson
2763,Josh Meo,-2.927,-0.7525,-3.6795,Coastal Carolina
2764,Josh Michigan,-0.3776,-0.6576,-1.0352,Iona
2765,Josh Mitchell,-0.8522,-1.8642,-2.7164,Alcorn
2766,Josh Morgan,-2.2182,0.5275,-1.6907,Stonehill
2767,Josh Odunowo,-2.1031,1.9929,-0.1102,UMBC
2768,Josh Ogundele,-0.5363,0.9238,0.3874,Tennessee State
2769,Josh Ojianwuna,1.5419,4.3679,5.9098,Baylor
2770,Josh Omojafo,-0.8308,1.4232,0.5924,Robert Morris
2771,Josh Ozabor,-1.4532,-0.268,-1.7212,Bryant
2772,Josh Pascarelli,-2.0092,2.0659,0.0567,Marist
2773,Josh Pickett,-2.3833,0.9804,-1.4029,Denver
2774,Josh Reed,1.5871,2.0521,3.6392,Cincinnati
2775,Josh Reed,1.5871,2.0521,3.6392,Drexel
2776,Josh Rivera,-3.7345,-0.2853,-4.0198,Fordham
2777,Josh Scovens,-2.4527,3.4752,1.0224,Army West Point
2778,Josh Smith,-0.8118,-0.0827,-0.8945,N.C. Central
2779,Josh Taylor,-2.3206,-0.3107,-2.6313,East Texas A&M
2780,Josh Thomas,-1.1414,-1.3607,-2.5021,Western Mich.
2781,Josh Townley-Thomas,-0.6467,-0.5346,-1.1812,Creighton
2782,Josh Uduje,-2.5643,5.8678,3.3035,San Jose State
2783,Joshua Beadle,-1.5885,1.8337,0.2451,Boston College
2784,Joshua Bonga,-0.9187,-0.4415,-1.3602,Fresno St.
2785,Joshua DeCady,1.0223,-0.7707,0.2515,Hofstra
2786,Joshua Dent,-0.2795,-1.047,-1.3264,Saint Mary's (CA)
2787,Joshua Eli,0.1187,0.0248,0.1435,Army West Point
2788,Joshua Hughes,-0.3835,-1.9404,-2.3239,Evansville
2789,Joshua Hughes,-0.3835,-1.9404,-2.3239,Samford
2790,Joshua Hughley,-0.5756,-0.0311,-0.6067,Alabama A&M
2791,Joshua Ingram,-1.2144,0.1836,-1.0308,Lehigh
2792,Joshua Jefferson,3.4144,7.364,10.7783,Iowa State
2793,Joshua O'Garro,-1.2304,4.0109,2.7805,Texas State
2794,Joshua Ola-Joseph,-1.0962,0.0225,-1.0737,California
2795,Joshua Reaves,-0.7844,2.4533,1.6689,UIC
2796,Joshua Streit,-1.9518,0.1429,-1.8088,Omaha
2797,Joshua Strong,-1.9173,0.5279,-1.3894,Howard
2798,Joshua Wyche,-1.7495,-2.1954,-3.9449,Lafayette
2799,Josiah Cunningham,-0.9801,-0.9567,-1.9368,Columbia
2800,Josiah Davis,-1.8217,-0.141,-1.9627,Niagara
2801,Josiah Dotzler,0.2234,0.0156,0.239,Saint Louis
2802,Josiah Dunham,-1.4592,1.1769,-0.2823,Southern Ind.
2803,Josiah Francis,-0.7296,-1.641,-2.3707,FDU
2804,Josiah Hammons,-1.8206,1.2308,-0.5898,Sam Houston
2805,Josiah Harris,-0.7775,2.853,2.0755,Akron
2806,Josiah Harris,-0.7775,2.853,2.0755,Radford
2807,Josiah Lake,0.6103,4.8247,5.435,Oregon State
2808,Josiah LeGree,-0.6411,-0.4626,-1.1037,Indiana State
2809,Josiah Moseley,0.0371,0.4682,0.5053,Villanova
2810,Joson Sanon,-1.551,4.5278,2.9768,Arizona State
2811,Josue Grullon,-3.5044,2.6372,-0.8671,UT Martin
2812,Joul Karram,-0.3782,-0.0226,-0.4008,Utah
2813,Jovan Blacksher,-2.3578,2.5099,0.1522,California
2814,Jovan Milicevic,-0.2726,3.8256,3.553,New Mexico
2815,Jovan Ristic,-0.5519,-0.4078,-0.9597,LMU (CA)
2816,Joy Ighovodja,-0.0415,0.4234,0.3819,Wichita State
2817,Juan Cranford,-3.5478,4.3183,0.7705,Saint Francis
2818,Juan Reyna,-2.3481,-0.6688,-3.0169,Jackson State
2819,Juanse Gorosito,-1.1614,2.9996,1.8382,Ball State
2820,Jude Harris,0.3114,-0.2201,0.0913,Portland
2821,Judson Martindale,-1.1913,1.0706,-0.1207,CSUN
2822,Juhlawnei Stone,-0.4288,-0.0575,-0.4864,SFA
2823,Juke Harris,0.7265,0.8587,1.5852,Wake Forest
2824,Julen Iturbe,-1.7327,-1.9211,-3.6538,American
2825,Julian Bowie,0.3134,1.4521,1.7655,Boise State
2826,Julian Brown,-1.2696,1.1562,-0.1133,Samford
2827,Julian Clarke,-1.1935,-2.7334,-3.9269,UNC Asheville
2828,Julian Gabbidon,0.0058,0.0196,0.0255,Navy
2829,Julian Hammond,0.6653,2.9184,3.5838,Colorado
2830,Julian Larry,1.756,2.4057,4.1616,Texas
2831,Julian Lewis,0.0921,-1.2816,-1.1895,Eastern Mich.
2832,Julian Lual,-0.3838,-0.4463,-0.8301,Alcorn
2833,Julian Mackey,-4.5336,2.6772,-1.8564,Houston Christian
2834,Julian Reese,2.074,5.082,7.156,Maryland
2835,Julian Rishwain,1.7599,4.1393,5.8993,UNLV
2836,Julian Roper,1.5656,-0.0059,1.5597,Notre Dame
2837,Julian Scott,-1.0545,0.1789,-0.8756,Colgate
2838,Julian Steinfeld,-0.1817,-0.1058,-0.2875,IU Indy
2839,Julian Vaughns,-2.5598,1.2244,-1.3353,Sacramento St.
2840,Julien Soumaoro,0.1768,-1.3848,-1.208,East Carolina
2841,Julius Ellerbe,-3.6926,-1.0729,-4.7655,Coppin State
2842,Julius Halaifonua,-0.6537,-1.8836,-2.5373,Georgetown
2843,Julius Mims,-0.0516,0.5985,0.5469,Idaho
2844,Julius Reese,0.0127,0.3372,0.3499,N.C. A&T
2845,Julius Rollins,-4.9376,0.3182,-4.6194,Western Ill.
2846,Julius Thedford,-1.1733,3.4456,2.2722,Western Ky.
2847,Jun Seok Yeo,0.3401,0.3516,0.6917,Gonzaga
2848,Junjie Wang,-0.518,1.7595,1.2415,San Francisco
2849,Jurian Dixon,-0.4855,3.0044,2.5189,UC Irvine
2850,Jurica Zagorsak,-0.1323,0.0993,-0.0329,Ball State
2851,Jurrell Baldwin,0.016,0.1447,0.1608,Missouri State
2852,Juslin Bodo Bodo,0.7038,4.9306,5.6344,High Point
2853,Justas Stonkus,-0.9988,-1.8752,-2.874,Col. of Charleston
2854,Justice Ajogbor,3.8501,-2.3345,1.5156,Saint Joseph's
2855,Justice Shoats,-3.7395,1.8899,-1.8496,Siena
2856,Justice Smith,-0.8745,1.4156,0.5411,Niagara
2857,Justin Abson,1.8815,2.8183,4.6999,Georgia
2858,Justin Amadi,-0.7205,1.3332,0.6128,Tulsa
2859,Justin Archer,-0.2409,-0.2723,-0.5133,Georgia State
2860,Justin Bailey,-0.1707,3.8652,3.6945,Wofford
2861,Justin Begg,-0.7229,-0.1467,-0.8696,George Mason
2862,Justin Bieker,-3.0822,0.3333,-2.749,Utah Tech
2863,Justin Bufford,-0.1756,-0.3409,-0.5165,Middle Tenn.
2864,Justin Cross,-0.2912,-0.0989,-0.3901,Kansas
2865,Justin Graham,0.019,0.018,0.0369,Idaho State
2866,Justin Hill,-2.166,0.7637,-1.4023,Wichita State
2867,Justin Hohn,-0.5402,1.1378,0.5977,UC Irvine
2868,Justin Johnson,0.1112,1.2273,1.3385,Arkansas State
2869,Justin McBride,0.0755,2.6773,2.7528,Nevada
2870,Justin Menard,-2.8255,-0.6,-3.4255,Iona
2871,Justin Mitchell,0.4544,0.8659,1.3203,UTRGV
2872,Justin Moore,-0.4843,0.7592,0.2749,Loyola Chicago
2873,Justin Morgan,1.2664,0.71,1.9764,Murray State
2874,Justin Mullins,1.4985,2.5792,4.0776,Northwestern
2875,Justin Neely,-1.9957,3.6792,1.6835,UAlbany
2876,Justin Page,-3.7023,-1.0275,-4.7299,Niagara
2877,Justin Pippen,0.5394,-0.1326,0.4068,Michigan
2878,Justin Ray,-1.1544,-0.5912,-1.7455,Monmouth
2879,Justin Redmond,-2.1158,-1.024,-3.1398,Northwestern State
2880,Justin Rochelin,0.5845,2.0395,2.624,UC San Diego
2881,Justin Taylor,-2.2441,-0.8342,-3.0783,James Madison
2882,Justin Thomas,-0.0064,2.4893,2.4829,Florida State
2883,Justin Vander Baan,1.1534,2.3009,3.4543,Lafayette
2884,Justus Jackson,-4.4086,2.0953,-2.3134,Tennessee State
2885,Justus McNair,0.4195,1.8815,2.301,Valparaiso
2886,Justyn Fernandez,-0.5308,1.7346,1.2038,Providence
2887,Juwan Gary,-0.2313,7.2024,6.9711,Nebraska
2888,Juwan Maxey,-3.2137,3.371,0.1573,Youngstown State
2889,Jyare Davis,-0.8637,3.6092,2.7455,Syracuse
2890,K'mani Doughty,0.1923,4.742,4.9343,Indiana State
2891,KC Ibekwe,0.2051,-1.6386,-1.4334,Washington
2892,KC Ugwuakazi,-0.9188,-0.0358,-0.9546,East Texas A&M
2893,KD Johnson,-0.2635,-0.4367,-0.7002,George Mason
2894,KJ Adams,3.2829,4.1922,7.4751,Kansas
2895,KJ Debrick,1.1355,-0.5762,0.5592,Cleveland State
2896,KJ Doucet,-1.6863,3.7184,2.0321,Winthrop
2897,KJ Greene,0.1154,-0.9186,-0.8032,Tulane
2898,KJ Hymes,0.1907,-0.7765,-0.5859,Nevada
2899,KJ Keatts,-0.1753,-0.0764,-0.2516,NC State
2900,KJ Lewis,2.1948,3.8408,6.0355,Arizona
2901,KJ McClurg,-0.6543,2.8994,2.245,Longwood
2902,KJ Swain,-0.6512,-0.5033,-1.1545,Saint Francis
2903,KJ Tenner,2.9482,-2.0618,0.8864,West Virginia
2904,KJ Thomas,0.9322,-1.9577,-1.0255,UTEP
2905,KJ Windham,2.6096,2.462,5.0716,Northwestern
2906,KT Raimey,-1.538,2.3042,0.7662,UTRGV
2907,Kachi Nzeh,-0.3225,-0.3711,-0.6935,Penn State
2908,Kacper Klaczek,-2.9555,2.0579,-0.8977,UAlbany
2909,Kadar Waller,-0.7821,-0.0795,-0.8615,CSU Bakersfield
2910,Kadary Richmond,4.2199,5.0132,9.2331,St. John's (NY)
2911,Kade Douglas,-1.0308,0.6644,-0.3664,UT Arlington
2912,Kade Ruegsegger,-4.2695,2.3821,-1.8874,Morehead State
2913,Kaden Cooper,0.7565,1.6855,2.442,Louisiana Tech
2914,Kaden Gumbs,-2.432,2.8607,0.4286,Texas State
2915,Kaden Metheny,-0.3598,4.4124,4.0526,Liberty
2916,Kaden Stuckey,-0.7206,-2.5023,-3.2229,VMI
2917,Kadin Shedrick,1.1446,5.172,6.3166,Texas
2918,Kadyn Betts,-0.7624,0.1469,-0.6154,Minnesota
2919,Kael Combs,1.0486,0.9724,2.0209,Drake
2920,Kaelin Thomas,-0.2324,0.7407,0.5082,Le Moyne
2921,Kahlil Singleton,-1.7433,1.1472,-0.5961,Holy Cross
2922,Kahmare Holmes,-1.4688,-0.671,-2.1399,Wofford
2923,Kai Burdick,-0.6584,-0.6983,-1.3568,Southern Utah
2924,Kai Johnson,-0.8057,5.1993,4.3936,Montana
2925,Kai Spears,0.6854,-0.662,0.0233,Marshall
2926,Kai Yu,-0.5458,0.221,-0.3248,Liberty
2927,Kaia Berridge,-0.6061,-2.7921,-3.3982,Evansville
2928,Kaiden White,-0.6676,-1.8898,-2.5574,Marshall
2929,Kailon Nicholls,-1.4876,-4.5293,-6.0169,NIU
2930,Kajus Kublickas,-0.0294,-0.3247,-0.3541,Florida
2931,Kaleb Banks,-0.5964,3.4519,2.8554,Tulane
2932,Kaleb Brown,-1.6612,-1.9402,-3.6015,Cal St. Fullerton
2933,Kaleb Glenn,-2.7153,5.1774,2.4621,Fla. Atlantic
2934,Kaleb Scott,-2.1603,-1.5031,-3.6633,Presbyterian
2935,Kaleb Smith,-4.6008,0.2567,-4.344,UC Riverside
2936,Kaleb Stewart,-5.5478,2.7447,-2.8032,South Dakota
2937,Kaleb Washington,-2.4926,-4.4733,-6.9658,Florida A&M
2938,Kalen Etzler,0.0854,0.2545,0.34,Ohio State
2939,Kalen Garry,-0.1817,2.9953,2.8136,South Dakota State
2940,Kalib Mathews,-2.4526,1.5289,-0.9237,Queens (NC)
2941,Kalifa Sakho,0.0508,0.77,0.8208,Sam Houston
2942,Kalil Camara,-1.0184,1.2047,0.1863,Bethune-Cookman
2943,Kalu Anya,0.3728,1.3246,1.6973,Saint Louis
2944,Kam Burton,-1.6774,0.1716,-1.5057,Southeastern La.
2945,Kam Craft,-3.0112,3.4752,0.464,Miami (OH)
2946,Kam Farris,-4.0124,-2.436,-6.4484,Bryant
2947,Kam Jones,3.2969,10.1644,13.4614,Marquette
2948,Kam Martin,-3.1744,1.3089,-1.8656,Long Beach State
2949,Kam O'Connor,-0.8061,-0.3228,-1.1289,Eastern Ill.
2950,Kam Parker,0.6162,0.746,1.3622,A&M-Corpus Christi
2951,Kam Roberts,-0.7571,-2.0265,-2.7836,The Citadel
2952,Kam Williams,-0.9408,3.9075,2.9666,Tulane
2953,Kam Woods,-3.4678,1.9727,-1.4951,Robert Morris
2954,Kamari Jones,0.0229,0.4325,0.4553,Western Caro.
2955,Kamari Lands,-0.6533,1.8003,1.147,Middle Tenn.
2956,Kamari McGee,2.2737,4.2139,6.4876,Wisconsin
2957,Kameren Wright,0.2588,1.0575,1.3164,South Fla.
2958,Kameron Foman,1.6974,-0.5345,1.1629,Alcorn
2959,Kameron Hobbs,-3.4177,5.6376,2.2199,Morgan State
2960,Kameron Johnson,-2.0732,0.3278,-1.7455,Arkansas State
2961,Kameron Taylor,-1.7394,2.3617,0.6223,UNC Asheville
2962,Kameryn Mitchell,-0.8168,-1.1473,-1.9641,Troy
2963,Kamrin Oriol,-3.652,1.2025,-2.4495,North Florida
2964,Kamryn Thomas,-1.0299,1.8291,0.7992,Omaha
2965,Kanaan Carlyle,0.4706,-2.6685,-2.198,Indiana
2966,Kani Topuz,-0.5537,-0.738,-1.2917,UAlbany
2967,Kanon Catchings,2.2636,2.0001,4.2637,BYU
2968,Kany Tchanda,-0.7244,-1.6392,-2.3636,Boston College
2969,Kanye Clary,0.8342,0.0044,0.8386,Mississippi State
2970,Kanye Jones,-1.3661,-0.303,-1.669,USC Upstate
2971,Kareem Rozier,0.2423,1.4219,1.6642,Duquesne
2972,Kareem Thomas,-0.0606,0.741,0.6804,Dartmouth
2973,Kareem Watkins,-0.1091,-0.2849,-0.394,Arkansas
2974,Kareem Watson,-0.7457,-0.5327,-1.2784,Delaware State
2975,Karim Elgizawy,-1.1102,-1.9064,-3.0166,Tarleton State
2976,Kario Oquendo,-0.7284,5.2265,4.4982,SMU
2977,Karl Poom,-0.1463,0.2375,0.0913,San Francisco
2978,Karmani Gregory,-4.5854,-0.3739,-4.9593,USC Upstate
2979,Karon Boyd,-0.5144,1.3159,0.8015,ETSU
2980,Karson Templin,0.3357,2.5959,2.9317,Utah State
2981,Karter Knox,1.1646,3.8642,5.0288,Arkansas
2982,Kase Wynott,-2.0607,-1.2454,-3.3061,Washington State
2983,Kasean Pryor,2.1449,2.0648,4.2097,Louisville
2984,Kaseem Watson,-3.0292,2.9265,-0.1027,Delaware State
2985,Kasen Harrison,-2.6603,4.996,2.3357,Winthrop
2986,Kasen Jennings,-2.1994,-1.3684,-3.5678,South Fla.
2987,Kasheem Grady,-1.1664,1.4446,0.2782,Kansas City
2988,Kaspar Sepp,-2.191,1.3799,-0.8111,Valparaiso
2989,Kasparas Jakucionis,-0.0289,6.9492,6.9203,Illinois
2990,Kavion McClain,-2.0629,2.5866,0.5237,Texas Southern
2991,Kavon Bradford,0.5192,-2.1029,-1.5837,Buffalo
2992,Kayde Dotson,1.053,1.7794,2.8325,New Mexico
2993,Kayden Carter,-1.6987,0.7769,-0.9218,Western Ill.
2994,Kayden Fish,-0.3139,-0.394,-0.7079,Iowa State
2995,Kayvaun Mulready,-0.8619,-0.2968,-1.1587,Georgetown
2996,KeShawn Murphy,1.2128,4.2517,5.4646,Mississippi State
2997,Kean Webb,-2.6381,-0.2694,-2.9075,San Diego
2998,Keanu Dawes,-0.8593,4.7525,3.8932,Utah
2999,Keaston Willis,-3.8751,4.7555,0.8803,Tulsa
3000,Keaton Dukes,-0.6538,-0.4434,-1.0971,Purdue Fort Wayne
3001,Keaton Kutcher,-0.1913,-0.4455,-0.6368,Illinois
3002,Keaton Norris,-1.1986,3.3118,2.1132,Wright State
3003,Keba Keita,2.2997,5.0533,7.353,BYU
3004,Kebba Njie,0.8687,1.5227,2.3913,Notre Dame
3005,Keegan Harvey,-0.5148,-0.4216,-0.9364,George Washington
3006,Keelan Steele,-0.8597,-0.8337,-1.6934,Maine
3007,Keenan Bey,-1.2191,-0.3681,-1.5872,UMass Lowell
3008,Keenan Emmanuel,-1.2644,-0.4197,-1.684,SFA
3009,Keenan Fitzmorris,-0.8455,1.6098,0.7643,Northwestern
3010,Keenan Garner,-2.3875,-0.3625,-2.75,IU Indy
3011,Keenan Wilkins,-3.667,-2.2067,-5.8737,Charleston So.
3012,Keeshawn Barthelemy,0.3108,7.3196,7.6304,Oregon
3013,Keeshawn Kellman,-0.3819,3.0627,2.6808,FGCU
3014,Keeyan Itejere,0.1006,-0.8544,-0.7538,Northern Ky.
3015,Kehlin Farooq,0.9696,0.7166,1.6862,Texas Southern
3016,Keionte Cornelius,-6.0401,2.0597,-3.9804,Alcorn
3017,Keishon Porter,-1.1538,1.7735,0.6197,N.C. Central
3018,Keitenn Bristow,0.5579,-0.008,0.5499,Tarleton State
3019,Keith Higgins,-1.8965,3.5632,1.6667,Lehigh
3020,Keith Lamar,-0.3133,-4.0985,-4.4117,SFA
3021,Keith Richard,-5.374,-2.4564,-7.8304,Cal St. Fullerton
3022,Keith Robbins,-0.3169,-0.2261,-0.543,Belmont
3023,Keiveon Hunt,1.1748,0.1202,1.295,Jackson State
3024,Kelcy Phipps,1.325,-2.8457,-1.5207,Portland State
3025,Kelechi Okworogwo,-1.3928,-0.9904,-2.3832,N.C. Central
3026,Kellan Boylan,-0.339,-0.7026,-1.0416,Lipscomb
3027,Kellen Amos,-1.4648,1.7463,0.2815,Rice
3028,Kellen Thames,-0.8073,-0.4522,-1.2596,Saint Louis
3029,Kellen Tynes,2.0426,2.4177,4.4602,Maine
3030,Kellen Welch,-0.246,-0.4436,-0.6897,Bucknell
3031,Keller Boothby,-1.5185,3.505,1.9866,William & Mary
3032,Kelson Gebbers,-0.5443,-0.2724,-0.8167,Portland
3033,Kelton Talford,-2.278,6.2369,3.9589,Winthrop
3034,Kelton Williams,0.426,-0.3016,0.1244,ULM
3035,Ken Evans,-0.4414,0.1171,-0.3243,Fla. Atlantic
3036,Kendal Coleman,-1.9868,2.5453,0.5585,California Baptist
3037,Kendal Parker,-3.0209,-0.7172,-3.7381,Mississippi Val.
3038,Kendall Blue,-1.6834,4.1418,2.4584,St. Thomas (MN)
3039,Kendall Campbell,-1.5473,-1.7648,-3.3121,Elon
3040,Kendall Hailey,-1.6111,-4.072,-5.6831,Army West Point
3041,Kendall Munson,-0.6716,1.3641,0.6925,Jacksonville
3042,Kendell Cave,-0.1423,-0.1059,-0.2482,UNCW
3043,Kendrick De Luna,-1.8741,-3.1145,-4.9886,Cal St. Fullerton
3044,Kennard Davis,-4.5943,4.2164,-0.3779,Southern Ill.
3045,Kenny Hunter,-2.4668,-2.6485,-5.1153,Texas Southern
3046,Kenny Noland,-3.2371,2.9262,-0.3109,Columbia
3047,Kenny Pohto,0.1944,3.7869,3.9813,UC Santa Barbara
3048,Kenny White,-1.8547,3.2205,1.3658,Morehead State
3049,Kent Jackson,-0.62,-2.7252,-3.3452,Jacksonville
3050,Kentrell Garnett,-1.8733,1.2853,-0.588,Louisiana
3051,Kentrell Pullian,1.8602,3.6279,5.4881,Milwaukee
3052,Kenyon Giles,-0.3987,4.9598,4.5611,UNC Greensboro
3053,Kenyon Goodin,-5.3425,2.9454,-2.3971,Bellarmine
3054,Keon Ambrose-Hylton,-0.2703,3.8782,3.6079,SMU
3055,Keon Thompson,-3.456,0.0399,-3.4161,SFA
3056,Keonte Jones,2.5595,4.1242,6.6836,CSUN
3057,Kernan Bundy,0.8927,-0.1603,0.7324,Iona
3058,Kerr Kriisa,0.7154,0.2644,0.9798,Kentucky
3059,Kerrington Kiel,-0.9266,-1.8922,-2.8188,Troy
3060,Kerwin Prince,-0.2795,0.054,-0.2255,New Orleans
3061,Kerwin Walton,-2.1001,3.8752,1.7752,Texas Tech
3062,Kesean Shillingford,-0.266,-1.3365,-1.6025,Stonehill
3063,Keshawn Williams,-0.7848,-0.1706,-0.9554,Colorado State
3064,Keshon Gilbert,2.8514,3.761,6.6123,Iowa State
3065,Ketron Shaw,-4.1789,2.9784,-1.2005,UMES
3066,Kevin Carney,-0.1219,-0.3634,-0.4853,LMU (CA)
3067,Kevin Dunn,-0.3101,-0.3365,-0.6466,Wake Forest
3068,Kevin Gad,-0.7354,0.112,-0.6234,Saint Mary's (CA)
3069,Kevin Kalu,-1.3051,1.3244,0.0193,UTEP
3070,Kevin Kogbara,-1.0132,-2.9416,-3.9548,Delaware
3071,Kevin McCarthy,-1.8173,1.1256,-0.6918,Army West Point
3072,Kevin Overton,0.7109,2.3382,3.0491,Texas Tech
3073,Kevin Patton,-0.4282,0.3933,-0.0349,Southern California
3074,Kevin Pazmino,-0.5843,-0.2544,-0.8387,Florida
3075,Kevin de Kovachich,-0.7329,0.9595,0.2266,North Ala.
3076,Kevon Vanderhorst,-0.8894,-1.9791,-2.8686,Drexel
3077,Keyishon Miller,-1.3022,-1.0438,-2.346,Sacred Heart
3078,Keynan Davis,-1.0289,-0.1102,-1.139,The Citadel
3079,Keyon Kensie,-0.395,-1.1135,-1.5086,San Diego
3080,Keyon Webb,-0.3066,-0.2218,-0.5284,UNC Greensboro
3081,Keyontae Lewis,0.5974,-1.5286,-0.9312,Wagner
3082,Keyshawn Hall,-1.822,5.5156,3.6935,UCF
3083,Keyshawn Mitchell,-1.5102,-0.3602,-1.8705,Bryant
3084,Kezza Giffa,-1.9328,5.6741,3.7412,High Point
3085,Khaden Bennett,0.2387,2.9681,3.2068,Quinnipiac
3086,Khaled Khaled,-0.0589,0.3603,0.3014,UIC
3087,Khali Horton,-1.7551,-0.799,-2.5541,Coppin State
3088,Khalif Battle,2.1044,3.4869,5.5914,Gonzaga
3089,Khalil Badru,-1.8433,2.2289,0.3856,New Hampshire
3090,Khalil Brantley,-0.2036,0.6413,0.4377,Oklahoma State
3091,Khalil Farmer,-2.0596,-0.909,-2.9686,Hofstra
3092,Khaliq Abdul-Mateen,-3.7203,-1.289,-5.0094,East Texas A&M
3093,Khaman Maker,-0.2083,-0.1749,-0.3832,St. John's (NY)
3094,Khaman Maluach,1.7819,7.1581,8.94,Duke
3095,Khamani Cooper,-1.5553,-1.2077,-2.763,Omaha
3096,Khamari McGriff,-0.4677,5.5839,5.1162,UNCW
3097,Khani Rooths,0.3531,-0.4708,-0.1177,Louisville
3098,Kheni Briggs,-1.3169,-1.0007,-2.3177,UAlbany
3099,Khouri Carvey,-2.0883,0.8313,-1.257,Morehead State
3100,Khristian Lander,1.4216,1.8295,3.2511,Western Ky.
3101,KiJan Robinson,-2.2489,-0.21,-2.4589,Hofstra
3102,Kian Scroggins,-1.0442,0.1867,-0.8575,Sam Houston
3103,Kieran Elliott,-1.6811,-0.7823,-2.4634,Cal Poly
3104,Kieran O'Haire,0.0215,0.065,0.0865,Providence
3105,Kiir Kiir Chol Deng,0.2005,-0.2332,-0.0327,Sacramento St.
3106,Kilian Brockhoff,0.0721,-1.1977,-1.1256,Saint Louis
3107,Killian Gribben,0.8786,-1.2414,-0.3628,Maine
3108,Kimani Hamilton,-1.6073,4.787,3.1797,High Point
3109,Kimo Ferrari,0.2248,1.4585,1.6833,San Diego State
3110,Kino Lilly,-3.965,4.6129,0.6479,Brown
3111,Kintavious Dozier,-1.7235,3.0226,1.2992,Grambling
3112,Kiran Oliver,-2.1043,0.6849,-1.4195,Morgan State
3113,Kiree Huie,-2.4985,-1.0152,-3.5137,Miami (FL)
3114,Kirk Cole,-0.4824,-0.1315,-0.6139,Oklahoma State
3115,Kiyron Powell,-0.1001,-1.078,-1.1781,Western Ill.
3116,Kjay Bradley,0.6829,1.6434,2.3263,San Diego
3117,Klemen Vuga,-4.1021,-4.2072,-8.3093,Ark.-Pine Bluff
3118,Knute Wood,-1.8732,1.0858,-0.7874,Tennessee State
3119,Koat Keat Tong,0.6754,0.5357,1.2111,UC Santa Barbara
3120,Kobe Elvis,-0.0431,3.6534,3.6103,Oklahoma
3121,Kobe Jerome,-0.3982,-0.1554,-0.5536,Delaware
3122,Kobe Johnson,3.1363,5.8846,9.0209,UCLA
3123,Kobe Johnson,3.1363,5.8846,9.0209,Saint Louis
3124,Kobe Julien,1.7594,2.5698,4.3292,Arkansas State
3125,Kobe Knox,-1.1233,3.7367,2.6135,South Fla.
3126,Kobe MaGee,-1.2435,4.1191,2.8756,Drexel
3127,Kobe Newton,-1.9747,2.401,0.4263,Wyoming
3128,Kobe Sanders,-0.5631,9.5574,8.9943,Nevada
3129,Kobe Stewart,-1.6184,4.6971,3.0788,Presbyterian
3130,Kobe Williamson,0.2919,0.8383,1.1302,Seattle U
3131,Kobe Young,-2.1898,-1.2497,-3.4395,Cal St. Fullerton
3132,Kobi Bowles,-1.0669,-0.8533,-1.9202,UIW
3133,Koby Brea,-1.7069,8.7097,7.0028,Kentucky
3134,Koby Jeffries,-1.4171,-0.6663,-2.0834,UIC
3135,Kody Clancy,0.0395,0.2122,0.2517,Ball State
3136,Kody Clouet,-4.058,0.7298,-3.3282,San Diego
3137,Kody Williams,-2.8292,-1.775,-4.6042,Hawaii
3138,Kohen Rowbatham,-2.8292,-0.3974,-3.2266,New Orleans
3139,Kolby Granger,0.319,2.6224,2.9414,Texas Southern
3140,Kolby King,0.8704,0.3825,1.2529,Butler
3141,Kole Williams,-1.775,-2.5618,-4.3368,FIU
3142,Kolten Griffin,-4.6719,-0.5743,-5.2462,West Ga.
3143,Kolton Mitchell,-4.1591,4.3584,0.1993,Idaho
3144,Kon Knueppel,2.2187,9.2529,11.4716,Duke
3145,Kooper Jacobi,-2.2008,3.0544,0.8536,Eastern Ill.
3146,Kordelius Jefferson,0.0942,-2.4373,-2.343,Houston
3147,Koree Cotton,2.0847,-1.1373,0.9474,Jacksonville State
3148,Koren Johnson,0.1181,-0.7166,-0.5985,Louisville
3149,Koron Davis,-1.9606,2.0279,0.0673,Louisiana
3150,Kory Mincy,-2.0652,3.5113,1.446,Presbyterian
3151,Kosy Akametu,-1.2331,0.3508,-0.8823,Santa Clara
3152,Kowacie Reeves,-1.1121,0.1041,-1.008,Georgia Tech
3153,Kris Keinys,-0.7709,0.671,-0.0999,Pacific
3154,Kris Mickens,0.3488,-0.1128,0.236,Longwood
3155,Kris Parker,-1.0264,-0.5746,-1.601,Villanova
3156,Kristian Gonzalez,-5.3106,3.7745,-1.5361,Idaho
3157,Kristiyan Popov,-1.3721,-2.7804,-4.1525,Little Rock
3158,Kuluel Mading,-1.3865,-0.1732,-1.5597,Norfolk State
3159,Kur Teng,-0.4841,0.0861,-0.3979,Michigan State
3160,Kvonn Cramer,-0.5341,1.9907,1.4566,Bryant
3161,Kwame Evans,3.7634,3.233,6.9964,Oregon
3162,Kwame Tanic,-0.1514,-0.1379,-0.2893,Georgia State
3163,Kwo Agwa,-2.6353,1.1353,-1.5001,UTRGV
3164,KyKy Tandy,-0.9693,3.4515,2.4822,Fla. Atlantic
3165,Kyan Evans,0.7537,4.1646,4.9182,Colorado State
3166,Kycen Pruett,0.2784,-0.0079,0.2705,Marshall
3167,KyeRon Lindsay,1.1327,0.5512,1.6839,Murray State
3168,Kylan Blackmon,-1.5739,-0.6494,-2.2233,Charlotte
3169,Kylan Boswell,0.4453,5.0465,5.4917,Illinois
3170,Kyle Braun,0.1414,-1.8336,-1.6922,Pepperdine
3171,Kyle Brown,-6.2053,0.7006,-5.5047,Ark.-Pine Bluff
3172,Kyle Carlesimo,-2.5461,2.8811,0.3351,Colgate
3173,Kyle Cuffe,0.1092,-0.1738,-0.0646,Syracuse
3174,Kyle Edison,-0.8859,0.4645,-0.4214,Southeastern La.
3175,Kyle Evans,2.0528,1.9418,3.9946,UC Irvine
3176,Kyle Frazier,-4.2608,0.7682,-3.4926,William & Mary
3177,Kyle Jenkins,-0.8263,-0.6035,-1.4298,Fairfield
3178,Kyle Jorgensen,-0.4522,1.1442,0.6921,Colorado State
3179,Kyle Layton,-2.5862,-0.5283,-3.1146,Tennessee Tech
3180,Kyle Marshall,-1.1489,-0.6093,-1.7582,Air Force
3181,Kyle Pock,-1.7139,-1.1063,-2.8202,UNI
3182,Kyle Pulliam,-2.1912,0.5997,-1.5915,William & Mary
3183,Kyle Thomas,-0.0042,-1.2834,-1.2876,SIUE
3184,Kyle Winters,0.251,-1.3277,-1.0766,Siena
3185,Kylen Milton,-1.5554,1.4718,-0.0837,Murray State
3186,Kyler Filewich,-2.274,7.0028,4.7287,Wofford
3187,Kyler VanderJagt,-0.6,2.3487,1.7487,Central Mich.
3188,Kylin Green,-1.4894,1.0472,-0.4423,Utah Valley
3189,Kymany Houinsou,0.9371,2.1703,3.1074,Loyola Chicago
3190,Kyndall Davis,-1.8198,-0.1954,-2.0152,Louisiana
3191,Kyran Ratliff,-1.5275,0.1402,-1.3873,Louisiana
3192,Kyrell Luc,0.7813,1.8805,2.6618,Longwood
3193,Kyrell Shaw,-4.0427,2.2168,-1.826,UMES
3194,Kyrese Mullen,-0.7788,-0.516,-1.2948,Hampton
3195,Kyric Davis,-2.1119,-1.3733,-3.4853,West Ga.
3196,Kyrone Alexander,-1.6422,1.0661,-0.5761,Boston U.
3197,Kyson Rose,-2.5362,0.8796,-1.6566,Idaho
3198,LA Pratt,-4.0606,-0.6916,-4.7522,Northeastern
3199,LJ Brown,0.0607,0.1171,0.1777,UTSA
3200,LJ Cason,-0.1646,-0.2559,-0.4205,Michigan
3201,LJ Cryer,1.3646,8.8429,10.2075,Houston
3202,LJ Thomas,-3.0576,2.958,-0.0996,Austin Peay
3203,LJ Wells,-0.1471,0.4654,0.3183,Northern Ky.
3204,Labaron Philon,1.3234,7.0947,8.4181,Alabama
3205,Lachlan Brewer,-2.3066,1.0246,-1.282,Sacramento St.
3206,Ladji Dembele,-0.5701,-0.301,-0.8711,Iowa
3207,Lado Laku,1.0777,-0.3993,0.6784,Northwestern State
3208,Lajae Jones,1.2109,3.1086,4.3196,St. Bonaventure
3209,Lamaj Lewis,-0.8681,0.146,-0.722,LMU (CA)
3210,Lamar Oden,-1.7478,1.5053,-0.2425,Charleston So.
3211,Lamar Washington,-3.166,2.6218,-0.5442,Pacific
3212,Lamar Wilkerson,-2.791,8.8658,6.0748,Sam Houston
3213,Lamin Sabally,-0.4835,0.8677,0.3842,UIW
3214,Lamine Niang,-0.7835,-0.7294,-1.5129,UT Martin
3215,Lamont Butler,3.2547,5.8136,9.0683,Kentucky
3216,Lamont Evans,-0.7086,0.5521,-0.1564,McNeese
3217,Lance Terry,-2.3217,4.5222,2.2005,Georgia Tech
3218,Lance Waddles,-2.9352,1.9778,-0.9574,Omaha
3219,Lance Ware,-0.883,1.1344,0.2515,UT Arlington
3220,Landen Babusiak,-0.0484,-0.6892,-0.7377,Stetson
3221,Landin Hacker,-3.3548,0.2963,-3.0586,Bellarmine
3222,Landon Glasper,-3.5492,3.4646,-0.0846,N.C. A&T
3223,Landon Johnson,-0.3709,-0.7917,-1.1626,Ark.-Pine Bluff
3224,Landon Lewis,-0.9934,0.7433,-0.2501,Brown
3225,Landon Moore,-0.96,2.3844,1.4243,Butler
3226,Landon Wolf,-0.0919,2.3131,2.2212,Illinois State
3227,Landren Blocker,0.3023,-0.6483,-0.346,Louisiana Tech
3228,Landyn Jumawan,0.4287,0.4507,0.8793,Northwestern State
3229,Langdon Hatton,-0.5488,-0.135,-0.6838,Indiana
3230,Langston Love,-1.7834,4.0673,2.2839,Baylor
3231,Langston Redfield,1.6045,-0.8967,0.7079,UC Irvine
3232,Langston Reynolds,-1.175,3.454,2.279,Northern Colo.
3233,Laquan Hunt,-0.0347,0.8097,0.775,South Carolina State
3234,Larry Hughes,-0.8304,-1.0635,-1.8939,Saint Louis
3235,Lase Olalere,-2.2473,-1.9647,-4.212,Charleston So.
3236,Lathan Sommerville,-0.7137,1.1268,0.4132,Rutgers
3237,Latif Diouf,-0.3236,-2.3648,-2.6884,Chattanooga
3238,Latrell Davis,-2.2671,3.4531,1.186,San Jose State
3239,Latrell Jossell,-1.784,0.9631,-0.8209,North Texas
3240,Latrell Wrightsell,0.754,2.9133,3.6674,Alabama
3241,Laurynas Vaistaras,-1.3144,-2.8803,-4.1947,Mercer
3242,Lawrence Foreman,-0.9407,-0.3307,-1.2714,UMES
3243,Lawson Lovering,0.303,2.8622,3.1652,Utah
3244,Layden Blocker,-0.1342,0.7986,0.6644,DePaul
3245,Layne Taylor,-1.1456,2.782,1.6364,Central Ark.
3246,Lazar Djokovic,-1.8047,0.5864,-1.2183,Col. of Charleston
3247,Lazar Grbovic,-0.5528,-3.6309,-4.1837,Eastern Ill.
3248,Lazar Stefanovic,2.5475,3.2375,5.785,UCLA
3249,Laziz Talipov,-0.0432,-0.1328,-0.176,George Washington
3250,LeJuan Watts,-2.5621,4.9053,2.3432,Washington State
3251,Learic Davis,0.3579,0.0748,0.4327,Milwaukee
3252,Lee Dort,1.114,-0.5551,0.5589,California
3253,Leeroy Odiahi,0.1265,-2.0891,-1.9626,Western Ky.
3254,Lefteris Liotopoulos,-0.5996,0.1491,-0.4504,St. John's (NY)
3255,Legend Geeter,-2.6256,-0.461,-3.0867,Detroit Mercy
3256,Leigh Rickwood-Pitt,-1.3674,-1.6281,-2.9955,Northern Ariz.
3257,Leland Coleman,-2.4142,0.2604,-2.1539,New Orleans
3258,Leland Walker,-1.8008,1.726,-0.0749,Fla. Atlantic
3259,Lenard Taylor,-1.7585,-0.9316,-2.6901,Florida A&M
3260,Leo Byrne,-0.3514,-0.9819,-1.3333,Harvard
3261,Leo Colimerio,-2.1916,4.5334,2.3417,Queens (NC)
3262,Leo DeBruhl,0.4339,0.8644,1.2983,UC Davis
3263,Leo Nordberg,0.2611,-0.7998,-0.5387,Longwood
3264,Leo Ricketts,-1.8556,-0.4979,-2.3535,Sacramento St.
3265,Leo Torbor,1.5073,-1.5142,-0.0069,A&M-Corpus Christi
3266,Leon Bond,-1.7924,2.9785,1.1861,UNI
3267,Leon Horner,-0.3932,-0.1108,-0.504,Texas Tech
3268,Leon Nahar,-2.1815,1.5335,-0.648,Stony Brook
3269,Leonardo Bettiol,0.6794,1.482,2.1615,Abilene Christian
3270,Levi Brown,-0.2744,-0.2329,-0.5072,Wyoming
3271,Levi Lawal,-1.9296,-2.4051,-4.3347,NJIT
3272,Liam Carney,-0.3979,-0.1989,-0.5968,High Point
3273,Liam Lloyd,0.3007,-0.6748,-0.3741,Arizona
3274,Liam McNeeley,1.6183,3.4933,5.1116,UConn
3275,Liam Murphy,-3.6384,8.191,4.5526,North Florida
3276,Liam Price,-0.174,-0.2493,-0.4233,Merrimack
3277,Liam Vitters,-0.5866,0.1453,-0.4413,Chattanooga
3278,Liam Weaver,-0.3802,0.1231,-0.257,Richmond
3279,Lieb Yat,-0.3426,0.7089,0.3663,Southern Miss.
3280,Lincoln Ball,-0.2793,0.924,0.6448,American
3281,Lincoln Meister,-0.195,0.0112,-0.1837,Minnesota
3282,Lincoln Palbicki,-0.577,-0.0281,-0.605,Omaha
3283,Linus Holmstrom,-4.5966,1.5711,-3.0255,VMI
3284,Liutauras Lelevicius,-1.8198,4.5665,2.7467,Oregon State
3285,Lloyd McVeigh,-1.9571,0.559,-1.3981,Buffalo
3286,LoLo Rudolph,-2.1253,-3.2473,-5.3726,Cal St. Fullerton
3287,Loch Cunningham,-0.2141,0.0545,-0.1596,Denver
3288,Logan Carey,0.7297,-2.6317,-1.9021,Maine
3289,Logan Duncomb,-0.3351,-1.4276,-1.7627,Winthrop
3290,Logan Epes,-0.419,0.8271,0.4081,Missouri State
3291,Logan Imes,-0.8763,-1.5552,-2.4315,Notre Dame
3292,Logan McLaughlin,-0.128,-1.009,-1.1371,Cal Poly
3293,Logan Robeson,-0.2363,-0.4464,-0.6827,Hawaii
3294,Logan Schayes,-0.3918,-0.3952,-0.7869,Morgan State
3295,Logan Stephens,-0.4789,-0.8896,-1.3684,Tulane
3296,Logan Suber,1.7167,-2.2788,-0.5621,Lipscomb
3297,Logan Woods,-0.8415,1.6965,0.855,Wright State
3298,Lok Wur,0.2315,2.3339,2.5654,Grand Canyon
3299,London Fields,-3.2339,-0.3231,-3.5571,Louisiana
3300,London Riley,-2.7948,-0.4478,-3.2427,Alabama A&M
3301,Lorenzo Abellar,-0.5917,-2.5003,-3.092,Southern Utah
3302,Lorenzo Downey,-2.8903,-1.8622,-4.7525,Alabama A&M
3303,Louie Jordan,-2.7361,2.285,-0.4511,UMBC
3304,Louie Semona,-4.6674,2.4596,-2.2078,Stonehill
3305,Louis Bleechmore,-5.3536,-1.5197,-6.8733,Fairfield
3306,Louis Daoust,-0.2696,-0.7876,-1.0571,Tennessee State
3307,Louis Hutchinson,-3.0516,-1.352,-4.4036,Grambling
3308,Louis Lesmond,-0.8838,-0.3045,-1.1883,Harvard
3309,Louth Coulibaly,-0.0095,-0.1067,-0.1162,Valparaiso
3310,Love Bettis,-1.7108,0.7646,-0.9463,Northwestern State
3311,Lu'cye Patterson,-2.2557,2.169,-0.0867,Minnesota
3312,Luca Ace-Nasteski,-0.9506,-1.6599,-2.6105,Harvard
3313,Luca Colceag,-1.6723,0.7226,-0.9497,Northern Colo.
3314,Luca Soroa,-0.2898,-2.3793,-2.6691,Northeastern
3315,Lucas Orchard,-0.6906,-0.3096,-1.0002,Monmouth
3316,Lucas Prolla,-0.4782,-0.5544,-1.0326,Duquesne
3317,Lucas Scroggins,0.5251,0.4089,0.934,Valparaiso
3318,Lucas Taylor,-0.2257,2.4781,2.2524,Syracuse
3319,Lucas Williams,-0.2586,-0.1433,-0.4019,UT Martin
3320,Lucius Gibson-Savadel,-0.1729,0.0744,-0.0985,Sacred Heart
3321,Luis Kortright,-0.2263,0.7842,0.5578,Washington
3322,Luka Damjanac,-2.0573,-0.1029,-2.1603,Massachusetts
3323,Luka Savicevic,-4.0944,-0.2788,-4.3732,Lafayette
3324,Luka Tarlac,-1.2717,-0.6396,-1.9113,Cal Poly
3325,Luka Toews,-1.1434,-1.2784,-2.4218,Boston College
3326,Lukas Prongos,0.0728,-0.1287,-0.0559,UC Davis
3327,Lukas Sotell,0.4597,-0.3517,0.1079,Maryland
3328,Lukas Walls,0.4182,1.9011,2.3193,Samford
3329,Luke Allison,0.1007,0.1273,0.228,Presbyterian
3330,Luke Anderson,-1.895,-3.074,-4.9689,James Madison
3331,Luke Anderson,-1.895,-3.074,-4.9689,Bellarmine
3332,Luke Bamgboye,3.3452,1.7775,5.1227,VCU
3333,Luke Barrett,2.6575,4.7958,7.4533,Saint Mary's (CA)
3334,Luke Benson,-0.7334,-1.0812,-1.8146,Army West Point
3335,Luke Carter,0.1937,0.3988,0.5924,Lipscomb
3336,Luke Cecchi,-0.2194,-0.1424,-0.3618,Siena
3337,Luke Champion,-0.1307,-0.3988,-0.5295,Arizona
3338,Luke Davidson,0.0471,0.096,0.1431,Fairfield
3339,Luke Davis,-3.8288,-1.5044,-5.3333,Southern Ind.
3340,Luke Davis,-3.8288,-1.5044,-5.3333,New Orleans
3341,Luke Flynn,-2.0757,2.7566,0.6809,Wofford
3342,Luke Fonts,0.0042,0.0347,0.0389,Providence
3343,Luke Goode,1.4777,4.7181,6.1957,Indiana
3344,Luke Gray,-1.3154,-2.0182,-3.3336,Oral Roberts
3345,Luke Hunger,-1.1726,-1.1802,-2.3528,Northwestern
3346,Luke Johnson,-0.1234,-0.0039,-0.1273,Oregon
3347,Luke Jungers,-1.2126,0.0241,-1.1886,Iona
3348,Luke Kasubke,-2.0075,1.669,-0.3385,North Dakota State
3349,Luke Kearney,-2.9807,0.1614,-2.8193,Air Force
3350,Luke Keller,0.1222,0.0442,0.1663,Ga. Southern
3351,Luke Kinkade,-1.359,0.1882,-1.1708,William & Mary
3352,Luke Ledford,-0.3102,-0.4691,-0.7792,App State
3353,Luke McEldon,0.0145,-0.2566,-0.2421,Santa Clara
3354,Luke Murphy,-0.6415,-0.541,-1.1824,Colorado State
3355,Luke Naser,-0.0912,0.0169,-0.0744,UNLV
3356,Luke Northweather,0.3204,0.6413,0.9616,Oklahoma
3357,Luke O'Brien,-1.7518,0.0146,-1.7372,Georgia Tech
3358,Luke Paragon,-1.0416,-0.8202,-1.8618,Brown
3359,Luke Skaljac,-2.5671,2.2049,-0.3622,Miami (OH)
3360,Luke Stansbury,-0.1938,0.0408,-0.1529,SFA
3361,Luke Turner,-1.8211,0.0148,-1.8062,UC Riverside
3362,Luke Wilson,-0.3294,0.308,-0.0214,App State
3363,Luke Zimmerman,-0.0698,-0.3114,-0.3812,Davidson
3364,Luther Smith,-0.4706,-0.5866,-1.0572,Southern Ind.
3365,Lyndel Erold,-0.1573,0.6408,0.4836,Brown
3366,Lynn Greer,-0.3145,-2.0761,-2.3905,Temple
3367,Lynn Kidd,-1.7635,4.3395,2.576,Miami (FL)
3368,Lysander Rehnstrom,-1.4166,-2.4473,-3.8639,Navy
3369,MJ Collins,-1.2069,1.2139,0.007,Vanderbilt
3370,MJ Thomas,-3.1201,2.6965,-0.4236,New Orleans
3371,Ma'Kye Taylor,-0.7877,-0.4644,-1.252,UAlbany
3372,Ma'Shy Hill,-1.6083,-2.0781,-3.6864,Abilene Christian
3373,Ma'Syn Howell,-0.0862,-0.0711,-0.1573,North Texas
3374,Maban Jabriel,-2.3178,2.622,0.3041,Queens (NC)
3375,Mabor Majak,0.1372,-3.2525,-3.1153,Coastal Carolina
3376,Mac Etienne,-1.4318,2.4481,1.0164,La Salle
3377,Mac Riniker,1.3573,-1.5503,-0.193,Cal Poly
3378,Mac Wrecke,-3.5786,0.1396,-3.4391,Green Bay
3379,Macaleab Rich,0.1508,0.161,0.3119,Kansas State
3380,Mackenzie Mgbako,-2.1395,5.4099,3.2704,Indiana
3381,Macon Emory,-1.3616,-2.3164,-3.678,Delaware
3382,Maddux Bodenhamer,0.4928,-1.8341,-1.3413,Tennessee State
3383,Madiba Owona,-2.5686,-0.55,-3.1186,Utah Tech
3384,Madison Durr,-2.2767,1.3637,-0.913,Monmouth
3385,Mady Sissoko,-1.7861,4.5463,2.7602,California
3386,Magnus Entenmann,-0.8901,0.0979,-0.7923,Kent State
3387,Magoon Gwath,4.1163,1.7611,5.8774,San Diego State
3388,Mahmoud Fofana,-0.918,0.6505,-0.2675,CSUN
3389,Majer Sullivan,-0.3785,0.0662,-0.3122,Utah Valley
3390,Maji David-Maji,-0.1701,-0.771,-0.9411,Canisius
3391,Major Freeman,-3.2441,0.0268,-3.2173,Siena
3392,Mak Manciel,-1.4458,0.9241,-0.5217,Detroit Mercy
3393,Makai Grant,-0.2127,-0.1527,-0.3653,Dayton
3394,Makai Richards,-1.7337,0.0647,-1.6691,Chattanooga
3395,Makai Willis,-2.2402,0.5246,-1.7156,ULM
3396,Makaih Williams,0.3728,-1.2379,-0.8651,Grand Canyon
3397,Makhai Valentine,-0.6962,1.9169,1.2206,Missouri State
3398,Makhi Myles,-0.916,-0.5819,-1.4979,UAB
3399,Maki Johnson,0.1168,1.1361,1.2529,ETSU
3400,Makoi Mabor,-0.3166,0.8873,0.5707,UNCW
3401,Makuei Riek,-1.6151,-1.8639,-3.479,Fairfield
3402,Malachi Arrington,-1.1955,-1.0379,-2.2333,NJIT
3403,Malachi Brown,-1.4134,1.0486,-0.3648,Georgia State
3404,Malachi Davis,-1.4044,1.1762,-0.2282,LIU
3405,Malachi Douyon,-0.0902,0.0007,-0.0896,Santa Clara
3406,Malachi McReed,-0.2908,0.0161,-0.2747,Southern U.
3407,Malachi Ndur,0.3946,-2.1328,-1.7382,William & Mary
3408,Malachi Palmer,2.6098,-0.3702,2.2396,Maryland
3409,Malachi Poindexter,-5.1404,1.4689,-3.6715,Illinois State
3410,Malachi Smith,-2.2691,4.1935,1.9244,Dayton
3411,Malcolm Chimezie,-1.7489,-0.5795,-2.3283,Boston U.
3412,Malcolm Christie,-5.8346,1.908,-3.9266,Oakland
3413,Malcolm Dread,-2.1604,-1.1201,-3.2805,Mount St. Mary's
3414,Malcolm Noel,-2.7527,-0.594,-3.3467,West Ga.
3415,Malcolm Wilson,0.9869,-0.6224,0.3645,Queens (NC)
3416,Malcolm Wrisby-Jefferson,-0.5595,-0.1587,-0.7182,Brown
3417,Malcom Stute,-0.0913,-0.0885,-0.1798,Florida A&M
3418,Maleek Arington,-0.3642,1.3449,0.9806,Seattle U
3419,Malek Abdelgowad,1.2753,-1.9332,-0.6579,Massachusetts
3420,Malek Gomma,-0.9843,2.6933,1.709,Seattle U
3421,Malick Diallo,0.7425,-2.1085,-1.366,TCU
3422,Malik Abdullahi,0.4886,-0.878,-0.3894,Princeton
3423,Malik Dia,1.2263,4.3052,5.5315,Ole Miss
3424,Malik Edmead,-0.2919,-1.9257,-2.2176,Merrimack
3425,Malik Ferguson,-1.4469,-0.7686,-2.2154,Georgia State
3426,Malik Henry,0.6147,3.1355,3.7502,UNC Greensboro
3427,Malik Lamin,-0.222,-1.8557,-2.0778,Southern Utah
3428,Malik Mack,-1.6484,3.6841,2.0358,Georgetown
3429,Malik Moore,-0.6916,3.5076,2.816,Montana
3430,Malik Olafioye,-2.5048,-3.8024,-6.3071,Eastern Ill.
3431,Malik Rasul,-0.7985,-0.0085,-0.8071,Lafayette
3432,Malik Reneau,1.4749,5.0981,6.573,Indiana
3433,Malik Sheppard,-0.1905,-0.3583,-0.5488,Sacred Heart
3434,Malik Thomas,-1.1274,6.6413,5.5138,San Francisco
3435,Maliq Brown,4.8047,1.5208,6.3255,Duke
3436,Malique Ewin,0.8384,6.3175,7.156,Florida State
3437,Mambourou Mara,0.2775,-0.7015,-0.4241,North Dakota
3438,Mandela Tarke,0.034,0.285,0.319,Towson
3439,Manie Joses,1.7609,0.3474,2.1082,Davidson
3440,Manny Obaseki,1.4441,0.7126,2.1568,Texas A&M
3441,Mantas Kocanas,0.1333,-0.2747,-0.1414,Fla. Atlantic
3442,Marcel Bryant,-5.2641,-3.0473,-8.3114,Prairie View
3443,Marcell McCreary,-0.3944,4.8911,4.4967,Northern Colo.
3444,Marcellus Brigham,-0.2724,2.1164,1.844,Jacksonville State
3445,Marchelus Avery,-1.4797,6.5415,5.0618,Oklahoma State
3446,Marcos San Miguel,0.1533,-0.1831,-0.0298,Georgia Tech
3447,Marcus Adams,0.7413,7.5065,8.2479,CSUN
3448,Marcus Allen,1.1784,0.7884,1.9669,Missouri
3449,Marcus Banks,-3.7397,4.6951,0.9554,UMBC
3450,Marcus Boykin,0.142,4.455,4.5971,Sam Houston
3451,Marcus Dockery,-4.8501,3.1541,-1.696,Howard
3452,Marcus Foster,-0.0186,4.4951,4.4765,Xavier
3453,Marcus Glover,-1.1627,-1.3262,-2.489,UIW
3454,Marcus Greene,-0.607,2.136,1.529,Hawaii
3455,Marcus Hall,-3.8403,2.0571,-1.7832,Green Bay
3456,Marcus Hill,-0.5957,3.7866,3.1909,NC State
3457,Marcus Jackson,-1.455,0.166,-1.289,Siena
3458,Marcus Johnson,-2.5334,4.8719,2.3386,Bowling Green
3459,Marcus Kell,-3.1727,2.1642,-1.0086,Western Caro.
3460,Marcus Millender,-1.51,5.3177,3.8077,UTSA
3461,Marcus Overstreet,-1.3932,0.735,-0.6582,Mercer
3462,Marcus Randolph,-2.7087,0.9196,-1.7891,Saint Peter's
3463,Marcus Rigsby,0.2455,-2.7264,-2.4809,Troy
3464,Marcus Tankersley,-5.3696,-1.6306,-7.0002,Alcorn
3465,Marcus Watson,-1.9474,-1.7838,-3.7312,Jackson State
3466,Marcus Williams,0.1065,5.2423,5.3488,San Francisco
3467,Marcus Wilson,0.5239,0.5968,1.1208,Washington State
3468,Mari Jordan,-0.5716,2.2674,1.6958,Tulane
3469,Marino Dubravcic,-0.5258,-0.0649,-0.5907,Baylor
3470,Mario Andrews,-1.9736,0.1791,-1.7945,Alabama State
3471,Mario Brunetto,-0.2401,0.0107,-0.2294,Eastern Mich.
3472,Mario Davis,-0.6997,-0.6422,-1.3419,Texas Southern
3473,Mark Butler,-2.0378,-0.9664,-3.0042,Lafayette
3474,Mark Drone,-0.5622,1.2981,0.7359,Texas State
3475,Mark Freeman,-3.9868,5.5329,1.5461,James Madison
3476,Mark Mitchell,1.1111,6.5924,7.7035,Missouri
3477,Mark Sears,-0.5885,7.422,6.8335,Alabama
3478,Markeith Browning,-1.7577,-1.6713,-3.429,Lindenwood
3479,Markell Petro,-4.4237,-2.8952,-7.3189,Mississippi Val.
3480,Markhi Strickland,-1.7085,1.0504,-0.6581,Western Mich.
3481,Marko Ljubicic,-1.1481,-1.2707,-2.4188,Manhattan
3482,Marko Maletic,-4.8361,5.1474,0.3113,Western Ill.
3483,Marko Sarenac,0.0959,-0.7993,-0.7034,Weber State
3484,Markus Burton,-0.1877,5.3619,5.1743,Notre Dame
3485,Markus Harding,-0.4272,-0.6452,-1.0724,Indiana State
3486,Markus Ilver,-0.5285,0.2936,-0.2349,Wisconsin
3487,Markus Rouse,0.0429,0.0,0.0429,Virginia
3488,Marland Harris,-2.2024,-1.4371,-3.6395,Morgan State
3489,Marlon Barnes,-0.0333,0.1264,0.0931,Pittsburgh
3490,Marlon Short,-2.5443,1.7138,-0.8305,UMBC
3491,Marqueas Bell,-1.0104,1.4324,0.422,Southeast Mo. St.
3492,Marquel Sutton,-3.354,4.1308,0.7768,Omaha
3493,Marques Gates,-0.1601,-0.4905,-0.6506,Houston Christian
3494,Marques Warrick,-1.9274,7.2109,5.2835,Missouri
3495,Marquese Josephs,-1.1227,0.8451,-0.2776,Western Mich.
3496,Marqui Worthy,-2.4382,-0.5476,-2.9858,Massachusetts
3497,Marquis Barnett,1.8598,3.3636,5.2234,Kent State
3498,Marquis Hargrove,-0.7412,-0.7369,-1.4781,UAB
3499,Marsalis Roberson,0.0565,-0.1871,-0.1306,UC Davis
3500,Marshal Destremau,-0.2224,0.7931,0.5707,UTRGV
3501,Martavious Russell,-0.7462,-0.0299,-0.7761,Mississippi State
3502,Martaz Robinson,-2.2607,2.3706,0.1098,Delaware State
3503,Martel Williams,-2.7691,2.5304,-0.2388,California Baptist
3504,Martin Kawa,-1.2099,-2.7829,-3.9928,Marist
3505,Martin Somerville,-2.679,3.4611,0.7821,UMass Lowell
3506,Marty Silvera,1.2197,-1.6312,-0.4115,Tarleton State
3507,Marvin McGhee,-3.9798,0.7424,-3.2374,CSU Bakersfield
3508,Marvin Musiime-Kamali,0.0102,-1.5448,-1.5346,Akron
3509,Masai Troutman,-1.4049,1.1624,-0.2426,Northeastern
3510,Masen Miller,-1.6036,3.6605,2.0568,North Dakota State
3511,Masiah Gilyard,-3.7374,3.1284,-0.609,Manhattan
3512,Mason Falslev,-0.8252,8.0666,7.2414,Utah State
3513,Mason Gillis,2.2395,5.688,7.9275,Duke
3514,Mason Hanback,0.5402,-0.6075,-0.0673,Southeast Mo. St.
3515,Mason Johnson,0.3691,1.0865,1.4555,Southern Utah
3516,Mason Jones,0.8713,-0.4577,0.4136,Ball State
3517,Mason Lee,-0.32,-2.8831,-3.203,North Florida
3518,Mason Madsen,-0.0406,3.374,3.3333,Utah
3519,Mason McBride,1.0924,-2.4256,-1.3332,Houston Christian
3520,Mason Miller,-1.3225,0.3497,-0.9728,Creighton
3521,Mason Nicholson,1.6388,4.7788,6.4176,Jacksonville State
3522,Mason Ritter,-1.1808,0.7122,-0.4686,Columbia
3523,Mason Shubert,0.1275,-0.2176,-0.0902,Murray State
3524,Mason Smith,-2.0477,1.0306,-1.0171,Furman
3525,Mason So,0.0971,-2.7538,-2.6566,UNC Greensboro
3526,Mason Whittaker,-1.0901,-2.9947,-4.0848,American
3527,Mason Williams,-3.5733,1.3032,-2.2701,Eastern Wash.
3528,Massal Diouf,-0.3908,-2.2311,-2.622,Western Ill.
3529,Matai Baptiste,-0.2013,-1.4525,-1.6538,Boston U.
3530,Matar Diop,-1.5777,-1.1573,-2.735,LMU (CA)
3531,Matar Wade,-0.9615,-1.6784,-2.64,Morgan State
3532,Matas Vokietaitis,-2.9458,3.1101,0.1643,Fla. Atlantic
3533,Mateen Rafiq,0.0872,0.1055,0.1927,Cornell
3534,Matej Bosnjak,-1.6467,-1.8126,-3.4593,Wichita State
3535,Mathok Majok,0.7974,-1.628,-0.8306,Oral Roberts
3536,Matija Belic,-1.6993,-1.3218,-3.0211,Wyoming
3537,Matija Zuzic,-2.1477,1.7755,-0.3722,UT Martin
3538,Matt Allocco,0.521,5.0008,5.5218,Notre Dame
3539,Matt Becht,-1.6889,1.2971,-0.3918,Merrimack
3540,Matt Cross,0.1549,7.9817,8.1366,SMU
3541,Matt Curtis,-0.8645,-0.0914,-0.9559,Fairfield
3542,Matt Desler,-0.1998,-0.362,-0.5618,California
3543,Matt Gray,-0.823,-1.1009,-1.9239,Loyola Maryland
3544,Matt Hain,-0.2508,-0.282,-0.5328,James Madison
3545,Matt Hayman,-0.6515,2.5818,1.9304,SFA
3546,Matt Kelly,-0.4462,-0.1172,-0.5634,Clemson
3547,Matt Knowling,2.8208,1.368,4.1888,Southern California
3548,Matt Krass,-1.2329,-1.8175,-3.0504,Tarleton State
3549,Matt Mayock,-0.7741,-0.3977,-1.1719,American
3550,Matt McCool,-0.4742,-1.0245,-1.4987,Marist
3551,Matt Rogers,-2.6604,6.5594,3.899,American
3552,Matt Zona,-1.236,1.6296,0.3935,Fordham
3553,Matteo Picarelli,-0.6437,-1.1773,-1.821,Temple
3554,Matteus Case,-3.7543,0.117,-3.6373,William & Mary
3555,Matthew Bothun,-0.5425,0.6238,0.0813,North Dakota
3556,Matthew Cleveland,-3.5169,9.4918,5.9749,Miami (FL)
3557,Matthew Marsh,-0.2275,-1.3201,-1.5475,Oregon State
3558,Matthew Mors,-0.4425,3.7198,3.2773,South Dakota State
3559,Matthew Mortenson,0.0942,0.2124,0.3067,Loyola Chicago
3560,Matthew Murrell,1.4262,6.1111,7.5373,Ole Miss
3561,Matthew Nicholson,4.7751,2.6425,7.4176,Northwestern
3562,Matthew Reed,-1.7835,-1.0828,-2.8663,Tulsa
3563,Matthew Robinson,-3.2066,-1.7476,-4.9542,Chicago State
3564,Matthew Sells,-2.7063,2.4763,-0.23,Tennessee Tech
3565,Matthew Spears,-0.3884,-0.2465,-0.6349,Ark.-Pine Bluff
3566,Matthew Stone,1.1276,0.374,1.5016,North Texas
3567,Matthew Van Komen,1.7864,0.7526,2.539,Elon
3568,Matthew-Alexander Moncrieffe,-0.6905,1.5662,0.8757,Seattle U
3569,Matus Hronsky,0.416,1.2758,1.6918,Duquesne
3570,Maurice Thomas,-0.4662,-0.1542,-0.6204,Milwaukee
3571,Maurice Vassel,-2.4019,-1.0387,-3.4406,UMES
3572,Maurice Wright,-3.0337,0.0579,-2.9758,VMI
3573,Maurio Hanson,-0.8992,-0.3808,-1.28,Robert Morris
3574,Maurizio D'Alessandro,-0.0307,0.132,0.1013,Rider
3575,Mawot Mag,0.4258,5.4119,5.8377,BYU
3576,Max Agbonkpolo,-2.5104,1.8167,-0.6937,Montana State
3577,Max Brackmann,-0.2454,-0.5076,-0.753,Southeastern La.
3578,Max Brooks,0.5431,4.9341,5.4771,UMass Lowell
3579,Max Burchill,-1.2383,0.8667,-0.3716,South Dakota
3580,Max Burton,-0.3158,0.0094,-0.3064,Western Mich.
3581,Max Davis,0.0296,-0.3083,-0.2787,Drexel
3582,Max Fradkin,-0.0243,0.0182,-0.0061,Rutgers
3583,Max Frazier,-1.0193,-1.3641,-2.3834,Central Conn. St.
3584,Max Green,-4.2145,4.5987,0.3842,Holy Cross
3585,Max Hyman,-0.0336,-0.094,-0.1276,Northern Ky.
3586,Max Jones,0.5502,1.5634,2.1136,Kansas State
3587,Max Jusianiec,-2.0598,-1.8046,-3.8644,Mercyhurst
3588,Max Klesmit,-1.2106,2.9601,1.7495,Wisconsin
3589,Max Langenfeld,0.1471,0.0794,0.2265,Fla. Atlantic
3590,Max Mackinnon,-2.4305,4.7497,2.3192,Portland
3591,Max Miller,-0.3694,-0.3148,-0.6841,Fordham
3592,Max Murrell,-0.8567,0.0157,-0.841,UC Santa Barbara
3593,Max Pikaar,1.2296,0.1612,1.3908,Saint Louis
3594,Max Scharnowski,-0.2016,0.3046,0.103,Alabama
3595,Max Sheldon,-0.3931,-0.8188,-1.2118,UC Santa Barbara
3596,Max Sheridan,-0.1949,0.0111,-0.1838,Minnesota
3597,Max Shulga,3.0472,8.7306,11.7777,VCU
3598,Max Sims,-0.905,-1.4073,-2.3123,Binghamton
3599,Max Triplett,-0.1201,-0.1195,-0.2396,BYU
3600,Max Weisbrod,-2.1178,0.9956,-1.1222,UNI
3601,Maxim Logue,-0.7293,0.6838,-0.0454,Oregon State
3602,Maxime Raynaud,-1.9237,6.3262,4.4025,Stanford
3603,Maximo Milovich,-0.8456,1.4487,0.6031,UC San Diego
3604,Maximus Edwards,0.6935,1.8828,2.5763,Duquesne
3605,Maximus Fuentes,-0.2293,0.0845,-0.1449,Jacksonville
3606,Maximus Nelson,-2.8404,1.0011,-1.8392,Purdue Fort Wayne
3607,Mayar Wol,-1.191,3.53,2.339,Eastern Ky.
3608,Mayuom Buom,-2.1314,-0.2006,-2.3319,South Dakota
3609,Mbaye N'Diaye,-0.0387,0.0677,0.0291,Eastern Mich.
3610,Me'Kell Burries,-2.6156,1.2561,-1.3594,Austin Peay
3611,Meechie Johnson,-0.0796,0.0984,0.0188,Ohio State
3612,Mehki Ellison,-6.3371,2.6742,-3.6629,Stetson
3613,Mekai Johnson,-0.3892,-0.1857,-0.5749,Saint Joseph's
3614,Mekhi Cameron,-1.1266,-1.9835,-3.1101,Tennessee Tech
3615,Mekhi Collins,1.3704,0.7268,2.0972,Nicholls
3616,Mekhi Conner,-1.8387,-0.1863,-2.025,Sacred Heart
3617,Mekhi Cooper,-0.6118,-0.2256,-0.8374,Miami (OH)
3618,Mekhi Gray,-0.2166,0.3187,0.1022,UMass Lowell
3619,Mekhi Lowery,2.0465,0.6174,2.664,Towson
3620,Mekhi Mason,-0.6411,3.8083,3.1672,Washington
3621,Mekhi Turner,-0.3548,0.2435,-0.1113,Kennesaw State
3622,Melo Baines,0.892,1.528,2.42,Norfolk State
3623,Melo Sanchez,-0.0269,-0.2737,-0.3006,Arkansas
3624,Melvin Council,0.5289,4.4247,4.9536,St. Bonaventure
3625,Melvyn Ebonkoli,2.2994,-1.3006,0.9989,Kansas City
3626,Mercy Miller,0.7059,-0.9497,-0.2437,Houston
3627,Merritt Alderink,-0.4967,0.2898,-0.2069,Indiana State
3628,Messiah Jones,0.6204,1.5066,2.127,Towson
3629,Mezziah Oakman,-0.8457,-0.7256,-1.5713,Portland
3630,Micah Caster,-3.8722,-0.3956,-4.2678,ULM
3631,Micah Davis,-0.4578,-0.8028,-1.2606,Eastern Ky.
3632,Micah Handlogten,1.0516,4.5701,5.6217,Florida
3633,Micah Octave,-2.3642,-0.0951,-2.4593,Alabama State
3634,Micah Parrish,0.5917,5.0335,5.6252,Ohio State
3635,Micah Peavy,2.0028,4.7676,6.7704,Georgetown
3636,Micah Robinson,-1.7564,4.3766,2.6202,TCU
3637,Micah Simpson,-2.8839,0.2591,-2.6248,Alabama State
3638,Micah Smith,-1.0294,-0.2694,-1.2989,Ga. Southern
3639,Micah Thomas,-3.4802,3.6897,0.2095,Northwestern State
3640,Michael Ajayi,2.0319,3.3341,5.3661,Gonzaga
3641,Michael Amador,0.1832,0.0346,0.2179,Bryant
3642,Michael Belle,0.0391,2.622,2.6611,VCU
3643,Michael Brown,-1.8096,-1.9788,-3.7884,Chicago State
3644,Michael Christmas,-3.3925,5.1962,1.8037,Longwood
3645,Michael Day,0.6916,-2.0114,-1.3198,Evansville
3646,Michael Duax,1.0292,-0.18,0.8492,FGCU
3647,Michael Eley,-0.9869,-0.3292,-1.3161,Tulane
3648,Michael Evbagharu,-2.6343,-1.4405,-4.0749,Central Ark.
3649,Michael Folarin,0.7494,-0.6829,0.0665,St. Bonaventure
3650,Michael Graham,-1.9523,0.2428,-1.7095,Hofstra
3651,Michael Gray,-2.1488,3.1341,0.9853,Nicholls
3652,Michael Griffin,-0.2321,-2.5142,-2.7463,West Ga.
3653,Michael Houge,-1.8357,3.3843,1.5486,Jacksonville State
3654,Michael Imariagbe,-0.4712,1.778,1.3068,Wright State
3655,Michael Jacobs,-2.3412,1.4635,-0.8777,Southern U.
3656,Michael Katsock,-0.1707,0.0806,-0.0901,Davidson
3657,Michael Lawlor,-0.4785,-0.1726,-0.6511,Manhattan
3658,Michael Marcus,0.766,-0.7298,0.0361,App State
3659,Michael McNair,-2.0819,2.5888,0.5069,Boston U.
3660,Michael Nwoko,0.4604,1.2209,1.6813,Mississippi State
3661,Michael O'Connell,0.433,0.9688,1.4018,NC State
3662,Michael Ojo,-0.1652,-1.1435,-1.3087,Siena
3663,Michael Osei-Bonsu,-0.0249,2.0141,1.9892,Missouri State
3664,Michael Pajeaud,-0.2122,1.1371,0.9249,Alcorn
3665,Michael Rataj,-1.042,5.8799,4.8379,Oregon State
3666,Michael Rogan,-2.0676,-0.0326,-2.1002,Fairfield
3667,Michael Sulaka,-0.1803,0.6783,0.498,Western Mich.
3668,Michael Teal,-2.3687,-0.605,-2.9737,South Carolina State
3669,Michael Thomas,-1.604,-1.5673,-3.1712,Louisiana
3670,Michael Van Raaphorst,-0.1869,0.3924,0.2056,Georgetown
3671,Michael Wilson,-3.0375,-1.6062,-4.6438,Sacramento St.
3672,Michael Wolf,-0.0928,0.0651,-0.0277,Xavier
3673,Michael Zanoni,-2.7382,1.0492,-1.689,Penn
3674,Michelangelo Oberti,-1.5044,-0.2185,-1.7229,Penn
3675,Mickey Pearson,-3.4217,2.0299,-1.3919,Ball State
3676,Mier Panoam,-2.0162,4.5609,2.5448,North Dakota
3677,Miguel Mantilla Pacchiano,0.1104,0.1099,0.2203,Hofstra
3678,Miguel Tomley,-2.9138,2.522,-0.3918,Weber State
3679,Mihailo Boskovic,-0.0409,1.0715,1.0306,BYU
3680,Mikah Ballew,-2.8331,-1.2792,-4.1123,Portland
3681,Mikal Dawson,-2.4198,4.1022,1.6823,Marshall
3682,Mikale Stevenson,-1.3011,1.0518,-0.2493,Grambling
3683,Mike Bekelja,-0.1239,0.4334,0.3094,Kent State
3684,Mike Loughnane,0.048,0.9999,1.0479,Davidson
3685,Mike Mitchell,-2.5503,3.3319,0.7816,Minnesota
3686,Mike Saunders,-1.8621,-1.9864,-3.8484,Pepperdine
3687,Mike Sharavjamts,1.5573,3.063,4.6203,Utah
3688,Mike Walz,-1.0667,3.4972,2.4305,Richmond
3689,Mike Williams,-0.9503,-0.3039,-1.2542,LSU
3690,Mike Woods,1.254,-0.2854,0.9686,Navy
3691,Mikeal Brown-Jones,0.2287,0.0338,0.2625,Ole Miss
3692,Mikey Lewis,4.2934,4.065,8.3584,Saint Mary's (CA)
3693,Mikey Williams,-1.4021,1.0978,-0.3043,UCF
3694,Mikkel Tyne,-3.2263,-0.6861,-3.9124,Richmond
3695,Milan Momcilovic,0.2609,6.3104,6.5713,Iowa State
3696,Miles Barnstable,-2.1722,5.1604,2.9881,St. Thomas (MN)
3697,Miles Brewster,-2.3989,0.5056,-1.8933,Boston U.
3698,Miles Byrd,3.328,5.3501,8.6781,San Diego State
3699,Miles Goodman,-0.5422,-0.6902,-1.2324,Penn State
3700,Miles Hall,-0.9442,0.6417,-0.3025,Florida A&M
3701,Miles Heide,2.3359,2.2573,4.5932,San Diego State
3702,Miles Hicks,-1.108,0.0144,-1.0937,William & Mary
3703,Miles Jones,0.9215,-1.57,-0.6484,UNC Greensboro
3704,Miles Keeffe,-0.3952,0.3061,-0.0891,Vanderbilt
3705,Miles Kelly,1.9609,6.1245,8.0854,Auburn
3706,Miles Klapper,-0.5978,0.4157,-0.1821,Idaho
3707,Miles Mitchell,-1.4398,-3.3285,-4.7683,Detroit Mercy
3708,Miles Rose,-1.0904,-1.7086,-2.799,St. Bonaventure
3709,Miles Rubin,1.2323,2.3467,3.579,Loyola Chicago
3710,Miles Stewart,-1.5192,-0.194,-1.7132,Howard
3711,Miles Webb,-1.6607,0.5203,-1.1403,Saint Francis
3712,Miles White,-0.0826,-1.6669,-1.7495,Lipscomb
3713,Milos Ilic,-1.122,4.5378,3.4158,Loyola Maryland
3714,Milos Kovacevic,-0.2505,-0.1767,-0.4273,La Salle
3715,Milos Uzan,3.2276,7.3097,10.5373,Houston
3716,Milos Vicentic,-0.166,-0.4901,-0.6561,UC San Diego
3717,Milton Matthews,-5.1093,3.517,-1.5923,Florida A&M
3718,Mintautas Mockus,-1.5482,-0.802,-2.3502,UIW
3719,Miro Little,1.8962,0.3998,2.296,Utah
3720,Misha Bednostin,-0.1547,-0.983,-1.1377,Lafayette
3721,Mister Dean,1.3146,4.5659,5.8805,USC Upstate
3722,Mitch Fischer,-1.0574,-2.4506,-3.508,Navy
3723,Mitch Mascari,0.5197,2.673,3.1927,Drake
3724,Mitch Williams,-0.1634,0.5193,0.3559,Northwestern State
3725,Mitchel Minor,-0.0336,-0.094,-0.1276,Northern Ky.
3726,Mitchell Chaffee,-1.2768,0.0373,-1.2395,North Ala.
3727,Mitchell Saxen,4.0213,7.1664,11.1877,Saint Mary's (CA)
3728,Mitchell Taylor,-0.7383,2.3287,1.5905,South Carolina State
3729,Mo Njie,-0.8174,-1.4352,-2.2525,UTSA
3730,Mo Sall,0.0491,-0.096,-0.0469,NIU
3731,Mobi Ikegwuruka,2.3711,-0.2138,2.1573,Kansas State
3732,Modestas Kancleris,-0.1841,2.8669,2.6828,UIC
3733,Moe Odum,-1.154,5.0306,3.8767,Pepperdine
3734,Mohamed Binzagr,-0.4723,-0.1943,-0.6666,George Washington
3735,Mohamed Keita,0.102,-0.2841,-0.1821,Temple
3736,Mohamed Maxamud,0.0085,0.0182,0.0267,Bowling Green
3737,Mohamed Wague,2.801,3.7042,6.5052,Oklahoma
3738,Mohammad Habhab,0.038,-0.055,-0.017,Central Mich.
3739,Money Williams,-1.9283,0.4499,-1.4784,Montana
3740,Montavious Myrick,-0.9504,4.8015,3.8511,Eastern Ky.
3741,Monty Bowser,-2.8481,-2.197,-5.0451,Northern Ariz.
3742,Mookie Cook,0.2069,0.6974,0.9043,Oregon
3743,Mor Seck,-1.1557,-3.0932,-4.2489,Fresno St.
3744,Morez Johnson,2.9711,3.816,6.7871,Illinois
3745,Morgan Safford,0.6884,0.9029,1.5913,Kent State
3746,Morris Ugusuk,0.0916,3.2616,3.3532,South Carolina
3747,Moses Horne,-3.5144,-3.2405,-6.7549,Mississippi Val.
3748,Mosi Clayton,-0.3464,-0.0742,-0.4205,Siena
3749,Mostapha El Moutaouakkil,-0.9008,2.0912,1.1904,Louisiana
3750,Motiejus Krivas,-0.1536,2.7814,2.6279,Arizona
3751,Mouhamadou Cisse,-0.1098,-0.0462,-0.1559,Green Bay
3752,Mouhamadou Dioum,-0.8723,-0.5596,-1.432,California Baptist
3753,Mouhamed Dioubate,2.2668,7.8023,10.0691,Alabama
3754,Mouhamed Sow,-1.2073,-0.0115,-1.2188,Saint Peter's
3755,Moulaye Sissoko,1.4577,5.0333,6.491,North Texas
3756,Mounir Hima,0.2815,-1.2836,-1.0021,Howard
3757,Moussa Cisse,1.1467,2.7382,3.8849,Memphis
3758,Moustapha Thiam,0.4091,3.7365,4.1456,UCF
3759,Mozae Downing-Rivers,-0.1524,-3.9421,-4.0944,Missouri State
3760,Muneer Newton,-2.0518,1.2003,-0.8515,Delaware State
3761,Muodubem Muoneke,-1.4185,-0.4305,-1.849,Green Bay
3762,Muon Reath,1.4579,0.2124,1.6703,UNC Greensboro
3763,Mustafo Vanjov,-0.0303,-0.6027,-0.6329,UTRGV
3764,Mustapha Amzil,0.5816,2.5546,3.1362,New Mexico
3765,Mwani Wilkinson,-0.1488,2.3345,2.1856,Little Rock
3766,Mykell Robinson,-0.9542,-1.3346,-2.2888,Fresno St.
3767,Mykol Sanchez-Vega,-0.2383,-0.9476,-1.1859,East Texas A&M
3768,Mykolaus Ivanauskas,-3.0381,-1.0412,-4.0793,Mercyhurst
3769,Myles Che,1.7451,-0.3784,1.3667,UC Irvine
3770,Myles Colvin,0.5362,0.5117,1.0479,Purdue
3771,Myles Foster,-0.6797,0.0191,-0.6606,Clemson
3772,Myles Jenkins,-1.6932,-1.7686,-3.4617,SFA
3773,Myles Rice,0.7138,1.6903,2.4041,Indiana
3774,Myles Rigsby,0.179,2.2516,2.4307,Troy
3775,Myles Stute,0.3357,1.0305,1.3662,South Carolina
3776,Myles Tate,-0.1173,3.2682,3.151,App State
3777,Myles Thompson,-0.1005,-0.6517,-0.7521,SIUE
3778,Myles Watkins,-4.6195,-0.1805,-4.7999,Bellarmine
3779,Myles Wilmoth,1.8364,-4.0147,-2.1783,Siena
3780,Mylik Wilson,2.5485,2.6159,5.1644,Houston
3781,Mylyjael Poteat,-0.4123,1.8936,1.4813,Virginia Tech
3782,Myron Amey,-2.3895,2.4216,0.0321,LMU (CA)
3783,N'famara Dabo,0.4862,-0.0459,0.4403,Brown
3784,ND Okafor,-1.2543,-1.5999,-2.8542,Washington State
3785,NJ Benson,0.959,5.2959,6.2549,DePaul
3786,Naheem McLeod,0.3581,1.5142,1.8723,Syracuse
3787,Naithan George,-0.8881,3.5621,2.674,Georgia Tech
3788,Nakavieon White,-1.4452,1.025,-0.4202,Ga. Southern
3789,Nakyel Shelton,-0.8653,4.3306,3.4653,Eastern Ill.
3790,Nana Antwi-Boasiako,1.7785,1.611,3.3896,SFA
3791,Nasir DeGruy,-1.4737,-3.4079,-4.8816,Abilene Christian
3792,Nasir Mann,-2.518,2.1075,-0.4105,Queens (NC)
3793,Nasir Muhammad,-3.8777,-0.6408,-4.5186,NIU
3794,Nasir Whitlock,-2.2742,3.5031,1.2289,Lehigh
3795,Nassim Mashhour,-2.5617,0.4574,-2.1043,Oakland
3796,Nate Barnhart,-1.4676,0.2422,-1.2254,South Dakota State
3797,Nate Bittle,1.0124,3.9541,4.9665,Oregon
3798,Nate Brafford,-0.9661,1.702,0.7359,Ga. Southern
3799,Nate Calmese,-3.8351,4.5793,0.7442,Washington State
3800,Nate Deer,-2.3514,-0.5694,-2.9209,Texas State
3801,Nate Ferguson,-0.0853,-1.4785,-1.5638,Drake
3802,Nate Fleisher,-0.2802,-0.1571,-0.4372,Syracuse
3803,Nate Fouts,-4.5353,1.537,-2.9983,Le Moyne
3804,Nate Francois,-0.2481,-0.57,-0.8181,Northeastern
3805,Nate Guerengomba,-1.639,-0.3778,-2.0167,Massachusetts
3806,Nate Heise,3.3419,5.2812,8.6231,Iowa State
3807,Nate Johnson,-3.6618,3.7344,0.0726,Akron
3808,Nate Johnson,-3.6618,3.7344,0.0726,Detroit Mercy
3809,Nate Kingz,0.1352,6.0399,6.1752,Oregon State
3810,Nate Lliteras,-3.3233,2.7175,-0.6059,North Florida
3811,Nate Martin,-0.3925,3.2242,2.8317,Marshall
3812,Nate Pickens,-1.5528,4.2307,2.6779,UC Riverside
3813,Nate Santos,-3.1531,5.5846,2.4315,Dayton
3814,Nate Tshimanga,-0.4079,-0.5865,-0.9944,New Mexico State
3815,Nathan Dudukovich,-3.0146,-0.4656,-3.4802,IU Indy
3816,Nathan Johnson,-0.4348,1.4325,0.9977,Lindenwood
3817,Nathan McGill,-1.752,-0.5678,-2.3198,Stonehill
3818,Nathan Self,-0.4411,-0.501,-0.9421,Houston Christian
3819,Naz Brown,-3.7267,-3.038,-6.7647,Coastal Carolina
3820,Nazar Mahmoud,-2.0581,0.0332,-2.0249,UTSA
3821,Nazir Williams,-3.1304,4.631,1.5006,Cornell
3822,Ndewedo Newbury,-0.0577,1.5163,1.4585,San Francisco
3823,Neal Begovich,0.4725,0.4181,0.8906,Duke
3824,Neal Marquardt,-0.2066,-1.7553,-1.962,Stonehill
3825,Ned Hull,-0.0735,0.1323,0.0588,Elon
3826,Neel Beniwal,-0.468,-0.6181,-1.0861,San Diego
3827,Neftali Alvarez,-1.6925,-1.2681,-2.9606,Southern Miss.
3828,Nehemiah Benson,-3.636,-0.3754,-4.0114,Binghamton
3829,Nehemiah Turner,-2.6403,-0.467,-3.1073,Central Ark.
3830,Nelly Joseph,-0.4397,2.3039,1.8642,New Mexico
3831,Nemanja Sarenac,-0.2851,1.5829,1.2978,Weber State
3832,Nemo Johnson,-0.2262,-0.2277,-0.454,Prairie View
3833,Nendah Tarke,-1.7714,1.8428,0.0714,Towson
3834,Nestor Dyachok,-0.1503,-0.7954,-0.9457,North Florida
3835,Nic Book,-0.9913,-1.9114,-2.9026,USC Upstate
3836,Nic Codie,-1.5293,1.0677,-0.4616,Texas
3837,Nic McClain,-1.8882,-1.8905,-3.7788,Eastern Wash.
3838,Nicco DiGiulio,-0.2528,-1.0078,-1.2606,Canisius
3839,Niccolo Moretti,-0.5525,2.2363,1.6839,Fla. Atlantic
3840,Nicholas Jourdain,0.3965,1.4221,1.8186,Memphis
3841,Nicholas Sanford,-0.233,-0.3146,-0.5476,New Hampshire
3842,Nicholas Shogbonyo,-3.9365,1.5477,-2.3888,Denver
3843,Nick Anderson,-4.0157,8.5699,4.5542,Furman
3844,Nick Anderson,-4.0157,8.5699,4.5542,Prairie View
3845,Nick Boyd,-0.1813,5.3248,5.1435,San Diego State
3846,Nick Davidson,-1.6897,6.7786,5.0889,Nevada
3847,Nick Del Bosque,-0.1219,-0.2289,-0.3508,San Diego
3848,Nick Dorn,0.0631,3.9163,3.9794,Elon
3849,Nick Ellington,1.2242,3.0957,4.3199,Murray State
3850,Nick Evans,-0.5199,-0.5627,-1.0826,William & Mary
3851,Nick Fiorillo,-0.992,1.1147,0.1227,Vermont
3852,Nick Johnson,-1.0915,1.9606,0.869,Winthrop
3853,Nick Kern,-1.4787,2.8287,1.35,Penn State
3854,Nick Krass,-2.099,-3.694,-5.793,Tarleton State
3855,Nick Lombardi,-0.246,-0.3188,-0.5648,Valparaiso
3856,Nick Martinelli,-0.8774,7.151,6.2736,Northwestern
3857,Nick McMullen,-2.7441,2.1999,-0.5441,Georgia State
3858,Nick Pringle,1.4844,1.6671,3.1515,South Carolina
3859,Nick Randall,-0.2246,-0.2085,-0.4331,Colorado
3860,Nick Richart,0.0461,-0.7943,-0.7482,Charlotte
3861,Nick Sanders,0.0342,-0.0579,-0.0237,Michigan State
3862,Nick Spinoso,-2.9939,1.3944,-1.5995,Penn
3863,Nick Townsend,-0.8085,6.9296,6.121,Yale
3864,Nick Woodard,-4.5758,-1.1489,-5.7247,Stony Brook
3865,Nico Galette,-1.8414,3.9674,2.126,Youngstown State
3866,Nico Nobili,-1.4341,1.7455,0.3113,Boston U.
3867,Nicolas Louis-Jacques,-3.0668,0.5738,-2.493,Colgate
3868,Nicolo Romanelli,-1.9513,-0.1877,-2.1391,Columbia
3869,Niels Lane,-1.2362,1.4573,0.2212,Delaware
3870,Nigel Burris,-3.1959,0.1387,-3.0572,Weber State
3871,Nigel Clarkson,-1.5781,-1.2229,-2.801,Columbia
3872,Nigle Cook,-0.7066,-0.6483,-1.3549,Wyoming
3873,Nijel Pack,-0.5527,4.3686,3.8159,Miami (FL)
3874,Nik Graves,-2.4948,7.9026,5.4078,Charlotte
3875,Nik Hendrix,-0.1562,0.0956,-0.0606,Youngstown State
3876,Nika Metskhvarishvili,-1.5734,1.2681,-0.3053,Charlotte
3877,Nikita Konstantynovskyi,-0.3144,-0.576,-0.8905,Notre Dame
3878,Niklas Polonowski,-2.7292,-2.2189,-4.9481,Penn
3879,Niko Abusara,-0.3501,0.1304,-0.2197,Dartmouth
3880,Niko Rocak,3.6214,-1.4048,2.2166,UC Davis
3881,Nikola Djapa,1.0037,-0.2642,0.7395,Colorado State
3882,Nikola Milosevic,-1.7752,-1.5891,-3.3643,Little Rock
3883,Nikolaos Chitikoudis,-0.0763,0.2705,0.1942,N.C. A&T
3884,Nilavan Jotham Daniels,-0.2134,-0.8242,-1.0376,Providence
3885,Nils Cooper,-0.3857,-0.0563,-0.442,UC Davis
3886,Nils Machowski,0.5337,2.1324,2.666,UCF
3887,Nimari Burnett,2.6256,3.4676,6.0932,Michigan
3888,Nique Clifford,2.9501,10.8764,13.8265,Colorado State
3889,Niyi Olabode,0.7305,0.9604,1.6909,UC Riverside
3890,Nnaemeka Ikechi,0.0682,-0.001,0.0672,Army West Point
3891,Nnanna Njoku,-0.2714,-1.2572,-1.5286,Villanova
3892,Noa Gonsalves,-3.0739,3.8792,0.8054,Utah Tech
3893,Noah Amenhauser,-1.5861,2.1598,0.5737,Coastal Carolina
3894,Noah Barnett,0.2153,-0.6453,-0.43,Vermont
3895,Noah Batchelor,-2.1123,0.5292,-1.5831,Buffalo
3896,Noah Best,-1.8744,-0.3023,-2.1767,Fairfield
3897,Noah Bolanga,-1.5595,-2.1044,-3.664,St. Bonaventure
3898,Noah Boyde,-0.4492,-0.3109,-0.7601,LSU
3899,Noah Collier,-2.7563,5.6397,2.8834,William & Mary
3900,Noah Farrakhan,-2.8621,4.1038,1.2417,Hampton
3901,Noah Feddersen,-2.7143,3.6369,0.9227,North Dakota State
3902,Noah Haaland,0.0956,-0.1129,-0.0173,Gonzaga
3903,Noah Jones,0.21,-0.1416,0.0684,American
3904,Noah Lobdell,-0.273,-0.1468,-0.4198,Syracuse
3905,Noah Melson,-1.493,-0.5839,-2.077,Chattanooga
3906,Noah Reynolds,0.4247,2.4616,2.8863,TCU
3907,Noah Robledo,-2.1964,0.7711,-1.4253,Columbia
3908,Noah Ross,-2.2276,2.7132,0.4855,UNCW
3909,Noah Taitz,-0.7526,1.5163,0.7637,Utah Valley
3910,Noah Van Bibber,-0.5174,-0.1616,-0.6791,Winthrop
3911,Noah Waterman,-0.1585,-0.0636,-0.2221,Louisville
3912,Noah Williams,-0.3519,-1.3149,-1.6669,James Madison
3913,Noah Williamson,-0.7691,2.5581,1.789,Bucknell
3914,Noble Crawford,-1.9328,-0.3352,-2.268,Chicago State
3915,Noel Brown,-0.9155,2.7392,1.8237,St. Bonaventure
3916,Nojus Indrusaitis,-0.285,-1.8354,-2.1204,Iowa State
3917,Nolan Dorsey,0.4631,1.904,2.3671,Campbell
3918,Nolan Hickman,1.9243,6.9074,8.8316,Gonzaga
3919,Nolan Hodge,-1.4811,3.942,2.461,UNCW
3920,Nolan Minessale,-0.1326,3.4102,3.2776,St. Thomas (MN)
3921,Nolan Winter,1.8629,5.4582,7.3211,Wisconsin
3922,Norchad Omier,0.9714,6.8238,7.7952,Baylor
3923,Nordin Kapic,0.8437,1.9729,2.8167,UC San Diego
3924,Novak Perovic,-0.0425,0.1103,0.0678,Maine
3925,Nyle Ralph-Beyer,-3.5142,1.9984,-1.5157,Sacred Heart
3926,Nyles Howard,0.1976,0.0129,0.2106,Navy
3927,O'Mar Stanley,-0.8229,1.858,1.0351,Boise State
3928,Oakland Fort,-1.0728,0.3334,-0.7394,Northern Ariz.
3929,Obadiah Curtis,-0.6175,-0.8035,-1.421,Eastern Ill.
3930,Obi Agbim,-1.8648,7.1086,5.2438,Wyoming
3931,Obinna Anochili-Killen,2.4542,3.6189,6.0732,Marshall
3932,Obinnaya Okafor,-0.2867,0.1273,-0.1594,VCU
3933,Ocypher Owens,-3.9242,-0.5816,-4.5059,Le Moyne
3934,Ofure Ujadughele,2.5477,-2.1175,0.4301,UC Irvine
3935,Okechukwu Okeke,-0.3902,-0.1855,-0.5757,FIU
3936,Ola Ajiboye,-0.2468,-0.97,-1.2168,Tennessee Tech
3937,Olajuwon Ibrahim,-0.1457,-0.4988,-0.6445,FIU
3938,Oleg Kojenets,0.1245,-2.2481,-2.1236,Wyoming
3939,Oleksandr Kobzystyi,-0.4992,-0.3632,-0.8624,Oregon
3940,Olumide Adelodun,-3.1936,2.2773,-0.9163,Niagara
3941,Oluwasegun Durosinmi,0.4033,-1.5992,-1.1959,NIU
3942,Omaha Biliew,1.0556,0.679,1.7346,Wake Forest
3943,Omar Adegbola,-0.6503,0.2998,-0.3505,Baylor
3944,Omar Cooper,1.4524,-1.2114,0.241,McNeese
3945,Omar Croskey,-1.3107,3.961,2.6503,South Carolina State
3946,Omar Harris,0.004,-0.9142,-0.9103,Campbell
3947,Omar Migues-Hibeljic,-0.5545,-0.0249,-0.5794,Buffalo
3948,Omari Hamilton,-3.7949,1.215,-2.5799,Alcorn
3949,Onyx Pastoriza,-0.4676,-0.1058,-0.5734,FIU
3950,Orlando Horton,-1.9577,-2.7836,-4.7413,Prairie View
3951,Orlando Lovejoy,-0.3357,2.6141,2.2784,Detroit Mercy
3952,Osa Obasohan,-0.5956,-0.8127,-1.4083,Hawaii
3953,Oscar Berry,-1.4824,-0.5449,-2.0273,North Florida
3954,Oscar Cluff,0.4311,9.0201,9.4512,South Dakota State
3955,Ose Okojie,-1.2716,0.2497,-1.0219,Howard
3956,Osiris Grady,-1.9554,-1.8813,-3.8367,Utah Valley
3957,Oswin Erhunmwunse,1.2062,2.2889,3.4951,Providence
3958,Otega Oweh,1.0844,5.066,6.1504,Kentucky
3959,Otis Frazier,0.9761,5.0943,6.0704,UTEP
3960,Otto Landrum,-1.449,-0.7752,-2.2242,Boston U.
3961,Oumar Ballo,2.1095,5.7201,7.8296,Indiana
3962,Oumar Koureissi,-1.3963,-0.6114,-2.0077,Texas Southern
3963,Owen Aquino,2.1439,0.5614,2.7052,Liberty
3964,Owen Dease,-0.3675,0.8095,0.442,A&M-Corpus Christi
3965,Owen Derhmann,-2.2446,0.0131,-2.2314,Central Ark.
3966,Owen Freeman,1.09,3.3819,4.4719,Iowa
3967,Owen Gray,0.0068,0.0192,0.0261,Navy
3968,Owen Kmety,-0.2756,-0.3081,-0.5837,Wake Forest
3969,Owen Koonce,-2.7114,5.3851,2.6737,Cal Poly
3970,Owen Larson,-0.5357,3.153,2.6173,South Dakota State
3971,Owen Lobsinger,-3.3317,2.9934,-0.3383,Western Mich.
3972,Oziyah Sellers,-1.2554,4.0723,2.8169,Stanford
3973,PJ Carter,-1.4149,3.0137,1.5988,Memphis
3974,PJ Dobuol,2.678,-0.4087,2.2693,Southern U.
3975,PJ Eason,-0.0757,-1.7849,-1.8606,Grambling
3976,PJ Edwards,-1.3758,-3.8903,-5.2662,Grambling
3977,PJ Fuller,-2.1489,-1.071,-3.2199,CSUN
3978,PJ Haggerty,0.6359,6.0788,6.7147,Memphis
3979,PJ Hayes,-1.7756,1.0757,-0.6999,Rutgers
3980,PJay Smith,-0.9244,4.4872,3.5628,Furman
3981,Pablo Navarro,-1.5712,-0.0457,-1.6169,Oral Roberts
3982,Pablo Soumare,-1.5319,-2.6699,-4.2018,Omaha
3983,Pablo Tamba,0.0149,0.3683,0.3832,UC Davis
3984,Papa Amadou Kante,-0.4264,0.7261,0.2997,Pittsburgh
3985,Pape N'Diaye,0.6157,0.5907,1.2064,UNLV
3986,Parby Kabamba,-2.2114,-1.1293,-3.3408,Marist
3987,Paris Dawson,1.0652,3.0212,4.0864,Seattle U
3988,Parker Fox,0.6282,1.1194,1.7476,Minnesota
3989,Parker Friedrichsen,-0.5949,-1.5034,-2.0983,Wake Forest
3990,Parker Gerrits,0.3467,0.3713,0.718,Washington State
3991,Parker Jones,-2.9506,1.8733,-1.0772,Colgate
3992,Parker Robison,0.2898,0.7972,1.087,Chattanooga
3993,Parker Strauss,1.0988,-1.2686,-0.1698,UC Riverside
3994,Parsa Fallah,-1.1055,4.3928,3.2873,Oregon State
3995,Pasha Goodarzi,-1.6039,-0.2814,-1.8853,San Jose State
3996,Pat Suemnick,-0.6178,0.7715,0.1537,Oklahoma State
3997,Patrick Antonelli,-0.2847,-0.4775,-0.7622,Louisville
3998,Patrick Bath,-0.1751,0.4767,0.3017,North Dakota State
3999,Patrick Cassidy,-0.6756,-0.4455,-1.1211,Kansas
4000,Patrick Chew,0.7691,0.005,0.7741,Murray State
4001,Patrick Haigh,-0.9338,-2.2097,-3.1436,Mount St. Mary's
4002,Patrick McCaffery,-3.0998,5.9639,2.864,Butler
4003,Patrick McCraney,0.8963,0.1891,1.0854,ULM
4004,Patrick McMahon,-1.6871,3.1906,1.5035,Montana State
4005,Patrick Ngongba,2.3213,5.0028,7.3242,Duke
4006,Patrick O'Brien,-0.3414,-0.1748,-0.5161,Bucknell
4007,Patrick Wessler,-0.1108,2.2859,2.1751,Virginia Tech
4008,Paul Bizimana,-0.8618,-2.1391,-3.0009,Cal Poly
4009,Paul Bruns,-4.5542,4.4075,-0.1467,South Dakota
4010,Paul Djobet,-2.8885,2.0608,-0.8277,Miami (FL)
4011,Paul Jones,-2.1824,1.9686,-0.2138,Winthrop
4012,Paul Lewis,0.4715,0.1789,0.6504,UTSA
4013,Paul Lindberg,0.0034,-0.2147,-0.2113,Gardner-Webb
4014,Paul McMillan,-6.0654,4.0745,-1.9909,Canisius
4015,Paul McNeil,-1.0478,4.1837,3.1359,NC State
4016,Paul Otieno,-1.6512,4.1424,2.4912,Quinnipiac
4017,Paul Zilinskas,-3.1936,6.5615,3.3678,IU Indy
4018,Paulie Stramaglia,0.2296,0.9343,1.1638,Samford
4019,Paulis Rapolis,-1.0392,-2.8919,-3.9311,Northern Ky.
4020,Paulius Murauskas,0.3568,3.4669,3.8237,Saint Mary's (CA)
4021,Pavle Misic,-0.9411,-0.1253,-1.0663,Utah Tech
4022,Pavlo Dziuba,-1.2083,-3.3508,-4.5591,Eastern Wash.
4023,Paxton Davidson,-1.6354,-1.9719,-3.6074,The Citadel
4024,Payton Parrish,0.0899,-0.1398,-0.0499,Grambling
4025,Payton Pitts,-0.1997,-0.3134,-0.5131,Harvard
4026,Payton Sandfort,-0.4643,6.1479,5.6836,Iowa
4027,Payton Sparks,-2.3137,3.519,1.2053,Ball State
4028,Pearse McGuinn,-0.8975,-2.4507,-3.3481,Stonehill
4029,Pearson Carmichael,-0.5465,1.1507,0.6041,Boise State
4030,Pedro Lopez Sanvicente,-1.8251,-0.4523,-2.2774,Denver
4031,Percy Daniels,0.8933,-2.2576,-1.3643,Tulane
4032,Perry Smith,-4.9311,-0.7994,-5.7305,N.C. Central
4033,Petar Krivokapic,-3.1923,0.9719,-2.2204,Pacific
4034,Petar Majstorovic,-0.0367,1.2045,1.1677,Syracuse
4035,Peter Bandelj,-3.4089,5.3837,1.9748,Cal Poly
4036,Peter Carey,-1.104,-0.0939,-1.1979,Siena
4037,Peter Carr,-0.2139,-0.2571,-0.471,Virginia Tech
4038,Peter Dadson,-0.2217,-0.0084,-0.23,Southern Utah
4039,Peter Filipovity,-1.222,3.8092,2.5871,New Mexico State
4040,Peter Fuchs,-1.1,-0.6934,-1.7934,Detroit Mercy
4041,Peter Kramer,0.6684,0.536,1.2043,Lehigh
4042,Peter Noble,-0.0419,0.0483,0.0064,Rutgers
4043,Peter Oduro,-3.255,-1.6494,-4.9044,Coppin State
4044,Peter Sposito,0.0392,-0.384,-0.3448,Loyola Maryland
4045,Peter Suder,-0.6484,5.1409,4.4924,Miami (OH)
4046,Peyton Ackerman,0.1573,-0.5523,-0.395,NIU
4047,Peyton Marshall,-0.3042,-0.5829,-0.8871,Missouri
4048,Peyton Rogers,-0.2898,-0.3415,-0.6314,Houston Christian
4049,Peyton Seals,-0.9484,1.0765,0.1281,Princeton
4050,Peyton Smith,-2.0267,-1.9971,-4.0238,Fairfield
4051,Pharaoh Compton,1.7,1.1874,2.8874,San Diego State
4052,Pharell Boyogueno,-0.4391,1.8195,1.3804,Gardner-Webb
4053,Pharrel Payne,0.0393,4.9381,4.9773,Texas A&M
4054,Phat Phat Brooks,0.5016,0.136,0.6377,Michigan
4055,Philip Byriel,-0.9374,0.5745,-0.3629,Princeton
4056,Phillip Russell,1.0814,2.442,3.5234,VCU
4057,Pierce Bazil,-1.4634,-3.187,-4.6504,Houston Christian
4058,Pierce Shirk,-0.9238,-0.5865,-1.5103,Morgan State
4059,Pierre Brooks,-0.9704,5.3396,4.3692,Butler
4060,Pierre Geneste,-1.7638,-1.5908,-3.3546,Fresno St.
4061,Pip Ajayi,-1.1325,-0.1966,-1.3291,Bucknell
4062,Po'Boigh King,-2.8652,2.8971,0.0318,N.C. Central
4063,Ponce James,-2.6174,1.2426,-1.3748,Delaware State
4064,Poohpha Warakulnukroh,0.0052,-0.2221,-0.2169,UCF
4065,Pop Isaacs,1.454,1.7917,3.2457,Creighton
4066,Porter Bazil,-0.7828,0.5363,-0.2465,Houston Christian
4067,Posh Alexander,1.0899,1.3491,2.4391,Dayton
4068,Precious Idiaru,0.2384,-0.5046,-0.2662,Longwood
4069,Presley Patterson,-0.4743,0.2058,-0.2685,Auburn
4070,Preston Clark,-0.1824,-0.3073,-0.4897,Texas
4071,Preston Ruedinger,-1.8408,-0.4487,-2.2895,Green Bay
4072,Preston Squire,-0.5298,-1.3813,-1.9111,Bowling Green
4073,Preston Vandermyde,-0.0211,-0.3934,-0.4145,Utah Tech
4074,Primo Spears,-3.8451,3.9331,0.088,UTSA
4075,Prince Aligbe,1.2297,-0.8332,0.3965,Seton Hall
4076,Prophet Johnson,-1.8748,4.4093,2.5345,Fairfield
4077,Pryce Sandfort,-1.3498,9.6068,8.2569,Iowa
4078,Puff Johnson,0.1355,4.3505,4.4859,Penn State
4079,Qadir Martin,0.0875,1.1743,1.2618,Mercyhurst
4080,Qiant Myers,-1.0831,2.3161,1.2329,Portland State
4081,Quadir Copeland,0.2354,2.6426,2.878,McNeese
4082,Quadir Pettaway,-2.3681,1.3158,-1.0523,Presbyterian
4083,Quan Lax,-1.1752,-2.4222,-3.5975,Austin Peay
4084,Quandre Bullock,-0.5318,4.0558,3.5239,South Dakota
4085,Quante Berry,-1.7658,2.992,1.2262,Temple
4086,Quaran McPherson,-1.555,0.7927,-0.7622,NIU
4087,Quel'Ron House,0.5585,2.4262,2.9846,Jacksonville State
4088,Quentin Bolton,-2.344,2.4053,0.0613,Ark.-Pine Bluff
4089,Quentin Diboundje,1.1088,1.1832,2.292,Rhode Island
4090,Quentin Duncan,-1.7041,1.0893,-0.6148,NJIT
4091,Quentin Heady,0.5704,0.3727,0.9431,Central Mich.
4092,Quentin Jones,-3.0895,2.9728,-0.1167,NIU
4093,Quentin McCoy,-0.2341,-0.5093,-0.7434,Arizona State
4094,Quentin Meza,-1.2053,0.1247,-1.0806,Idaho State
4095,Ques Glover,-1.2031,0.0232,-1.18,Ohio State
4096,Quimari Peterson,1.118,8.1479,9.2659,ETSU
4097,Quin Gorman,-0.9822,0.0823,-0.8998,Stony Brook
4098,Quincy Ademokoya,-1.0838,0.874,-0.2097,South Fla.
4099,Quincy Allen,-3.6347,-0.898,-4.5327,Chicago State
4100,Quincy Ballard,1.4969,6.8135,8.3104,Wichita State
4101,Quincy Clark,-0.8843,0.1916,-0.6928,UMass Lowell
4102,Quincy McGriff,-3.6556,-3.7082,-7.3638,Alabama A&M
4103,Quinn Denker,-0.4533,0.5268,0.0735,Northern Colo.
4104,Quinn Guth,-0.2599,-0.4973,-0.7572,Quinnipiac
4105,Quinn Nielsen,-0.1963,-0.7511,-0.9475,Boston U.
4106,Quinn Peters,-0.7651,-0.6149,-1.38,Monmouth
4107,Quinn Strander,0.0926,-0.4287,-0.3361,Nicholls
4108,Quinton Mincey,-4.2488,4.2163,-0.0325,UMass Lowell
4109,Quinton Morton-Robertson,-2.2325,2.8576,0.6251,Purdue Fort Wayne
4110,Quinton Webb,-0.5144,0.1839,-0.3305,New Mexico
4111,Quion Burns,-1.4103,3.3754,1.9651,Maine
4112,Quion Williams,-1.3613,1.5759,0.2146,Abilene Christian
4113,RJ Blakney,-0.6672,0.6032,-0.064,Old Dominion
4114,RJ Davis,0.71,7.0061,7.7162,North Carolina
4115,RJ Felton,-2.2447,6.8404,4.5958,East Carolina
4116,RJ Godfrey,2.4043,0.4459,2.8502,Georgia
4117,RJ Greene,-2.3609,-0.365,-2.7259,Wagner
4118,RJ Horry,0.8185,0.6724,1.4909,Lindenwood
4119,RJ Johnson,-2.9378,2.1117,-0.8261,Charleston So.
4120,RJ Keene,3.4522,3.1533,6.6056,Boise State
4121,RJ Kennah,-0.3301,-0.3363,-0.6664,Wake Forest
4122,RJ Luis,2.2883,7.1139,9.4022,St. John's (NY)
4123,RJ Melendez,0.6823,3.4562,4.1386,Mississippi State
4124,RJ Nance,-2.0796,-2.5999,-4.6794,UTRGV
4125,RJ Smith,0.4114,3.1525,3.5639,Colorado
4126,RJ Taylor,-0.5918,-1.1075,-1.6994,UNI
4127,Ra'Heim Moss,2.0302,-2.6749,-0.6448,Oregon
4128,RaSheed Jones,-4.1468,2.7504,-1.3964,Coastal Carolina
4129,Race Herr,-0.053,-1.4081,-1.4611,Gardner-Webb
4130,Radek Homer,-0.406,-1.2158,-1.6219,Northern Colo.
4131,Raekwon Horton,-2.3741,1.1464,-1.2277,UTSA
4132,Raeshun McGregory,-3.4739,-2.5767,-6.0505,Mississippi Val.
4133,Rafael Castro,-0.6126,7.2823,6.6696,George Washington
4134,Rafael Pinzon,-2.3815,4.5485,2.1669,Bryant
4135,Rahdir Hicks,0.5349,-2.4287,-1.8938,Towson
4136,Rahmir Barno,-0.8734,-0.7961,-1.6695,FGCU
4137,Rahmir Moore,0.2006,-0.5974,-0.3968,Wagner
4138,Rahsool Diggins,-2.6772,4.2108,1.5336,Massachusetts
4139,Rakease Passmore,0.8343,-1.9342,-1.0999,Kansas
4140,Raleigh Burgess,1.2487,1.1523,2.401,Purdue
4141,Ralph Akuta,0.0914,-0.7603,-0.6689,Drexel
4142,Ralph Martino,-2.4778,-2.1084,-4.5862,UMES
4143,Ramel Lloyd,-0.8331,-1.3039,-2.137,Long Beach State
4144,Ramogi Nyagudi,-1.0146,-0.1441,-1.1587,St. Thomas (MN)
4145,Ramon Walker,0.9988,1.0358,2.0346,Houston
4146,Ramondo Battle,-1.0085,-1.5968,-2.6053,Evansville
4147,Ramone Seals,-0.7154,-0.6373,-1.3527,Kennesaw State
4148,Ramzi Salem,-0.3721,-0.2405,-0.6126,Valparaiso
4149,Randall Pettus,0.3666,-1.4893,-1.1227,Northern Ky.
4150,Randarius Jones,0.6029,-0.3258,0.2771,Troy
4151,Raphael Dumon,-3.9457,-0.3572,-4.3029,Ark.-Pine Bluff
4152,Rashaan Mbemba,1.3629,1.4189,2.7818,Colorado State
4153,Rashad King,-1.8101,5.5302,3.7202,Northeastern
4154,Rashaud Marshall,2.0119,-0.3427,1.6692,Arkansas State
4155,Rashaun Agee,0.5778,5.5966,6.1744,Southern California
4156,Rasheed Baldwin,-0.2419,0.3779,0.136,UNC Asheville
4157,Rasheed Bello,-1.9087,5.7266,3.8179,Purdue Fort Wayne
4158,Rasheer Fleming,0.9795,7.1896,8.169,Saint Joseph's
4159,Ray Glasgow,-1.0199,1.5354,0.5155,Tennessee Tech
4160,Ray Harrison,-0.6664,3.4163,2.7499,Grand Canyon
4161,Ray'Sean Taylor,-1.5507,5.5146,3.9638,SIUE
4162,Raymond Espinal-Guzman,-1.6266,0.7685,-0.8581,Sacred Heart
4163,Raymond Somerville,-1.8146,0.7418,-1.0728,Delaware State
4164,Raynard Horry,0.331,-0.1732,0.1578,SIUE
4165,Raysean Seamster,-0.5489,2.6947,2.1458,UT Arlington
4166,Rayvon Griffith,-0.858,-0.0943,-0.9522,Cincinnati
4167,Redd Thompson,-0.2754,-0.6594,-0.9348,James Madison
4168,Redek Born,-0.7928,-1.1304,-1.9231,UNI
4169,Reece Holbrook,-0.2353,-0.3326,-0.5679,Eastern Ky.
4170,Reece Potter,-2.6901,2.6445,-0.0456,Miami (OH)
4171,Reece Robinson,-0.6059,-0.0539,-0.6598,Cleveland State
4172,Reed Bailey,-1.5625,5.6801,4.1176,Davidson
4173,Reed Trapp,-0.0383,-0.1245,-0.1628,Auburn
4174,Reese McMullen,-0.3885,-0.1666,-0.5551,Penn
4175,Reggie Bass,-3.1689,0.6115,-2.5574,Lindenwood
4176,Reggie Thomas,-1.282,-2.1322,-3.4142,North Dakota
4177,Reggie Ward,-0.5825,-2.9331,-3.5156,Bethune-Cookman
4178,Regimantas Ciunys,-1.8079,-0.7228,-2.5307,UMBC
4179,Reid Cason,0.0643,-1.3156,-1.2513,East Carolina
4180,Reid Ducharme,-0.0667,0.0801,0.0134,Siena
4181,Reid Lovelace,-0.5373,-0.2276,-0.7649,Oklahoma
4182,Reis Jones,-0.2956,-2.7082,-3.0038,Charleston So.
4183,Renars Sondors,-0.9883,0.6098,-0.3785,ULM
4184,Renato Ruiz,0.2218,0.2276,0.4494,FIU
4185,Rex Sunderland,-1.8129,-1.9319,-3.7448,New Hampshire
4186,Reyne Smith,0.4089,7.4587,7.8676,Louisville
4187,Ricardo Wright,-2.5428,-1.2413,-3.7841,Kennesaw State
4188,Riccardo Ghedini,-0.7341,-0.8728,-1.6068,Davidson
4189,Riccardo Greppi,-0.3772,-0.2741,-0.6512,Wisconsin
4190,Rich Barron,-1.3816,0.6657,-0.7159,Providence
4191,Rich Byhre,-2.0699,-0.9788,-3.0487,St. Thomas (MN)
4192,Rich Rolf,-2.4466,-1.5933,-4.0399,Charlotte
4193,Rich Smith,2.4397,0.9118,3.3514,Abilene Christian
4194,Richard Goods,0.2614,1.22,1.4814,Hampton
4195,Richard Nweke,-0.4038,-0.6887,-1.0925,Columbia
4196,Richie Saunders,-1.5646,9.3938,7.8292,BYU
4197,Richie Springs,-1.2809,-3.7545,-5.0353,Quinnipiac
4198,Rick Issanza,1.376,0.1146,1.4906,LMU (CA)
4199,Rickey Ballard,-2.6954,-0.2225,-2.9178,West Ga.
4200,Rickey Bradley,-0.6184,4.0342,3.4158,VMI
4201,Ridvan Tutic,-1.9122,-0.968,-2.8801,Maine
4202,Rieco Hellams,0.1402,-0.0111,0.129,Old Dominion
4203,Rihards Vavers,-3.0482,3.0431,-0.0051,Washington State
4204,Rikus Schulte,0.2283,1.0525,1.2808,UC Riverside
4205,Riley Allenspach,-2.1795,2.7825,0.603,Samford
4206,Riley Fox,-1.4405,1.5183,0.0778,Yale
4207,Riley Kugel,0.0982,4.8356,4.9338,Mississippi State
4208,Riley Mulvey,0.2482,0.9447,1.1929,Iowa
4209,Riley Parker,-3.083,2.3641,-0.7189,Saint Francis
4210,Ring Malith,0.0508,0.7504,0.8011,SIUE
4211,Ring Nyeri,0.7071,1.4568,2.1639,Kansas City
4212,Rob Brown,-1.016,5.6845,4.6686,Nicholls
4213,Rob Dockery,-0.3313,-0.1197,-0.4509,Texas A&M
4214,Rob Lawson,-4.4049,-2.7833,-7.1882,Morgan State
4215,Rob Martin,-1.6832,5.1642,3.4809,Southeast Mo. St.
4216,Rob Taylor,-1.4335,-1.4743,-2.9079,Wagner
4217,Rob Whaley,-0.7158,0.4419,-0.274,UNLV
4218,Robbie Avila,-0.109,5.5911,5.4821,Saint Louis
4219,Robbie Stankard,-0.6961,-0.1353,-0.8314,Columbia
4220,Robby Beasley,1.722,-0.8055,0.9165,San Francisco
4221,Robby Carmody,-3.9795,1.7091,-2.2704,Le Moyne
4222,Robby Phillips,-0.3803,-0.5501,-0.9303,Binghamton
4223,Robby Todd,-0.1409,-0.5931,-0.734,Eastern Ky.
4224,Robert Braswell,-2.1097,2.0583,-0.0514,Charlotte
4225,Robert Carpenter,0.6122,5.6323,6.2445,New Mexico State
4226,Robert Cowherd,-0.9749,-0.0621,-1.037,Ole Miss
4227,Robert Davis,-3.0043,4.2318,1.2274,Old Dominion
4228,Robert Hinton,-3.7048,2.1138,-1.591,Harvard
4229,Robert Jennings,-0.128,-1.542,-1.67,Oklahoma State
4230,Robert Jeter,-1.5907,-2.1843,-3.775,Southern Utah
4231,Robert Lewis,-1.5564,-0.0563,-1.6127,Ark.-Pine Bluff
4232,Robert McCray,0.5437,2.4251,2.9688,Jacksonville
4233,Robert Miller,1.0892,2.9348,4.024,LSU
4234,Robert Peters,-2.2274,-0.7444,-2.9718,VMI
4235,Robert Smith,-2.5269,3.6364,1.1095,Delaware State
4236,Robert Thibiant,-0.5474,0.2464,-0.301,CSUN
4237,Robert Vaihola,1.0565,1.3573,2.4138,San Jose State
4238,Robert Wright,-1.5106,5.5826,4.072,Baylor
4239,Roberts Blums,-1.8445,-1.8636,-3.7081,Davidson
4240,Roddy Gayle,1.6822,2.4724,4.1546,Michigan
4241,Roderick Coffee,-2.3408,1.3324,-1.0084,Florida A&M
4242,Rodney Brown,-1.6138,1.9399,0.3261,Virginia Tech
4243,Rodney Johnson,-3.0805,1.4307,-1.6498,Tennessee Tech
4244,Rodney Rice,1.1772,7.9783,9.1555,Maryland
4245,Rodolfo Rufino Bolis,0.6766,-4.1614,-3.4848,Eastern Ill.
4246,Rodrick Payne,-0.0511,-1.8056,-1.8568,Western Ill.
4247,Roee Oselka,0.2959,-1.4998,-1.2038,Green Bay
4248,Roger McFarlane,0.8801,-0.1479,0.7322,Boston College
4249,Rokas Jocius,-1.137,-0.0076,-1.1447,UCF
4250,Roko Maric,0.109,0.3684,0.4775,South Carolina State
4251,Rollie Worster,1.5168,2.1984,3.7152,Nebraska
4252,Rolyns Aligbe,-0.0984,-2.568,-2.6664,Southern Ill.
4253,Romad Dean,-2.5803,0.808,-1.7722,Fordham
4254,Romelle Mansel,-1.3714,0.9386,-0.4328,Jackson State
4255,Romeo Myrthil,-1.09,0.7463,-0.3436,Dartmouth
4256,Ron Rutland,-1.8841,-0.6531,-2.5372,IU Indy
4257,Ronald Jessamy,-0.2489,1.6382,1.3893,Tennessee State
4258,Ronald Polite,-0.6597,5.0159,4.3562,UNC Greensboro
4259,Rondel Walker,2.5581,1.0036,3.5617,North Texas
4260,Rongie Gordon,0.4233,2.1271,2.5504,Kennesaw State
4261,Ronnie DeGray,0.8664,1.8214,2.6878,Wichita State
4262,Ronnie Harrison,-0.0071,0.0324,0.0252,Tarleton State
4263,Roosevelt Wheeler,-0.0583,-0.6969,-0.7552,ETSU
4264,Rory Stewart,-2.8206,2.512,-0.3086,FGCU
4265,Ross Candelino,-0.4109,1.5538,1.1429,Lipscomb
4266,Rowan Brumbaugh,-0.9574,5.2826,4.3252,Tulane
4267,Roy Marom,-0.5494,-0.7563,-1.3057,Tarleton State
4268,Royce Parham,-0.1202,3.4629,3.3427,Marquette
4269,Ruben Prey,3.1388,-0.5293,2.6095,St. John's (NY)
4270,Ruben Rodriguez,-3.2361,-2.2045,-5.4405,Rider
4271,Rubin Jones,0.4211,0.4228,0.8438,Michigan
4272,Rueben Chinyelu,1.8755,1.1233,2.9988,Florida
4273,Ruot Bijiek,-1.8602,2.1548,0.2946,Bucknell
4274,Russell Hawkins,-0.1617,0.0551,-0.1066,North Carolina
4275,Ryan Abelman,-1.3575,2.7371,1.3796,Northern Ariz.
4276,Ryan Agarwal,-0.3485,2.699,2.3506,Stanford
4277,Ryan Archey,-0.5044,-2.6325,-3.1368,Coppin State
4278,Ryan Beasley,2.0838,1.2103,3.2941,San Francisco
4279,Ryan Bolton,-1.1901,-1.7658,-2.9559,Prairie View
4280,Ryan Conwell,1.0337,7.8577,8.8915,Xavier
4281,Ryan Cornish,1.9545,1.015,2.9696,Dartmouth
4282,Ryan Curry,-3.3425,3.1223,-0.2202,Army West Point
4283,Ryan Donohoo,-0.5762,-0.534,-1.1101,UAB
4284,Ryan Dufault,-2.2512,1.7665,-0.4847,St. Thomas (MN)
4285,Ryan Duncan,-0.3348,0.9714,0.6366,Princeton
4286,Ryan Elzy,0.4931,0.0573,0.5503,Southeastern La.
4287,Ryan Erikson,-0.3661,-0.5643,-0.9304,North Dakota
4288,Ryan Forrest,-3.6012,1.4626,-2.1386,N.C. A&T
4289,Ryan Hall,0.0133,0.1394,0.1527,Southern Ind.
4290,Ryan Hite,-0.1294,0.2845,0.1551,Hampton
4291,Ryan Hurst,-0.1958,-0.7418,-0.9377,Detroit Mercy
4292,Ryan Jackson,-1.4994,0.0185,-1.4809,William & Mary
4293,Ryan Jolly,-0.4796,0.5902,0.1107,Winthrop
4294,Ryan Jones,-0.153,-0.0733,-0.2263,Virginia Tech
4295,Ryan Kalambay,-0.5633,-1.4551,-2.0184,Detroit Mercy
4296,Ryan Kalkbrenner,3.3517,8.9076,12.2593,Creighton
4297,Ryan Kiachian,0.272,-1.7707,-1.4987,Cornell
4298,Ryan Lafferty,-0.8183,-0.1448,-0.9631,St. Thomas (MN)
4299,Ryan Lopez,-0.4575,-0.0235,-0.481,Chattanooga
4300,Ryan Mabrey,-1.6826,-1.4129,-3.0955,Quinnipiac
4301,Ryan Mela,1.3029,3.1537,4.4565,Providence
4302,Ryan Mutombo,-0.3901,-0.262,-0.6521,Georgia Tech
4303,Ryan Myers,-6.8353,-1.2987,-8.134,Western Ill.
4304,Ryan Nembhard,0.2933,7.8509,8.1442,Gonzaga
4305,Ryan Nutter,-0.8415,-1.9971,-2.8386,Marshall
4306,Ryan Pettis,-1.4683,-1.8181,-3.2863,Fordham
4307,Ryan Pettit,2.063,-3.7141,-1.6511,Lafayette
4308,Ryan Prather,-1.7251,1.2285,-0.4965,Robert Morris
4309,Ryan Rapp,-0.8775,1.6263,0.7488,Hawaii
4310,Ryan Sabol,-5.5399,1.3085,-4.2314,Buffalo
4311,Ryan Schwarz,-0.6884,-0.6338,-1.3222,San Diego State
4312,Ryan Skerry,-0.6386,-0.5324,-1.171,Towson
4313,Ryan Soulis,-1.1953,-1.0621,-2.2573,Richmond
4314,Ryan Sutliff,-0.231,0.1052,-0.1258,Boston U.
4315,Ryan Van Eyck,0.2923,-0.5476,-0.2553,UIW
4316,Ryan Wade,-4.5283,2.3263,-2.202,Green Bay
4317,Ryan Williams,-0.7772,-2.8419,-3.6191,Northeastern
4318,Ryan Zan,-0.6876,0.9085,0.2209,La Salle
4319,Ryder Elisaldez,-1.115,0.8828,-0.2322,UC San Diego
4320,Rylan Griffen,-0.5977,2.058,1.4603,Kansas
4321,Rylan Houck,-0.411,0.6896,0.2786,Lipscomb
4322,Rylan Jones,-0.8196,5.6881,4.8685,Samford
4323,Rylee Samons,-0.1197,-0.0714,-0.1911,Tennessee Tech
4324,Rytis Petraitis,-0.2789,4.436,4.1572,California
4325,Saadiq Moore,-0.86,-2.8521,-3.7121,Weber State
4326,Saba Gigiberia,0.0011,0.7794,0.7805,San Francisco
4327,Sabien Cain,-0.3601,-0.3711,-0.7312,CSUN
4328,Sabry Philip,-2.6007,-4.6689,-7.2696,Stony Brook
4329,Sadaidriene Hall,0.7074,1.2964,2.0038,San Jose State
4330,Sadiku Ibine Ayo,0.2597,0.8055,1.0652,St. John's (NY)
4331,Sadraque NgaNga,-1.701,2.2936,0.5925,San Jose State
4332,Sage Tolentino,-1.2537,0.8018,-0.4519,UNC Asheville
4333,Sai Witt,-1.4371,0.6624,-0.7747,Austin Peay
4334,Saint Thomas,-0.1329,4.9222,4.7892,Southern California
4335,Saiyd Burnside,-3.0357,-0.2297,-3.2654,Florida A&M
4336,Saliou Seye,-0.1895,-1.9661,-2.1557,Alabama A&M
4337,Sam Akinrelere,-0.0371,0.0663,0.0292,Air Force
4338,Sam Akot,0.1317,-0.1126,0.019,Buffalo
4339,Sam Alajiki,-0.7535,-0.2817,-1.0353,Oral Roberts
4340,Sam Alamutu,-0.396,-0.2669,-0.6629,Vermont
4341,Sam Alexis,1.1424,-0.7475,0.3949,Florida
4342,Sam Brown,-4.4199,2.3804,-2.0395,Penn
4343,Sam Donnelly,-0.2754,0.7613,0.4859,Le Moyne
4344,Sam Duskin,-0.169,0.415,0.246,Air Force
4345,Sam Fagan,-1.2863,-0.7237,-2.01,Monmouth
4346,Sam Godwin,-0.9445,2.1877,1.2431,Oklahoma
4347,Sam Hennessy,-0.2402,0.0812,-0.1591,Bradley
4348,Sam Hines,-0.6242,3.9106,3.2864,Southeastern La.
4349,Sam Hoiberg,3.4808,1.3338,4.8147,Nebraska
4350,Sam King,-0.317,-0.37,-0.6869,Purdue
4351,Sam Klores,-1.1064,-1.9181,-3.0244,Brown
4352,Sam Kodi,-2.9342,-3.1783,-6.1125,Southern Ind.
4353,Sam Krist,-0.3443,2.0792,1.7349,Navy
4354,Sam Lecholat,0.1415,0.6789,0.8204,Montana State
4355,Sam Lewis,-3.4666,4.5192,1.0526,Toledo
4356,Sam Mervis,-0.957,-1.7174,-2.6744,Southern Ind.
4357,Sam Murray,0.0235,-1.3902,-1.3667,Missouri State
4358,Sam Orme,0.84,3.443,4.283,Belmont
4359,Sam Sherry,-3.0785,4.8555,1.7771,Elon
4360,Sam Silverstein,1.6439,1.4928,3.1367,California Baptist
4361,Sam Springer,-1.8024,0.0806,-1.7218,Air Force
4362,Sam Stockton,0.4092,-1.3345,-0.9252,Eastern Wash.
4363,Sam Thomson,-1.0822,-0.8364,-1.9187,Northeastern
4364,Sam Towns,-0.3473,0.2662,-0.0811,Bowling Green
4365,Sam Vinson,-0.7896,0.4604,-0.3292,Northern Ky.
4366,Sam Walters,0.4285,4.0516,4.4801,Michigan
4367,Sam Wright,-3.3761,0.1173,-3.2588,Colgate
4368,Samage Teel,-4.5326,6.1677,1.6351,Indiana State
4369,Samet Yigitoglu,0.4559,1.4227,1.8786,SMU
4370,Sami Osmani,-0.6296,-0.7817,-1.4114,Creighton
4371,Sami Pissis,-4.7008,2.0318,-2.669,New Hampshire
4372,Sammie Yeanay,-0.3734,-0.4558,-0.8292,Grand Canyon
4373,Sammy Howlin,0.7308,-2.2995,-1.5687,Utah Tech
4374,Samson Aletan,1.815,1.2123,3.0273,Yale
4375,Samson Johnson,2.2124,6.3783,8.5907,UConn
4376,Samuel Ariyibi,-0.3385,0.1497,-0.1888,Utah Tech
4377,Samuel Cole,-0.1506,0.1323,-0.0183,Niagara
4378,Samuel Gibbs,-0.37,-0.1688,-0.5388,Loyola Maryland
4379,Samuel Onu,0.2357,-0.0315,0.2042,Grambling
4380,Samuel Yurasek,0.2273,-0.036,0.1913,Loyola Chicago
4381,Santiago Trouet,0.6434,0.5334,1.1768,San Diego
4382,Sasa Ciani,-0.1259,0.0383,-0.0876,UIC
4383,Savion Lewis,-1.695,-1.7008,-3.3959,Quinnipiac
4384,Savo Drezgic,0.1231,-0.2984,-0.1753,Georgia
4385,Sawyer Mayhugh,-0.0577,0.1836,0.1259,Queens (NC)
4386,Saxby Sunderland,-2.9966,-1.0989,-4.0955,Chicago State
4387,Saxton Hoepker,-0.3348,-0.6847,-1.0195,Southeast Mo. St.
4388,Scooter Williams,-4.3291,1.8175,-2.5116,East Texas A&M
4389,Scottie Ebube,1.2012,-0.7314,0.4698,Wyoming
4390,Scottie Hubbard,0.3976,-0.5034,-0.1059,Old Dominion
4391,Scotty Middleton,-1.4815,2.7843,1.3028,Seton Hall
4392,Scotty Washington,-1.3398,2.6739,1.3341,CSUN
4393,Sean Blake,-1.2469,-2.5755,-3.8224,Vermont
4394,Sean Craig,-2.1508,3.8258,1.6749,IU Indy
4395,Sean Cusano,-1.6341,0.1347,-1.4994,Chattanooga
4396,Sean Durugordon,-2.5012,6.3035,3.8024,Old Dominion
4397,Sean Elkinton,-1.4895,2.8319,1.3423,Louisiana Tech
4398,Sean Hansen,1.1318,0.6409,1.7728,George Washington
4399,Sean Lang,-0.3581,-1.8318,-2.1899,Mercyhurst
4400,Sean Logan,0.7789,-1.2899,-0.5109,Davidson
4401,Sean Moore,0.5512,0.7041,1.2553,UNCW
4402,Sean Newman,-1.9026,3.2159,1.3133,Louisiana Tech
4403,Sean Pedulla,0.8932,5.6824,6.5757,Ole Miss
4404,Sean Smith,-0.0886,2.656,2.5675,Western Ill.
4405,Sean Stewart,1.5297,0.8419,2.3716,Ohio State
4406,Sean Trumper,-0.6239,-0.0663,-0.6902,Merrimack
4407,Sebastian Akins,-4.0635,1.5299,-2.5336,Denver
4408,Sebastian Hartmann,-1.7,3.6216,1.9216,Eastern Wash.
4409,Sebastian Mack,1.3501,1.47,2.8201,UCLA
4410,Sebastian Perry,-0.7695,-0.5123,-1.2818,Omaha
4411,Sebastian Rancik,0.1315,0.2047,0.3362,Colorado
4412,Sebastian Robinson,-3.7034,-2.0431,-5.7466,NJIT
4413,Sebastian Thomas,-0.2707,3.797,3.5263,Rhode Island
4414,Seifeldin Hendawy,-1.2083,-1.2397,-2.448,Loyola Chicago
4415,Sekou Kalle,0.501,-3.7537,-3.2527,Eastern Ill.
4416,Selton Miguel,0.3962,2.4856,2.8818,Maryland
4417,Sencire Harris,3.7743,0.4043,4.1785,West Virginia
4418,Seneca Willoughby,-1.7608,1.0775,-0.6832,Bethune-Cookman
4419,Seryee Lewis,-2.4331,-2.4077,-4.8408,Western Mich.
4420,Seth Hubbard,-4.4306,1.8728,-2.5578,Toledo
4421,Seth Joba,-1.6992,-4.0015,-5.7007,Vermont
4422,Seth Jones,2.0633,-0.6473,1.416,Pacific
4423,Seth Kruse,-0.0227,0.1429,0.1202,Oral Roberts
4424,Seth Trimble,0.8466,4.4122,5.2588,North Carolina
4425,Seth Wilson,-1.8865,2.8719,0.9854,Akron
4426,Seydou Traore,-0.0642,0.3371,0.2729,Iowa
4427,Shadrak Lasu,1.2412,-1.7622,-0.521,LIU
4428,Shaedon Simpson,-0.135,-0.3207,-0.4557,Central Mich.
4429,Shahar Lazar,-2.9833,0.4125,-2.5708,Gardner-Webb
4430,Shahid Muhammad,-0.0983,-1.1695,-1.2678,Massachusetts
4431,Shakeel Moore,3.2673,1.1216,4.3889,Kansas
4432,Shakir Odunewu,-0.5829,1.6251,1.0422,CSU Bakersfield
4433,Shamir Bogues,1.8937,0.9924,2.886,Vermont
4434,Shammah Scott,-0.6669,4.5776,3.9107,Akron
4435,Shane Anthony,-0.1908,-0.3205,-0.5113,UNCW
4436,Shane Blakeney,-2.1649,0.0933,-2.0716,Drexel
4437,Shane Dezonie,-1.5844,0.58,-1.0044,Temple
4438,Shane Feden,-0.2641,-0.2782,-0.5423,James Madison
4439,Shane Nowell,0.1675,-0.4096,-0.2421,Portland State
4440,Shane Thomas,-0.5908,-1.829,-2.4198,Creighton
4441,Shannon Grant,-2.72,0.1954,-2.5246,Jackson State
4442,Shanon Simango,0.1442,0.6987,0.8428,Dartmouth
4443,Shaqir O'Neal,-2.6683,-1.4446,-4.1128,Florida A&M
4444,Shaquil Bender,-2.322,-0.346,-2.6679,Manhattan
4445,Sharron Young,-0.1183,3.8463,3.728,Akron
4446,Shaumba Ngoyi,-1.7494,-0.5848,-2.3343,Eastern Wash.
4447,Shawn Fulcher,-1.446,-0.1411,-1.5871,Alabama State
4448,Shawn Jones,-1.2193,2.6125,1.3933,Mississippi State
4449,Shawn Mitchell,0.0981,-0.074,0.0241,Southern Utah
4450,Shawn Phillips,-0.3827,-0.7279,-1.1106,Arizona State
4451,Shawn Simmons,-1.8255,-0.3219,-2.1474,Saint Joseph's
4452,Sheldon Edwards,-1.3976,5.1598,3.7622,Loyola Chicago
4453,Sheldon Williams,-0.6264,1.9538,1.3274,A&M-Corpus Christi
4454,Shelton Williams-Dryden,-6.2837,5.7428,-0.5409,West Ga.
4455,Shemar Rathan-Mayes,-3.9581,-1.5637,-5.5218,Mercyhurst
4456,Shereef Mitchell,-2.7654,1.1195,-1.6459,Ohio
4457,Sheridan Sharp,-1.9924,-0.8086,-2.801,Southern Ill.
4458,Shey Eberwein,-1.3538,0.8534,-0.5004,South Dakota
4459,Shilo Jackson,-1.2297,-0.5107,-1.7404,A&M-Corpus Christi
4460,Shon Robinson,-0.8918,0.5885,-0.3033,UIW
4461,Shy Odom,0.6866,-1.2206,-0.534,Vermont
4462,Siem Uijtendaal,-1.0508,-0.0623,-1.1131,Youngstown State
4463,Silas Demary,1.1584,4.8386,5.997,Georgia
4464,Silas Sunday,1.7153,-0.3534,1.3619,Hofstra
4465,Simas Lukosius,-0.4938,4.6018,4.108,Cincinnati
4466,Simeon Cottle,-2.8446,5.8241,2.9796,Kennesaw State
4467,Simeon Wilcher,2.9544,-1.3921,1.5622,St. John's (NY)
4468,Simeon Womack,-0.3293,0.1592,-0.1701,Bethune-Cookman
4469,Simon Hildebrandt,-1.7767,-0.6863,-2.463,High Point
4470,Simon Tilahun,-0.0195,-0.1024,-0.1219,Cal St. Fullerton
4471,Simon Wheeler,-0.2388,-0.5207,-0.7595,Jacksonville
4472,Sin'Cere McMahon,-2.2784,0.7905,-1.4879,Norfolk State
4473,Sincere Malone,0.6262,1.1825,1.8086,Nicholls
4474,Sincere Parker,0.381,3.7621,4.1431,McNeese
4475,Sion James,4.2701,6.4095,10.6796,Duke
4476,Sione Lose,-0.0833,-4.2462,-4.3295,UC Davis
4477,Sir Mohammed,-0.1895,-2.236,-2.4256,Notre Dame
4478,Skylar Wicks,-0.1795,-0.1114,-0.2909,UTSA
4479,Skyy Clark,2.5133,5.7126,8.226,UCLA
4480,Sola Adebisi,-1.4451,-0.1673,-1.6123,The Citadel
4481,Solo Ball,-2.2482,4.6851,2.4368,UConn
4482,Solomon Callaghan,-2.6018,-0.3289,-2.9307,Wright State
4483,Solomon Ominu,-0.3463,0.1634,-0.1829,Pacific
4484,Solomon Oraegbu,-0.1548,0.4801,0.3253,Prairie View
4485,Solomon Ray,0.6952,-0.6195,0.0757,Grambling
4486,Solomon Washington,4.1159,2.5556,6.6715,Texas A&M
4487,Somto Cyril,0.8901,2.5123,3.4024,Georgia
4488,Sonny Wilson,-5.5907,5.1608,-0.4298,Toledo
4489,Spence Wewe,0.4808,-0.3823,0.0984,Quinnipiac
4490,Spencer Bain,-0.3113,-0.5362,-0.8475,Kansas State
4491,Spencer Elliott,-1.6433,-1.9318,-3.5752,Tulane
4492,Spencer Hubbard,0.3312,0.304,0.6352,Duke
4493,Spencer Joyner,-0.9282,-1.1394,-2.0676,Boston U.
4494,Spencer Legg,-0.3981,-0.2952,-0.6932,Louisville
4495,Spencer Mahoney,-0.6032,-0.4882,-1.0914,California
4496,Stanley Borden,-0.1071,-0.1118,-0.2189,Duke
4497,Stark Jones,0.2189,-0.2965,-0.0776,Longwood
4498,Stas Sivka,-0.3671,1.3065,0.9394,George Mason
4499,Stefan Cicic,-0.0602,-0.2353,-0.2955,Tulane
4500,Stefan Jimenez-Vojnic,-0.8974,-1.0485,-1.9459,NJIT
4501,Stefan Todorovic,-3.6766,6.2536,2.577,Pepperdine
4502,Stefano Alesso,-2.1146,-3.9309,-6.0454,Stetson
4503,Stefano Faloppa,-1.783,-0.9292,-2.7122,UT Martin
4504,Stephan Snagg,-0.0803,0.0761,-0.0042,Binghamton
4505,Stephan Swenson,1.0508,4.3639,5.4147,UC Santa Barbara
4506,Stephaun Walker,-2.1218,-0.5976,-2.7194,Old Dominion
4507,Stephen Giwa,-0.9792,-0.05,-1.0293,A&M-Corpus Christi
4508,Stephen Okoro,-1.4236,-2.5319,-3.9555,Detroit Mercy
4509,Stephen Olowoniyi,-1.8057,2.1428,0.337,Southern Ind.
4510,Stephon Payne,-0.243,0.549,0.306,Jacksonville
4511,Stephon Roberts,0.2132,-2.7982,-2.585,Saint Peter's
4512,Sterling Knox,-0.4808,-0.5698,-1.0507,Creighton
4513,Sterling Young,-4.5341,4.4816,-0.0525,Florida A&M
4514,Steve Settle,-1.3455,6.1981,4.8525,Temple
4515,Steven Ashworth,-1.3099,7.0732,5.7633,Creighton
4516,Steven Clay,-0.983,0.1983,-0.7847,Morehead State
4517,Steven Crowl,0.0066,6.5043,6.5108,Wisconsin
4518,Steven Jamerson,-1.6073,1.1904,-0.4169,San Diego
4519,Steven Solano,0.1833,-0.1812,0.0021,Saint Joseph's
4520,Steven Tipton,-0.5242,0.5843,0.06,NIU
4521,Steven Vasquez,0.7422,0.7357,1.4778,San Jose State
4522,Stevie Clark,-0.3896,-0.8896,-1.2792,Colgate
4523,Stevie Mitchell,2.9608,4.5287,7.4896,Marquette
4524,Stone Hutchings,0.7843,0.1346,0.9189,Utah Tech
4525,Stoney Hadnot,-0.5458,1.0747,0.5289,South Dakota State
4526,Styles Phipps,-0.0408,-0.2792,-0.32,Grand Canyon
4527,Sultan Adewale,-1.5055,-0.3873,-1.8927,UAlbany
4528,Supreme Cook,-1.2679,0.098,-1.1698,Oregon
4529,Sven Djopmo,0.0691,-0.1172,-0.0481,Arizona
4530,Szymon Zapala,3.7878,0.6285,4.4163,Michigan State
4531,T'Johnn Brown,0.2973,-2.4027,-2.1054,McNeese
4532,TJ Bamba,1.7044,3.8999,5.6044,Oregon
4533,TJ Berger,-2.0238,-2.6905,-4.7143,Lafayette
4534,TJ Biel,1.0664,0.6941,1.7605,Southeast Mo. St.
4535,TJ Burch,-0.0884,0.2369,0.1484,Ball State
4536,TJ Ford,-1.0693,-3.81,-4.8793,UIW
4537,TJ Gadsden,-1.2645,-2.0855,-3.35,Hofstra
4538,TJ Grant,-0.881,-0.8604,-1.7414,Mercer
4539,TJ Hurley,-2.1978,4.1942,1.9964,Vermont
4540,TJ Johnson,-1.6751,4.0655,2.3903,VMI
4541,TJ Long,-1.7816,-2.1424,-3.924,Vermont
4542,TJ Nadeau,-4.5322,-1.4102,-5.9425,Detroit Mercy
4543,TJ NeSmith,-3.6521,2.9805,-0.6716,Radford
4544,TJ Power,-0.4427,-2.2837,-2.7264,Virginia
4545,TJ Prosise,0.0675,0.1959,0.2635,George Mason
4546,TJ Simpkins,-0.8419,4.0359,3.194,Elon
4547,TJ Thomas,-0.7339,1.8164,1.0825,East Texas A&M
4548,TJ Wainwright,-3.0659,3.8274,0.7614,Long Beach State
4549,TJ Weeks,-4.2807,4.7534,0.4727,Rider
4550,TK Simpkins,-2.2912,3.319,1.0277,Elon
4551,TO Barrett,0.541,0.7059,1.2469,Missouri
4552,Tae Davis,-1.9929,5.1104,3.1175,Notre Dame
4553,Taelon Peter,-0.6014,9.8277,9.2264,Liberty
4554,Taeshaud Jackson,-1.7877,-1.4065,-3.1942,Northern Colo.
4555,Tafara Gapare,2.551,-0.2038,2.3472,Maryland
4556,Tahaad Pettiford,-0.0249,7.0237,6.9988,Auburn
4557,Tahj Staveskie,-1.7551,1.2795,-0.4757,Cleveland State
4558,Tahron Allen,-2.0962,-1.7851,-3.8812,Delaware
4559,Tai Hamilton,0.3749,-0.7538,-0.3789,Winthrop
4560,Tai'Reon Joseph,-1.2186,-0.2427,-1.4613,UTSA
4561,Taine Murray,-1.6773,0.2798,-1.3974,Virginia
4562,Tainui Taiaroa,0.1582,1.5246,1.6828,Southern Utah
4563,Taj Au-Duke,-0.9768,-3.5591,-4.536,Pepperdine
4564,Taj Bryant,-0.5722,-1.1787,-1.7508,Sacred Heart
4565,Taj DeGourville,-0.2689,0.2219,-0.047,San Diego State
4566,Taj Manning,-0.4899,-0.2999,-0.7898,Kansas State
4567,Tajae Jones,-0.8663,-0.8537,-1.72,Siena
4568,Tajavis Miller,-2.5115,4.7175,2.206,North Dakota State
4569,Taje' Kelly,-3.2115,1.7576,-1.4539,Charleston So.
4570,Takai Hardy,-2.6595,-1.1851,-3.8445,Idaho
4571,Taku Youngblood,-0.5938,-1.0393,-1.633,Gardner-Webb
4572,Tallis Toure,0.1683,-1.0275,-0.8592,Stanford
4573,Tamar Bates,0.2913,4.7135,5.0048,Missouri
4574,Tamarion Hoover,-2.7379,0.0893,-2.6485,Jackson State
4575,Tamaury Releford,-0.418,0.9043,0.4863,West Ga.
4576,Tamin Lipsey,2.5566,4.6826,7.2392,Iowa State
4577,Tan Yildizoglu,-3.4881,-0.3286,-3.8166,VMI
4578,Tana Kopa,-5.9042,3.5559,-2.3483,Canisius
4579,Tanahj Pettway,-5.4481,0.7666,-4.6815,Prairie View
4580,Tank Byard,-1.5041,0.8148,-0.6893,Rider
4581,Tanner Christensen,0.5274,4.7072,5.2346,Hawaii
4582,Tanner Cuff,-0.0955,0.6332,0.5376,Evansville
4583,Tanner O'Grady,-0.1604,-0.0745,-0.2349,Robert Morris
4584,Tanner Ostop,-0.0468,-0.0805,-0.1273,Fairfield
4585,Tanner Thomas,-3.1142,1.0581,-2.0561,Sacred Heart
4586,Tanner Toolson,-0.5256,5.0694,4.5438,Utah Valley
4587,Tarence Guinyard,-1.8586,6.527,4.6685,UT Martin
4588,Tarik Watson,-0.2709,-2.5679,-2.8388,Marist
4589,Tariq Francis,-4.1818,1.195,-2.9868,NJIT
4590,Tariq Ingraham,-3.956,0.8542,-3.1018,Rider
4591,Tarique Foster,-1.5343,-0.4497,-1.984,Massachusetts
4592,Tarris Reed,3.0366,5.8217,8.8583,UConn
4593,Taryn Todd,0.6964,3.0217,3.7181,Arkansas State
4594,Tasos Cook,-1.235,-0.3627,-1.5977,Campbell
4595,Tate Laczkowski,0.341,0.3307,0.6716,Army West Point
4596,Tate McCubbin,-2.0312,4.3568,2.3256,Austin Peay
4597,Tauris Watson,-3.2974,-1.1779,-4.4753,West Ga.
4598,Tavari Johnson,-1.5901,4.2646,2.6745,Akron
4599,Tavi Jackson,-0.3874,2.1179,1.7305,Southern Utah
4600,Tavion Banks,-1.1489,3.5113,2.3624,Drake
4601,Tay Knox,-0.2395,0.2582,0.0188,Western Ill.
4602,Tay Mosher,-0.9348,-2.4125,-3.3473,East Texas A&M
4603,Taye Fields,0.8415,4.9676,5.8091,North Ala.
4604,Taylor Bol Bowen,0.1818,1.738,1.9198,Florida State
4605,Tayon Sessoms,-0.0442,-0.3927,-0.4369,Washington State
4606,Tayshawn Comer,-1.3664,2.2576,0.8911,Evansville
4607,Tayton Conerway,2.8619,6.9262,9.7881,Troy
4608,Te'Jon Sawyer,-1.5045,3.9555,2.451,Montana
4609,Teddy Washington,-0.3194,2.1179,1.7985,Southeast Mo. St.
4610,Tegra Izay,0.3266,-0.1741,0.1525,Southern Miss.
4611,Tekao Carpenter,-1.4355,-1.1153,-2.5509,Austin Peay
4612,Tennessee Rainwater,-4.2581,1.1323,-3.1258,Utah Tech
4613,Teo Rice,1.1446,0.7034,1.848,Yale
4614,Terell Strickland,0.6739,-1.1958,-0.5218,LIU
4615,Terence Harcum,0.1027,3.4375,3.5402,Murray State
4616,Terrance Arceneaux,6.0068,4.3857,10.3925,Houston
4617,Terrance Dixon,-0.8903,-1.3173,-2.2076,Lamar University
4618,Terrance Ford,-0.3691,1.1156,0.7465,Arkansas State
4619,Terrance Jones,-0.7839,-0.322,-1.106,Norfolk State
4620,Terrance Williams,-3.2817,0.1943,-3.0874,Southern California
4621,Terrell Ard,0.273,2.0544,2.3274,Mount St. Mary's
4622,Terrell Gaines,-0.7881,-0.6639,-1.452,Austin Peay
4623,Terren Frank,0.407,-0.654,-0.247,Campbell
4624,Terrence Brown,-2.203,2.6466,0.4436,FDU
4625,Terrence Edwards,1.4215,4.7425,6.1639,Louisville
4626,Terrence Hill,-0.7316,0.5991,-0.1325,VCU
4627,Terri Miller,2.1912,2.9648,5.1559,Portland State
4628,Terry Anderson,2.1242,3.5828,5.707,High Point
4629,Terry Copeland,-0.295,-0.1825,-0.4775,NIU
4630,Terry McMorris,0.4833,1.8356,2.3189,Eastern Ill.
4631,Tevin Smith,-0.1599,4.4057,4.2458,Cleveland State
4632,Tey Barbour,-1.485,-0.2231,-1.7082,Harvard
4633,Themus Fulks,-3.015,3.841,0.8261,Milwaukee
4634,Theo Grant,-4.6161,0.1701,-4.446,New Orleans
4635,Theo Pierre-Justin,-0.8142,-0.4573,-1.2715,DePaul
4636,Theo Seng,-1.4715,1.4864,0.0148,Troy
4637,Theodore Pendergrass,0.066,0.3737,0.4396,Delaware State
4638,Thierno Sylla,-0.2834,-2.5282,-2.8116,SFA
4639,Thomas Batties,-0.795,0.7918,-0.0032,Harvard
4640,Thomas Crowe,0.1058,-0.2196,-0.1138,Notre Dame
4641,Thomas Dowd,0.9364,4.2133,5.1496,Troy
4642,Thomas Hattan,0.0897,-0.2602,-0.1705,Notre Dame
4643,Thomas Haugh,2.9771,9.9878,12.965,Florida
4644,Thomas Kizer,-0.132,-0.226,-0.358,Samford
4645,Thomas Ndong,-0.1886,0.2279,0.0393,Oregon State
4646,Thomas Sorber,6.3206,3.9337,10.2544,Georgetown
4647,Thomas Tillman,-0.2448,-0.1328,-0.3775,Furman
4648,Thomas Tut,-0.5615,-3.917,-4.4784,Southeastern La.
4649,Thompson Camara,-1.5543,-0.1645,-1.7188,Charleston So.
4650,Tibet Gorener,-0.4234,0.1049,-0.3185,SMU
4651,Tidjiane Dioumassi,-0.2853,1.8891,1.6038,Southern U.
4652,Tim Eze,-1.1447,1.2773,0.1326,UMBC
4653,Tim Moore,-1.5237,3.4799,1.9562,NJIT
4654,Tim Oboh,-1.281,-4.5611,-5.8421,Buffalo
4655,Timaris Brown,-2.6053,-1.4674,-4.0727,IU Indy
4656,Timmy Adedire,-3.1425,2.0201,-1.1224,N.C. Central
4657,Timmy Fasehun,0.0861,-0.3929,-0.3068,ETSU
4658,Timoty Knapp,-0.0629,0.885,0.8222,Bradley
4659,Tishan Ahir,-0.0814,-0.1146,-0.1961,UC Irvine
4660,Titas Sargiunas,0.3149,-0.4619,-0.147,High Point
4661,Tito Deng,-0.669,0.5278,-0.1412,Jacksonville
4662,Titus Yearout,-0.7607,-0.123,-0.8837,Idaho
4663,Tobe Awaka,-0.8016,4.6333,3.8318,Arizona
4664,Tobi Lawal,-1.4299,2.6121,1.1822,Virginia Tech
4665,Toby Nnadozie,-1.4466,0.3181,-1.1285,Coppin State
4666,Toby Okani,0.5766,0.7887,1.3653,West Virginia
4667,Todd Brogna,-3.6649,4.1056,0.4407,Stonehill
4668,Todd Jones,-1.2077,-1.0848,-2.2925,Portland
4669,Tom Beattie,-2.5818,-0.0675,-2.6494,Hawaii
4670,Tom House,-2.8999,1.1907,-1.7092,Furman
4671,Tom Mark,-0.9532,-0.1048,-1.058,CSU Bakersfield
4672,Tomas Thrastarson,-1.007,1.5809,0.5739,Washington State
4673,Tomislav Ivisic,2.4849,6.284,8.7689,Illinois
4674,Tomiwa Sulaiman,2.1013,3.6142,5.7155,Towson
4675,Tommy Conniff,-1.5328,0.1487,-1.384,Lehigh
4676,Tommy Gankhuyag,0.916,-0.1792,0.7368,UTRGV
4677,Tommy Humphries,0.0872,-0.9041,-0.817,Furman
4678,Tommy Kamarad,0.9262,-0.1465,0.7797,Winthrop
4679,Tommy Pinegar,0.3932,0.1498,0.543,Missouri State
4680,Toneari Lane,-5.4517,4.5446,-0.9072,Georgia State
4681,Tony Duckett,-1.8649,0.5195,-1.3454,San Diego
4682,Tony Felder,-1.6393,-2.0562,-3.6956,Radford
4683,Tony Osburn,-0.5635,6.2066,5.6431,Omaha
4684,Tony Perkins,0.4429,2.9403,3.3831,Missouri
4685,Tony Toney,-1.9472,2.2936,0.3464,UAB
4686,Torey Alston,-0.1412,0.7528,0.6117,Middle Tenn.
4687,Torian Lee,1.0448,0.5317,1.5766,UC Irvine
4688,Torin Bosch,-0.3781,-1.0613,-1.4395,UMBC
4689,Touko Tainamo,-1.6827,1.2288,-0.4539,Wyoming
4690,Townsend Tripple,0.0053,-0.2402,-0.2349,BYU
4691,Toyaz Solomon,-1.0583,6.0795,5.0213,UNC Asheville
4692,Trace Salton,0.3544,-3.5655,-3.2111,Marist
4693,Trace Young,-0.7101,-0.2646,-0.9747,LSU
4694,Trae Benham,0.6285,3.2951,3.9236,High Point
4695,Trae Broadnax,-2.0199,2.7891,0.7692,Rice
4696,Trae English,-0.6412,-2.9551,-3.5963,Nicholls
4697,Traivar Jackson,-1.3381,-0.0746,-1.4127,Grand Canyon
4698,Tramon Mark,0.2341,2.4943,2.7283,Texas
4699,Travis Gray,-0.2137,-0.1928,-0.4065,FIU
4700,Travis Harper,-0.5061,1.4511,0.945,Tennessee State
4701,Travis Perry,-0.7229,-0.8726,-1.5955,Kentucky
4702,Travis Roberts,-4.0871,-2.5665,-6.6536,Marist
4703,Travonne Jackson,-1.2357,-1.3236,-2.5593,Little Rock
4704,Trayvon Barbary,0.1083,-0.105,0.0033,Bethune-Cookman
4705,Trazarien White,1.6277,3.3418,4.9696,TCU
4706,Tre Carroll,-1.1096,4.4009,3.2914,Fla. Atlantic
4707,Tre Coleman,0.969,2.4078,3.3769,Nevada
4708,Tre Dinkins,-3.0292,5.4896,2.4604,Duquesne
4709,Tre Donaldson,0.5163,5.5786,6.0949,Michigan
4710,Tre Green,-0.5257,2.6477,2.122,Middle Tenn.
4711,Tre Holloman,1.4286,4.5412,5.9699,Michigan State
4712,Tre Johnson,-0.004,7.7146,7.7106,Texas
4713,Tre Norman,1.4425,-1.3052,0.1373,Marquette
4714,Tre White,2.0337,3.1183,5.1519,Illinois
4715,Tre'Von Spillers,0.7818,5.018,5.7998,Wake Forest
4716,Tre'shawn Sheppard,-1.6933,1.4657,-0.2275,LIU
4717,Tre-Vaughn Minott,1.1866,1.9989,3.1855,Portland State
4718,Trent Edwards,0.8164,1.4331,2.2494,Morgan State
4719,Trent Hundley,-1.9675,-0.8122,-2.7798,Evansville
4720,Trent Johnson,-1.2811,1.469,0.188,Houston Christian
4721,Trent Middleton,0.2866,0.0264,0.313,Delaware
4722,Trent Mosquera,-1.2247,-0.4891,-1.7138,Le Moyne
4723,Trent Noah,-0.6138,1.8489,1.2351,Kentucky
4724,Trent Perry,0.9225,0.4803,1.4029,UCLA
4725,Trent Pierce,-1.2454,5.08,3.8346,Missouri
4726,Trent Scott,-0.4306,-2.0613,-2.4919,Morehead State
4727,Trenton McLaughlin,-1.6311,4.2091,2.578,Northern Ariz.
4728,Trevan Leonhardt,1.2965,3.5655,4.862,Utah Valley
4729,Trevin Knell,1.2331,5.4153,6.6484,BYU
4730,Trevion LaBeaux,-0.7386,-0.6209,-1.3595,East Carolina
4731,Trevon Brazile,0.633,4.1414,4.7744,Arkansas
4732,Trevor Augustine,0.0512,-0.2514,-0.2003,Canisius
4733,Trevor Baskin,1.7203,4.054,5.7743,Colorado
4734,Trevor Best,-1.9533,0.4287,-1.5245,Arizona State
4735,Trevor Hennig,-1.7542,1.278,-0.4763,Weber State
4736,Trevor Mullin,0.7082,0.561,1.2693,Yale
4737,Trevor Smith,-4.4294,-1.7736,-6.2029,Hampton
4738,Trey Alfonso,-0.2411,0.7443,0.5031,Southern Miss.
4739,Trey Autry,1.7254,6.3729,8.0983,George Washington
4740,Trey Boggess,0.1814,-0.1709,0.0105,Murray State
4741,Trey Bonham,-2.2899,5.9726,3.6827,Chattanooga
4742,Trey Campbell,3.5315,4.2476,7.7791,UNI
4743,Trey Deveaux,-1.641,1.1435,-0.4975,Western Ill.
4744,Trey Edmonds,-0.2492,-2.0497,-2.2989,Minnesota
4745,Trey Fort,-2.2053,6.5306,4.3253,Samford
4746,Trey Galloway,0.4048,3.6528,4.0576,Indiana
4747,Trey Green,-2.162,0.1634,-1.9985,Xavier
4748,Trey Hall,-1.2316,-4.7525,-5.9841,UMES
4749,Trey Hicks,-1.9201,1.7362,-0.1839,Longwood
4750,Trey Horton,-1.5545,-0.5961,-2.1506,UTEP
4751,Trey Jackson,-0.8751,-1.4947,-2.3698,Mississippi State
4752,Trey Kaufman-Renn,-0.7386,9.7433,9.0047,Purdue
4753,Trey Lewis,-2.7331,-1.188,-3.9211,Purdue Fort Wayne
4754,Trey Lewis,-2.7331,-1.188,-3.9211,Florida A&M
4755,Trey Miller,-1.4792,0.8142,-0.665,UTRGV
4756,Trey Moss,-1.8138,-1.8788,-3.6926,George Washington
4757,Trey O'Neil,-1.7844,-2.6004,-4.3848,Elon
4758,Trey Parker,-2.2253,1.3092,-0.9161,NC State
4759,Trey Patterson,-0.9492,-1.956,-2.9052,Rice
4760,Trey Pettigrew,-2.8698,-3.6566,-6.5264,Eastern Mich.
4761,Trey Robinson,-1.2764,4.618,3.3416,Northern Ky.
4762,Trey Stewart,0.5019,1.0696,1.5715,BYU
4763,Trey Stuart,0.0682,0.1213,0.1895,TCU
4764,Trey Thomas,-5.6137,1.0065,-4.6071,Bowling Green
4765,Trey Thomas,-5.6137,1.0065,-4.6071,Bethune-Cookman
4766,Trey Townsend,0.1053,2.7682,2.8735,Arizona
4767,Trey Utter,-0.2997,0.0166,-0.2831,SMU
4768,Trey Weiand,-0.1162,-0.0173,-0.1335,Saint Francis
4769,Trey Wilson,-0.4879,-1.9595,-2.4474,Mount St. Mary's
4770,Trey Woodyard,-1.6718,-0.3619,-2.0337,New Hampshire
4771,Trey'Dez Green,-0.5843,-0.0309,-0.6151,LSU
4772,Treysen Eaglestaff,-2.8686,5.0858,2.2172,North Dakota
4773,Treyson Anderson,-1.9305,-0.9898,-2.9203,North Dakota State
4774,Treyton Thompson,-1.1213,-2.3446,-3.4659,Stetson
4775,Tristan Gross,-1.2609,-1.4133,-2.6742,Stetson
4776,Tristen Guillouette,0.1865,-0.7527,-0.5662,FGCU
4777,Triston Wennersten,-1.9967,-2.446,-4.4427,NJIT
4778,Triston Wilson,1.5073,1.5526,3.0599,Presbyterian
4779,Troy Cicero,-0.6004,-1.3566,-1.957,Loyola Maryland
4780,Troy Cole,-0.7105,-1.5281,-2.2385,Southeast Mo. St.
4781,Troy D'Amico,-2.1696,2.8024,0.6328,DePaul
4782,Troy Hupstead,-0.9589,1.1695,0.2106,UT Arlington
4783,Troy McKoy,-2.2571,-1.705,-3.9621,Chicago State
4784,Tru Washington,2.611,2.5784,5.1893,New Mexico
4785,Truth Harris,-3.6849,1.1543,-2.5305,Radford
4786,Tsvet Sotirov,-2.4071,-1.3726,-3.7797,NIU
4787,Tuburu Naivalurua,-2.5026,3.1779,0.6753,Oakland
4788,Tucker Anderson,-0.3395,4.6427,4.3032,Utah State
4789,Tucker DeVries,1.8335,3.967,5.8005,West Virginia
4790,Tunde Vahlberg Fasasi,0.3258,1.5421,1.8679,La Salle
4791,Tuongthach Gatkek,3.2455,1.6938,4.9394,Little Rock
4792,Turner Buttry,-4.054,2.552,-1.502,Eastern Ky.
4793,Ty Berry,0.0974,2.73,2.8275,Northwestern
4794,Ty Bevins,0.1415,-1.0843,-0.9428,George Washington
4795,Ty Blake,-0.4558,-0.0041,-0.4599,Illinois State
4796,Ty Davis,-0.5303,-1.0569,-1.5873,Creighton
4797,Ty Harper,-1.7386,0.3068,-1.4319,Youngstown State
4798,Ty Iwanonkiw,-0.0767,-0.0155,-0.0922,Cornell
4799,Ty Johnson,-1.5108,3.0949,1.5841,UC Davis
4800,Ty Pence,-1.8686,0.6894,-1.1792,Illinois State
4801,Ty Robinson,-0.712,-0.9294,-1.6414,Central Ark.
4802,Ty-Laur Johnson,1.1203,-0.4298,0.6904,Wake Forest
4803,Tybo Bailey,-0.6007,-1.2148,-1.8155,East Carolina
4804,Tycen McDaniels,-0.2392,0.3777,0.1385,Alcorn
4805,Tye Dorset,0.7015,-0.7447,-0.0432,Merrimack
4806,Tyem Freeman,-1.9731,3.885,1.9119,UIC
4807,Tyeree Bryan,0.4646,4.5252,4.9898,Santa Clara
4808,Tyje Kelton,-0.733,0.9883,0.2552,Wagner
4809,Tylan Pope,-1.6945,5.2879,3.5934,Texas State
4810,Tylen Riley,-0.5991,1.0716,0.4725,California Baptist
4811,Tyler Andrews,-1.9746,-0.8568,-2.8314,Eastern Ky.
4812,Tyler Beard,-1.4988,3.6664,2.1675,CSUN
4813,Tyler Behrend,-1.0416,-1.3821,-2.4237,Tulsa
4814,Tyler Betsey,-1.0697,1.7951,0.7254,Cincinnati
4815,Tyler Bilodeau,1.1648,5.7321,6.8969,UCLA
4816,Tyler Boston,-2.163,-0.3166,-2.4796,Holy Cross
4817,Tyler Brelsford,-2.82,-0.6331,-3.453,Morehead State
4818,Tyler Bush,0.1307,0.1161,0.2468,Ga. Southern
4819,Tyler Caron,-0.1107,-0.114,-0.2247,Oklahoma State
4820,Tyler Doyle,-3.1299,2.1117,-1.0181,Bellarmine
4821,Tyler Fearne,-0.0814,0.076,-0.0054,Charlotte
4822,Tyler Harris,-1.5516,4.3439,2.7923,Washington
4823,Tyler Hendricks,0.7496,3.5107,4.2603,UCF
4824,Tyler Johnson,-0.7323,4.4552,3.7229,Virginia Tech
4825,Tyler Johnson,-0.7323,4.4552,3.7229,Mercer
4826,Tyler Linhardt,-4.3298,-0.3385,-4.6684,Idaho
4827,Tyler Lundblade,-4.7873,6.9579,2.1706,Belmont
4828,Tyler Mack,-3.0803,0.9369,-2.1434,Alabama State
4829,Tyler McGhie,-1.8871,6.1698,4.2827,UC San Diego
4830,Tyler Mrus,-3.238,3.8285,0.5904,Idaho
4831,Tyler Myers,-0.5421,-0.4214,-0.9634,Evansville
4832,Tyler Nickel,-0.6672,6.3966,5.7294,Vanderbilt
4833,Tyler Ode,-0.9674,0.7514,-0.216,Toledo
4834,Tyler Olden,-0.2702,0.1884,-0.0818,Western Ky.
4835,Tyler Patterson,-1.0689,2.9173,1.8484,Montana State
4836,Tyler Perkins,2.9182,5.6795,8.5977,Villanova
4837,Tyler Powell,-2.3686,0.7121,-1.6565,Eastern Wash.
4838,Tyler Rice,0.222,-0.0467,0.1753,Hampton
4839,Tyler Ringgold,-1.2085,-1.3562,-2.5647,Tulane
4840,Tyler Rolison,1.6441,1.3921,3.0362,Nevada
4841,Tyler Schmidt,-0.2156,4.9895,4.7738,Valparaiso
4842,Tyler Shirley,-2.0691,-1.3567,-3.4258,Florida A&M
4843,Tyler Tanner,1.3993,3.4165,4.8158,Vanderbilt
4844,Tyler Tejada,-2.5215,4.6316,2.1101,Towson
4845,Tyler Whitney-Sidney,-3.9365,2.1717,-1.7649,Lehigh
4846,Tymo Sternicki,-0.5606,0.2038,-0.3567,Denver
4847,Tymu Chenery,-0.8509,2.6473,1.7965,Binghamton
4848,Tyon Grant-Foster,1.1668,2.6546,3.8213,Grand Canyon
4849,Tyonne Farrell,1.3021,-0.1696,1.1325,Rhode Island
4850,Tyran Cook,-0.1979,-1.3996,-1.5975,Indiana State
4851,Tyran Mason,-0.0468,0.6801,0.6333,North Texas
4852,Tyreck Morris,-4.2884,-1.4409,-5.7294,Saint Peter's
4853,Tyree Ihenacho,1.1093,-0.1531,0.9562,Washington
4854,Tyreese Watson,-2.6981,0.7175,-1.9806,ULM
4855,Tyrel Bladen,-0.0442,-1.5677,-1.6118,Norfolk State
4856,Tyrel Morgan,-1.1618,6.7055,5.5437,Texas State
4857,Tyren Moore,-2.9517,3.2599,0.3082,UAB
4858,Tyrese Elliott,-0.1972,-0.4479,-0.6451,Alcorn
4859,Tyrese Hughey,0.895,-1.7309,-0.8359,Furman
4860,Tyrese Hunter,1.0028,4.6178,5.6206,Memphis
4861,Tyrese Proctor,0.6944,7.2942,7.9886,Duke
4862,Tyriek Weeks,-0.8362,-1.2703,-2.1065,Rider
4863,Tyrin Lawrence,0.9506,3.4132,4.3638,Georgia
4864,Tyrone Marshall,-0.5515,1.9071,1.3556,Western Ky.
4865,Tyrone Riley,1.8978,5.7635,7.6613,San Francisco
4866,Tyruse Boock,-0.0695,-0.1658,-0.2354,Iona
4867,Tyshawn Archie,-1.5374,0.283,-1.2544,Tulsa
4868,Tyson Acuff,-1.8819,3.8114,1.9295,Rutgers
4869,Tyson Brown,-0.3767,0.5418,0.1651,Ga. Southern
4870,Tyson Commander,-2.4349,0.2118,-2.223,Loyola Maryland
4871,Tyson Degenhart,-0.7892,9.6168,8.8276,Boise State
4872,Tyson Dunn,-3.3361,0.0287,-3.3074,Buffalo
4873,Tyson Oghene,-0.4106,-0.3196,-0.7302,Canisius
4874,Tytan Anderson,0.9559,7.3554,8.3113,UNI
4875,Tytan Newton,0.0153,-2.425,-2.4097,Morgan State
4876,Tyzhaun Claude,-0.7966,0.1284,-0.6682,North Carolina
4877,Ubong Abasi Etim,-0.5538,0.3688,-0.1851,Central Ark.
4878,Ubong Okon,0.2401,-3.0618,-2.8217,Alabama State
4879,Ugnius Jarusevicius,-1.6147,3.6113,1.9966,Central Mich.
4880,Ugonna Onyenso,0.568,2.0864,2.6544,Kansas State
4881,Unisa Turay,-0.7758,-2.6542,-3.4301,Utah Tech
4882,Urban Klavzar,0.1551,1.1003,1.2554,Florida
4883,VJ Edgecombe,2.4081,6.2995,8.7076,Baylor
4884,Valentino Pinedo,-1.6381,0.6948,-0.9434,Saint Francis
4885,Varick Lewis,-0.729,0.0761,-0.6529,Long Beach State
4886,Vasean Allette,-0.3336,1.7928,1.4593,TCU
4887,Vasilije Vucinic,-0.2884,0.2415,-0.0469,Weber State
4888,Vasja Pandza,-0.3807,-2.2607,-2.6413,Seattle U
4889,Vason Stevenson,-0.3136,0.0031,-0.3106,Pittsburgh
4890,Veljko Ilic,-2.2472,-1.0412,-3.2884,Loyola Maryland
4891,Ven-Allen Lubin,2.4461,5.6588,8.1049,North Carolina
4892,Veniamin Abosi,0.5852,1.4225,2.0077,San Francisco
4893,Vernon Collins,-0.4985,-1.7696,-2.2681,Western Caro.
4894,Vianney Salatchoum,-0.2703,-0.9575,-1.2278,FIU
4895,Vic Searls,0.1845,1.18,1.3645,Ohio
4896,Vice Zanki,-2.1825,-0.0561,-2.2386,Eastern Wash.
4897,Victor Panov,1.4648,-0.3981,1.0667,Drexel
4898,Victor Payne,-1.4461,1.3103,-0.1359,Saint Francis
4899,Victor Valdes,-0.3721,0.629,0.2569,Troy
4900,Viktor Lakhin,2.9206,5.3656,8.2862,Clemson
4901,Viktor Mikic,-0.3638,-0.2402,-0.604,Florida
4902,Viktor Rajkovic,-0.8539,0.2871,-0.5668,Seattle U
4903,Viljami Vartiainen,-3.7285,2.8599,-0.8686,Weber State
4904,Villiam Garcia Adsten,-0.703,-2.0152,-2.7181,Drexel
4905,Vincent Brady,-0.2631,1.9809,1.7178,Missouri State
4906,Vincent Delano,-3.6622,-1.7376,-5.3997,Portland
4907,Vincent Iwuchukwu,0.5181,-0.1522,0.3659,St. John's (NY)
4908,Vinko Polovic,-0.262,-0.0492,-0.3112,Milwaukee
4909,Vladimer Salaridze,1.6491,4.3905,6.0396,UT Martin
4910,Vladimir Pavlovic,0.0161,-0.3596,-0.3436,California
4911,Vladislav Goldin,2.4646,6.6796,9.1442,Michigan
4912,VonCameron Davis,-0.9982,1.6054,0.6073,Kent State
4913,Vukasin Masic,-1.6605,2.1689,0.5085,Portland
4914,Vyctorius Miller,0.7965,3.6658,4.4623,LSU
4915,Vytautas Zygas,-2.5567,-1.7964,-4.3531,Old Dominion
4916,Wade Neyland,-0.4285,0.2714,-0.1571,Sam Houston
4917,Wade Taylor,2.1959,5.1051,7.301,Texas A&M
4918,Waka Mbatch,-0.1869,-0.4712,-0.6581,Florida State
4919,Walker Andrews,0.4229,-0.3679,0.0549,VMI
4920,Walker Horn,-0.0729,-0.0317,-0.1047,Kentucky
4921,Walt Andrews,-0.3882,-3.4849,-3.8731,NJIT
4922,Walter Clayton,2.1918,10.5103,12.7022,Florida
4923,Walter Hamilton,-1.6651,-0.2601,-1.9252,Mississippi Val.
4924,Warren Marshall,-0.3153,-0.1142,-0.4295,Oakland
4925,Warren Yeh,-2.8256,-0.5109,-3.3365,Alabama A&M
4926,Wayne Bristol,-2.4832,1.5084,-0.9748,Hampton
4927,Wayne McKinney,0.4706,0.0714,0.542,San Diego State
4928,Wes Peterson,-0.4827,-0.3872,-0.8699,Binghamton
4929,Wes Rubin,-1.0955,-0.7081,-1.8036,UNI
4930,Wesley Cardet,-2.4343,2.0981,-0.3362,Providence
4931,Wesley Celichowski,-1.1857,2.0664,0.8807,Air Force
4932,Wesley Johnson,-0.445,0.0891,-0.3559,Campbell
4933,Wesley Oba,-0.0506,-1.1424,-1.1931,Missouri State
4934,Wesley Robinson,-2.4796,2.943,0.4634,Manhattan
4935,Wesley Yates,-1.3538,6.3869,5.0331,Southern California
4936,Weston Aigner,-1.0716,-0.6326,-1.7042,Evansville
4937,Weston Coggeshall,0.0166,-0.1531,-0.1366,South Carolina
4938,Wilder Evers,-0.0972,0.0045,-0.0927,Kansas
4939,Wilguens Jr Exacte,-2.3109,-1.349,-3.6598,Bowling Green
4940,Wilhelm Breidenbach,-0.1566,0.2445,0.0879,Washington
4941,Will Allen,0.1923,-0.7785,-0.5862,Louisiana Tech
4942,Will Amica,-2.0701,-2.9969,-5.067,Le Moyne
4943,Will Berg,2.1369,0.8624,2.9992,Purdue
4944,Will Coble,-0.4368,-0.9136,-1.3504,App State
4945,Will Cooper,-2.3299,-0.435,-2.765,Air Force
4946,Will Eggemeier,-0.0546,-0.1265,-0.181,Boston College
4947,Will Felton,-0.2751,1.0325,0.7574,N.C. A&T
4948,Will Gibson,-0.6468,-0.3985,-1.0453,Liberty
4949,Will Heimbrodt,1.5705,0.5809,2.1515,Seattle U
4950,Will Hornseth,-0.4265,2.9931,2.5666,UNI
4951,Will Johnston,-1.7149,3.6923,1.9774,LMU (CA)
4952,Will Kuykendall,0.0697,-0.1507,-0.081,Arizona
4953,Will Lange,-1.0332,-0.5359,-1.5692,Saint Joseph's
4954,Will Lovings-Watts,-0.985,-0.5111,-1.4961,James Madison
4955,Will Maxwell,-0.0265,-0.0445,-0.071,Dayton
4956,Will McClendon,-1.9032,2.6808,0.7776,San Jose State
4957,Will Menaugh,-0.0252,-0.2627,-0.288,Arizona
4958,Will Moore,-1.1298,-0.8996,-2.0294,Marshall
4959,Will Pruitt,-0.8141,3.5043,2.6902,Lipscomb
4960,Will Richard,3.1891,7.2869,10.476,Florida
4961,Will Richardson,-0.3847,-1.6881,-2.0728,Fordham
4962,Will Riley,0.1617,8.6412,8.8028,Illinois
4963,Will Shaver,-0.1674,-0.0854,-0.2528,UAB
4964,Will Shortt,-1.4142,-1.1786,-2.5928,Niagara
4965,Will Soucie,-0.8591,1.6705,0.8115,North Ala.
4966,Will Sydnor,-3.1624,0.9199,-2.2425,Manhattan
4967,Will Thengvall,-0.3684,-0.1264,-0.4947,Kansas
4968,Will Thomas,-5.1584,2.7777,-2.3807,Morgan State
4969,Will Tschetter,-1.0964,4.1405,3.044,Michigan
4970,William Humer,-1.5303,-0.3588,-1.8891,Northern Colo.
4971,William Jeffress,-0.5509,1.6977,1.1468,Louisiana Tech
4972,William Kermoury,-1.8387,2.0479,0.2092,Northeastern
4973,William Kyle,0.017,1.6788,1.6958,UCLA
4974,William Scott,-0.9313,-2.3064,-3.2377,Canisius
4975,William Whorton,0.4109,1.0251,1.436,South Dakota State
4976,Willie Lightfoot,-0.8413,-1.4718,-2.3131,Alcorn
4977,Willie Williams,-1.7352,1.536,-0.1992,Northwestern State
4978,Wilson Dubinsky,0.0222,4.1487,4.1708,South Carolina State
4979,Win Miller,-1.2789,-2.0316,-3.3105,Belmont
4980,Wisler Sanon,1.0188,-1.5957,-0.5769,Saint Francis
4981,Woody Newton,1.94,1.5513,3.4912,George Mason
4982,Wooga Poplar,-0.0657,5.1143,5.0486,Villanova
4983,Wyatt DeGraaf,-0.1501,-0.5061,-0.6562,Brown
4984,Wyatt Fricks,-0.763,-0.274,-1.037,Marshall
4985,Wyatt Nausadis,0.2438,-1.9224,-1.6786,American
4986,Wynston Tabbs,-3.4891,1.3314,-2.1576,Morgan State
4987,Xaivian Lee,-0.286,6.1916,5.9055,Princeton
4988,Xander Wedlow,-0.1981,-1.4,-1.5981,St. Bonaventure
4989,Xavier Amos,-0.5081,1.9891,1.481,Wisconsin
4990,Xavier Bell,-2.0079,2.6701,0.6621,Wichita State
4991,Xavier Booker,-0.233,-0.2557,-0.4887,Michigan State
4992,Xavier Brown,-0.3024,3.1998,2.8974,James Madison
4993,Xavier DuSell,-1.8829,2.226,0.3432,Nevada
4994,Xavier Foster,0.039,-2.0915,-2.0525,Radford
4995,Xavier Lipscomb,-1.367,0.3671,-0.9999,Mount St. Mary's
4996,Xavier Nesbitt,-0.6623,-1.8776,-2.5398,Harvard
4997,Xavier Sykes,-1.457,-1.9345,-3.3915,Southern Utah
4998,Xinyi Li,-1.6177,-0.7613,-2.379,LIU
4999,Xzavier Lino,-2.1469,0.7372,-1.4097,UMass Lowell
5000,Xzavier Long,-0.9375,0.5715,-0.366,Hampton
5001,Xzayvier Brown,-0.0135,4.6908,4.6773,Saint Joseph's
5002,Yacine Toumi,-0.4112,-0.7847,-1.1959,Seton Hall
5003,Yame Butler,-1.2018,3.3809,2.1791,Drexel
5004,Yanic Konan Niederhauser,2.1202,3.9265,6.0467,Penn State
5005,Yaniel Rivera,-0.2522,-1.4661,-1.7183,Abilene Christian
5006,Yanis Bamba,-0.0276,0.2588,0.2312,Wichita State
5007,Yann Farell,-2.179,2.1826,0.0037,East Carolina
5008,Yaphet Moundi,-0.6355,0.6675,0.032,Iona
5009,Yaqub Mir,-0.0881,-0.3511,-0.4391,UC San Diego
5010,Yassine Gharram,-1.5827,0.5944,-0.9883,Yale
5011,Yaxel Lendeborg,1.0907,10.5086,11.5993,UAB
5012,Yoav Berman,-0.97,-0.1341,-1.1042,Queens (NC)
5013,Yoda Oke,-0.2725,-0.795,-1.0675,Air Force
5014,Yohan Traore,-3.352,0.9447,-2.4074,SMU
5015,Yonatan Levy,-1.4354,-1.5384,-2.9738,Green Bay
5016,Yoro Diallo,0.8434,-2.1449,-1.3015,Winthrop
5017,Youri Fritz,2.0329,0.9796,3.0124,Northeastern
5018,Youssef Khayat,-0.4608,1.126,0.6653,Bowling Green
5019,Youssouf Singare,0.5405,-0.5471,-0.0066,UConn
5020,Yuri Covington,-2.9563,1.2569,-1.6993,UMass Lowell
5021,Yusef Salih,-1.5654,1.2018,-0.3637,East Texas A&M
5022,Yussif Basa-Ama,-0.2742,-0.0258,-0.3,Miami (FL)
5023,Yusuf Jihad,-4.1751,1.2827,-2.8924,Eastern Mich.
5024,Yvens Paul,-0.1323,-0.3224,-0.4548,Eastern Ky.
5025,Zaakir Sawyer,-1.6209,0.7327,-0.8882,Prairie View
5026,Zaakir Williamson,-0.2066,-0.9405,-1.1471,Saint Peter's
5027,Zach Anderson,2.0293,3.0536,5.0829,George Mason
5028,Zach Bell,-0.6524,0.9637,0.3112,Jacksonville
5029,Zach Bloch,-2.2051,2.8643,0.6592,Northern Colo.
5030,Zach Clemence,0.7409,-0.4862,0.2547,Kansas
5031,Zach Cleveland,0.8842,2.2642,3.1484,Liberty
5032,Zach Freemantle,2.1004,5.4131,7.5136,Xavier
5033,Zach Gonsoulin,0.1004,0.7644,0.8648,UTSA
5034,Zach Hicks,0.0169,5.9787,5.9956,Penn State
5035,Zach Keller,-0.183,-0.196,-0.379,Utah
5036,Zach Kraft,-3.6082,0.3949,-3.2133,North Dakota
5037,Zach Lamey,0.1736,0.4064,0.58,Lipscomb
5038,Zach Laput,-1.7729,2.4891,0.7161,Davidson
5039,Zach Martini,-0.1285,2.4145,2.286,Rutgers
5040,Zach Matulu,-1.8508,-2.7661,-4.6169,UAlbany
5041,Zach Reed,-0.4722,-4.7478,-5.2199,Bellarmine
5042,Zach Reinhart,-5.3751,-1.5801,-6.9552,Ark.-Pine Bluff
5043,Zach Riley,-1.865,-1.0888,-2.9538,Fordham
5044,Zach Tow,-0.0937,-0.0372,-0.1309,Kentucky
5045,Zachariah Mianab,-0.222,-0.1038,-0.3259,UT Arlington
5046,Zachary Davis,-0.5083,1.998,1.4897,South Carolina
5047,Zachary Jones,-0.2982,-0.1266,-0.4248,Saint Francis
5048,Zachary Royster,-0.2198,0.0342,-0.1856,Loyola Chicago
5049,Zachary Visentin,-1.3391,1.9714,0.6323,Cal St. Fullerton
5050,Zachiah Clark,0.0072,-0.9974,-0.9902,UC Santa Barbara
5051,Zack Austin,-0.1274,5.9705,5.8432,Pittsburgh
5052,Zack Davidson,-0.3669,-1.2226,-1.5895,Montana
5053,Zack Markus,0.7407,0.9885,1.7292,Kansas City
5054,Zae Blake,-3.2208,0.8777,-2.3431,Wagner
5055,Zahree Harrison,-3.4763,-4.412,-7.8884,Coppin State
5056,Zaide Lowery,-0.3676,2.3691,2.0015,Marquette
5057,Zaire Hayes,-3.58,1.9015,-1.6785,Texas Southern
5058,Zaire Williams,-0.5128,0.0244,-0.4884,Wagner
5059,Zakai Zeigler,2.5612,7.0406,9.6018,Tennessee
5060,Zamoku Weluche-Ume,-0.189,-0.2233,-0.4123,George Washington
5061,Zander Yates,-0.4702,1.7914,1.3212,Liberty
5062,Zane Adnan,-0.5892,-0.1345,-0.7237,UAlbany
5063,Zane Butler,-0.1801,0.4926,0.3125,Arkansas State
5064,Zane Doughty,0.0854,-0.0321,0.0534,Ball State
5065,Zaon Collins,-1.6499,2.5965,0.9465,Fresno St.
5066,Zarique Nutter,-2.8801,-0.6416,-3.5217,Georgia State
5067,Zavian McLean,-1.6167,5.1568,3.5401,FGCU
5068,Zavier Banks,-0.5105,0.5171,0.0066,Oakland
5069,Zavier Fitch,0.1936,-0.8321,-0.6385,Wagner
5070,Zawdie Jackson,-0.2542,3.5083,3.254,New Mexico State
5071,Zaxton King,-1.3391,1.5192,0.1801,Missouri State
5072,Ze'rik Onyema,-1.0184,0.7171,-0.3013,Texas
5073,Zeb Jackson,0.3046,5.6376,5.9422,VCU
5074,Zed Key,-0.8585,3.6102,2.7518,Dayton
5075,Zek Montgomery,1.4073,2.0052,3.4125,Bradley
5076,Zek Tekin,-2.4511,-0.44,-2.8911,Le Moyne
5077,Zeke Cook,-1.533,-2.7334,-4.2664,Louisiana
5078,Zeke Mayo,0.6723,5.5927,6.265,Kansas
5079,Zhuric Phelps,0.4514,3.3069,3.7583,Texas A&M
5080,Zimi Nwokeji,-1.7587,2.6686,0.9099,Jacksonville
5081,Zine Eddine Bedri,-0.2681,2.6272,2.3591,Columbia
5082,Zio Kim,-0.1478,-0.3944,-0.5422,Princeton
5083,Zion Bethea,-3.0754,-1.3534,-4.4288,Pepperdine
5084,Zion Cruz,-3.3457,1.3156,-2.0301,Rider
5085,Zion Fruster,-1.6475,-1.6617,-3.3092,Eastern Ill.
5086,Zion Harmon,-0.1461,-0.9186,-1.0647,Seton Hall
5087,Zion Pipkin,0.2354,0.3096,0.545,Wichita State
5088,Zion Richardson,-2.803,3.3867,0.5837,Cal St. Fullerton
5089,Zion Russell,-2.9369,-0.8878,-3.8247,Niagara
5090,Zion Sensley,-1.2292,0.5928,-0.6363,UC Santa Barbara
5091,Zion Stanford,-2.0398,2.8084,0.7686,Temple
5092,Zion Walker,-2.9244,2.1114,-0.8129,Radford
5093,Zion Willburn,-2.4667,-1.8001,-4.2668,Samford
5094,Zocko Littleton,-0.0382,-2.8033,-2.8415,Rider
5095,Zoom Diallo,-1.997,4.1113,2.1143,Washington
5096,Zuby Ejiofor,2.9373,7.5953,10.5326,St. John's (NY)
5097,Zvonimir Ivisic,3.2077,3.2914,6.4991,Arkansas
5098,Zytarious Mortle,2.1557,-1.7194,0.4363,Texas Southern
