,player,DRAPM,ORAPM,Total_RAPM
0,A'lahn Sumler,0.6212,3.0926,3.7138
1,AB Coulibaly,-0.2802,-1.4043,-1.6845
2,AC Bryant,0.1911,3.7924,3.9835
3,AD Diedhiou,1.9165,0.0086,1.9251
4,AJ Allenspach,-0.1017,1.6679,1.5662
5,AJ Barnes,1.1171,0.7093,1.8263
6,AJ Bates,1.1199,4.3618,5.4817
7,AJ Braun,2.8973,1.324,4.2213
8,AJ Brown,-0.2132,2.5064,2.2932
9,AJ Burgin,1.5405,3.1652,4.7057
10,AJ Cajuste,1.2126,4.4398,5.6524
11,AJ Casey,2.0629,0.0361,2.099
12,AJ Clark,2.2431,-2.8381,-0.595
13,AJ Clayton,3.2547,5.5649,8.8195
14,AJ Dancler,-0.5416,-0.3292,-0.8707
15,AJ Dent,-1.5501,0.2382,-1.3119
16,AJ Dybantsa,3.0075,6.418,9.4255
17,AJ Economou,0.3621,-0.262,0.1001
18,AJ Ferguson,1.7464,3.2017,4.9481
19,AJ Fowler,-0.3951,-0.3138,-0.7089
20,AJ George,0.0257,3.6779,3.7036
21,AJ Hoggard,2.0775,4.8577,6.9352
22,AJ Hopkins,4.1415,-2.1438,1.9977
23,AJ Hoynack,-0.9629,-0.2192,-1.1821
24,AJ LaBeau,1.5585,-0.3303,1.2281
25,AJ Levine,2.0264,0.9659,2.9924
26,AJ Lopez,-1.0034,2.1489,1.1455
27,AJ Lux,2.5389,-1.9049,0.634
28,AJ Magbegor,2.0061,-1.8492,0.1569
29,AJ McBride,-0.1,-0.2733,-0.3733
30,AJ McGinnis,1.5356,2.2651,3.8007
31,AJ McKee,0.0631,2.8051,2.8682
32,AJ Neal,-1.7221,0.9586,-0.7635
33,AJ Patterson,0.154,-1.2243,-1.0703
34,AJ Redd,0.0326,-0.5563,-0.5236
35,AJ Riggs,1.4501,0.1335,1.5836
36,AJ Robinson,-0.303,-0.4024,-0.7054
37,AJ Rodriguez,0.1833,-0.4781,-0.2949
38,AJ Rohosy,0.8852,3.2783,4.1635
39,AJ Shaw,-1.0493,-1.5539,-2.6031
40,AJ Smith,1.4536,3.2023,4.6558
41,AJ Staton-McCray,1.7022,3.198,4.9002
42,AJ Storr,-0.52,1.5225,1.0024
43,AJ Swinton,1.2796,1.6441,2.9237
44,AJ Thomas,-0.7778,-0.9054,-1.6832
45,AJ Wills,-0.8567,-0.5588,-1.4155
46,AK Fihla,-0.1999,-0.0828,-0.2826
47,AK Okereke,2.4829,5.683,8.1659
48,Aa'reyon Munir-Jones,0.6746,0.8717,1.5463
49,Aamer Muhammad,-0.1359,1.2396,1.1037
50,Aanen Moody,1.7012,6.4131,8.1143
51,Aaron Bradshaw,3.0888,3.026,6.1148
52,Aaron Cash,3.1943,3.5072,6.7015
53,Aaron Clark,0.1938,1.9332,2.127
54,Aaron Clarke,2.203,1.5734,3.7764
55,Aaron Cooley,1.1122,0.8149,1.927
56,Aaron Davis,-0.5085,1.6467,1.1383
57,Aaron Deloney,2.6725,2.5293,5.2018
58,Aaron Estrada,2.2643,8.1804,10.4447
59,Aaron Fine,-0.3301,0.2259,-0.1042
60,Aaron Franklin,-0.3208,0.5169,0.196
61,Aaron Gray,-1.722,0.2672,-1.4548
62,Aaron Harden,0.2392,-1.4807,-1.2415
63,Aaron Humphrey,0.0599,0.4622,0.5222
64,Aaron Hunkin-Claytor,3.18,1.9214,5.1013
65,Aaron Jacob,-0.8373,1.1876,0.3503
66,Aaron McBride,6.2669,1.96,8.2269
67,Aaron Nkrumah,2.1859,3.3177,5.5037
68,Aaron Oh,-0.2638,-0.3738,-0.6376
69,Aaron Potter,0.0904,0.3698,0.4603
70,Aaron Powell,0.0549,-1.1421,-1.0873
71,Aaron Price,1.3615,-2.7231,-1.3616
72,Aaron Reddish,1.2238,0.3473,1.5712
73,Aaron Scott,5.0266,1.9879,7.0145
74,Aaron Smith,1.2727,-1.8547,-0.582
75,Abass Bodija,0.6052,-0.4421,0.1631
76,Abdi Bashir,-2.3437,2.2377,-0.106
77,Abdou Khadre Kebe,0.6537,-2.1183,-1.4646
78,Abdou Samb,-1.0665,-5.2053,-6.2719
79,Abdou Tsimbila,1.1257,-0.8715,0.2542
80,Abdou Yadd,-2.9091,-2.4599,-5.369
81,Abdoul Karim Coulibaly,2.3221,0.3515,2.6736
82,Abdoulaye Fall,-0.7192,0.7075,-0.0117
83,Abdoulaye Thiam,0.1263,3.5531,3.6794
84,Abdul Momoh,4.5757,2.311,6.8867
85,Abdulai Fanta Kabba,3.3732,-1.2156,2.1576
86,Abdullah Ahmed,0.8032,0.912,1.7152
87,Abdullah Amzil,0.0064,0.7116,0.718
88,Abdullah Olajuwon,2.2396,-2.5888,-0.3492
89,Abdullahi Bashir,-0.4837,0.7267,0.243
90,Abe Atiyeh,-0.7648,-0.0529,-0.8177
91,Abe Johnson,2.4607,0.7397,3.2004
92,Abijah Franklin,2.652,-0.8886,1.7633
93,Abou Magassa,3.2306,0.9152,4.1458
94,Abou Ousmane,5.8072,1.2962,7.1034
95,Aboubacar Traore,1.5715,1.2774,2.8488
96,Abraham Oyeadier,0.2978,-0.208,0.0898
97,Abramo Canka,-2.884,-1.1011,-3.9851
98,Acaden Lewis,-1.0316,1.3203,0.2887
99,Ace Bailey,4.6036,6.5177,11.1214
100,Ace Baldwin,3.524,7.1045,10.6285
101,Ace Buckner,-2.3099,2.7507,0.4408
102,Ace Flagg,-0.2256,-0.6097,-0.8353
103,Ace Glass lll,1.5582,5.5149,7.0731
104,Ace Talbert,1.5961,-2.512,-0.9158
105,Ace Valentine,0.8436,3.1079,3.9515
106,Achile Spadone,2.1485,1.59,3.7385
107,Achille Lonati,-1.3249,1.072,-0.2529
108,Achor Achor,3.445,1.7231,5.1681
109,Adam Benhayoune,-1.4522,-0.27,-1.7223
110,Adam Cisse,1.0787,0.5279,1.6066
111,Adam Clark,6.3441,3.7255,10.0696
112,Adam Comer,-0.6168,-1.7321,-2.3488
113,Adam Hamilton,1.4668,1.0204,2.4872
114,Adam Harakow,-1.6136,3.7669,2.1533
115,Adam Hess,-0.4433,1.4198,0.9766
116,Adam Hinton,-0.0537,6.5115,6.4578
117,Adam Holod,0.3851,-0.2348,0.1503
118,Adam Larson,-1.7971,-3.6263,-5.4234
119,Adam Miller,3.6677,3.1725,6.8402
120,Adam Moussa,1.3783,0.6632,2.0415
121,Adam Njie,0.5924,0.9826,1.575
122,Adam Olsen,0.4502,1.2735,1.7237
123,Adam Shoff,-0.1879,-0.3864,-0.5742
124,Adam Stewart,0.2314,-0.1686,0.0628
125,Adam Tauer,0.2835,0.7497,1.0332
126,Adama Bal,2.1809,4.7405,6.9214
127,Adante' Holiman,-0.6776,0.5833,-0.0943
128,Aday Mara,4.852,3.9108,8.7627
129,Addarin Scott,-0.9622,-0.1963,-1.1585
130,Addison Archer,-1.5799,-0.1147,-1.6946
131,Addison Arnold,-0.166,-0.1183,-0.2843
132,Addison Patterson,4.9123,0.1649,5.0773
133,Ade Adebayo,3.0035,1.9996,5.0031
134,Ade Popoola,0.2351,5.628,5.8631
135,Adefemi Akinwole,0.22,0.2205,0.4405
136,Adem Bona,4.7526,1.5699,6.3225
137,Ademide Badmus,-0.5838,-0.6656,-1.2494
138,Ademola Oladipo,-0.2434,0.7472,0.5038
139,Aden Haas,-0.6177,-0.3374,-0.9551
140,Aden Holloway,2.0832,7.7216,9.8048
141,Aden Tagaloa-Nelson,-0.0999,-0.3541,-0.454
142,Adeola Seun,8.9723,-3.445,5.5272
143,Adetokunbo Bakare,1.2503,1.9371,3.1874
144,Adlan Elamin,1.1597,4.4269,5.5866
145,Adou Thiero,3.7182,2.906,6.6242
146,Adrame Diongue,1.9311,-0.044,1.8871
147,Adria Rodriguez,3.66,0.7385,4.3985
148,Adrian McIntyre,0.856,2.6049,3.4609
149,Adrian Myers,-2.0386,-1.4197,-3.4583
150,Adrian Samuels,4.3852,0.0129,4.3981
151,Adrian Uchidiuno,1.5959,-1.5972,-0.0012
152,Adrian Wooley,4.4309,5.8,10.2308
153,Adriel Nyorha,-0.9152,2.4008,1.4856
154,Adrien Stevens,0.9948,2.3672,3.362
155,Afan Trnka,0.9742,-2.7961,-1.8219
156,Aginaldo Neto,3.1399,1.0837,4.2236
157,Ahamad Bynum,-0.3167,2.6304,2.3137
158,Ahjany Lee,-0.1345,0.4564,0.3219
159,Ahmad Hamilton,-0.0568,-1.2462,-1.303
160,Ahmad Henderson,-0.2202,1.2468,1.0266
161,Ahmad Nowell,-0.3321,3.0246,2.6925
162,Ahmad Robinson,3.1469,2.1194,5.2663
163,Ahmard Harvey,1.8237,0.9898,2.8135
164,Ahmed Barba-Bey,-1.0639,-0.0845,-1.1485
165,Ahmed Essahaty,-1.4465,-0.5142,-1.9607
166,Ahmet Jonovic,2.5876,1.4043,3.9919
167,Ahmir Langlais,1.6418,-3.4471,-1.8054
168,Ahren Freeman,1.5324,0.7785,2.3109
169,Ahron Ulis,-0.2553,-1.7676,-2.0229
170,Aidan Alexander,0.2541,-1.2934,-1.0393
171,Aidan Braccia,0.4019,0.3461,0.7481
172,Aidan Burke,2.3443,4.3462,6.6905
173,Aidan Cammann,2.5526,3.9409,6.4936
174,Aidan Carpenter,2.2101,3.2656,5.4757
175,Aidan Crotty,-0.1364,-0.4259,-0.5623
176,Aidan Driggers,1.6413,0.9351,2.5764
177,Aidan Hadaway,4.1267,3.4377,7.5644
178,Aidan Harris,1.4327,1.563,2.9956
179,Aidan Haskins,2.5661,-0.1572,2.4089
180,Aidan Igiehon,-0.1811,-2.289,-2.4701
181,Aidan Kehoe,1.0521,-2.3483,-1.2962
182,Aidan Konop,-0.4836,-0.0064,-0.49
183,Aidan Mahaney,-0.018,2.0036,1.9856
184,Aidan McCool,-0.0822,-1.8641,-1.9463
185,Aidan Mckeon,0.3832,-0.9866,-0.6034
186,Aidan Noyes,0.1875,3.4794,3.6669
187,Aidan Prukop,0.2635,0.528,0.7915
188,Aidan Reichert,0.1916,3.4522,3.6437
189,Aidan Richard,1.0905,-0.8713,0.2192
190,Aidan Rubio,-1.206,-1.5801,-2.786
191,Aidan Sevilla,0.0528,0.7758,0.8286
192,Aidan Shaw,1.1016,1.8373,2.9389
193,Aidan Skradis,0.517,0.0098,0.5268
194,Aiden Argabright,2.6753,2.3314,5.0067
195,Aiden Goins,2.9835,-2.1485,0.8349
196,Aiden Miller,-1.6934,1.9166,0.2232
197,Aiden Sherrell,3.423,5.9221,9.3451
198,Aiden Terry,0.546,0.161,0.707
199,Aiden Tobiason,-1.7385,4.2154,2.477
200,Aime Rutayisire,-0.1359,0.8225,0.6866
201,Airion Simmons,5.2965,-1.0479,4.2486
202,Aitor Anabitarte,2.2422,1.3889,3.6311
203,Ajay Holubar,-0.0883,1.8865,1.7982
204,Ajay Mitchell,4.4474,3.474,7.9214
205,Ajay Sheldon,0.3527,2.7345,3.0872
206,Ajay Tew,0.3263,1.1556,1.4819
207,Akai Fleming,1.1462,2.2297,3.3759
208,Akil Watson,-0.4267,-1.9819,-2.4085
209,Akili Evans,0.4972,-2.477,-1.9798
210,Akili Vining,-0.0414,1.8391,1.7978
211,Akintola Akinniyi,0.0731,0.1133,0.1863
212,Akira Jacobs,0.4846,1.6516,2.1362
213,Akiva McBirney-Griffin,2.2928,-2.9232,-0.6305
214,Akok Akok,0.61,-1.5357,-0.9257
215,Akol Mawein,0.3592,-0.0923,0.2669
216,Akrum Ahemed,6.2545,-0.2227,6.0318
217,Akuel Kot,0.9061,1.4966,2.4028
218,Al Amadou,-0.7747,-1.8184,-2.5931
219,Al Green,-2.245,3.0918,0.8468
220,Al-Amir Dawes,-1.5966,3.4011,1.8045
221,Alaaeddine Boutayeb,0.2814,-1.0559,-0.7745
222,Albe Evans,0.8692,-1.0366,-0.1674
223,Albert Vargas,0.1161,1.8948,2.011
224,Alden Applewhite,-0.5818,4.4189,3.8371
225,Alec Blair,0.2242,0.1018,0.326
226,Alec Millender,-0.1847,1.2456,1.061
227,Alec Oglesby,0.6498,1.0277,1.6774
228,Alec Pfriem,1.874,-0.8513,1.0227
229,Alec Squires,1.4155,-0.543,0.8725
230,Alec Woodard,-0.4582,-1.0972,-1.5554
231,Alejandro Aviles,2.9698,-1.059,1.9108
232,Alejandro Ralat,-0.1901,0.4579,0.2678
233,Alejandro Vasquez,0.6266,1.0344,1.661
234,Alek Delev,0.2857,-0.1657,0.12
235,Aleks Alston,-0.6081,-2.5099,-3.118
236,Aleks Szymczyk,0.2365,-4.6133,-4.3768
237,Aleksa Lekic,0.1519,-0.3552,-0.2033
238,Aleksa Ristic,-1.0819,-0.2664,-1.3483
239,Aleksa Vlajic,0.1892,0.2386,0.4278
240,Aleksandar Gavalyugov,-0.2155,0.6661,0.4506
241,Aleksander Pachucki,-3.2834,-1.3821,-4.6655
242,Aleksas Bieliauskas,-0.3517,4.2137,3.862
243,Aleksej Kostic,-0.4512,0.5116,0.0604
244,Alem Fejzic,0.761,-1.82,-1.059
245,Alem Huseinovic,1.6692,4.3831,6.0524
246,Alex Anamekwe,-0.6882,-0.9357,-1.6238
247,Alex Anderson,-3.4042,0.3304,-3.0739
248,Alex Andrews,-0.0969,-0.1001,-0.197
249,Alex Bates,2.7239,-2.9393,-0.2154
250,Alex Bossinakis,0.4604,0.1857,0.6462
251,Alex Bruskotter,0.2898,1.9559,2.2457
252,Alex Capitano,0.1412,-0.3182,-0.177
253,Alex Chaikin,1.9778,4.0262,6.004
254,Alex Condon,6.6669,4.3341,11.001
255,Alex Cotton,-1.3337,0.9972,-0.3365
256,Alex Crawford,-0.9033,-1.7243,-2.6276
257,Alex Daniels,0.1678,-0.1209,0.0469
258,Alex Doyle,-2.4315,-0.3071,-2.7386
259,Alex Ducas,4.4093,1.4353,5.8446
260,Alex Dupre,0.3609,1.174,1.5349
261,Alex Engro,0.0641,-0.9376,-0.8735
262,Alex Farley,0.0777,0.0818,0.1595
263,Alex Garcia,-1.6171,0.0973,-1.5198
264,Alex Hemenway,0.583,0.0428,0.6257
265,Alex Holt,2.1266,1.7234,3.8499
266,Alex Horiuk,-0.1853,-3.1534,-3.3387
267,Alex Huguet Carrasco,2.0061,-0.5419,1.4643
268,Alex Huibregtse,-0.0225,5.7238,5.7013
269,Alex Karaban,5.1953,9.4825,14.6778
270,Alex Kazanecki,-1.5813,4.4289,2.8476
271,Alex Klatsky,-0.6788,-0.5449,-1.2237
272,Alex Koch,1.1119,-0.0606,1.0513
273,Alex Kotov,0.6016,-5.2471,-4.6455
274,Alex Kovatchev,1.8871,-1.3025,0.5845
275,Alex Leiba,1.1202,0.0168,1.137
276,Alex Lloyd,0.1602,-0.9583,-0.7981
277,Alex Massung,-0.7625,0.9271,0.1646
278,Alex McFadden,-1.2248,0.6879,-0.5369
279,Alex Merkviladze,2.1961,3.6477,5.8437
280,Alex Molofeev,0.0327,-2.5038,-2.4711
281,Alex Nokes,0.6165,0.6502,1.2666
282,Alex Nunnally,-0.2232,-0.7551,-0.9782
283,Alex Odam,2.3524,-0.5763,1.776
284,Alex Olander,0.1027,-0.1354,-0.0327
285,Alex Raiford,-0.0454,1.5904,1.545
286,Alex Schumacher,2.8926,0.0191,2.9117
287,Alex Sobel,2.0299,1.1511,3.181
288,Alex Steen,-0.5282,3.2371,2.7089
289,Alex Tavares,0.6095,-0.5048,0.1047
290,Alex Tchikou,-0.0245,-0.7562,-0.7808
291,Alex Tew,2.2528,-0.2568,1.996
292,Alex Timmerman,2.5848,1.6514,4.2361
293,Alex Tsynkevich,-1.2099,-4.6684,-5.8782
294,Alex Vertus,0.4587,0.482,0.9407
295,Alex Wade,0.8071,-1.6581,-0.851
296,Alex Wilkins,1.3162,2.7303,4.0465
297,Alex Williams,-1.0458,2.7652,1.7194
298,Alex Woodring,-0.1255,0.0484,-0.0771
299,Alexander Daushvili,0.2929,0.3526,0.6455
300,Alexander Lesburt,2.2649,3.9552,6.2201
301,Alexander Nwagha,-0.1542,-3.8273,-3.9815
302,Alexander Payne,2.5811,1.2041,3.7851
303,Alexander Richardson,-1.4973,0.1945,-1.3027
304,Alexis Marmolejos,2.136,0.6674,2.8034
305,Alexis Reyes,0.5196,1.0417,1.5613
306,Alexis Yetna,-0.1844,0.2062,0.0218
307,Alfred Worrell,-1.3779,0.2431,-1.1348
308,Alfredo Addesa,-0.2862,1.5205,1.2343
309,Alfredo Boglio,3.9903,-2.5849,1.4055
310,Ali Ali,1.671,1.9477,3.6187
311,Ali Assran,-1.0355,-0.651,-1.6866
312,Ali Dibba,1.4023,3.5029,4.9052
313,Ali Ragab,1.9531,1.3513,3.3044
314,Alier Maluk,1.7893,-1.0902,0.6991
315,Alijah Adem,0.8657,0.3057,1.1713
316,Alijah Arenas,0.6167,1.0832,1.6999
317,Alijah Curry,1.1226,0.1992,1.3218
318,Alijah Martin,2.5882,4.5429,7.131
319,Alimamy Koroma,0.8332,-1.9735,-1.1403
320,Aliou Cisse,-1.5817,-0.2394,-1.8211
321,All Wright,0.1528,3.8978,4.0505
322,Allan Jeanne-Rose,1.8979,1.2389,3.1368
323,Allen Betrand,-0.5106,3.1616,2.651
324,Allen David Mukeba,0.8305,2.1722,3.0027
325,Allen Flanigan,4.0874,2.0513,6.1387
326,Allen Graves,-1.1886,4.4416,3.253
327,Allen Mukeba,3.9241,3.362,7.2862
328,Allen Myers,-0.2168,-0.266,-0.4827
329,Allen Powell,0.7593,0.7522,1.5115
330,Allen Strothers,2.2432,1.9063,4.1495
331,Allen Udemadu,0.3976,-2.7882,-2.3906
332,Alliou Fall,5.8381,-0.8847,4.9533
333,Almar Atlason,1.5513,2.064,3.6153
334,Alon Michaeli,-1.9015,2.9366,1.0351
335,Alonso Faure,1.3712,-3.1163,-1.7451
336,Alonzo Dodd,1.2278,3.9636,5.1914
337,Alonzo Gaffney,1.4692,1.9987,3.4678
338,Alpha Chibambe,-0.7799,1.3591,0.5792
339,Alphonzo Billups,-1.4188,-0.2767,-1.6954
340,Alston Andrews,3.1734,-3.4682,-0.2948
341,Alston Mason,2.153,2.324,4.477
342,Alton Hamilton,1.2108,4.5347,5.7455
343,Alvaro Cardenas,1.3931,5.196,6.5891
344,Alvaro Folgueiras,3.9255,4.243,8.1685
345,Alvin Loving,1.0148,0.8954,1.9102
346,Alvin Stredic,-1.2366,-3.777,-5.0137
347,Alvin Tumblin,0.2529,0.056,0.3089
348,Always Wright,0.9051,0.2157,1.1209
349,Aly Khalifa,3.5635,3.9028,7.4663
350,Aly Tounkara,5.8899,-0.263,5.6269
351,Alyn Breed,1.3206,-1.2926,0.028
352,Ama Sow,0.2784,0.6107,0.8891
353,Amaan Sandhu,0.2754,0.2972,0.5726
354,Amadou Doumbia,1.7886,-0.3811,1.4074
355,Amael L'Etang,3.068,1.4681,4.5361
356,Amahrie Simpkins,2.1929,0.3418,2.5347
357,Amani Drummond,0.762,-0.9463,-0.1844
358,Amani Hansberry,4.175,7.2954,11.4704
359,Amani Lyles,1.4527,3.7457,5.1984
360,Amanze Ngumezi,2.7374,-3.6213,-0.8839
361,Amar Amkou,-0.5626,3.6587,3.0961
362,Amar Augillard,-1.2545,-0.9169,-2.1714
363,Amar Kuljuhovic,0.4551,2.6071,3.0622
364,Amar'e Marshall,-0.8755,2.9086,2.0332
365,Amarco Doyle,0.3906,0.413,0.8035
366,Amare Allen,-0.1661,-5.0113,-5.1775
367,Amare Bynum,0.8337,4.1249,4.9586
368,Amare Campbell,0.1497,-1.2077,-1.058
369,Amaree Abram,1.3017,1.782,3.0836
370,Amaree Brown,-3.7278,-0.315,-4.0428
371,Amari Allen,0.2425,4.8503,5.0928
372,Amari Evans,2.6493,1.0621,3.7115
373,Amari Jedkins,0.6333,-0.6909,-0.0576
374,Amari Kelly,1.9211,1.5702,3.4912
375,Amari McCottry,4.6188,0.4875,5.1063
376,Amari Reed,4.3792,2.1707,6.5498
377,Amari Stroud,3.2586,-0.0536,3.205
378,Amari Williams,5.5467,3.441,8.9877
379,Amarion Dickerson,2.7249,-0.279,2.4458
380,Amarion Nimmers,0.3034,-1.0007,-0.6973
381,Amarion Savage,0.0452,-0.0931,-0.0479
382,Amarr Knox,-0.3823,4.7314,4.349
383,Amarri Monroe,3.7423,3.1102,6.8525
384,Amdy Ndiaye,0.6265,0.867,1.4935
385,Amere Brown,-1.2833,-0.6171,-1.9004
386,Ametri Moss,1.769,0.6141,2.3832
387,Amier Ali,1.1187,3.7531,4.8718
388,Amir Arrington,-0.8176,-1.4873,-2.3049
389,Amir Jenkins,-1.9075,0.9126,-0.9949
390,Amir Lindsey,-0.3502,1.7532,1.403
391,Amir Nesbitt,-0.0782,2.6632,2.585
392,Amir Shaheed,0.356,0.0919,0.4479
393,Amir Taylor,4.8841,2.6599,7.544
394,Amir Williams,1.4415,0.1803,1.6218
395,Amire Robinson,1.3544,-2.3377,-0.9833
396,Amiri Stewart,1.306,3.0288,4.3349
397,Ammaar Balagam,-0.1743,0.1446,-0.0297
398,Amont'e Allen-Johnson,1.0606,0.0948,1.1554
399,Amoro Lado,0.175,-1.2644,-1.0894
400,Amsal Delalic,1.3466,1.7101,3.0567
401,Anakin Brown,-0.4008,0.1873,-0.2134
402,Anastasios Rozakeas,-2.7486,-1.7358,-4.4844
403,Anderson Kopp,-0.0459,3.8313,3.7854
404,Anderson Mirambeaux,-1.4416,1.0188,-0.4228
405,Andersson Garcia,5.7353,7.2105,12.9458
406,Andre Curbelo,1.9083,1.5261,3.4344
407,Andre Henry,3.5694,3.7118,7.2812
408,Andre Johnson,-3.4896,-1.9624,-5.452
409,Andre Lorentsson,-1.6796,4.2508,2.5713
410,Andre Mills,0.4876,3.9562,4.4438
411,Andre Mulibea,1.798,-0.3305,1.4675
412,Andre Nunley,2.588,1.5238,4.1118
413,Andre Screen,3.1908,-0.1435,3.0473
414,Andre Snoddy,-2.7834,3.8799,1.0964
415,Andre Warren,-0.0962,0.0,-0.0962
416,Andre Washington,1.1544,0.4647,1.6191
417,Andre Weir,-1.0656,-1.8161,-2.8817
418,Andre Young,2.4443,-0.479,1.9653
419,Andrea Holden,2.0665,-1.3557,0.7109
420,Andrei Savrasov,2.0868,-0.6478,1.4389
421,Andrej Jakimovski,4.6927,4.2917,8.9844
422,Andrej Kostic,-3.7758,4.575,0.7992
423,Andrej Shoshkikj,0.6551,-0.723,-0.0679
424,Andrej Stojakovic,2.0907,2.7916,4.8823
425,Andrell Burton,1.1921,0.0664,1.2586
426,Andreo Ash,-0.261,-1.2215,-1.4825
427,Andres Burney,2.3627,2.7195,5.0823
428,Andres Fulgencio,1.7877,0.9905,2.7782
429,Andres Marrero,-0.086,2.2856,2.1996
430,Andrew Akuchie,1.4155,-2.9154,-1.4999
431,Andrew Alia,1.571,0.8119,2.3829
432,Andrew Austin,-0.6861,0.546,-0.1401
433,Andrew Bailey,0.1312,-0.4362,-0.305
434,Andrew Ball,0.9708,3.2319,4.2027
435,Andrew Canda,0.1274,-0.3998,-0.2723
436,Andrew Carr,5.008,7.6836,12.6916
437,Andrew Cook,-0.8636,1.8875,1.0239
438,Andrew Crawford,0.2679,-0.1087,0.1592
439,Andrew Henderson,0.069,0.814,0.8831
440,Andrew Holifield,5.1682,3.2237,8.3919
441,Andrew Hurley,1.0772,-0.1996,0.8777
442,Andrew King,-1.6444,3.1743,1.5299
443,Andrew Laczkowski,0.4134,1.4467,1.8601
444,Andrew Latiff,-0.7171,-0.5187,-1.2358
445,Andrew Mayock,-0.0903,0.1032,0.0129
446,Andrew McConnell,0.5593,0.8214,1.3806
447,Andrew McKeever,3.3242,1.7737,5.0978
448,Andrew McKenna,0.64,-0.0789,0.5612
449,Andrew Meadow,-1.1124,4.647,3.5346
450,Andrew Morgan,0.3821,-1.1735,-0.7914
451,Andrew Nagy,-0.4355,1.1622,0.7267
452,Andrew Okafor,-0.1888,-0.1668,-0.3556
453,Andrew Osasuyi,2.5887,1.9472,4.5359
454,Andrew Patnode,0.9368,-0.6935,0.2433
455,Andrew Phillips,-0.1255,2.001,1.8755
456,Andrew Rohde,0.3302,3.0682,3.3985
457,Andrew Sineway,-0.1015,0.4017,0.3002
458,Andrew Taylor,0.7297,2.2409,2.9706
459,Andrew Welage,2.3436,3.6541,5.9977
460,Andrew Wells,-0.1441,-1.2311,-1.3752
461,Andrew Younan,1.3632,0.2367,1.5999
462,Andrija Bukumirovic,0.015,4.257,4.2721
463,Andrija Grbovic,1.175,0.2164,1.3914
464,Andrija Jelavic,1.4175,0.962,2.3795
465,Andrija Vukovic,0.6938,1.4412,2.135
466,Andrin Njock,0.7684,0.2072,0.9756
467,Andy Barba,-0.0605,-0.4007,-0.4612
468,Andy Christos,-0.6353,-0.4073,-1.0426
469,Andy Johnson,2.1249,2.1063,4.2311
470,Andy Sigiscar,2.9098,-2.3758,0.5339
471,Andy Stefonowicz,1.2955,5.134,6.4296
472,Aneek Patil,-0.2923,0.1497,-0.1426
473,Angel Montas,0.8941,0.2268,1.1209
474,Angelo Brizzi,-1.7298,3.9257,2.1959
475,Angelo Ciaravino,1.7721,4.8511,6.6232
476,Angelo Kambala,-3.6325,-0.8001,-4.4326
477,Angelo Stuart,-0.4147,-0.7822,-1.1969
478,Angelo Winkel,2.4418,-1.3262,1.1156
479,Angok Anyang,0.5131,-0.3366,0.1766
480,Anias Futrell,-0.4128,0.7896,0.3768
481,Aniwaniwa Tait-Jones,3.8134,6.3009,10.1143
482,Annor Boateng,2.2073,0.0053,2.2125
483,Anouar Mellouk,-1.6926,-0.8409,-2.5335
484,Anquan Boldin,0.963,-2.6888,-1.7258
485,Anquan Hill,-0.3971,2.4688,2.0717
486,Ansley Almonor,-0.6522,1.9664,1.3142
487,Anson Beard,0.0631,-0.0666,-0.0035
488,Ant Abraham,1.3947,1.0536,2.4483
489,Antallah Sandlin'El,-1.9322,-1.2419,-3.1741
490,Antavion Collum,1.5995,-0.7656,0.8339
491,Ante Beljan,3.1245,1.2631,4.3877
492,Ante Brzovic,1.8631,3.523,5.3861
493,Anthon McDermott,1.1089,-1.005,0.1039
494,Anthony Alston,1.3284,0.2914,1.6198
495,Anthony Arrington,0.1382,-0.3765,-0.2383
496,Anthony Batson,0.5556,-1.2463,-0.6908
497,Anthony Benard,-1.6901,-0.4471,-2.1372
498,Anthony Bittar,-3.0623,-0.5919,-3.6542
499,Anthony Blunt,2.2472,2.992,5.2393
500,Anthony Clayton,-0.4513,-0.532,-0.9833
501,Anthony Crump,0.9415,-2.3342,-1.3928
502,Anthony Davis,-1.7451,-3.164,-4.9091
503,Anthony Dell'Orso,1.0484,5.1835,6.2319
504,Anthony Doppler,-0.0888,0.3622,0.2734
505,Anthony Enoh,-0.4073,-2.1072,-2.5146
506,Anthony Finkley,3.2508,2.6032,5.8541
507,Anthony Gause,2.7215,-1.0408,1.6807
508,Anthony Holland,-0.9219,2.0959,1.174
509,Anthony Isaac,-1.5742,2.1346,0.5604
510,Anthony Johnson,-0.853,1.5578,0.7048
511,Anthony Leal,5.1674,1.762,6.9293
512,Anthony Martinez,0.0964,-0.7646,-0.6681
513,Anthony Maxwell,2.6082,-0.5629,2.0453
514,Anthony McCall,5.2058,2.9948,8.2006
515,Anthony McComb,-1.4226,-1.7604,-3.1829
516,Anthony Morales,0.4858,-2.7848,-2.299
517,Anthony Nimani,0.0298,3.167,3.1968
518,Anthony Peoples,2.9132,0.344,3.2572
519,Anthony Phillips,-0.9904,-0.8734,-1.8638
520,Anthony Pritchard,2.5545,-0.2157,2.3389
521,Anthony Rise,0.2809,-0.5346,-0.2536
522,Anthony Roberts,4.1129,0.3229,4.4358
523,Anthony Robinson,3.8685,2.879,6.7475
524,Anthony Roy,0.4332,4.3745,4.8077
525,Anthony Sciarroni,-0.2329,-0.7557,-0.9886
526,Anthony Selden,-0.9715,-0.9782,-1.9497
527,Anthony Sellars,-0.0536,-0.1162,-0.1698
528,Anthony Smith lll,-0.5351,0.9817,0.4466
529,Anthony Thomas,-1.3293,-0.8169,-2.1462
530,Anthony Walker,0.1534,-2.7291,-2.5757
531,Anthony Wrzeszcz,-1.8501,-2.5468,-4.3968
532,Antoine Jacks,2.1148,-1.5815,0.5333
533,Antoine Lorick,-1.9508,3.1143,1.1635
534,Antoine Smith,-5.2599,2.5933,-2.6666
535,Anton Bonke,0.3211,3.616,3.9371
536,Anton Brookshire,1.1884,-4.1777,-2.9893
537,Anton Strelnikov,0.8334,0.5868,1.4202
538,Anton Watson,4.0679,4.4031,8.471
539,Antoni Siewruk,-0.0688,0.9921,0.9233
540,Antoni Vlogianitis,0.1153,-0.5234,-0.4081
541,"Antonio ""TJ"" Madlock",3.4233,0.2683,3.6917
542,Antonio Chandler,1.6829,3.0066,4.6895
543,Antonio Chol,-3.1313,5.7588,2.6276
544,Antonio Dorn,0.2507,2.1968,2.4475
545,Antonio Lisenbee,-2.0452,1.2109,-0.8343
546,Antonio Reeves,0.715,8.2819,8.9968
547,Antonio Sisk,-0.5118,-4.2061,-4.7179
548,Antonio Thomas,0.3078,-0.8803,-0.5726
549,Antrell Charlton,3.3713,1.0237,4.395
550,Antwan Burnett,5.1995,1.793,6.9925
551,Antwan Robinson,-0.6079,-1.6769,-2.2848
552,Antwan Wilson,-1.8483,0.7572,-1.0911
553,Antwann Jones,1.5366,2.5707,4.1074
554,Antwaun Massey,-0.8597,-1.9891,-2.8488
555,Antwone Woolfolk,7.4971,-0.3152,7.182
556,Antwonne Holmes,-0.4157,-0.8802,-1.2959
557,Anwar Gill,-0.4225,1.8118,1.3893
558,Apostolos Roumoglou,3.352,-0.9052,2.4468
559,Aquan Smart,0.5204,-1.7075,-1.1871
560,ArDarius Grayson,1.3179,3.2782,4.5961
561,Aram Soqui Urbano,-1.131,0.4039,-0.7271
562,Arda Ozdogan,-0.8531,-0.6327,-1.4859
563,Arden Conyers,0.0811,-0.0727,0.0084
564,Arecko Gipson,-1.3047,-2.1701,-3.4747
565,Ari Fulton,-1.3979,2.0102,0.6123
566,Ari Gooch,2.6458,0.7954,3.4412
567,Ari Seals,0.7861,-0.7364,0.0497
568,Aric Demings,-1.1135,-4.8174,-5.931
569,Ariel Bland,2.0893,1.5985,3.6879
570,Ariik Mawien,1.5183,2.5335,4.0517
571,Arion Lewis,-0.2377,-1.7382,-1.9758
572,Arlan Masharaliyev,0.3166,-0.166,0.1507
573,Arlandus Keyes,3.9413,1.6009,5.5422
574,Arman Madi,0.7428,0.434,1.1769
575,Armandas Plintauskas,1.7373,-4.4817,-2.7443
576,Armando Bacot,3.1362,4.2942,7.4304
577,Armani Harris,-0.0384,-0.7093,-0.7477
578,Armani Mighty,-0.9598,4.6627,3.7028
579,Armani Perkins,-0.2064,-0.6598,-0.8661
580,Armelo Boone,1.9996,1.6493,3.6489
581,Armon Harried,0.8933,0.2998,1.193
582,Armon Jarrard,0.9094,-1.1444,-0.235
583,Armoni Zeigler,1.0352,-0.1682,0.8671
584,Arnas Sakenis,3.7667,-0.3803,3.3863
585,Arnaud Revaz,2.6467,-2.0913,0.5554
586,Arne Osojnik,-2.7049,1.9923,-0.7126
587,Arop Arop,1.2704,-0.5827,0.6878
588,Arrinten Page,2.0287,0.3054,2.3341
589,Artemios Gavalas,-0.7064,0.0154,-0.691
590,Artese Stapleton,2.2927,-0.3498,1.9429
591,Arthur Kaluma,6.6901,3.9516,10.6417
592,Arthur Tate,-6.3941,-4.0326,-10.4267
593,Arturo Dean,5.0927,3.9002,8.9929
594,Aryan Arora,-1.6095,0.0654,-1.5441
595,Asa Newell,1.4681,0.7117,2.1798
596,Asa Thomas,-0.3462,1.5935,1.2472
597,Asher Boney,1.5122,-1.6893,-0.1772
598,Asher Woods,-0.2819,0.2989,0.017
599,Ashley Sims,-1.6748,-0.7705,-2.4452
600,Ashton Hardaway,0.9952,-1.0413,-0.0461
601,Ashton Reese,0.1339,-0.0873,0.0466
602,Ashton Simmons,-1.3263,0.3382,-0.9882
603,Ashton Smith,-1.6806,-0.2977,-1.9783
604,Ashton Walker,2.7576,1.4013,4.1589
605,Ashton Williamson,2.5976,-0.3571,2.2404
606,Asier Miguel Torrero,0.2206,0.2931,0.5138
607,Asim Jones,1.5631,2.0278,3.5909
608,Asjon Anderson,-1.3978,-0.7962,-2.194
609,Assane Diop,1.6556,-1.2504,0.4053
610,Assane Mandian,3.1073,-0.5264,2.5808
611,Assane Mbaye,-0.1923,-0.3172,-0.5096
612,Atiba Taylor,0.1589,-2.2339,-2.075
613,Atiki Ally Atiki,7.1177,0.9587,8.0764
614,Atin Wright,4.01,3.2424,7.2524
615,Atticus Schuler,-1.0384,0.2383,-0.8001
616,Aubin Gateretse,2.8214,5.559,8.3804
617,August Mahoney,-2.1515,4.5651,2.4137
618,Augustas Marciulionis,6.6416,3.9055,10.5471
619,Augustinas Kiudulas,2.2505,1.2615,3.512
620,Augustine Ekwe,1.5467,2.995,4.5417
621,Augusto Cassia,3.481,2.6757,6.1568
622,Augustus Gerhart,-1.4946,1.0427,-0.4519
623,Aundre Hyatt,3.9427,3.1373,7.08
624,Aundre Polk,-0.0836,0.7961,0.7124
625,Austin Abrams,-0.1158,-0.2376,-0.3534
626,Austin Ball,0.0086,-0.6454,-0.6368
627,Austin Benigni,1.7412,0.7811,2.5223
628,Austin Brooks,0.6266,-0.0513,0.5753
629,Austin Cross,1.74,-0.4739,1.2661
630,Austin Crowley,3.1834,1.0173,4.2007
631,Austin Goode,-2.2369,1.4372,-0.7997
632,Austin Green,1.834,1.9872,3.8212
633,Austin Harvell,-0.5031,-1.7176,-2.2207
634,Austin Herro,3.9724,1.9918,5.9642
635,Austin Hunt,1.526,2.6806,4.2066
636,Austin Inge,1.3941,-1.7307,-0.3366
637,Austin Johnson,-1.5688,1.1597,-0.4091
638,Austin Maurer,4.6951,2.1346,6.8297
639,Austin Montgomery,-1.2149,1.3806,0.1657
640,Austin Nunez,-0.1991,-1.7179,-1.917
641,Austin Parks,1.6224,2.9333,4.5557
642,Austin Patterson,-1.1532,2.6084,1.4552
643,Austin Rapp,3.0033,3.5797,6.583
644,Austin Sacks,0.3102,1.474,1.7842
645,Austin Swartz,-3.9299,1.6537,-2.2762
646,Austin Villarreal,0.123,-0.3746,-0.2516
647,Austin Williams,1.0962,-1.3375,-0.2414
648,Austin Williford,1.913,3.0619,4.9749
649,Avantae Parker,-3.0388,1.2973,-1.7416
650,Avery Anderson,3.2174,-0.1007,3.1168
651,Avery Brown,-1.6084,2.1007,0.4923
652,Avery Felts,-0.6089,-1.1362,-1.7451
653,Avery Thomas,2.9423,1.5772,4.5195
654,Avery Wilson,0.2098,-0.5647,-0.3549
655,Avishai Lowery,0.0292,0.1578,0.1869
656,Avner Dror,-0.1055,-0.1933,-0.2988
657,Avontez Ledet,0.7381,-0.4311,0.307
658,Aydan Clinton,0.1343,-0.0519,0.0824
659,Ayden Carter,-2.7158,0.5775,-2.1383
660,Ayden Davis,-0.2447,-0.9166,-1.1613
661,Ayden Evans,-0.7081,-1.327,-2.0351
662,Ayden Kelley,-0.9701,-1.0449,-2.0151
663,Ayinde Hikim,3.0325,2.1532,5.1857
664,Ayme Daguilh,-0.2202,-0.5247,-0.7449
665,Ayodele Taiwo,1.3689,-4.5836,-3.2147
666,Ayomide Bamisile,-1.8755,-1.993,-3.8686
667,Ayouba Berthe,0.4779,-1.6613,-1.1834
668,Ayuba Bryant,0.2867,0.1739,0.4605
669,Azavier Johnson,-0.2707,-0.7385,-1.0092
670,Azavier Robinson,1.7482,4.6359,6.3841
671,Aziz Bandaogo,3.6599,3.0178,6.6777
672,Azmar Abdullah,-1.0298,0.4346,-0.5952
673,B Artis White,1.3944,0.6616,2.0561
674,BB Knight,-0.5721,0.2741,-0.2981
675,BJ Davis,4.8612,3.7883,8.6495
676,BJ Davis-Ray,-3.5226,1.365,-2.1576
677,BJ Edwards,6.875,5.8572,12.7321
678,BJ Fisher,0.6359,-0.9893,-0.3534
679,BJ Freeman,0.1332,4.9308,5.064
680,BJ Kolly,3.5576,-2.9876,0.5699
681,BJ Mack,-0.3458,3.7278,3.382
682,BJ Marable,1.2007,-0.7168,0.4839
683,BJ McLaurin,-2.7822,2.7212,-0.061
684,BJ Omot,3.0003,1.1796,4.1799
685,BJ Ward,1.3472,2.7003,4.0474
686,Baba Miller,4.0398,6.8892,10.929
687,Babacar Diallo,6.5225,-0.5631,5.9594
688,Babacar Faye,7.2642,0.4993,7.7635
689,Babacar Mbengue,0.2969,-2.5446,-2.2477
690,Babatunde Akingbola,1.5247,0.6488,2.1735
691,Babatunde Durodola,-1.1156,2.3176,1.202
692,Baboucarr Njie,1.1618,2.4309,3.5927
693,Bahsil Laster,4.5297,1.1918,5.7215
694,Bailey Nunn,0.0329,1.1739,1.2068
695,Bangot Dak,1.77,2.0482,3.8182
696,Baraka Okojie,1.2553,4.5577,5.813
697,Baron Smith,0.4671,-3.5915,-3.1244
698,Barrett Loer,-0.3034,0.5235,0.2201
699,Barrington Hargress,-0.3256,7.0702,6.7446
700,Barry Dunning,3.6999,4.4258,8.1256
701,Barry Evans,1.3992,2.6592,4.0584
702,Bas Leyte,1.392,0.2893,1.6813
703,Bash Wieland,2.7808,2.3023,5.083
704,Basheer Jihad,3.7884,2.7159,6.5043
705,Bashir N'Galang,0.5544,-2.315,-1.7606
706,Bastien Rieber,1.0227,-1.1027,-0.0801
707,Bautista Giralt,0.422,-0.633,-0.211
708,Baye Fall,-1.9314,-1.5067,-3.4381
709,Baye Ndongo,4.0789,-0.5567,3.5222
710,Baylor Hebb,-0.4514,-0.2449,-0.6963
711,Baylor Scheierman,4.2173,4.5389,8.7562
712,Beau Becker,-0.7725,0.3405,-0.432
713,Belal El Shakery,0.8243,3.7865,4.6108
714,Ben Bowen,-0.5187,0.3023,-0.2164
715,Ben Bradford,-0.0681,4.9009,4.8328
716,Ben Brown,0.3986,-2.6171,-2.2186
717,Ben Burnham,3.1554,2.1919,5.3473
718,Ben Callahan-Gold,-0.063,1.1333,1.0704
719,Ben Capron,1.3255,-0.1689,1.1566
720,Ben Carlson,0.1843,0.1869,0.3712
721,Ben Defty,1.1791,1.4982,2.6774
722,Ben Egbo,-0.8446,-1.6471,-2.4917
723,Ben Eisendrath,-0.1788,0.9682,0.7894
724,Ben Estis,1.0035,-0.667,0.3365
725,Ben Ezeagu,0.7867,-1.44,-0.6533
726,Ben Fox,1.1544,1.4785,2.6329
727,Ben Gold,1.3759,4.5099,5.8857
728,Ben Gregg,0.4212,6.7089,7.13
729,Ben Griscti,1.6728,-1.1659,0.507
730,Ben Hammond,1.0513,2.546,3.5973
731,Ben Hendriks,2.5127,1.6324,4.1451
732,Ben Humrichous,4.0993,8.1563,12.2557
733,Ben Johnson,-0.926,2.5902,1.6642
734,Ben Knostman,5.6379,2.4694,8.1074
735,Ben Krikke,1.6622,3.7026,5.3647
736,Ben Krystkowiak,-1.0127,-0.2573,-1.27
737,Ben Michaels,-1.7791,-2.279,-4.058
738,Ben Middlebrooks,6.0945,2.8538,8.9482
739,Ben Murphy,1.4021,-0.1945,1.2076
740,Ben Nacey,0.1484,-2.1117,-1.9634
741,Ben Nau,0.8146,1.84,2.6546
742,Ben Nicol,0.1598,0.1098,0.2696
743,Ben Olesen,-0.1952,0.0945,-0.1007
744,Ben Oosterbaan,3.1027,3.5511,6.6538
745,Ben Palacios,2.1103,-3.457,-1.3467
746,Ben Ponder,-0.4081,-0.3119,-0.7201
747,Ben Radford,-0.0317,-0.3688,-0.4004
748,Ben Roseborough,2.0777,-0.3181,1.7596
749,Ben Roy,-0.8419,1.9953,1.1535
750,Ben Schwieger,2.8419,4.7301,7.572
751,Ben Shtolzberg,2.5904,2.3624,4.9528
752,Ben Southerland,2.1841,-1.5128,0.6713
753,Ben Tweedy,-1.5742,1.6453,0.0712
754,Ben Vander Wal,-0.9232,2.6235,1.7003
755,Ben VanderWal,2.6928,6.6619,9.3548
756,Ben Waller,-0.792,-0.9576,-1.7496
757,Ben Wesson,0.5477,-0.2554,0.2923
758,Ben Wight,3.1579,0.5555,3.7134
759,Ben Woodward,0.3215,-0.2902,0.0312
760,Bencao Vungo,2.258,-1.8324,0.4257
761,Bendji Pierre,-0.9759,1.9985,1.0226
762,Benjamin Ahmed,-1.4705,2.5044,1.034
763,Benjamin Bayela,1.3434,-0.8482,0.4952
764,Benjamin Bosmans-Verdonk,1.6211,0.2853,1.9065
765,Benjamin Winker,-1.2634,0.1481,-1.1153
766,Bennett Andersen,-1.0898,-0.7852,-1.875
767,Bennett Blackerby,0.5531,0.7229,1.276
768,Bennett Kwiecinski,-1.8848,-0.4057,-2.2905
769,Bennett Stirtz,4.8226,7.9465,12.7691
770,Benny Gealer,3.8545,4.6957,8.5502
771,Benny Schroder,-2.1877,-0.0732,-2.2609
772,Benny Williams,1.274,0.4216,1.6957
773,Bensley Joseph,1.666,2.5645,4.2305
774,Bent Leuchten,5.0054,3.9344,8.9398
775,Bentley Waller,-0.5943,-1.0783,-1.6726
776,Beon Riley,1.1421,2.6482,3.7903
777,Beril Kabamba,0.3998,-1.2417,-0.8418
778,Berk Can Akin,2.7684,-1.7826,0.9858
779,Berke Arslan,-0.3784,-0.7353,-1.1137
780,Berke Buyuktuncel,5.2663,-1.5057,3.7606
781,Bernard Pelote,1.9064,0.1681,2.0744
782,Bernardo Da Silva,3.3523,3.8135,7.1658
783,Bernie Blunt,1.3142,1.1276,2.4418
784,Bessanty Saragba,0.8356,-1.4405,-0.6049
785,Bez Mbeng,4.792,0.7988,5.5908
786,Bhan Buom,-0.1258,1.2562,1.1304
787,Biggie Patterson,0.4173,1.4838,1.9011
788,Bijan Cortes,0.2846,-0.6043,-0.3196
789,Biko Johnson,2.0828,0.6561,2.7389
790,Bilal Abdur-Rahman,-0.9887,0.115,-0.8737
791,Billy Rayer,-1.7175,0.1036,-1.6138
792,Billy Richmond,3.0056,2.5249,5.5306
793,Billy Smith,-3.0166,2.7647,-0.2519
794,Birgir Irving,-0.4343,0.4812,0.0469
795,Birima Seck,-1.565,1.1589,-0.4061
796,Bishop Boswell,2.5337,2.4774,5.0111
797,Bismark Nsiah,0.322,2.0039,2.326
798,Blair Thompson,-1.6893,0.6874,-1.0019
799,Blaise Keita,2.9003,1.2218,4.1221
800,Blaise Threatt,2.1954,3.5826,5.778
801,Blaise Vespe,1.8364,1.5716,3.408
802,Blaize Sagna,1.4551,-2.035,-0.5799
803,Blake Ammons,-0.4932,-0.0397,-0.5329
804,Blake Anderson,-0.1949,-0.7683,-0.9632
805,Blake Barker,0.8527,0.0005,0.8532
806,Blake Barkley,-1.6073,1.3799,-0.2273
807,Blake Brinkmeyer,0.1625,-0.1754,-0.0129
808,Blake Buchanan,1.148,1.2263,2.3743
809,Blake Butler,-0.3219,1.7927,1.4708
810,Blake Daberkow,1.3575,4.9869,6.3444
811,Blake Fagbemi,-0.8699,0.4101,-0.4597
812,Blake Fleming,1.4904,-0.1727,1.3177
813,Blake Floyd,-0.2412,1.0557,0.8145
814,Blake Forrest,-1.3028,-0.3077,-1.6105
815,Blake Goodman,-0.2319,-0.8838,-1.1158
816,Blake Harper,-0.5547,1.6697,1.1149
817,Blake Hinson,1.592,0.8734,2.4654
818,Blake Jones,-3.0392,-0.167,-3.2062
819,Blake Lampman,0.6109,4.7661,5.377
820,Blake Lander,0.5448,0.5912,1.136
821,Blake Muschalek,-0.2491,0.0058,-0.2433
822,Blake Peters,0.6781,4.1603,4.8384
823,Blake Preston,0.1324,1.8063,1.9387
824,Blake Smith,0.1355,1.3636,1.4991
825,Blane St Clair,-0.5357,-1.5625,-2.0982
826,Blaze Angellotti,0.4693,-0.2115,0.2578
827,Blondeau Tchoukuiegno,-0.5102,-0.4824,-0.9926
828,Blue Cain,0.9542,6.9629,7.9171
829,Bo Montgomery,2.2334,3.4633,5.6967
830,Bo Myers,0.3065,1.1971,1.5035
831,Bob Nunge,-0.0917,0.1938,0.102
832,Bobby Durkin,3.0798,2.713,5.7928
833,Bobby Harvey,3.6045,2.0346,5.639
834,Bobby Hurley,-1.4159,-0.7129,-2.1289
835,Bobby Montgomery,0.2313,-0.6119,-0.3806
836,Bobby Pettiford,-0.6605,2.5337,1.8732
837,Bobby Rosenberger,-1.9497,0.5341,-1.4155
838,Boden Kapke,1.6186,0.3035,1.9222
839,Boden Skunberg,-1.5689,2.9618,1.393
840,Bodey Howell,1.2692,-0.2974,0.9717
841,Bogdan Zimonjic,-0.948,0.3311,-0.617
842,Bol Agu,-2.0553,0.2807,-1.7746
843,Bol Dengdit,-0.7234,-0.1305,-0.8539
844,Bol Kuir,-0.3089,-0.9701,-1.2791
845,Bonke Maring,0.0738,-1.1206,-1.0468
846,Boo Buie,1.756,5.365,7.121
847,Boogie Ellis,0.2908,4.3773,4.6681
848,Boogie Fland,5.0471,4.9287,9.9758
849,Boopie Miller,1.7509,5.5483,7.2991
850,Boston Harker,2.3344,-0.8148,1.5195
851,Bostyn Holt,1.1242,-1.2133,-0.0891
852,Boubacar Coulibaly,2.6942,0.3841,3.0784
853,Bouna Kebe,3.3615,-1.9083,1.4532
854,Bourgeois Tshilobo,0.5895,-0.0245,0.5649
855,Bowen Born,-1.182,0.0956,-1.0864
856,Bowen Hammer,-1.783,0.8174,-0.9656
857,Bowen Hardman,1.3409,1.5526,2.8935
858,Bowyn Beatty,2.853,-0.5266,2.3265
859,Braden Allen,0.3332,-0.5768,-0.2437
860,Braden Appelhans,2.1281,4.9289,7.057
861,Braden Bostwick,-0.1234,-0.4112,-0.5346
862,Braden East,1.5239,1.127,2.6509
863,Braden Frager,0.7663,5.8237,6.59
864,Braden Grant,0.372,-0.4802,-0.1082
865,Braden Hausen,2.2193,1.4205,3.6398
866,Braden Housley,0.7945,2.0461,2.8406
867,Braden Huff,3.6731,5.5369,9.2099
868,Braden Ilic,1.2765,-1.9481,-0.6716
869,Braden Lamar,-1.98,-1.7171,-3.6971
870,Braden Norris,5.1632,3.4736,8.6367
871,Braden Pierce,-1.4255,-4.0647,-5.4903
872,Braden Smith,2.8645,9.4276,12.2921
873,Braden Sparks,-0.0702,-0.2392,-0.3094
874,Bradey Henige,4.2915,0.8764,5.1679
875,Bradley Colbert,-1.4731,1.1244,-0.3487
876,Bradley Dean,2.3601,-2.8789,-0.5189
877,Bradley Douglas,-0.1826,1.4061,1.2235
878,Bradley Ezewiro,1.2024,4.2875,5.49
879,Brady Cook,0.4263,-0.0478,0.3785
880,Brady Cummins,0.492,2.7152,3.2072
881,Brady Danielson,-1.5998,3.5136,1.9138
882,Brady Dingess,0.5255,0.9123,1.4379
883,Brady Dunlap,2.2412,3.9942,6.2354
884,Brady Fitzgerald,0.5426,-0.2384,0.3042
885,Brady Ganley,0.59,1.1472,1.7372
886,Brady Hardewig,1.7854,0.2437,2.0291
887,Brady Kester,-0.0674,0.1905,0.1231
888,Brady Koehler,0.1761,1.5067,1.6829
889,Brady Loughlin,0.742,0.2148,0.9568
890,Brady Muller,0.0399,-2.1496,-2.1097
891,Brady Ruggles,0.0302,0.4842,0.5143
892,Brady Shoulders,0.394,-0.2094,0.1846
893,Brady Smith,0.3706,-0.3636,0.007
894,Brady Stevens,0.0106,-0.3117,-0.3011
895,Brady Swartz,-0.1964,1.454,1.2577
896,Brady Uhl,-1.9109,1.1066,-0.8044
897,Bradyn Foster,-0.3992,0.5368,0.1376
898,Bradyn Hubbard,4.3018,2.2602,6.562
899,Braedan Allen,-0.3862,0.0343,-0.3518
900,Braedan Lue,3.1164,3.6389,6.7553
901,Braeden Brenn,0.2033,-0.2092,-0.006
902,Braeden Carlsen,1.5493,-0.348,1.2013
903,Braeden Carrington,0.3776,2.7746,3.1522
904,Braeden MacVicar,0.9855,-2.7729,-1.7874
905,Braeden Moore,1.7528,0.9735,2.7263
906,Braeden Shrewsberry,-1.1772,4.1744,2.9972
907,Braeden Smith,3.1844,3.4719,6.6563
908,Braeden Speed,0.5496,-0.6367,-0.0871
909,Braelon Bush,-3.6709,-0.3272,-3.9981
910,Braelon Green,0.3329,0.6725,1.0055
911,Bragi Gudmundsson,0.7546,-0.1499,0.6047
912,Bralyn Smith,-0.2683,-2.5204,-2.7887
913,Branden Carlson,3.5636,4.9969,8.5605
914,Brandin Cummings,-0.599,3.8522,3.2532
915,Brandon Angel,-1.6007,4.1417,2.541
916,Brandon Baffone,-2.1182,0.0642,-2.054
917,Brandon Benjamin,-0.2584,1.8049,1.5465
918,Brandon Betson,-0.7568,1.7828,1.026
919,Brandon Davis,2.1973,2.2837,4.481
920,Brandon Dwyer,-0.5438,0.0417,-0.5022
921,Brandon Gardner,2.0054,-0.4809,1.5246
922,Brandon Garrison,-0.3595,0.2494,-0.1101
923,Brandon Haddock,0.1332,0.303,0.4361
924,Brandon Hall,0.4803,0.7015,1.1818
925,Brandon Hardy,0.1602,0.8783,1.0385
926,Brandon Held,0.729,-0.1899,0.5391
927,Brandon Huntley-Hatfield,1.326,2.719,4.045
928,Brandon Jennings,2.6977,4.6036,7.3013
929,Brandon Johnson,2.4454,0.7451,3.1905
930,Brandon Klatsky,0.8059,0.041,0.8469
931,Brandon Lee,-0.7598,-1.0877,-1.8475
932,Brandon Legris,0.3034,-0.312,-0.0086
933,Brandon Lieb,0.221,-4.5494,-4.3284
934,Brandon Love,3.0229,1.7645,4.7875
935,Brandon Maclin,3.0892,4.1709,7.2601
936,Brandon McCreesh,1.3463,1.0312,2.3775
937,Brandon Mitchell-Day,2.9784,-0.604,2.3744
938,Brandon Morgan,2.2689,-0.9176,1.3513
939,Brandon Muntu,0.7573,-0.2184,0.5389
940,Brandon Murray,1.4252,2.0444,3.4696
941,Brandon Newman,4.4611,3.0277,7.4888
942,Brandon Noel,-4.1138,3.2878,-0.8261
943,Brandon Rasmussen,-0.2706,0.1461,-0.1245
944,Brandon Rechsteiner,-0.8772,5.1095,4.2323
945,Brandon Roy,-0.0053,0.6157,0.6104
946,Brandon Rush,-0.3646,3.6036,3.239
947,Brandon Scott,-1.8488,-0.4319,-2.2807
948,Brandon Stone,0.0422,-3.248,-3.2058
949,Brandon Stores,-0.0059,-0.546,-0.5518
950,Brandon Stroud,2.5983,3.144,5.7423
951,Brandon Suggs,1.1629,0.6021,1.765
952,Brandon Taylor,1.2945,0.6166,1.9111
953,Brandon Walker,0.4141,0.1939,0.608
954,Brandon Weatherspoon,0.8576,4.6795,5.5371
955,Brandon Weston,3.6001,-0.1456,3.4545
956,Brandon White,0.4584,-0.4864,-0.0281
957,Brandon Whitney,2.8304,4.7701,7.6005
958,Brandon Williams,-0.287,0.3811,0.0941
959,Brandton Chatfield,1.5225,3.3296,4.8521
960,Brandyn Talbot,1.2009,3.1204,4.3212
961,Branford Edmonds,0.4379,0.3019,0.7397
962,Brant Byers,-1.0095,4.7675,3.758
963,Brantly Stevenson,2.5356,-0.7738,1.7618
964,Brashon Hall,-0.5283,0.7343,0.206
965,Braxton Bayless,-0.6893,1.2059,0.5166
966,Braxton Jones,-0.7659,-2.2894,-3.0552
967,Braxton Meah,4.1845,-3.7136,0.4709
968,Braxton Stacker,4.852,-0.4678,4.3842
969,Braxton Williams,-4.6436,3.4158,-1.2278
970,Brayden Barron,-0.2967,1.5043,1.2076
971,Brayden Burries,4.3501,6.0777,10.4277
972,Brayden Crump,1.049,3.7094,4.7584
973,Brayden Fagbemi,1.4256,0.1467,1.5724
974,Brayden Jackson,1.1311,0.0913,1.2225
975,Brayden Johnson,1.1647,1.8033,2.968
976,Brayden Maldonado,2.6784,1.6306,4.309
977,Brayden O'Connor,3.3365,2.7424,6.0789
978,Brayden Parker,3.4815,3.0793,6.5608
979,Brayden Reynolds,0.4322,0.004,0.4361
980,Brayden Shorter,-0.4403,1.8772,1.4369
981,Brayden Wampler-Foust,0.2855,0.0822,0.3677
982,Brayden Young,-1.55,-0.909,-2.4591
983,Braydon Whitaker,0.4072,-1.0578,-0.6506
984,Braylan Ritvo,-0.7611,-1.5629,-2.3239
985,Braylen Blue,-0.9389,0.6607,-0.2782
986,Braylen Bowman,0.982,0.2916,1.2736
987,Braylen Nash,0.312,-0.0607,0.2513
988,Braylen Smith,-0.2291,-1.3,-1.5291
989,Braylhan Thomas,2.6324,1.0239,3.6563
990,Braylon Jackson,0.397,-0.3813,0.0158
991,Braylon Mullins,2.188,2.1353,4.3233
992,Brayon Freeman,-0.0202,-0.7872,-0.8074
993,Brendan Coyle,-1.3679,2.045,0.6771
994,Brendan Hausen,1.8699,5.0017,6.8716
995,Brendan Johnson,-0.4322,-0.4103,-0.8426
996,Brendan Martin,-2.6673,-0.4713,-3.1387
997,Brendan McGuire,0.3225,-1.1625,-0.84
998,Brendan Mykalcio,3.6189,0.1507,3.7695
999,Brendan Oliver,-0.9737,-3.2292,-4.2029
1000,Brendan Reed,1.9394,-1.2873,0.6521
1001,Brendan Rigsbee,-1.5951,-0.1153,-1.7104
1002,Brendan Scanlon,0.5543,0.5815,1.1358
1003,Brendan Simmons,0.4888,-1.0982,-0.6094
1004,Brendan Terry,1.4313,3.0417,4.4731
1005,Brendan Wenzel,2.5643,0.7575,3.3217
1006,Brendan Yarusso,1.2817,0.2641,1.5459
1007,Brenden Moss,-0.2617,0.5785,0.3168
1008,Brenden Tucker,1.8524,-1.0584,0.794
1009,Brendon O'Keefe,-0.0508,0.1795,0.1287
1010,Brenen Lorient,1.5407,0.0696,1.6104
1011,Brennan Canada,0.1102,-0.0015,0.1087
1012,Brennan Chatman,-0.4201,2.0059,1.5858
1013,Brennan Peterson,-0.4513,2.8198,2.3685
1014,Brennan Ramirez,-0.4038,1.0402,0.6364
1015,Brennan Rigsby,2.405,1.2621,3.6671
1016,Brennan Walton,-0.3402,0.2527,-0.0875
1017,Brennan Watkins,-1.8735,2.7748,0.9014
1018,Brennen Burns,-1.7285,1.7384,0.0099
1019,Breno Silva,-0.4942,1.7056,1.2114
1020,Brent Bland,3.2178,1.1525,4.3703
1021,Brent Davis,5.4304,-0.3165,5.1139
1022,Brent Moss,-1.1502,1.422,0.2718
1023,Brentay Noel,1.7593,-1.5482,0.2111
1024,Brenton Knapper,4.7046,3.1012,7.8058
1025,Brenton Mills,-1.7227,0.552,-1.1707
1026,Breon Pass,-1.0394,0.9257,-0.1138
1027,Brett Decker,-2.3818,6.3527,3.9709
1028,Brett Rumpel,0.272,-2.1596,-1.8876
1029,Brett Thompson,0.5026,2.8292,3.3318
1030,Brett White,0.7588,5.2232,5.982
1031,Brevyn Coleman,0.2859,-0.4962,-0.2103
1032,Brewer Carruth,1.6889,-1.0973,0.5915
1033,Breylin Garcia,-1.3015,2.5333,1.2317
1034,Brian Amuneke,-0.4037,0.0065,-0.3972
1035,Brian Geatens,0.0144,-0.9601,-0.9457
1036,Brian Goracke,-1.1485,1.7869,0.6383
1037,Brian Gordon,-0.1424,0.5852,0.4428
1038,Brian Griffith,-1.6109,1.2562,-0.3546
1039,Brian Hawthorne,-1.1185,1.5168,0.3983
1040,Brian Mathews,2.3191,-2.4645,-0.1454
1041,Brian Moore,0.2802,5.0742,5.3544
1042,Brian Myles,1.3444,-2.0274,-0.683
1043,Brian Nussbaum,0.0055,-0.6142,-0.6087
1044,Brian Sumpter,-2.7222,2.0634,-0.6588
1045,Brian Taylor,3.6742,2.1553,5.8295
1046,Brian Waddell,-0.1449,2.7099,2.5651
1047,Brice Williams,-1.4158,7.8002,6.3844
1048,Briggs McClain,-1.3672,-1.044,-2.4111
1049,Briggs Ranstrom,1.7799,2.3098,4.0897
1050,Brigham Rogers,4.2428,0.3175,4.5603
1051,Brit Burden,-0.1873,-0.0789,-0.2662
1052,Brit Harris,-2.3972,3.3792,0.982
1053,Britton Berrett,1.5107,3.6626,5.1733
1054,Broc Bidwell,-0.0217,1.2734,1.2517
1055,Brock Cunningham,3.6845,2.7843,6.4688
1056,Brock Felder,1.9598,1.039,2.9989
1057,Brock Harding,2.2818,1.9149,4.1966
1058,Brock Matheny,0.1486,-0.4884,-0.3399
1059,Brock Scholl,-1.1027,-2.7403,-3.843
1060,Brock Vice,0.6668,1.6058,2.2726
1061,Brock Wisne,5.3602,3.2992,8.6595
1062,Brody Boyer,-0.6761,0.2109,-0.4652
1063,Brody Fox,-2.7546,-0.4907,-3.2454
1064,Brody Kozlowski,0.3326,0.0699,0.4025
1065,Brody Limric,0.1456,2.1755,2.3212
1066,Brody Nunn,0.7252,0.8329,1.5581
1067,Brody Peebles,1.8465,2.8417,4.6882
1068,Brody Robinson,-2.0401,3.8457,1.8056
1069,Brody Rowbury,-2.4232,3.1555,0.7322
1070,Brody Whitaker,2.4924,4.4354,6.9278
1071,Broek Ostrom,0.156,-0.6472,-0.4912
1072,Bronny James,0.106,0.2367,0.3427
1073,Brooklyn Hicks,2.5746,2.3654,4.9401
1074,Brooklyn Vick,0.9452,-1.8936,-0.9485
1075,Brooks Allen,4.5121,1.587,6.0991
1076,Brooks Barnhizer,2.8739,3.0631,5.937
1077,Bruce Carpenter,-0.3578,0.1783,-0.1795
1078,Bruce Kanno,0.8303,0.9381,1.7684
1079,Bruce Thornton,5.9423,7.1502,13.0926
1080,Bruce Zhang,-1.3714,-3.304,-4.6754
1081,Bruno Alocen,3.1968,2.3562,5.5529
1082,Bryan Antoine,-0.6158,2.5683,1.9525
1083,Bryan Etumnu,2.0403,-1.9998,0.0405
1084,Bryan Greenlee,-0.8981,1.3036,0.4054
1085,Bryan Ndjonga,-0.1081,0.0185,-0.0896
1086,Bryant Greene,2.8291,0.7893,3.6184
1087,Bryant Randleman,0.2616,-0.8314,-0.5698
1088,Bryant Selebangue,4.272,1.2427,5.5147
1089,Bryce Baker,1.5164,2.2658,3.7822
1090,Bryce Butler,-1.7824,1.0569,-0.7254
1091,Bryce Cash,4.3159,3.4515,7.7675
1092,Bryce Cofield,2.7682,3.0075,5.7758
1093,Bryce Cook,0.4605,-1.6295,-1.169
1094,Bryce Darbyshire,3.0686,-0.3465,2.7221
1095,Bryce Dortch,1.9946,2.6912,4.6857
1096,Bryce Eaton,1.4511,1.3772,2.8283
1097,Bryce Ford,-0.1684,2.7708,2.6024
1098,Bryce Harris,0.192,3.5005,3.6925
1099,Bryce Heard,-1.3689,1.8819,0.5131
1100,Bryce Hopkins,6.3585,3.7448,10.1033
1101,Bryce Howard,0.2717,-0.2853,-0.0135
1102,Bryce Johnson,-0.486,-0.0731,-0.5591
1103,Bryce Lausier,0.4683,0.3475,0.8158
1104,Bryce Lindsay,-0.0307,4.4202,4.3895
1105,Bryce Monroe,-1.8886,-1.3477,-3.2363
1106,Bryce Okpoh,0.9747,0.3582,1.333
1107,Bryce Pope,-1.445,3.0857,1.6406
1108,Bryce Quinet,0.3822,2.1484,2.5306
1109,Bryce Roberts,-1.3603,-1.1956,-2.5559
1110,Bryce Slay,0.5623,0.5829,1.1452
1111,Bryce Stokes,0.11,0.005,0.115
1112,Bryce Thompson,3.8466,2.34,6.1865
1113,Bryce Walker,-0.9448,0.2593,-0.6855
1114,Bryce Washington,6.5657,3.3684,9.9342
1115,Bryce Workman,4.3843,-3.057,1.3273
1116,Bryce Zephir,-1.827,-1.1596,-2.9866
1117,Brycen Goodine,0.3448,4.6267,4.9715
1118,Brycen Long,-0.6514,1.2129,0.5615
1119,Bryson Bultman,3.7258,1.3426,5.0685
1120,Bryson Childress,2.4541,-1.2416,1.2125
1121,Bryson Cokley,-0.5896,-0.8229,-1.4125
1122,Bryson Dawkins,1.8757,3.2221,5.0978
1123,Bryson Hall,0.8809,-1.5114,-0.6305
1124,Bryson Langdon,1.5367,-0.2895,1.2472
1125,Bryson McGlothin,-0.296,0.1738,-0.1222
1126,Bryson Ogletree,2.9677,-0.171,2.7966
1127,Bryson Perry,0.7828,0.0008,0.7836
1128,Bryson Spell,-1.1834,2.4852,1.3018
1129,Bryson Tiller,3.2948,2.9766,6.2714
1130,Bryson Tucker,1.5853,2.1861,3.7714
1131,Bryson Wilson,0.5301,-2.7266,-2.1965
1132,Bube Momah,3.4104,-0.3654,3.045
1133,Bubu Benjamin,1.3411,1.56,2.901
1134,Bubz Alvarez,-1.7306,0.5952,-1.1354
1135,Buddy Hammer,1.9457,0.219,2.1646
1136,Bukky Oboye,-0.5075,0.1041,-0.4034
1137,Burke Chebuhar,0.6686,-0.9674,-0.2988
1138,Burke Smith,-2.0862,-1.4918,-3.5781
1139,Byron Brown,-1.8684,-0.3092,-2.1775
1140,Byron Ireland,1.7682,1.341,3.1092
1141,Byron Joshua,-0.2169,3.2314,3.0145
1142,CJ Anthony,2.2337,2.818,5.0516
1143,CJ Beaumont,1.7943,-0.8718,0.9224
1144,CJ Booker,0.4122,-0.5812,-0.169
1145,CJ Brown,3.4419,4.3644,7.8063
1146,CJ Cox,4.8311,8.889,13.7201
1147,CJ Delancy,1.4471,-3.9976,-2.5506
1148,CJ Evans,-3.6005,-0.9545,-4.555
1149,CJ Felder,4.3506,3.0294,7.3801
1150,CJ Ford,-0.4135,-3.2346,-3.6481
1151,CJ Fredrick,-1.5944,3.1069,1.5125
1152,CJ Fulton,1.5063,4.518,6.0244
1153,CJ Gunn,0.3269,-0.9345,-0.6076
1154,CJ Hall,3.373,-1.8635,1.5095
1155,CJ Happy,-1.43,-2.4752,-3.9053
1156,CJ Hardy,-2.1792,0.9128,-1.2664
1157,CJ Hines,-1.8524,1.8896,0.0372
1158,CJ Huntley,2.2071,0.8407,3.0478
1159,CJ Hyland,-1.2055,-1.2679,-2.4734
1160,CJ Ingram,-0.8368,-0.4052,-1.242
1161,CJ Jackson,-1.0408,-0.8225,-1.8634
1162,CJ Jones,-0.9865,0.4684,-0.5181
1163,CJ Luster,-1.0532,1.8022,0.749
1164,CJ McPherson,-0.6312,-0.2176,-0.8487
1165,CJ Moore,0.1946,-0.9174,-0.7228
1166,CJ Napier,0.0758,-0.1499,-0.0741
1167,CJ Noland,2.931,2.2078,5.1388
1168,CJ O'Hara,0.2524,2.4298,2.6822
1169,CJ Parker,0.3109,0.4233,0.7342
1170,CJ Rich,1.4575,-0.3621,1.0954
1171,CJ Shaw,-0.8864,2.9027,2.0163
1172,CJ Smith,-1.349,-0.1757,-1.5247
1173,CJ Walker,2.4227,0.3241,2.7468
1174,CJ Wilcher,1.5135,2.8603,4.3738
1175,CJ Williams,-0.9614,-0.6031,-1.5646
1176,Cache Fields,1.9541,0.4983,2.4524
1177,Cade Alger,0.0334,-0.9913,-0.9579
1178,Cade Arbogast,0.5033,-0.4792,0.0241
1179,Cade Bennett,0.5226,0.6879,1.2105
1180,Cade Brazier,-0.3545,0.004,-0.3505
1181,Cade Gibbs,-0.0571,-0.4907,-0.5478
1182,Cade Hardtke,1.41,0.7359,2.146
1183,Cade Haskins,1.3032,2.4404,3.7437
1184,Cade Higgins,-0.3096,-0.4347,-0.7443
1185,Cade Hornecker,-1.2299,-1.6639,-2.8938
1186,Cade Kelderman,-1.9543,1.6472,-0.3072
1187,Cade Lomas,-0.2289,-0.0699,-0.2989
1188,Cade Meyer,0.7429,-1.028,-0.2851
1189,Cade Norris,0.9928,2.7338,3.7266
1190,Cade Orness,0.0618,-0.3177,-0.256
1191,Cade Pendleton,-0.0889,-0.1947,-0.2836
1192,Cade Phillips,5.1067,1.7243,6.831
1193,Cade Potter,0.5446,2.051,2.5957
1194,Cade Stinnett,0.2512,1.5841,1.8352
1195,Cade Tyson,1.0367,4.6358,5.6726
1196,Caden Bateman,-0.0512,0.5497,0.4985
1197,Caden Boser,-0.7548,0.3281,-0.4268
1198,Caden Diggs,1.8512,0.0668,1.918
1199,Caden Hawkins,-0.1645,0.8489,0.6844
1200,Caden Huttenlocker,-0.1401,-0.0718,-0.2119
1201,Caden Pierce,1.6568,3.6757,5.3325
1202,Caden Powell,3.048,3.9333,6.9813
1203,Caden Wilkins,1.0451,2.9127,3.9577
1204,Caedin Hamilton,2.3813,-0.4052,1.9761
1205,Cael Schmitt,-0.6368,1.3037,0.6669
1206,Caelum Swanton-Rodger,0.8477,-2.8276,-1.98
1207,Cahmai Crosby,0.949,-2.1327,-1.1838
1208,Cal Conroy,0.4524,-1.554,-1.1016
1209,Cal Furnish,2.1675,0.2392,2.4067
1210,Cal Liston,-2.8127,-2.0079,-4.8206
1211,Cale Barclay,-0.6439,-1.7806,-2.4245
1212,Cale Jacobsen,3.834,-0.4554,3.3787
1213,Caleb Blackwell,0.9327,1.3797,2.3124
1214,Caleb Burgess,-0.0712,1.1229,1.0517
1215,Caleb Carr,-0.6691,-1.6969,-2.366
1216,Caleb Crawford,0.9795,-1.6155,-0.636
1217,Caleb Delzell,1.1291,0.3241,1.4533
1218,Caleb Donaldson,-0.1756,-0.7831,-0.9587
1219,Caleb Dorsey,-0.9448,-0.1087,-1.0535
1220,Caleb Ellison,-0.4139,-0.1129,-0.5268
1221,Caleb Embeya,-1.0111,-1.1441,-2.1552
1222,Caleb Evans,0.9038,0.4562,1.3599
1223,Caleb Fields,-0.9964,3.5926,2.5962
1224,Caleb Foster,0.0858,5.1841,5.2699
1225,Caleb Furst,2.5114,-0.4973,2.0141
1226,Caleb Grill,1.0106,8.2872,9.2978
1227,Caleb Hannah,1.2138,0.7797,1.9934
1228,Caleb Harrison,1.5064,1.1942,2.7006
1229,Caleb Hollenbeck,-0.8256,4.6896,3.8639
1230,Caleb Hunter,1.7109,-0.942,0.7688
1231,Caleb Johnson,5.312,-0.2837,5.0283
1232,Caleb Jones,-4.6063,-0.5833,-5.1896
1233,Caleb Kenney,-1.2062,-1.3626,-2.5688
1234,Caleb Kizer,-0.1077,-0.1485,-0.2562
1235,Caleb Lohner,1.0445,-0.3299,0.7146
1236,Caleb Love,3.2894,4.0844,7.3738
1237,Caleb Mackrey,1.0463,-1.6981,-0.6517
1238,Caleb McCarty,1.3043,-1.0479,0.2564
1239,Caleb Middleton,-1.2425,-0.0727,-1.3152
1240,Caleb Murphy,-0.4458,-0.6982,-1.144
1241,Caleb Pennyfeather,-4.0773,-1.9228,-6.0
1242,Caleb Reese,-1.2526,-0.0573,-1.3099
1243,Caleb Robinson,4.6552,1.4477,6.1029
1244,Caleb Sanders,-0.5294,0.8294,0.3
1245,Caleb Schoenrock,0.312,0.5609,0.8729
1246,Caleb Shaw,2.857,1.5892,4.4462
1247,Caleb Smith,-0.6272,-1.214,-1.8411
1248,Caleb Stearman,1.0471,-0.1433,0.9038
1249,Caleb Steger,1.641,-2.1522,-0.5112
1250,Caleb Stokes,-2.0161,-0.8518,-2.8679
1251,Caleb Stone-Carrawell,4.15,-1.2025,2.9475
1252,Caleb Surgers,1.9001,0.2258,2.1259
1253,Caleb Thompson,-1.105,1.2634,0.1584
1254,Caleb Van De Griend,1.1498,1.7036,2.8534
1255,Caleb Versher,-0.0117,-0.7688,-0.7805
1256,Caleb Walker,0.5939,-2.0016,-1.4077
1257,Caleb Williams,-0.311,0.2615,-0.0496
1258,Caleb Wilson,0.2203,3.5018,3.7221
1259,Caleb Zurliene,0.4522,3.98,4.4323
1260,Callum Richard,1.3722,0.1749,1.5471
1261,Calum Rutherfurd,-0.8839,-0.3407,-1.2246
1262,Calvin Robins,0.5519,0.8563,1.4082
1263,Calvin Russell,-0.1263,0.0122,-0.1141
1264,Calvin Solomon,4.927,0.668,5.595
1265,Cam Amboree,1.1625,-0.1636,0.9989
1266,Cam Brent,-0.0159,-0.9795,-0.9954
1267,Cam Bryant,-1.067,-0.1542,-1.2212
1268,Cam Campbell,0.0752,-0.411,-0.3358
1269,Cam Carroll,-0.4575,3.1496,2.6921
1270,Cam Carter,3.8114,3.5501,7.3615
1271,Cam Christie,-0.7918,4.3386,3.5468
1272,Cam Christy,-0.4659,-0.7853,-1.2511
1273,Cam Cole,1.7057,-3.0298,-1.3242
1274,Cam Cormany,1.1928,0.242,1.4348
1275,Cam Denson,0.9338,-5.5614,-4.6275
1276,Cam Estevez,-1.7346,2.7619,1.0273
1277,Cam Gillus,-0.6581,-2.1795,-2.8376
1278,Cam Glover,-2.0197,-1.7417,-3.7614
1279,Cam Gregory,0.1725,-1.1579,-0.9854
1280,Cam Haffner,-1.3162,-0.2361,-1.5523
1281,Cam Hayes,1.0229,0.7106,1.7335
1282,Cam Hutson,0.9716,0.4474,1.419
1283,Cam Lawin,-0.5161,-1.5691,-2.0851
1284,Cam Liggins,-0.3766,-0.5905,-0.9671
1285,Cam Malray,0.6799,-2.0163,-1.3364
1286,Cam Manyawu,5.6198,4.4707,10.0905
1287,Cam Martin,0.9203,0.9796,1.8999
1288,Cam McDowell,2.1161,2.9594,5.0755
1289,Cam Miles,-1.2104,-0.0578,-1.2682
1290,Cam Morris,0.4015,3.0624,3.4639
1291,Cam Palesse,-1.6137,3.1711,1.5574
1292,Cam Polak,0.0825,0.3311,0.4135
1293,Cam Scott,1.328,-1.1133,0.2146
1294,Cam Spencer,3.9564,6.5446,10.5011
1295,Cam Thomas,-0.3015,0.9807,0.6792
1296,Cam Thrower,2.4603,2.7173,5.1776
1297,Cam Wallace,-1.0423,0.4544,-0.5879
1298,Cam Wilds,2.0178,-0.1587,1.8591
1299,Cam'Ron Brown,-0.003,-2.6031,-2.6062
1300,Cam'Ron Fletcher,-1.7514,4.6558,2.9045
1301,Camaren Sparrow,3.9019,-3.1492,0.7527
1302,Camaron Tongue,0.636,4.382,5.018
1303,Camden Heide,0.5091,2.3228,2.832
1304,Camden Karel,0.365,0.9045,1.2695
1305,Camden McCormick,-1.3087,-0.4941,-1.8027
1306,Camden Webster,-0.239,0.0445,-0.1945
1307,Camerin James,0.0777,-1.8498,-1.7721
1308,Cameron Bacote,0.3976,1.9421,2.3397
1309,Cameron Barnes,1.0876,0.7815,1.8691
1310,Cameron Boone,-1.7409,-1.9775,-3.7184
1311,Cameron Boozer,6.3192,8.2701,14.5893
1312,Cameron Brennan,1.0322,-0.4512,0.581
1313,Cameron Brown,-0.8193,-0.6102,-1.4295
1314,Cameron Butler,2.4988,-0.9874,1.5115
1315,Cameron Carr,2.389,7.3548,9.7437
1316,Cameron Clark,-2.7239,-0.3903,-3.1141
1317,Cameron Corhen,1.2977,2.5681,3.8658
1318,Cameron Crawford,1.5086,0.8899,2.3985
1319,Cameron Faas,2.2357,2.0768,4.3125
1320,Cameron Fens,0.2273,1.8046,2.0319
1321,Cameron Gehlhausen,1.1271,-1.5781,-0.451
1322,Cameron Grant,2.2156,2.1482,4.3639
1323,Cameron Haffner,2.8842,-1.5017,1.3825
1324,Cameron Hiatt,0.4516,2.3347,2.7862
1325,Cameron Hildreth,3.5191,0.3715,3.8905
1326,Cameron Huefner,2.7605,-0.15,2.6105
1327,Cameron Jackson,1.3485,-0.0376,1.3109
1328,Cameron Jernigan,0.2062,-1.9955,-1.7892
1329,Cameron Jones,3.3515,4.1394,7.4909
1330,Cameron Matthews,8.5067,5.4966,14.0033
1331,Cameron McNamee,1.2363,-1.1669,0.0694
1332,Cameron Merritt,0.4579,1.1476,1.6055
1333,Cameron O'Kelley,-0.2727,0.2547,-0.018
1334,Cameron Piggee,-0.3282,3.6872,3.3591
1335,Cameron Sheffield,0.9232,1.2961,2.2193
1336,Cameron Shockley-Okeke,0.5512,1.8897,2.4409
1337,Cameron Simpson,0.0243,0.4924,0.5167
1338,Cameron Steele,0.6567,-0.3167,0.34
1339,Cameron Stitt,-4.1555,0.3232,-3.8323
1340,Cameron Tucker,2.4843,0.0745,2.5589
1341,Cameron Tweedy,0.074,-0.0342,0.0398
1342,Cameron Tyson,3.0773,6.832,9.9093
1343,Cameron Wallace,-0.0225,3.0542,3.0317
1344,Cameron Ward,1.5981,4.7045,6.3026
1345,Cameron Wilbon,1.3203,0.1126,1.4329
1346,Cameron Williams,-3.0013,-0.4174,-3.4187
1347,Camian Shell,0.5244,-0.9053,-0.3809
1348,Camp Wagner,0.5747,3.6056,4.1803
1349,Campbell Duncan,0.4417,-0.1404,0.3013
1350,Camren Hunter,0.5223,-1.2297,-0.7074
1351,Camren Little,-0.8278,-0.4236,-1.2514
1352,Camryn Weston,2.3298,1.7774,4.1072
1353,Canin Jefferson,1.083,-2.2936,-1.2106
1354,Cannon Richards,0.5593,-2.0811,-1.5218
1355,Car'Ron Brown,0.2257,0.0007,0.2264
1356,Cardell Bailey,-0.0599,1.4371,1.3772
1357,Carey Booth,1.4833,3.7836,5.2668
1358,Carl Cherenfant,0.2081,1.8427,2.0508
1359,Carl Daughtery,-1.1301,0.4558,-0.6742
1360,Carl Parrish,0.8078,-0.5763,0.2316
1361,Carlos Coronado,-1.3117,0.7882,-0.5235
1362,Carlos Cortijo,0.2637,3.9212,4.1849
1363,Carlos Curry,-1.1611,-1.0959,-2.257
1364,Carlos Fuentes,0.0039,0.0214,0.0253
1365,Carlos Harris,-0.4507,0.258,-0.1927
1366,Carlos Hart,3.2861,-1.6934,1.5928
1367,Carlos Lopez,-0.4845,-0.6962,-1.1807
1368,Carlos Marshall,-1.0731,2.6384,1.5653
1369,Carlos Paez,2.5485,1.6708,4.2192
1370,Carlos Rosario,-0.0726,0.0123,-0.0603
1371,Carlos Stewart,1.6205,2.9981,4.6186
1372,Carlous Williams,2.0194,1.8806,3.8999
1373,Carlsheon Young,-0.414,-0.173,-0.5869
1374,Carlton Carrington,1.7927,5.2394,7.0321
1375,Carlton Linguard,-0.0116,5.5183,5.5067
1376,Carmelo Adkins,0.0884,0.852,0.9405
1377,Carmelo Pacheco,-1.4903,2.4299,0.9396
1378,Carnegie Johnson,0.7072,-0.921,-0.2138
1379,Carson Barrett,1.6024,-0.4647,1.1377
1380,Carson Basham,1.3831,-1.2836,0.0995
1381,Carson Brown,-0.6553,-0.1297,-0.785
1382,Carson Cooper,6.3755,3.0497,9.4252
1383,Carson Johnson,-3.0408,6.0995,3.0587
1384,Carson Mastin,0.003,-0.6591,-0.6561
1385,Carson Prost,-0.6181,0.7654,0.1473
1386,Carson Rhodes,0.1799,-0.1451,0.0348
1387,Carson Sager,0.0796,-0.3772,-0.2975
1388,Carson Schwieger,-1.5243,2.4877,0.9635
1389,Carson Smith,0.9634,-1.0687,-0.1054
1390,Carson Towt,2.9791,3.4727,6.4518
1391,Carson Vis,-1.5418,1.4141,-0.1277
1392,Carter Ash,-0.8327,0.4037,-0.429
1393,Carter Benton,-1.5032,-0.1067,-1.6099
1394,Carter Bjerke,4.3645,7.8317,12.1961
1395,Carter Bryant,1.176,4.2476,5.4236
1396,Carter Gilmore,4.0176,5.0863,9.104
1397,Carter Hopoi,1.0583,2.9131,3.9715
1398,Carter Kingsbury,-2.7318,0.4592,-2.2726
1399,Carter Lang,0.3328,-2.2622,-1.9295
1400,Carter Murphy,-1.0953,-0.1612,-1.2565
1401,Carter Sobera,0.6194,-0.6717,-0.0523
1402,Carter Welling,3.2357,1.1448,4.3805
1403,Carter Whitt,-0.9621,0.2195,-0.7426
1404,Casey Jones,-0.6615,2.2898,1.6283
1405,Casey Morsell,2.0171,4.0773,6.0943
1406,Casey O'Malley,-0.0351,-1.8316,-1.8667
1407,Casey Simmons,3.0912,-0.0235,3.0677
1408,Cash McSweeney,0.9357,0.7469,1.6825
1409,Casmir Chavis,2.0721,0.2282,2.3003
1410,Cason Collins,-0.4839,0.0941,-0.3898
1411,Casper Pohto,0.6121,0.4971,1.1092
1412,Cassius Bonjasky,-2.2638,0.0053,-2.2585
1413,Cassius Brooks,-1.111,-1.6965,-2.8075
1414,Cavan Reilly,-0.9506,3.7674,2.8168
1415,Cavin Holden,1.6191,0.0165,1.6356
1416,Cayden Boozer,2.5614,5.2847,7.8461
1417,Cayden Charles,-1.2278,4.7299,3.5021
1418,Cayden Gehlhausen,0.8755,-1.2427,-0.3672
1419,Cayden Vasko,1.8793,2.6155,4.4947
1420,Cayden Ward,-3.2323,3.9383,0.706
1421,Cbo Newton,-1.7762,1.8886,0.1124
1422,Cedric Coward,2.2233,6.0438,8.2671
1423,Cedric Lath,1.4777,-1.5009,-0.0232
1424,Cesar Tchilombo,-2.3934,0.0544,-2.339
1425,Cesare Edwards,1.3894,0.0513,1.4407
1426,Chace Davis,-0.6036,-1.7107,-2.3143
1427,Chace Watley,-2.2596,-1.4883,-3.7479
1428,Chad Baker-Mazara,3.094,8.3225,11.4164
1429,Chad Moodie,-0.956,-4.3601,-5.3161
1430,Chad Venning,3.2357,3.5399,6.7756
1431,Chadlyn Traylor,1.2409,-0.2667,0.9743
1432,Cham Okey,-0.4009,0.0932,-0.3078
1433,Chance Beard,-0.0122,-0.2266,-0.2388
1434,Chance Mallory,1.8822,5.3759,7.2581
1435,Chance McMillian,2.9133,8.776,11.6893
1436,Chance Moore,3.0653,0.8597,3.9251
1437,Chance Puryear,-1.3275,0.6441,-0.6834
1438,Chance Stephens,0.1052,-1.3775,-1.2722
1439,Chance Thacker,-0.1035,-1.7192,-1.8227
1440,Chance Trujillo,-0.5391,2.4592,1.9201
1441,Chance Westry,0.9404,4.9797,5.9201
1442,Chancellor White,-1.387,2.5568,1.1698
1443,Chandler Baker,1.5603,2.3789,3.9392
1444,Chandler Bing,-1.3677,3.2957,1.9281
1445,Chandler Cuthrell,1.8748,4.2318,6.1066
1446,Chandler Jackson,3.9836,5.4879,9.4715
1447,Chandler Lawson,2.9326,-0.3775,2.5551
1448,Chandler Leopard,0.1483,0.4594,0.6077
1449,Chandler Pigge,1.3656,2.6977,4.0632
1450,Chandler Turner,1.8372,0.121,1.9581
1451,Chane Bynum,0.0723,0.5582,0.6305
1452,Chaney Johnson,6.0215,3.1766,9.1981
1453,Chanler Montgomery,0.1588,0.2082,0.3669
1454,Chanse Perkins,0.4034,0.2481,0.6515
1455,Chansey Willis,0.6647,0.664,1.3288
1456,Charles Bediako,-1.5824,0.7522,-0.8302
1457,Charles Chukwu,1.5949,-0.3175,1.2774
1458,Charles Coleman,-0.8381,-0.6943,-1.5324
1459,Charles Dunlap,0.3966,-0.6352,-0.2386
1460,Charles Ireland,-0.558,-0.3849,-0.9429
1461,Charles Johnston,3.0166,4.5262,7.5428
1462,Charles Lampten,2.8336,2.2207,5.0543
1463,Charles Lane,-1.0529,2.0574,1.0045
1464,Charles Outlaw,-0.2815,-0.6564,-0.9379
1465,Charles Pride,2.8422,1.0167,3.8589
1466,Charles Smith,1.5901,2.9596,4.5496
1467,Charles Stone,0.4461,-1.251,-0.8049
1468,Charles Thompson,3.4881,0.4666,3.9547
1469,Charlie Diamantis,-0.2614,-0.7935,-1.0548
1470,Charlie Dortch,-0.0932,1.0741,0.9809
1471,Charlie Easley,1.9781,5.4646,7.4427
1472,Charlie May,0.1934,-0.4226,-0.2291
1473,Charlie Miller,-0.8772,0.8932,0.016
1474,Charlie OSullivan,0.2266,2.4446,2.6713
1475,Charlie Peterson,2.7326,-6.3277,-3.595
1476,Charlie Weisberg,-0.1786,0.221,0.0424
1477,Charlie Williams,1.0148,0.5731,1.5879
1478,Chas Kelley,-1.1538,0.6974,-0.4564
1479,Chas Lewless,-0.4169,0.3952,-0.0218
1480,Chas Stinson,1.0569,0.0458,1.1027
1481,Chase Adams,-0.0946,0.5324,0.4378
1482,Chase Barrs,2.451,-1.038,1.413
1483,Chase Beasley,1.3079,-2.7924,-1.4844
1484,Chase Claxton,2.1808,-0.5204,1.6604
1485,Chase Clemmons,0.3406,-0.4872,-0.1466
1486,Chase Cormier,0.766,0.7028,1.4689
1487,Chase Courbat,1.9027,-0.1905,1.7123
1488,Chase Courtney,0.1483,-0.5417,-0.3933
1489,Chase Dawson,-4.3727,-0.3441,-4.7168
1490,Chase Forte,4.2657,-0.1528,4.1129
1491,Chase Henderson,-1.2536,-2.1243,-3.3779
1492,Chase Hunter,2.678,3.5811,6.2591
1493,Chase Johnston,1.1411,2.8504,3.9914
1494,Chase Kirkwood,0.8807,-0.346,0.5347
1495,Chase Kuiper,1.7231,1.1084,2.8315
1496,Chase Lowe,4.2917,4.6654,8.9572
1497,Chase Martin,0.2648,-2.2328,-1.968
1498,Chase McCarty,3.333,0.3309,3.6638
1499,Chase McKey,1.0252,-2.1043,-1.079
1500,Chase Paar,2.0429,-1.4664,0.5765
1501,Chase Rawlins,0.2918,0.3514,0.6432
1502,Chase Robinson,0.3856,3.2794,3.665
1503,Chase Ross,5.7734,0.8252,6.5986
1504,Chase Sample,0.3704,0.6111,0.9815
1505,Chase Thompson,3.1762,0.955,4.1312
1506,Chase Tucker,-0.0908,0.2719,0.1811
1507,Chase Walker,3.6989,7.091,10.7898
1508,Chase Williams,0.3328,-0.9944,-0.6616
1509,Chaunce Jenkins,1.665,-0.1661,1.4988
1510,Chauncey Gibson,-1.5105,-0.4064,-1.9169
1511,Chauncey Wiggins,2.6336,2.5476,5.1812
1512,Chayce Polynice,-1.3767,-1.7956,-3.1723
1513,Chaydon Stone,1.5587,-0.5652,0.9936
1514,Chaz Lanier,4.2913,3.2868,7.578
1515,Chaz Watson,2.7955,3.0452,5.8407
1516,Chaze Harris,1.4331,3.9884,5.4215
1517,Chazz Hutchison,1.7591,2.0293,3.7884
1518,Cheickna Sissoko,3.4311,-0.6591,2.772
1519,Cheikh Ndiaye,-1.9573,-0.7783,-2.7356
1520,Cheikh Sow,1.8158,2.2912,4.107
1521,Chendall Weaver,-0.3346,7.0358,6.7012
1522,Chevalier Emery,-5.4776,3.9898,-1.4879
1523,Chiang Ring,0.9594,-0.081,0.8785
1524,Chiante Tramble,1.2942,0.9062,2.2004
1525,Chianti Clay,-0.0434,-1.1517,-1.1951
1526,Chibuzo Agbo,4.1576,5.8798,10.0374
1527,Chico Carter,-2.3122,1.3493,-0.9629
1528,Chico Johnson,-1.8055,-5.5944,-7.3999
1529,Chidi Umeh,-1.4193,-4.3225,-5.7418
1530,Chidube Ekwommadu,-1.494,1.2839,-0.2101
1531,Chigozie Achara,0.2579,-3.7899,-3.532
1532,Chika Nduka,1.9863,-0.1917,1.7946
1533,Chike Ndefo,2.7096,-0.1399,2.5697
1534,Chilaydrien Newton,-1.5863,-0.362,-1.9483
1535,Chip Brunt,-0.3387,-0.1774,-0.5161
1536,Chisom Okpara,-0.2928,3.7087,3.4159
1537,Chol Machot,0.1108,0.2977,0.4085
1538,Chol Marial,1.1799,-6.0952,-4.9152
1539,Chop Paljor,0.0288,0.4277,0.4565
1540,Chris Adlam,-1.2332,1.6085,0.3754
1541,Chris Arcidiacono,0.7391,-0.5771,0.162
1542,Chris Arias,-1.5815,1.0515,-0.53
1543,Chris Arizin,0.1349,-0.6076,-0.4727
1544,Chris Ashby,-4.1883,0.9929,-3.1954
1545,Chris Austin,-2.2898,0.788,-1.5018
1546,Chris Bell,0.8435,1.2473,2.0908
1547,Chris Cain,1.3413,-1.5733,-0.232
1548,Chris Carter,-0.5394,-0.4357,-0.9751
1549,Chris Catchings,0.5421,-0.1146,0.4275
1550,Chris Cenac,4.5969,3.0076,7.6045
1551,Chris Chiles,0.3843,-0.472,-0.0877
1552,Chris Conway,1.9083,2.1793,4.0876
1553,Chris Craig,2.0685,2.1615,4.23
1554,Chris Cross,-3.0508,-2.1439,-5.1947
1555,Chris Daniels,1.3258,-0.017,1.3088
1556,Chris Davis,1.5819,2.203,3.7849
1557,Chris Dockery,-2.0907,1.99,-0.1008
1558,Chris Doherty,-1.2169,1.6842,0.4673
1559,Chris Felix,3.1176,-2.9201,0.1976
1560,Chris Fields,-1.3432,2.0043,0.661
1561,Chris Ford,0.9622,-2.5148,-1.5527
1562,Chris Gatty,-0.1436,-0.1875,-0.3312
1563,Chris Gleaton,0.9788,-0.2026,0.7763
1564,Chris Hodges,1.4195,-0.0143,1.4052
1565,Chris Howell,5.7645,1.457,7.2215
1566,Chris Johnson,0.1596,2.7072,2.8668
1567,Chris Komin,-1.8202,1.5581,-0.262
1568,Chris Kumu,-1.2296,-2.1641,-3.3938
1569,Chris Kuzemka,4.1201,0.9583,5.0784
1570,Chris Ledlum,2.4688,2.8897,5.3585
1571,Chris Lockett,1.1013,0.6424,1.7437
1572,Chris Loofe,3.9945,-0.4619,3.5327
1573,Chris Lotito,-0.1786,0.1255,-0.0531
1574,Chris Maidoh,3.7163,3.6093,7.3256
1575,Chris Manon,1.1742,3.6581,4.8323
1576,Chris McDermott,0.506,2.3083,2.8142
1577,Chris Mitchell,2.517,0.0053,2.5224
1578,Chris Moncrief,0.7269,-0.2449,0.482
1579,Chris Moore,1.5845,-1.9196,-0.3351
1580,Chris Morgan,5.6571,-3.6163,2.0407
1581,Chris Mpaka,1.9922,-2.3015,-0.3093
1582,Chris Mubiru,2.6416,-1.6028,1.0388
1583,Chris Nana,-0.107,-0.5051,-0.6122
1584,Chris Nix,-0.3117,-0.8501,-1.1618
1585,Chris Payton,3.5758,2.4536,6.0294
1586,Chris Pryor,-0.4244,3.6125,3.1882
1587,Chris Riddle,1.6433,2.8322,4.4754
1588,Chris Rubayo,3.1706,-1.2575,1.9131
1589,Chris Sosnik,-0.0334,-0.5122,-0.5457
1590,Chris Tadjo,-0.5543,-0.1849,-0.7393
1591,Chris Terrell,0.2636,1.5898,1.8534
1592,Chris Torres,-0.556,-0.8021,-1.358
1593,Chris Ubochi,1.41,2.231,3.641
1594,Chris Walker,1.4626,-0.4025,1.0601
1595,Chris Youngblood,4.5791,5.6984,10.2775
1596,Chrishawn Christmas,4.5037,1.1053,5.609
1597,Christ Essandoko,2.5326,-0.0602,2.4724
1598,Christian Alston,-0.3077,-3.7821,-4.0897
1599,Christian Anderson,1.5388,6.6679,8.2067
1600,Christian Beam,0.913,-2.7763,-1.8633
1601,Christian Bliss,-0.8364,1.1308,0.2944
1602,Christian Brown,0.0967,0.22,0.3167
1603,Christian Coleman,0.5594,5.2265,5.7859
1604,Christian Cook,1.2283,2.9548,4.1831
1605,Christian Davis,-0.1432,2.7949,2.6517
1606,Christian Dedivanaj,0.646,-0.0723,0.5737
1607,Christian Fermin,2.8258,-0.6734,2.1524
1608,Christian Foy,-0.106,-0.3704,-0.4765
1609,Christian Fussell,-0.6186,-1.759,-2.3776
1610,Christian Gamble,3.1918,-4.9704,-1.7786
1611,Christian Gurdak,5.5129,0.512,6.0248
1612,Christian Hammond,0.9854,2.8645,3.8499
1613,Christian Harmon,1.1413,4.6243,5.7656
1614,Christian Henry,3.9784,3.1282,7.1066
1615,Christian Horry,0.0614,-0.5683,-0.5069
1616,Christian Hughes,-0.623,0.2449,-0.3781
1617,Christian Ings,-2.2606,2.0199,-0.2407
1618,Christian Jeffrey,0.9087,1.488,2.3967
1619,Christian Jones,0.1971,2.336,2.5331
1620,Christian King,0.3798,2.3595,2.7393
1621,Christian Kirkland,2.6901,-1.2228,1.4672
1622,Christian Landry,-0.2276,-0.0571,-0.2847
1623,Christian May,0.1257,0.8801,1.0058
1624,Christian Moore,-0.4272,0.0299,-0.3973
1625,Christian Nitu,2.8853,-1.8814,1.0039
1626,Christian Oliver,-0.3416,-1.1571,-1.4987
1627,Christian Ray,0.9528,2.6703,3.6231
1628,Christian Reeves,0.3704,0.7651,1.1355
1629,Christian Reid,2.4447,0.5327,2.9774
1630,Christian Rich,0.9122,-0.7167,0.1955
1631,Christian Richardson,3.1934,3.2237,6.4171
1632,Christian Shumate,3.8103,2.9441,6.7544
1633,Christian Tomasco,1.425,0.1983,1.6233
1634,Christian Tucker,-0.1938,1.1298,0.936
1635,Christian Turner,2.699,-2.8916,-0.1926
1636,Christian Villegas,1.9394,-0.7075,1.2319
1637,Christian Watson,2.7847,2.6037,5.3884
1638,Christian Williams,-1.2166,1.3209,0.1043
1639,Christian Winborne,0.0924,-0.0197,0.0727
1640,Christian Wise,2.3112,-1.7704,0.5408
1641,Christian Wright,0.7357,-0.067,0.6687
1642,Christoph Tilly,3.2663,4.6419,7.9082
1643,Christopher Baudreau,-0.0568,-0.885,-0.9418
1644,Christopher Biekeu,0.2992,-0.9235,-0.6243
1645,Christopher Cox,-0.2408,0.0206,-0.2202
1646,Christopher Flippin,-0.3034,-3.7035,-4.0069
1647,Christopher Green,-0.1827,0.0084,-0.1743
1648,Christopher Jones,0.4032,-1.5001,-1.0969
1649,Christopher Mantis,-1.7062,1.6401,-0.0661
1650,Christopher Melis,1.9229,1.041,2.9639
1651,Christopher Nwuli,0.7502,1.7125,2.4627
1652,Christopher Skenderi,0.3767,0.4516,0.8284
1653,Christyon Eugene,-0.3029,3.1616,2.8587
1654,Chuck Bailey,-0.1355,2.6173,2.4819
1655,Chuck Harris,1.4564,4.5505,6.0069
1656,Chuck Love,-2.9581,1.4538,-1.5043
1657,Chuck O'Bannon,0.8704,0.8406,1.711
1658,Chucky Hepburn,4.0334,5.2054,9.2389
1659,Chudi Dioramma,2.6668,0.0807,2.7475
1660,Chuks Isitua,-0.3942,-0.2919,-0.6861
1661,Churchill Abass,-1.1112,-1.6747,-2.7859
1662,Churchilll Bounds,0.3794,0.8535,1.2328
1663,Cian Medley,0.4026,2.498,2.9007
1664,Cinque Lemon,-0.3276,-0.223,-0.5506
1665,Clance Crosby,-0.9215,-2.7141,-3.6356
1666,Clancy Bird,-0.0956,-0.0118,-0.1073
1667,"Clarence ""Monzy"" Jackson",-0.2643,-1.5567,-1.821
1668,Clarence Cummings,0.3296,1.8358,2.1655
1669,Clarence Daniels,3.0066,0.5866,3.5932
1670,Clarence Massamba,0.9857,0.8823,1.868
1671,Clarence Rupert,2.9439,0.2706,3.2145
1672,Clark Slajchert,-0.2035,3.1591,2.9556
1673,Clash Peters,3.6982,-0.6125,3.0857
1674,Claudell Harris,0.8309,4.9599,5.7909
1675,Clay Howard,-0.0543,0.9467,0.8924
1676,Clayton Jackson,3.1284,-0.6574,2.471
1677,Clayton Parker,-1.2749,-1.5358,-2.8108
1678,Clayton Southwick,1.5458,-3.4171,-1.8713
1679,Clem Edomwonyin,-0.5311,-0.61,-1.1412
1680,Cli'ron Hornbeak,2.1988,-1.0191,1.1797
1681,Cliff Davis,-1.4459,3.1005,1.6546
1682,Clifford Omoruyi,6.1064,1.3034,7.4098
1683,Clinton Efinda,-2.2713,2.2477,-0.0236
1684,Clyde Bailey,1.9168,1.8524,3.7692
1685,Clyde Mauldin,0.5844,-0.494,0.0904
1686,Cobe Williams,3.4452,2.6425,6.0878
1687,Cobey Harraway,-0.3409,-1.2813,-1.6221
1688,Cobi Campbell,-1.0745,1.6996,0.625
1689,Cobie Montgomery,1.8301,-0.1749,1.6552
1690,Cody Head,0.4853,1.8253,2.3107
1691,Cody Pennebaker,-1.9835,-1.6591,-3.6426
1692,Cody Williams,0.9081,2.8068,3.7148
1693,Coen Carr,1.4537,3.8719,5.3255
1694,Colby Baumann,0.7359,-0.4062,0.3297
1695,Colby Brooks,-0.4892,0.0515,-0.4377
1696,Colby Duggan,2.0137,2.7847,4.7984
1697,Colby Garland,0.9524,3.6144,4.5667
1698,Colby McAllister,-0.2916,1.1578,0.8662
1699,Colby Rogers,0.5065,3.4972,4.0038
1700,Colby Tanner,2.5409,0.7371,3.2779
1701,Cole Alexander,0.039,-1.1274,-1.0884
1702,Cole Anderson,-0.8012,3.7187,2.9174
1703,Cole Andrews-Heitz,0.8298,-0.2712,0.5586
1704,Cole Bajema,-0.2692,3.7275,3.4583
1705,Cole Bott,0.2772,-0.9584,-0.6812
1706,Cole Bowser,-0.0066,2.2271,2.2205
1707,Cole Certa,0.6757,6.5781,7.2539
1708,Cole Despie,-0.4865,0.3054,-0.1811
1709,Cole Farrell,-0.2286,-2.1297,-2.3583
1710,Cole Franklin,1.2828,-3.1028,-1.82
1711,Cole Glasgow,-0.3621,-1.7446,-2.1067
1712,Cole Haller,0.2495,-2.7028,-2.4533
1713,Cole Hargrove,1.3009,0.228,1.5289
1714,Cole Henry,-1.4758,0.6177,-0.8581
1715,Cole Kastner,0.4958,0.9718,1.4676
1716,Cole Kirouac,1.1046,0.0503,1.1549
1717,Cole LaRue,-1.1966,-1.321,-2.5176
1718,Cole Lake,0.2237,-0.3955,-0.1718
1719,Cole McCabe,-0.368,-3.6613,-4.0293
1720,Cole McCormick,-2.4425,2.031,-0.4115
1721,Cole McGrath,-0.5234,-0.5733,-1.0967
1722,Cole Paar,0.0781,-0.3848,-0.3066
1723,Cole Pepe,-0.68,-0.4987,-1.1786
1724,Cole Scherer,-0.6251,1.9812,1.356
1725,Cole Sherman,-1.3057,-0.3375,-1.6431
1726,Coleman Hawkins,2.0018,8.7993,10.8011
1727,Coleman Lemke,0.9143,-0.6644,0.2499
1728,Coleson Messer,0.4016,0.1512,0.5527
1729,Coleton Benson,-1.2698,1.2076,-0.0622
1730,Colin Ayers,-0.8835,0.209,-0.6744
1731,Colin Chambers,-0.3926,0.0879,-0.3046
1732,Colin Coyne,-0.1633,-0.6137,-0.777
1733,Colin Darby,1.3557,1.5147,2.8703
1734,Colin Granger,-2.2626,2.4342,0.1716
1735,Colin Hawkins,-1.0805,-3.6059,-4.6864
1736,Colin McKenzie,1.4971,-1.125,0.3721
1737,Colin Ndaw,0.9672,0.1821,1.1493
1738,Colin O'Rourke,-0.0844,-0.0271,-0.1115
1739,Colin Porter,2.473,4.7351,7.2081
1740,Colin Ruffin,0.1811,-1.9657,-1.7846
1741,Colin Smalls,-2.1798,2.1547,-0.0251
1742,Colin Smith,1.045,4.3498,5.3948
1743,Colin Walton,-0.4543,0.3532,-0.1011
1744,Colin White,0.836,2.5742,3.4102
1745,Collin Chandler,-0.9557,5.4061,4.4504
1746,Collin Cooper,1.9135,2.5007,4.4142
1747,Collin Course,0.0964,0.0994,0.1958
1748,Collin Holloway,-1.9917,1.5993,-0.3924
1749,Collin Kuhl,0.8856,-1.2366,-0.351
1750,Collin Metcalf,3.0188,1.1147,4.1334
1751,Collin Moore,1.1805,1.3344,2.5149
1752,Collin Mulholland,-0.4075,1.761,1.3535
1753,Collin Murray-Boyles,4.9944,4.7755,9.7698
1754,Collin O'Connor,1.222,-0.0238,1.1982
1755,Collin O'Neal,-0.7114,-0.2007,-0.9121
1756,Collin O'Toole,0.1233,0.0398,0.1631
1757,Collin Tanner,0.4059,0.8305,1.2364
1758,Collins Onyejiaka,-0.4146,-0.7247,-1.1393
1759,Colt Langdon,-0.5807,-0.6693,-1.2499
1760,Colt Ness,0.805,-0.4289,0.3761
1761,Coltie Young,-3.5104,0.7159,-2.7945
1762,Comeh Emuobor,-0.3832,0.4174,0.0342
1763,Conner Groce,1.4337,-0.4565,0.9772
1764,Conner Venable,-0.3022,-0.8142,-1.1164
1765,Connor Amundsen,-1.5627,4.7374,3.1748
1766,Connor Barrett,-0.518,0.4249,-0.0931
1767,Connor Braun,-0.0133,-0.2929,-0.3063
1768,Connor Christensen,0.8121,-3.2804,-2.4684
1769,Connor Creech,-1.2924,-1.2751,-2.5675
1770,Connor Dick,2.0705,-4.5054,-2.4348
1771,Connor Dillon,-1.1836,0.7642,-0.4193
1772,Connor Dow,0.4147,1.5305,1.9452
1773,Connor Dubsky,-0.2439,1.0576,0.8137
1774,Connor Essegian,1.748,4.7137,6.4616
1775,Connor Gal,0.069,0.4186,0.4876
1776,Connor Hickman,1.6384,2.9129,4.5513
1777,Connor Hollenbeck,-2.5044,1.5305,-0.9739
1778,Connor Horan,-0.1304,-0.4249,-0.5553
1779,Connor Igoe,2.352,3.4837,5.8358
1780,Connor Kochera,1.6538,3.4537,5.1076
1781,Connor Linke,1.2204,-0.3457,0.8747
1782,Connor Loy,2.2133,0.1335,2.3467
1783,Connor Mancell,-0.4317,-0.4695,-0.9013
1784,Connor Martin,-0.6116,-1.334,-1.9456
1785,Connor Odom,-0.1481,-0.0111,-0.1592
1786,Connor Serven,4.3027,-0.2525,4.0502
1787,Connor Sevilla,-2.7276,0.7532,-1.9744
1788,Connor Turnbull,4.3127,0.1004,4.4131
1789,Connor Vanover,3.0668,0.3535,3.4203
1790,Connor Withers,4.6803,3.6469,8.3271
1791,Conor Enright,1.9736,5.3934,7.367
1792,Conrad Hawley,-0.4888,0.153,-0.3358
1793,Conrad Martinez,1.0879,6.2643,7.3522
1794,Cooper Bean,0.0599,-0.6715,-0.6116
1795,Cooper Bowser,0.6374,1.3253,1.9627
1796,Cooper Campbell,-1.4521,6.9791,5.527
1797,Cooper Church,0.881,0.233,1.114
1798,Cooper Craggs,-0.7265,1.8507,1.1243
1799,Cooper Dewitt,-2.1971,-2.0677,-4.2649
1800,Cooper Flagg,6.5555,5.0446,11.6002
1801,Cooper Haynes,0.9818,-0.4072,0.5746
1802,Cooper Jackson,-1.1262,-0.7698,-1.896
1803,Cooper Jones,1.3303,0.6086,1.9389
1804,Cooper Josefsberg,-1.213,-0.2356,-1.4486
1805,Cooper Koch,0.8157,2.7479,3.5636
1806,Cooper Mueller,0.0943,0.2338,0.3281
1807,Cooper Nadler,-0.7013,-0.9084,-1.6097
1808,Cooper Noard,-0.7955,4.8144,4.0189
1809,Cooper Schwieger,1.9993,2.6714,4.6707
1810,Cooper Smith,-2.2941,-2.1439,-4.438
1811,Cooper Vogel,-0.0087,-0.6077,-0.6165
1812,Cooper Wright,2.4231,0.4076,2.8307
1813,Corbin Green,0.4029,-2.649,-2.2461
1814,Corbin Zentner,0.6409,2.008,2.6489
1815,Cord Stansberry,-0.711,-0.536,-1.247
1816,Corentin Efono,-0.5185,-0.0289,-0.5474
1817,Corey Boston,-0.159,0.4633,0.3043
1818,Corey Brown,-0.5532,-0.7946,-1.3478
1819,Corey Camper,1.8521,3.4223,5.2744
1820,Corey Caulker,-0.0567,2.6527,2.596
1821,Corey Chesley,-0.5166,-1.1624,-1.6791
1822,Corey Chest,5.1545,0.5195,5.674
1823,Corey Floyd,1.4097,1.979,3.3886
1824,Corey Hadnot,1.4309,2.8684,4.2993
1825,Corey Jones,0.8402,2.137,2.9772
1826,Corey McKeithan,3.7326,2.1781,5.9107
1827,Corey Miller,0.0989,-1.577,-1.4781
1828,Corey Perkins,-0.1555,-2.2074,-2.3629
1829,Corey Sawyer,1.1838,2.5315,3.7153
1830,Corey Stephenson,1.4672,5.7095,7.1767
1831,Corey Thomas,4.988,3.4548,8.4427
1832,Corey Tripp,2.9908,2.7024,5.6932
1833,Corey Walker,-1.0768,2.3017,1.225
1834,Corey Washington,2.3156,7.5245,9.8401
1835,Corleone Dandridge,0.2243,-0.0069,0.2174
1836,Cormac Ryan,1.7566,5.6766,7.4331
1837,Corneilous Williams,2.7972,2.6676,5.4647
1838,Cornelius Robinson,-1.6529,1.0915,-0.5614
1839,Cort Roberson,0.7094,0.2652,0.9746
1840,Cory Curtis,0.4283,-0.6295,-0.2012
1841,Cory Wells,0.5298,-0.8245,-0.2947
1842,Cougar Downing,0.2337,2.3568,2.5906
1843,Courtland Muldrew,0.4973,2.1571,2.6544
1844,Courtney Anderson,1.3029,1.0383,2.3412
1845,Courtney Brown,-0.581,0.644,0.063
1846,Courtney Wallace,0.192,1.9032,2.0953
1847,Covy Kelly,0.71,0.5911,1.3012
1848,Cowandric Samuel,1.2665,-1.0615,0.205
1849,Creed Williamson,3.4298,0.2564,3.6862
1850,Creighton Lebo,0.5825,0.0026,0.5851
1851,Creighton Thieneman,0.4902,0.0594,0.5497
1852,Cris Carroll,2.1825,0.7565,2.939
1853,Crosby James,1.6172,1.2052,2.8223
1854,Cruz Davis,2.046,1.1919,3.2379
1855,Curt Hopf,-2.3935,-3.1247,-5.5182
1856,Curt Lewis,0.5328,1.6357,2.1684
1857,Curtis Blair,1.0349,-0.8675,0.1675
1858,Curtis Givens,-2.8857,1.0901,-1.7956
1859,Curtis Jones,3.4367,4.041,7.4776
1860,Curtis Stinson,2.2827,-0.3285,1.9542
1861,Curtis Williams,-1.8292,3.4672,1.638
1862,Cyncier Harrison,-0.2323,-2.6863,-2.9186
1863,Cyprian Hyde,-0.0987,-1.1682,-1.2669
1864,Cyr Malonga,3.6643,-1.4754,2.1889
1865,Cyril Arvanitis,0.9236,0.479,1.4026
1866,Cyril Franklin,-0.4507,0.9129,0.4622
1867,Cyril Martynov,1.3538,-2.6133,-1.2595
1868,Cyrus Largie,-0.0179,2.9369,2.9189
1869,D'Andre Harrison,2.2574,-0.2516,2.0057
1870,D'Angelo Minnis,0.3098,0.1647,0.4745
1871,D'Angelo Stines,-1.3206,-0.7995,-2.1201
1872,D'Ante Bass,5.4846,0.3264,5.811
1873,D'Ante Bell,4.2395,-1.357,2.8824
1874,D'Aundre Samuels,0.6588,-0.3501,0.3087
1875,D'Auntray Pierce,2.8474,0.3961,3.2436
1876,D'Marco Dunn,4.3734,3.363,7.7364
1877,D'Maurian Williams,-1.7686,4.899,3.1304
1878,D'Shay Wright,-0.0029,-0.0531,-0.0559
1879,DA Houston,-1.9233,-0.4746,-2.3979
1880,DJ Armstrong,3.9473,0.0103,3.9575
1881,DJ Burns,2.7776,3.9877,6.7653
1882,DJ Campbell,1.012,1.6584,2.6704
1883,DJ Davis,0.7917,3.1405,3.9322
1884,DJ Dormu,-1.5235,-1.018,-2.5414
1885,DJ Dudley,-0.9404,2.9387,1.9984
1886,DJ Hall,0.1522,3.0532,3.2054
1887,DJ Horne,3.7682,5.6909,9.4591
1888,DJ Hughes,1.7223,0.3279,2.0503
1889,DJ Jackson,-2.0365,2.1511,0.1146
1890,DJ Jefferson,-0.4278,-0.7696,-1.1974
1891,DJ Jeffries,6.539,3.625,10.1641
1892,DJ Nix,-0.1009,-0.4003,-0.5011
1893,DJ Nussbaum,4.2363,-0.5998,3.6365
1894,DJ Patrick,2.2837,0.4499,2.7336
1895,DJ Richards,1.4237,4.1148,5.5385
1896,DJ Rodman,3.0786,4.1408,7.2195
1897,DJ Shine,-1.5088,2.4425,0.9337
1898,DJ Smith,2.0121,5.4088,7.4209
1899,DJ Stickman,1.3956,0.8642,2.2598
1900,DJ Thomas,-0.3373,0.1191,-0.2182
1901,DJ Victory,-0.27,0.4161,0.1461
1902,DJ Wagner,0.2022,3.0987,3.301
1903,DK Thorn,-1.095,1.1964,0.1015
1904,DQ Cole,2.9491,1.4968,4.4459
1905,DQ Nicholas,2.4341,2.6932,5.1273
1906,Da'Sean Nelson,0.0475,1.3682,1.4157
1907,Da'Shawn Phillip,1.1707,-0.0253,1.1454
1908,DaCannon Wickware,-1.281,-0.9112,-2.1922
1909,DaJion Humphrey,-0.0761,-0.3275,-0.4036
1910,DaJohn Craig,-0.3894,1.8683,1.4789
1911,DaJuan Gordon,2.4993,2.9612,5.4605
1912,DaMariee Jones,-1.6933,0.6559,-1.0375
1913,DaMaryon Fishburn,-2.1307,1.9468,-0.184
1914,DaQuan Smith,-1.5475,3.058,1.5106
1915,DaRon Holmes,5.2167,-0.4022,4.8145
1916,DaSean Stevens,2.3195,5.3828,7.7023
1917,DaShawn Jackson,1.5873,1.1325,2.7198
1918,Dae Dae Grant,1.595,7.1547,8.7498
1919,Dae Dae Hunter,-1.5553,-0.0758,-1.6311
1920,DaeVeon Scott,1.593,1.3868,2.9798
1921,Daemar Kelly,-2.2669,-1.4601,-3.7269
1922,Daeshon Shepherd,0.576,1.9778,2.5538
1923,Daeshun Ruffin,1.0669,3.6405,4.7074
1924,Dai Dai Ames,2.0373,4.5322,6.5696
1925,Dailin Smith,-4.6259,-1.7257,-6.3517
1926,Dailliss Cox,1.2072,-1.3608,-0.1536
1927,Dailyn Swain,4.694,3.0372,7.7312
1928,Daimion Collins,0.7379,0.9799,1.7178
1929,Dain Dainja,4.5147,0.6051,5.1198
1930,Daiquan Copeland,0.0835,-0.3999,-0.3163
1931,Dajuan Harris,6.6498,2.6581,9.3079
1932,Dakota Candler,0.9471,-0.9403,0.0068
1933,Dakota Leffew,3.1513,2.5906,5.7419
1934,Dakota Rivers,0.9747,-2.5545,-1.5798
1935,Dale Bonner,4.716,1.7726,6.4887
1936,Dalen Davis,1.6798,0.8887,2.5685
1937,Dalen Ridgnal,1.4747,2.3885,3.8632
1938,"Dallan ""Deebo"" Coleman",3.6501,3.238,6.8881
1939,Dallas Graziani,1.8276,2.1565,3.9841
1940,Dallas Hobbs,-0.3648,0.3939,0.029
1941,Dallas Howell,-0.6826,2.0871,1.4045
1942,Dallas James,0.6458,-2.5578,-1.9121
1943,Dallas Thomas,0.385,2.2882,2.6732
1944,Dallas Washington,-1.9484,-3.5578,-5.5061
1945,Dallin Grant,-0.8187,-2.3977,-3.2164
1946,Dallin Hall,4.8807,6.7385,11.6191
1947,Dallion Johnson,1.0863,0.1144,1.2007
1948,Dalph Panopio,0.1515,2.3492,2.5007
1949,Dalton Banks,2.0633,4.562,6.6253
1950,Dalton Knecht,3.9256,2.8405,6.7661
1951,Dalton Scantlebury,3.4728,1.4972,4.9699
1952,Dalyn Brandon,0.3412,-0.1664,0.1749
1953,Daman Tate,0.0044,2.8319,2.8363
1954,Damani Claxton,2.8749,-0.8414,2.0335
1955,Damani McEntire,4.3571,-1.5678,2.7893
1956,Damarco Minor,1.5056,3.1958,4.7015
1957,Damari Monsanto,1.3074,2.9851,4.2925
1958,Damari Wheeler-Thomas,1.1727,-0.5162,0.6566
1959,Damarion Bonds,2.7646,1.9799,4.7445
1960,Damarion Dennis,0.2363,4.6006,4.8369
1961,Damarion Walkup,1.8714,-0.4623,1.4091
1962,Damarius Owens,-0.0363,-0.6346,-0.6709
1963,Dame Adelekun,0.7695,1.5611,2.3306
1964,Dame Sarr,7.2813,2.0835,9.3648
1965,Damian Dunn,5.2995,1.0779,6.3774
1966,Damian Forrest,1.2805,1.7648,3.0453
1967,Damien King,3.4738,0.0243,3.498
1968,Damien Mayo,3.4321,3.7149,7.147
1969,Damien Mazil,0.2422,0.2027,0.4448
1970,Damion Porter,1.4194,-2.9192,-1.4997
1971,Damon Friery,-0.7234,-0.3203,-1.0437
1972,Damon Howard,6.7432,-0.2394,6.5038
1973,Damon Nicholas,4.7026,4.2674,8.9701
1974,Damon Strand,-1.0062,1.2781,0.2719
1975,Damon Wilkinson,-1.6624,2.0338,0.3714
1976,Damondre McKnight,-2.6813,-0.151,-2.8324
1977,Damone King,-1.9014,-2.424,-4.3254
1978,Damoni Harrison,-1.0795,2.4105,1.331
1979,Dan Conlan,-0.6542,-0.622,-1.2762
1980,Dan Gherezgher,-4.6333,3.7196,-0.9138
1981,Dan Luers,1.008,-0.338,0.67
1982,Dan Mukuna,-0.6228,0.1906,-0.4322
1983,Dan Petcash,1.4634,1.071,2.5345
1984,Dan Skillings,2.2041,5.2841,7.4882
1985,Dane Erikstrup,4.8908,3.9897,8.8805
1986,Dani Pounds,1.0222,0.28,1.3021
1987,Daniel Abreu,1.6533,2.8035,4.4568
1988,Daniel Akitoby,-0.7562,3.0976,2.3415
1989,Daniel Akoue,0.9418,1.1768,2.1186
1990,Daniel Banister,1.3221,2.9651,4.2872
1991,Daniel Batcho,4.3834,2.5032,6.8866
1992,Daniel Braster,-0.1336,0.375,0.2414
1993,Daniel Bublil,-0.5087,-0.1208,-0.6295
1994,Daniel Egbuniwe,2.1441,-0.2287,1.9154
1995,Daniel Foster,2.4209,1.371,3.7919
1996,Daniel Freitag,-0.9225,5.4158,4.4933
1997,Daniel Guetta,-0.1267,-1.1708,-1.2975
1998,Daniel Hackett,0.1254,0.1952,0.3205
1999,Daniel Hankins-Sanford,1.0485,2.6907,3.7392
2000,Daniel Helterhoff,-2.4278,-2.7469,-5.1747
2001,Daniel Hong,0.5032,0.1654,0.6686
2002,Daniel Jacobsen,-0.2209,0.6119,0.391
2003,Daniel Johnson,3.8931,2.1094,6.0025
2004,Daniel Loos,1.0068,0.6166,1.6234
2005,Daniel Macgregor,-1.1472,-0.8605,-2.0077
2006,Daniel Marcellinus,0.3629,-0.3916,-0.0286
2007,Daniel Nauseef,-0.8147,-0.2483,-1.0631
2008,Daniel Nixon,0.7752,1.2359,2.0111
2009,Daniel Ogunyemi,0.6517,2.7916,3.4433
2010,Daniel Ortiz,-0.6067,2.3232,1.7165
2011,Daniel Rivera,3.0194,-0.9656,2.0539
2012,Daniel Rouzan,-1.6897,-1.8775,-3.5672
2013,Daniel Schreier,0.2634,-0.1368,0.1266
2014,Daniel Shao,-0.2004,-0.0146,-0.215
2015,Daniel Sofield,0.7638,1.9641,2.7279
2016,Daniel Tobiloba,1.0891,-0.6659,0.4232
2017,Daniel Umoh,1.3223,-1.6561,-0.3338
2018,Daniil Glazkov,3.3887,0.5814,3.9701
2019,Danilo Dozic,1.0706,2.6514,3.722
2020,Danilo Jovanovich,1.1719,1.8205,2.9925
2021,Daniss Jenkins,1.2699,3.4246,4.6944
2022,Danny Carbuccia,-2.6816,1.5483,-1.1333
2023,Danny Grajzl,-0.0047,-0.1529,-0.1577
2024,Danny Murray,-0.2288,-0.8994,-1.1282
2025,Danny Stephens,-2.9894,-3.5835,-6.573
2026,Danny Washington,0.2638,0.2711,0.5349
2027,Danny Wolf,7.0148,2.4723,9.4871
2028,Danny Young,0.6101,0.6277,1.2378
2029,Danquez Dawsey,0.2553,-0.0882,0.1671
2030,Dante Allen,1.9339,0.3055,2.2395
2031,Dante Censori-Hercules,1.3352,2.1731,3.5084
2032,Dante DePante,0.0481,0.4555,0.5036
2033,Dante Harris,0.3255,2.287,2.6125
2034,Dante Kearse,-2.8636,0.7469,-2.1168
2035,Dante Maddox,0.0651,4.5359,4.6011
2036,Dante Mayo,0.3523,-0.0148,0.3375
2037,Dante Oliver,0.4784,-1.5653,-1.0869
2038,Dante Sawyer,-1.8372,-0.2939,-2.1311
2039,Dante Wilcox,1.6205,0.1287,1.7492
2040,Dantwan Grimes,1.7826,3.4042,5.1867
2041,Daquan Davis,2.1629,1.1796,3.3426
2042,DarKaun King,-1.3637,0.8511,-0.5126
2043,Darik Dissette,-0.4938,2.3007,1.8069
2044,Darin Green,1.3237,3.1146,4.4383
2045,Darin Smith,2.2612,3.2209,5.4821
2046,Dario Domingos,0.9545,1.2823,2.2368
2047,Darius Acuff,0.1332,6.8784,7.0115
2048,Darius Adams,-1.3737,-0.4698,-1.8435
2049,Darius Beane,-2.0816,-0.0418,-2.1235
2050,Darius Brown,3.2572,2.4175,5.6748
2051,Darius Burford,1.7742,1.1861,2.9604
2052,Darius Dawson,-1.4737,1.4632,-0.0104
2053,Darius DeAveiro,-0.9521,1.7139,0.7618
2054,Darius Duffy,-2.102,3.5236,1.4216
2055,Darius Ervin,-1.0022,0.5435,-0.4587
2056,Darius Ford,-0.7214,-1.0076,-1.729
2057,Darius Gakwasi,1.0267,1.7249,2.7516
2058,Darius Hannah,5.0228,3.7419,8.7647
2059,Darius Johnson,3.7582,4.1206,7.8788
2060,Darius Leonard,-0.0701,-0.2561,-0.3262
2061,Darius Livingston,0.9341,0.5116,1.4457
2062,Darius Maddox,0.5949,4.1707,4.7656
2063,Darius Osborne,0.5765,-3.0897,-2.5132
2064,Darius Robinson,-1.6841,1.5498,-0.1343
2065,Darius Washington,0.7703,1.9829,2.7532
2066,Dariyus Woodson,-3.2687,-2.344,-5.6127
2067,Darlinstone Dubar,2.862,2.5742,5.4362
2068,Darnell Brodie,3.2496,1.6015,4.8512
2069,Darnell Evans,2.7998,-1.6566,1.1432
2070,Darnez Slater,-0.8841,1.7711,0.887
2071,Darrae Goodwin,2.667,-1.4478,1.2193
2072,Darrell Reed,-0.3256,-2.53,-2.8556
2073,Darren Buchanan,1.4284,2.1639,3.5923
2074,Darren Harris,0.8058,1.6474,2.4532
2075,Darren Williams,-2.1738,1.0471,-1.1267
2076,Darrick Jones,0.2759,0.6484,0.9243
2077,Darrion Baker,-1.5904,-0.0241,-1.6145
2078,Darrion Salery,-3.9776,-2.2584,-6.236
2079,Darrion Sutton,0.6002,-0.1452,0.455
2080,Darrion Trammell,1.9969,2.5356,4.5325
2081,Darrion Williams,3.5291,6.6562,10.1853
2082,Darrius Clark,-0.6067,-1.4315,-2.0382
2083,Darrius Miles,-0.4567,-0.9573,-1.414
2084,Darrius Washington,-1.4517,-1.288,-2.7397
2085,Darryl Simmons,0.5143,5.0327,5.547
2086,Darryn Peterson,2.3737,1.7369,4.1106
2087,Darryon Prescott,-1.1676,-0.3495,-1.5171
2088,Darweshi Hunter,0.5701,1.5561,2.1262
2089,Daryl Anderson,3.2094,-1.0604,2.149
2090,Daryl Banks,1.6427,5.8414,7.4841
2091,Dasear Haskins,1.9906,3.0538,5.0444
2092,Dashawn Davis,1.5715,0.476,2.0475
2093,Dashon Gittens,0.9795,2.6634,3.6429
2094,Dasonte Bowen,2.5358,2.7712,5.307
2095,Davante Dennis,1.2647,1.9737,3.2384
2096,Dave Dickerson,0.7037,0.6036,1.3072
2097,Davi Remagen,1.7422,0.7916,2.5338
2098,Davian Brown,2.0094,2.0632,4.0726
2099,Davian Williams,-2.3168,0.2685,-2.0484
2100,David Acosta,0.6888,-0.0948,0.594
2101,David Bolden,-2.2176,-0.0412,-2.2588
2102,David Brown,-5.2763,0.5983,-4.678
2103,David Burnett,-0.298,-0.5175,-0.8154
2104,David Castillo,1.9103,-0.5797,1.3306
2105,David Coit,-2.3177,3.245,0.9273
2106,David Craig,0.243,-2.1252,-1.8822
2107,David Dixon,3.4656,2.0318,5.4974
2108,David Douglas,0.8492,0.2308,1.0801
2109,David Early,1.1255,1.1041,2.2296
2110,David Elliott,-1.268,0.5521,-0.7158
2111,David Fonville,0.9938,0.8254,1.8193
2112,David Fuchs,-2.6724,1.2222,-1.4502
2113,David Gabriel,0.11,-0.2943,-0.1843
2114,David Giddens,0.2259,0.5297,0.7556
2115,David Gomez,0.2199,0.1901,0.41
2116,David Green,1.7874,5.9282,7.7156
2117,David Hansen,1.3234,-0.1305,1.1929
2118,David Hermes,0.5099,1.7564,2.2663
2119,David Idada,4.9226,-1.609,3.3136
2120,David Jones,0.1762,3.7626,3.9388
2121,David Joplin,1.3829,7.1059,8.4888
2122,David Kamwanga,3.2318,-1.4717,1.7601
2123,David Mack,1.1042,0.0345,1.1387
2124,David Mager,0.3859,0.128,0.5139
2125,David McDaniel,-0.7322,0.4253,-0.3069
2126,David Meriwether,1.093,-0.0608,1.0322
2127,David Mirkovic,1.7454,6.1724,7.9178
2128,David Murray,2.9822,-0.1563,2.8259
2129,David N'Guessan,5.3701,3.5894,8.9595
2130,David Ogunleye,0.8053,-1.7799,-0.9746
2131,David Onanina,-0.0506,-0.9518,-1.0024
2132,David Pickles,-0.2586,-1.3926,-1.6513
2133,David Punch,5.4817,0.6164,6.0981
2134,David Rochester,2.5588,-0.2549,2.3039
2135,David Simon,0.5875,-0.6674,-0.0799
2136,David Skogman,3.9629,-0.6241,3.3388
2137,David Terrell,3.7923,2.8487,6.641
2138,David Thomas,1.9656,3.9112,5.8768
2139,David Tubek,-0.1417,-0.8123,-0.954
2140,David Vidor,0.3331,0.31,0.6431
2141,David Ware,-0.9239,-0.5459,-1.4698
2142,David Wilkerson,2.0392,0.9253,2.9645
2143,Davide Poser,-0.5861,-1.2265,-1.8126
2144,Davidson Hubbard,-0.1479,0.1404,-0.0075
2145,Davin Cosby,-0.1255,2.7192,2.5937
2146,Davin Francis,2.9726,0.6782,3.6508
2147,Davion Bailey,-1.3705,5.4659,4.0954
2148,Davion Bradford,-2.8895,-0.9001,-3.7897
2149,Davion Cunningham,-0.4164,2.2374,1.821
2150,Davion Everett,1.78,0.6312,2.4112
2151,Davion Hannah,3.0691,1.9723,5.0414
2152,Davion Hill,-0.1868,2.7402,2.5534
2153,Davion Sykes,2.8897,1.459,4.3488
2154,Davis Bynum,-1.0908,-1.5168,-2.6077
2155,Davis Fogle,2.2941,3.762,6.056
2156,Davis Miller,0.1173,-0.0152,0.1021
2157,Davis Molnar,3.064,0.514,3.578
2158,Davis Smith,-0.1748,-1.0086,-1.1834
2159,Davis White,-2.7973,-1.6298,-4.4271
2160,Davius Loury,2.0178,-1.475,0.5428
2161,Davon Barnes,2.957,1.3065,4.2635
2162,Davon Ware,1.0151,0.2924,1.3076
2163,Davontae Hall,-1.6082,1.1423,-0.4659
2164,Davonte Davis,1.9515,1.3147,3.2663
2165,Davonte Gaines,1.2325,2.2922,3.5247
2166,Davonte Sweatman,-0.7326,-0.6811,-1.4137
2167,Davyn de Jongh,0.2601,-0.0188,0.2413
2168,Dawson Baker,2.6087,4.1582,6.7669
2169,Dawson Carper,0.881,-1.7945,-0.9135
2170,Dawson Fennema,1.5506,-0.2691,1.2815
2171,Dawson Garcia,4.2781,1.8326,6.1108
2172,Day Day Thomas,4.4988,1.1278,5.6266
2173,Dayan Nessah,0.5148,2.8358,3.3507
2174,Dayjaun Anderson,3.3258,1.5565,4.8823
2175,Daylan Hamilton,1.2945,0.5828,1.8773
2176,Daylen Berry,0.1146,3.3153,3.4299
2177,Daylen Williams,1.0493,-2.6735,-1.6242
2178,Daylon Dickerson,-2.0033,1.0173,-0.986
2179,Dayne Prim,5.3914,-0.2098,5.1816
2180,Dayon Polk,-0.3819,-1.175,-1.557
2181,Dayton Forsythe,1.0151,2.8701,3.8852
2182,Dayvion McKnight,2.8645,5.0601,7.9245
2183,De'Ante Green,-0.5313,-1.8754,-2.4067
2184,De'Meiko Anderson,0.566,-0.0202,0.5458
2185,De'Sean Allen-Eikens,-0.7142,0.7178,0.0036
2186,De'Shayne Montgomery,2.5472,0.3971,2.9443
2187,De'Undrae Perteete,-0.4615,3.1902,2.7286
2188,De'Vion Lavergne,2.467,1.1522,3.6191
2189,DeAndre Craig,-0.0026,2.9647,2.9621
2190,DeAndre Williams,0.0786,-2.7838,-2.7052
2191,DeAnthony Tipler,0.0111,-2.0974,-2.0863
2192,DeAntoni Gordon,-0.6727,-1.5574,-2.2301
2193,DeCorion Temple,-0.2039,-0.0753,-0.2792
2194,DeJour Reaves,-0.1231,0.9547,0.8317
2195,DeJuan Campbell,0.5632,-1.5949,-1.0317
2196,DeJuan Clayton,-0.7009,0.3293,-0.3716
2197,DeMarco Johnson,-2.2253,3.6078,1.3824
2198,DeMarion Yap,-1.1313,0.0369,-1.0945
2199,DeMarr Langford,3.524,1.4039,4.9279
2200,DeSean Goode,0.6736,9.0381,9.7117
2201,DeSean Woods,-0.3053,-0.1645,-0.4698
2202,DeShang Weaver,1.9295,2.4718,4.4013
2203,DeShawn Goodwyn,0.1872,-0.2707,-0.0835
2204,DeShawn Gory,-0.8854,1.4846,0.5992
2205,DeShawn Harris-Smith,2.7231,1.4443,4.1674
2206,DeVante Jamison,-2.4641,-3.2824,-5.7465
2207,DeWayne Brown,2.3017,1.8826,4.1843
2208,Dean Gabrelcik,-0.8511,0.1878,-0.6633
2209,Dean Keeler,2.5508,1.8496,4.4004
2210,Dean Noll,2.4135,-0.7566,1.6569
2211,Dean Reiber,-0.2036,-1.2396,-1.4431
2212,Dean Shepherd,2.7566,0.006,2.7626
2213,Dean Wang,-0.3113,0.1221,-0.1892
2214,Deandre Jones,0.2246,0.1114,0.336
2215,Deandre Smart,-1.5535,2.0405,0.487
2216,Deangelo Elisee,0.1135,2.4231,2.5366
2217,Dearon Tucker,0.7686,-1.638,-0.8694
2218,Declan Cutler,0.8366,0.4622,1.2987
2219,Declan Dillon,-0.6521,-0.2098,-0.862
2220,Declan Duru,2.059,0.3223,2.3813
2221,Declan McIntyre,-0.5849,-0.3239,-0.9087
2222,Declan Peterson,1.8653,-0.6984,1.1669
2223,Declan Ryan,-0.5384,-0.5377,-1.0761
2224,Declan Wucherpfennig,2.9411,2.5199,5.461
2225,Dedan Thomas,3.8318,6.4105,10.2423
2226,DeeJuan Pruitt,-1.2186,-3.6936,-4.9122
2227,Deivon Smith,4.3792,4.4302,8.8094
2228,Deke Thompson,-0.1656,-0.1901,-0.3557
2229,Del Jones,-1.0548,-0.7728,-1.8276
2230,Del'Jayvien Harried,-0.4155,2.1063,1.6908
2231,Delaney Heard,-1.6478,-0.453,-2.1008
2232,Delang Muon,2.2062,-1.8278,0.3784
2233,Dellquan Warren,1.9666,-0.6969,1.2697
2234,Delonnie Hunt,-0.4048,3.066,2.6611
2235,Delrecco Gillespie,4.7516,4.9994,9.751
2236,Delyle Williams,1.1163,-3.5668,-2.4505
2237,Demajion Topps,-0.9806,1.2394,0.2588
2238,Demarco Bethea,-0.9399,0.5818,-0.3581
2239,Demarcus Sharp,3.642,-1.1138,2.5282
2240,Demari Williams,-1.1707,1.4308,0.2601
2241,Demarien Yates,-0.1665,0.4602,0.2937
2242,Demarion Burch,1.9296,2.1038,4.0334
2243,Demarion Watson,4.6697,-1.7914,2.8783
2244,Demarshay Johnson,-0.7689,-3.9141,-4.683
2245,Demetrius Davis,2.1514,1.5645,3.716
2246,Demetrius Lilley,0.8654,-2.3078,-1.4423
2247,Demetrus Johnson,0.2636,0.3754,0.639
2248,Demitri Gardner,0.2337,3.2289,3.4626
2249,Demond Robinson,1.5664,5.4372,7.0035
2250,Deng Garang,-3.1255,3.9303,0.8048
2251,Deng Majak,1.1239,-1.915,-0.7911
2252,Deng Mayar,-2.4007,1.9517,-0.4489
2253,Denham Wojcik,-0.1414,0.3369,0.1955
2254,Denijay Harris,0.6064,-0.624,-0.0176
2255,Denim Dawson,1.5974,-1.7263,-0.1288
2256,Denis Badalau,-1.363,-0.6048,-1.9678
2257,Dennis Asoro,-1.3485,-0.4144,-1.7629
2258,Dennis Evans,1.4307,-1.6221,-0.1915
2259,Dennis Parker,2.2307,-1.0712,1.1595
2260,Denver Anglin,0.1873,2.2493,2.4366
2261,Denver Jones,6.6039,5.1728,11.7767
2262,Denzel Aberdeen,2.9648,4.4722,7.437
2263,Denzel Hines,-1.4562,-0.2138,-1.6699
2264,Deon Perry,1.8002,0.198,1.9982
2265,Deon Stroud,-0.8172,-0.0418,-0.8591
2266,Deonte Williams,1.1094,0.3983,1.5076
2267,Derek Dixon,-1.295,4.0873,2.7923
2268,Derek Fountain,2.9195,1.8638,4.7833
2269,Derek Petersen,0.0906,-0.3081,-0.2175
2270,Derek Sangster,2.2436,0.3647,2.6083
2271,Derek Simpson,4.9781,-0.5364,4.4417
2272,Derek Vorst,0.4225,-2.3986,-1.9761
2273,Derick Hamilton,2.73,1.7522,4.4822
2274,Dericko Williams,-0.5616,-1.1397,-1.7013
2275,Derik Pranger,-0.4624,1.6865,1.2241
2276,Derik Queen,4.8832,3.837,8.7202
2277,Derin Saran,3.1446,0.4893,3.6339
2278,Derrian Ford,-2.3086,5.3488,3.0402
2279,Derrick Anderson,0.3258,0.9743,1.3001
2280,Derrick Brown,-1.1135,-2.5283,-3.6418
2281,Derrick Butler,1.1815,-0.985,0.1965
2282,Derrick Carter-Hollinger,-0.8318,1.5584,0.7267
2283,Derrick Green,-2.4975,1.5223,-0.9751
2284,Derrick Harris,-0.6694,-2.287,-2.9564
2285,Derrick Michael Xzavierro,2.9267,-0.305,2.6218
2286,Derrick Talton,1.8849,2.0108,3.8956
2287,Derrick Tezeno,2.1292,1.3325,3.4617
2288,Derrin Boyd,-0.9648,1.0811,0.1162
2289,Derrion Reid,0.3075,1.5632,1.8707
2290,Derrius Ward,1.3942,-0.547,0.8473
2291,Des Watson,4.6531,2.3757,7.0289
2292,Desai Lopez,-0.8108,-1.4047,-2.2156
2293,Deshaun Jackson,4.2206,3.068,7.2885
2294,Deshawn Jean-Charles,2.5639,0.0767,2.6407
2295,Desmond Claude,3.9193,5.3469,9.2663
2296,Desmond Polk,3.2227,-1.6789,1.5437
2297,Desmond Roberts,-0.1082,-0.6779,-0.7861
2298,Desmond Williams,-0.0994,-1.3287,-1.4281
2299,Destin Whitaker,1.8781,1.2431,3.1212
2300,Detalian Brown,0.8214,-0.2345,0.5869
2301,Deuce Jones,-1.0344,2.4343,1.3999
2302,Deuce Roberts,-0.3456,-0.0424,-0.388
2303,Deuce Turner,-3.9947,2.4618,-1.5329
2304,Devan Cambridge,2.2467,3.104,5.3507
2305,Devan Sapp,-0.3238,0.4492,0.1253
2306,Devean Williams,1.9786,-3.5185,-1.5399
2307,Deven Dahlke,-1.4158,-0.1355,-1.5512
2308,Devin Askew,1.0614,2.1878,3.2493
2309,Devin Booker,-0.9919,-0.8119,-1.8038
2310,Devin Brafford,1.2868,0.2321,1.5189
2311,Devin Brown,3.6832,-1.1794,2.5038
2312,Devin Butler,-1.6749,-1.7645,-3.4394
2313,Devin Carney,1.115,0.7255,1.8405
2314,Devin Carter,5.3767,2.1862,7.5629
2315,Devin Ceaser,-0.0361,0.3715,0.3354
2316,Devin Curtis,0.4788,-0.7024,-0.2236
2317,Devin Dinkins,-2.6455,3.634,0.9884
2318,Devin Gordon,1.1439,2.5948,3.7387
2319,Devin Haid,0.6765,3.6251,4.3016
2320,Devin Hines,-1.9901,1.779,-0.2111
2321,Devin McGlockton,6.3261,7.2656,13.5917
2322,Devin Ree,0.6187,1.6844,2.3032
2323,Devin Royal,2.4815,4.1769,6.6584
2324,Devin Tillis,2.8955,7.7793,10.6748
2325,Devin Vanterpool,2.6422,1.2035,3.8457
2326,Devin Williams,1.9453,0.8283,2.7736
2327,Devon Arlington,-2.51,-1.3462,-3.8562
2328,Devon Barnes,1.4925,3.959,5.4515
2329,Devon Ellis,0.8147,-3.6654,-2.8507
2330,Devon Hancock,0.8917,-1.7884,-0.8967
2331,Devon Malcolm,1.5231,-1.356,0.1672
2332,Devon Pryor,-0.4456,0.6796,0.234
2333,Devon Savage,0.754,1.0853,1.8393
2334,Devontae Blanton,1.3162,4.1783,5.4945
2335,Dexter Akanno,2.5814,0.9345,3.5158
2336,Deyton Albury,3.5524,2.0471,5.5995
2337,Deywilk Tavarez,2.4922,2.9314,5.4236
2338,Dez White,0.7846,4.513,5.2976
2339,Dezayne Mingo,0.3386,5.6291,5.9677
2340,Dezdrick Lindsay,1.9486,3.3262,5.2748
2341,Dezi Jones,0.1625,1.6283,1.7908
2342,Dezmon Briscoe,1.0763,-3.2724,-2.1962
2343,Dezmond McKinney,0.0368,-2.3745,-2.3377
2344,Dhashon Dyson,-0.4425,0.4236,-0.0189
2345,Dhiaukuei Manyiel Dut,0.6629,-1.3971,-0.7342
2346,Di'Andre Howell-South,3.448,-1.0657,2.3824
2347,Dian Wright-Forde,3.0222,5.0562,8.0784
2348,Diante Smith,2.5766,2.2785,4.855
2349,Diante Wood,-0.2613,-2.2014,-2.4626
2350,Didier Maleng,1.5595,1.5736,3.1331
2351,Diego Campisano,-2.7305,1.498,-1.2325
2352,Dieonte Miles,4.7627,-2.9213,1.8414
2353,Dietrich Richardson,1.2653,-1.1586,0.1067
2354,Dilen Miller,2.2837,-0.4535,1.8301
2355,Dillan Baker,1.0163,0.0681,1.0844
2356,Dillan Shaw,2.3493,5.191,7.5403
2357,Dillon Bailey,-1.4227,4.0298,2.6071
2358,Dillon Battie,2.3127,-0.1905,2.1223
2359,Dillon Hunter,5.5756,3.8963,9.4719
2360,Dillon Jones,2.577,2.1708,4.7478
2361,Dillon Mitchell,7.1819,4.261,11.4429
2362,Dillon Tingler,2.0057,2.6398,4.6455
2363,Dillon Wilhite,0.2445,-0.9065,-0.662
2364,Dimingus Stevens,-0.1582,0.0353,-0.1228
2365,Dimitri Clerc,0.4408,-1.4607,-1.0199
2366,Dimitrije Vukicevic,-0.7001,-2.2451,-2.9452
2367,Dimp Pernell,1.0641,1.8013,2.8653
2368,Dio Blakely,-0.182,-0.1593,-0.3413
2369,Diogo Seixas,-4.6356,-1.2311,-5.8667
2370,Dion Brown,1.731,3.5337,5.2647
2371,Dionjahe Thomas,2.928,0.5696,3.4977
2372,Dionte Bostick,4.1291,1.7864,5.9156
2373,Dionte Johnson,0.3476,0.4253,0.7729
2374,Dior Conners,-1.2264,-0.1284,-1.3548
2375,Dior Davis,1.8143,-1.2853,0.529
2376,Dior Johnson,-3.3736,5.455,2.0814
2377,Dischon Thomas,3.2641,0.372,3.6361
2378,Dishon Jackson,1.9807,0.7243,2.705
2379,Divine Ugochukwu,-1.4748,2.8451,1.3703
2380,Djahi Binet,2.3073,-1.758,0.5494
2381,Dji Bailey,4.0631,2.9717,7.0347
2382,Djordje Curcic,1.3869,0.4464,1.8334
2383,Doctor Bradley,0.1674,-2.2218,-2.0544
2384,Dok Muordar,2.5127,-0.4073,2.1054
2385,Dola Adebayo,3.7618,2.8051,6.5669
2386,Dom Aekins,-2.6592,-0.9113,-3.5705
2387,Dom Campbell,0.7125,-2.6683,-1.9558
2388,Dom Martinelli,-0.825,0.4032,-0.4219
2389,Dom Payne,0.9121,-0.4304,0.4817
2390,Domas Kauzonas,1.7983,-1.8417,-0.0435
2391,Domenic Malvey,-0.1092,-0.2219,-0.331
2392,Dominic Brewton,2.9165,0.0695,2.986
2393,Dominic Capriotti,-3.7226,-1.1627,-4.8853
2394,Dominic Commisso,-2.8986,-1.6327,-4.5313
2395,Dominic Gooden,0.9757,-0.8312,0.1445
2396,Dominic Ham,-0.3124,-0.3048,-0.6172
2397,Dominic Muncey,-0.7723,-2.9733,-3.7455
2398,Dominic Pangonis,0.5176,2.8123,3.3299
2399,Dominic Parolin,2.77,2.9114,5.6814
2400,Dominick Harris,0.3527,2.3968,2.7495
2401,Dominick Nelson,2.2378,2.31,4.5478
2402,Dominick Stewart,-0.1268,0.4109,0.2841
2403,Dominique Daniels,2.1177,6.2774,8.3951
2404,Dominique Diomande,3.2705,-0.186,3.0845
2405,Dominique Ford,1.9783,2.6565,4.6349
2406,Dominykas Butka,2.335,0.5657,2.9007
2407,Dominykas Pleta,1.6677,2.044,3.7117
2408,Don Don Ferguson,2.4885,-0.982,1.5065
2409,Don Douglass,0.4952,0.3216,0.8168
2410,Don McHenry,-0.4053,4.1109,3.7057
2411,Donald Hand,-3.5104,1.0558,-2.4546
2412,Donald Whitehead,-0.9801,1.5984,0.6183
2413,Donavan Yap,-1.5839,3.8382,2.2543
2414,Donavin Young,-0.4735,0.4182,-0.0552
2415,Dondre Watson,0.7493,-0.2975,0.4518
2416,Donnie Freeman,1.1041,1.7633,2.8673
2417,Donovan Atwell,5.561,8.0343,13.5953
2418,Donovan Brown,-1.2467,-1.8902,-3.1369
2419,Donovan Clay,2.6705,2.9828,5.6533
2420,Donovan Clingan,5.6117,6.3698,11.9815
2421,Donovan Dent,2.3491,6.7648,9.1139
2422,Donovan Draper,-1.6411,3.4536,1.8125
2423,Donovan Grant,1.2113,0.6262,1.8375
2424,Donovan Gregory,3.249,1.2891,4.5382
2425,Donovan Hunter,1.6279,0.829,2.4569
2426,Donovan Ivory,2.3076,4.2075,6.5151
2427,Donovan Newby,2.6074,5.7224,8.3298
2428,Donovan Oday,3.2662,5.5744,8.8406
2429,Donovan Rakotonanahary,0.0544,0.2941,0.3485
2430,Donovan Raymond,-1.2318,-3.5617,-4.7936
2431,Donovan Rivers,0.8858,-2.2917,-1.4058
2432,Donovan Sanders,-3.9958,-4.0351,-8.0309
2433,Donovan Santoro,0.6985,0.3339,1.0324
2434,Donovan Williams,0.7337,-1.3503,-0.6165
2435,Donovann Toatley,-0.8283,-2.8012,-3.6296
2436,Donta Scott,2.0127,3.9006,5.9133
2437,Dontae Horne,-0.2859,0.8818,0.5959
2438,Dontae Walker,-1.4727,-1.7221,-3.1948
2439,Dontaie Allen,2.2017,2.5695,4.7713
2440,Donte Bacchus,0.5368,2.0013,2.5381
2441,Dontrell Hewlett,-0.9525,-1.7593,-2.7119
2442,Dontrez Styles,-0.6449,2.5561,1.9112
2443,Dontrez Williams,0.8406,0.3215,1.1621
2444,Dorian Booker,0.0649,0.827,0.8919
2445,Dorian Finister,-1.3476,2.4386,1.091
2446,Dorian Hayes,-3.6312,-1.3718,-5.003
2447,Dorian Hill,-0.7908,-0.7265,-1.5173
2448,Dorian James,-0.4659,1.2517,0.7859
2449,Dorian McMillian,-5.228,-1.2803,-6.5083
2450,Dorin Buca,4.8192,-1.3602,3.4589
2451,Dorion Staples,5.862,-2.3009,3.561
2452,Doryan Onwuchekwa,0.9833,-0.222,0.7614
2453,Doug Edert,-0.8049,1.4586,0.6536
2454,Doug Young,-0.3488,1.6193,1.2705
2455,Douglas Langford,-0.2058,1.623,1.4172
2456,Dovydas Butka,1.2342,2.912,4.1462
2457,Dozie Onyirimba,0.1197,-0.4612,-0.3415
2458,Dra Gibbs-Lawhorn,0.8939,2.6036,3.4975
2459,Dragos Lungu,4.7854,-0.1927,4.5927
2460,Drake Allen,0.589,3.9904,4.5794
2461,Drake Cardwell,-0.5804,0.4736,-0.1067
2462,Drake Dobbs,-0.7447,4.4753,3.7306
2463,Drake James,-0.1001,0.1578,0.0577
2464,Drake Muller,0.7884,0.0176,0.806
2465,Drake Powell,3.5989,3.6763,7.2751
2466,Dramane Camara,2.9455,1.1851,4.1306
2467,Dravon Mangum,0.7599,1.0592,1.8191
2468,Drayton Jones,2.7569,2.421,5.1779
2469,Dre Bullock,1.642,1.7879,3.4298
2470,Dre Davis,7.4521,3.2125,10.6646
2471,Dre Fuller,0.547,1.0337,1.5807
2472,Dre Kindell,0.5869,2.9525,3.5394
2473,Dre'Shawn Allen,-0.7423,-1.9398,-2.6821
2474,Drew Ardouin,0.6366,-0.7031,-0.0665
2475,Drew Barbee,0.8086,0.258,1.0666
2476,Drew Bessette,-0.0014,-0.177,-0.1784
2477,Drew Carter,-1.7608,-1.4529,-3.2137
2478,Drew Cisse,3.9021,3.631,7.533
2479,Drew Daniel,1.6805,1.0121,2.6926
2480,Drew Fielder,2.7674,2.3506,5.118
2481,Drew Fuquay,-1.9564,1.3088,-0.6476
2482,Drew Grimes,-1.588,0.6035,-0.9845
2483,Drew Hollifield,-0.635,-0.504,-1.139
2484,Drew Huffman,-0.2796,0.7509,0.4713
2485,Drew Kania,2.1042,0.2909,2.3952
2486,Drew Larson,-1.1402,-2.7343,-3.8745
2487,Drew Lowder,-0.9771,1.8256,0.8486
2488,Drew McElroy,0.1269,-0.3509,-0.224
2489,Drew McKenna,-1.4,-1.459,-2.859
2490,Drew Pember,4.7209,5.0766,9.7975
2491,Drew Perry,0.1786,-0.0859,0.0927
2492,Drew Scharnowski,-0.8616,2.4779,1.6163
2493,Drew Snively,-0.2769,-0.3955,-0.6724
2494,Drew Stack,0.2475,-0.5872,-0.3397
2495,Drew Steffe,2.6772,2.2769,4.9541
2496,Drew Thelwell,0.3601,4.3597,4.7198
2497,Drey Carter,-0.152,1.6232,1.4712
2498,Drissa Traore,3.8409,-3.8151,0.0258
2499,Drue Drinnon,-0.2757,2.6472,2.3715
2500,Duane Posey,1.2924,2.1128,3.4053
2501,Duane Rogers,0.1066,-0.4626,-0.356
2502,Duane Thompson,1.2716,-1.6849,-0.4133
2503,Duce Paschal,2.7203,0.4106,3.1309
2504,Dug McDaniel,3.3014,3.9837,7.2851
2505,Duke Brennan,5.7459,2.9109,8.6568
2506,Duke Deen,3.6776,4.8136,8.4913
2507,Duke Miles,2.4672,6.7004,9.1677
2508,Duncan Powell,-1.4736,1.6702,0.1965
2509,Duncan Reid,0.2553,2.1666,2.4219
2510,Dupree Fletcher,0.6919,1.3075,1.9994
2511,Dusan Mahorcic,1.02,1.8997,2.9197
2512,Dusan Neskovic,-1.6683,0.1879,-1.4804
2513,Dusty Stromer,2.5364,2.9352,5.4715
2514,Dutch Dowdell,-2.1137,-2.2799,-4.3936
2515,Duwe Farris,0.4991,-0.114,0.3851
2516,Dwayne Aristode,4.5381,2.6336,7.1716
2517,Dwayne Koroma,0.2095,1.5413,1.7508
2518,Dwayne Perkins,0.1144,-0.0556,0.0589
2519,Dwayne Pierce,-2.3491,-1.1817,-3.5307
2520,Dwayne Williams,-1.1783,-0.5076,-1.6859
2521,Dwayne Wimbley,1.2189,-0.9754,0.2435
2522,Dwon Odom,3.1748,6.5737,9.7485
2523,Dylan Addae-Wusu,1.9019,5.3776,7.2794
2524,Dylan Anderson,0.1466,-0.9143,-0.7677
2525,Dylan Andrews,-0.4434,3.1117,2.6682
2526,Dylan Arnett,0.4266,0.9778,1.4043
2527,Dylan Blair,-0.7388,-1.7626,-2.5013
2528,Dylan Branson,-1.0298,1.5972,0.5674
2529,Dylan Brumfield,-0.3073,1.9401,1.6328
2530,Dylan Canoville,1.0805,-0.5409,0.5396
2531,Dylan Cardwell,5.1765,7.5408,12.7173
2532,Dylan Darling,3.8187,3.3615,7.1802
2533,Dylan Dawson,1.225,0.1153,1.3403
2534,Dylan Diaz,1.3523,1.349,2.7013
2535,Dylan Disu,4.5616,5.3223,9.8839
2536,Dylan Ducommun,1.8929,-2.2069,-0.314
2537,Dylan Faulkner,2.017,2.5902,4.6072
2538,Dylan Godfrey,-0.5077,-0.7319,-1.2396
2539,Dylan Grant,0.4733,1.5894,2.0627
2540,Dylan Harper,1.0049,5.2765,6.2814
2541,Dylan Hayman,2.2693,2.5352,4.8044
2542,Dylan James,3.924,1.0955,5.0194
2543,Dylan Jones,-1.7662,3.4646,1.6984
2544,Dylan Lakatos,0.0061,0.4981,0.5042
2545,Dylan Mansour,0.3544,-0.7267,-0.3723
2546,Dylan Mclean,-1.5072,0.502,-1.0052
2547,Dylan Murans,0.9841,-0.3689,0.6152
2548,Dylan Purnell,-1.3119,-0.9341,-2.246
2549,Dylan Ritter,-0.9659,-0.6804,-1.6463
2550,Dylan Saunders,-0.4538,-0.3106,-0.7644
2551,Dylan Thoerner,0.9991,0.6777,1.6768
2552,Dylan Veillette,2.5183,-1.1277,1.3906
2553,Dylan Warlick,0.3077,-1.5586,-1.2509
2554,Dylan Williams,-1.0901,-0.1955,-1.2857
2555,Dylan Williamson,1.1024,3.0748,4.1772
2556,Dyondre Dominguez,0.557,3.619,4.1759
2557,Dyson Koehler,1.4528,2.7728,4.2256
2558,EJ Avelar,1.0687,-0.4708,0.5979
2559,EJ Bellinger,2.7494,-0.0055,2.7438
2560,EJ Farmer,4.7069,2.3119,7.0188
2561,EJ Horton,0.1113,0.0851,0.1964
2562,EJ Mosley,0.4158,-0.088,0.3278
2563,EJ Neal,3.2955,1.032,4.3275
2564,EJ Paymon,-0.6853,-0.1757,-0.861
2565,EJ Ryans,-0.8597,1.7919,0.9323
2566,EJ Spillman,-1.0703,-0.3514,-1.4217
2567,EJ Walker,-0.5074,-0.455,-0.9624
2568,EJ Williams,-0.2324,-2.3574,-2.5897
2569,EJay Greer,3.7561,-1.6347,2.1214
2570,Earl Timberlake,4.1169,1.5646,5.6815
2571,Earnest Ofremu,-0.2603,0.1718,-0.0885
2572,Easton Foster,1.4609,0.3163,1.7772
2573,Ebby Asamoah,1.6704,1.3633,3.0337
2574,Ebenezer Dowuona,-1.3989,-1.0123,-2.4111
2575,Ebenezer Ogoh,0.6029,0.2939,0.8967
2576,Ebo Wilson,0.1263,-3.6594,-3.5331
2577,Ebrahim Kaba,-0.2552,3.2342,2.9791
2578,Ebrima Dibba,0.4557,0.9391,1.3948
2579,Ebuka Okorie,1.9988,5.7998,7.7987
2580,Ed Holland,0.3326,-2.3767,-2.0441
2581,Eddie Cooke,-0.5382,0.7477,0.2095
2582,Eddie Jallow Hedqvist,0.9284,-0.1668,0.7616
2583,Eddie Lampkin,1.1504,3.2632,4.4136
2584,Eddie Ricks,1.2046,0.9435,2.1481
2585,Eddie Turner,2.1693,3.1625,5.3319
2586,Eddiean Tirado,-1.199,-1.0012,-2.2003
2587,Eddrin Bronson,2.2207,-0.8372,1.3835
2588,Edoardo Del Cadia,-2.0117,-2.9262,-4.9379
2589,Edouard Benoit,-0.2289,-0.2959,-0.5248
2590,Edrick Quezada,0.1392,0.0918,0.231
2591,Eduardo Andre,2.9911,-0.8413,2.1498
2592,Eduardo Klafke,2.0022,6.0822,8.0844
2593,Eduardo Placer,1.7869,-0.9665,0.8205
2594,Edward Nnamoko,3.3769,1.4325,4.8094
2595,Edwin Bai,0.1273,0.1455,0.2728
2596,Edwin Daniel,3.062,-0.2101,2.8519
2597,Edwin Litolff,-0.2408,-0.0617,-0.3025
2598,Edwin Suarez,-1.2529,1.542,0.289
2599,Eemeli Yalaho,-1.7634,1.8963,0.1328
2600,Efe Demirel,1.2661,-0.8433,0.4228
2601,Efe Gucoglu,0.4669,-0.2685,0.1984
2602,Efe Tahmaz,0.9046,0.0939,0.9984
2603,Efe Vatan,0.0157,-0.5,-0.4843
2604,Efeosa Oliogu-Elabor,0.3183,-0.0883,0.23
2605,Efrem Johnson,2.718,2.6178,5.3357
2606,Efstratios Kalliontzis,-2.6786,1.8591,-0.8196
2607,Efton Reid,3.1872,5.6541,8.8413
2608,Egan Shields,1.1702,0.7167,1.8869
2609,Ege Demir,0.6224,-0.1297,0.4927
2610,Egor Demin,1.1706,5.9439,7.1145
2611,Eian Elmer,3.1066,4.4153,7.522
2612,El Ellis,-0.9123,1.1413,0.229
2613,Eli Beard,-2.1118,0.6695,-1.4423
2614,Eli Bennett,-0.106,-0.0049,-0.1108
2615,Eli DeLaurier,-0.7164,-1.0256,-1.742
2616,Eli Djordjevic,-1.0793,-1.3951,-2.4745
2617,Eli Ellis,-1.0773,4.0223,2.9449
2618,Eli King,1.0071,6.2014,7.2085
2619,Eli Lawrence,1.7819,-1.0905,0.6915
2620,Eli Rice,2.1255,1.0211,3.1465
2621,Eli Roberts,-1.9588,0.0272,-1.9317
2622,Eli Robinson,-1.5455,-4.8437,-6.3892
2623,Eli Shetlar,2.448,3.7376,6.1855
2624,Eli Sparkman,1.0996,0.1764,1.2759
2625,Eli Wilborn,0.5263,2.656,3.1823
2626,Eli Yofan,-1.1193,1.5768,0.4575
2627,Elia Bongiorno,0.0381,-0.4157,-0.3776
2628,Elias Cato,0.0136,-1.6383,-1.6247
2629,Elias King,-0.0585,0.5743,0.5158
2630,Elias Ralph,1.258,4.8041,6.0622
2631,Elias Rapieque,0.4369,2.4041,2.841
2632,Elias Walker,0.1628,0.1564,0.3192
2633,Elijah Brooks,-0.1118,-1.728,-1.8397
2634,Elijah Buchanan,-0.6921,-0.0045,-0.6966
2635,Elijah Charles,-0.4002,-0.8091,-1.2093
2636,Elijah Chol,3.5674,2.5579,6.1253
2637,Elijah Crawford,2.7302,3.192,5.9222
2638,Elijah Davis,1.4516,-1.2805,0.1711
2639,Elijah Duval,-2.2738,1.2719,-1.0019
2640,Elijah Elliott,2.3328,2.7094,5.0423
2641,Elijah Espinosa,-0.3201,-0.3482,-0.6684
2642,Elijah Fisher,1.4124,-2.9936,-1.5813
2643,Elijah Gertrude,2.8748,-0.6919,2.1829
2644,Elijah Gray,-3.8277,1.5917,-2.236
2645,Elijah Hawkins,3.8598,5.9453,9.8051
2646,Elijah Hulsewe,-1.6067,-3.2133,-4.8201
2647,Elijah Hutchins-Everett,2.3729,0.4496,2.8225
2648,Elijah Jamison,-1.3317,1.3394,0.0077
2649,Elijah Jointer,-0.3568,0.1705,-0.1863
2650,Elijah Jones,0.2719,2.9321,3.204
2651,Elijah Kennedy,4.0687,1.3813,5.45
2652,Elijah Lawrence,1.0641,1.5905,2.6546
2653,Elijah Lewis,2.425,2.284,4.7089
2654,Elijah Mahi,3.2287,5.0272,8.2559
2655,Elijah Malone,3.3112,1.9265,5.2376
2656,Elijah Moore,2.4615,2.1717,4.6332
2657,Elijah Morgan,0.7766,1.7093,2.4859
2658,Elijah Ormiston,-2.0627,3.0475,0.9848
2659,Elijah Pepper,2.8767,1.9622,4.839
2660,Elijah Perkins,1.3406,-3.2117,-1.8711
2661,Elijah Perryman,1.773,-1.1851,0.5878
2662,Elijah Price,4.6377,3.9372,8.5749
2663,Elijah Saunders,1.0039,0.4669,1.4708
2664,Elijah Stephens,-0.0322,2.8965,2.8643
2665,Elijah Strong,-1.7252,4.063,2.3378
2666,Elijah Tate,1.6817,-1.601,0.0808
2667,Elijah Terry,-0.6542,-3.196,-3.8502
2668,Elijah Thomas,-1.6676,-1.225,-2.8925
2669,Elijah Tucker,1.996,-1.5247,0.4713
2670,Elijah Walsh,-0.8048,4.2725,3.4677
2671,Elijah Williams,-3.6792,-0.3519,-4.0311
2672,Elijah Wilson,0.6644,-0.7974,-0.133
2673,Elijah Wood,2.3898,1.0108,3.4006
2674,Elliot Cadeau,6.5773,5.2981,11.8755
2675,Elliot Lowndes,1.5855,2.1812,3.7667
2676,Elliott Black,-0.583,-0.6943,-1.2772
2677,Elliott Taite,0.9367,0.1113,1.048
2678,Ellis Magnuson,-0.4388,-0.6761,-1.1149
2679,Elmarko Jackson,1.0235,2.4978,3.5213
2680,Elmir Dzafic,-1.8843,-0.7457,-2.6301
2681,Elmore James,-1.4687,-0.8909,-2.3596
2682,Elvin Edmonds,2.2375,-0.0045,2.233
2683,Elyjah Freeman,2.3353,3.3617,5.697
2684,Elzie Harrington,1.84,1.3463,3.1864
2685,Emanuel Miller,3.1144,5.1968,8.3111
2686,Emanuel Prospere,2.2633,3.4087,5.672
2687,Emanuel Richards,3.6979,-0.9543,2.7436
2688,Emanuel Sharp,5.1581,4.0907,9.2488
2689,Emareyon McDonald,0.6352,-0.6252,0.01
2690,Emarion Ellis,0.5592,1.1836,1.7428
2691,Emeka Nnaji,-0.3845,-0.1063,-0.4908
2692,Emeka Opurum,0.8246,1.0942,1.9189
2693,Emil Skytta,3.141,-0.6013,2.5397
2694,Emir Buyukhanli,1.6082,0.0458,1.6541
2695,Emmanuel Callas,1.5039,-6.796,-5.2921
2696,Emmanuel Clarton,1.3113,-0.7647,0.5466
2697,Emmanuel Dowuona,-0.4163,-1.1149,-1.5312
2698,Emmanuel Innocenti,6.4459,6.2304,12.6763
2699,Emmanuel Izunabor,-0.5379,3.3455,2.8076
2700,Emmanuel Kanga,1.5867,1.9366,3.5233
2701,Emmanuel Koveos,-0.2987,-0.3572,-0.6559
2702,Emmanuel Kuac,1.9499,-1.617,0.3328
2703,Emmanuel Manyuon,1.3394,0.6493,1.9887
2704,Emmanuel Ogbole,-0.2521,1.1997,0.9476
2705,Emmanuel Okorafor,-0.1348,-2.2399,-2.3747
2706,Emmanuel Okpomo,4.1721,0.1328,4.3049
2707,Emmanuel Stephen,1.5026,-2.9179,-1.4153
2708,Emmanuel Tshimanga,2.3125,-2.7117,-0.3993
2709,Emmanuel Ugbo,1.1832,-1.6569,-0.4737
2710,Emmer Nichols,1.3502,-0.3726,0.9775
2711,Emmett Marquardt,-0.4388,4.9087,4.4699
2712,Emmitt Byther,0.949,-0.2885,0.6606
2713,Emondrek Erkins-Ford,-1.0087,3.5254,2.5167
2714,Emory Lanier,2.8837,0.0059,2.8896
2715,Enel St Bernard,3.3473,1.7879,5.1352
2716,Enoch Boakye,2.1095,2.3037,4.4132
2717,Enoch Cheeks,1.4569,4.3423,5.7992
2718,Enoch Kalambay,3.4135,-0.5323,2.8812
2719,Enrico Borio,-1.9791,-1.7177,-3.6968
2720,Enrique Freeman,5.2741,4.8202,10.0942
2721,Eoin Dillon,0.3445,4.9731,5.3176
2722,Eoin Nelson,-1.2915,-1.3384,-2.6299
2723,Ephraim Acquah,1.1852,-0.4347,0.7506
2724,Eren Banks,2.3907,1.3523,3.7431
2725,Eren Karakaya,-0.498,0.5463,0.0484
2726,Erez Poran,-0.0219,0.9517,0.9298
2727,Eric Acker,-1.1258,-0.9054,-2.0312
2728,Eric Brown,0.5061,0.373,0.8791
2729,Eric Chatfield,-1.7548,0.3911,-1.3637
2730,Eric Coleman,2.2557,-1.7973,0.4584
2731,Eric Dailey,3.4856,8.1948,11.6803
2732,Eric Dibami,3.2822,-1.2141,2.0681
2733,Eric Dixon,4.7691,9.0293,13.7984
2734,Eric Freeny,2.9896,1.5208,4.5104
2735,Eric Gaines,1.0402,0.6779,1.7181
2736,Eric Holland,0.582,-1.0463,-0.4644
2737,Eric Lee,1.5761,-0.6009,0.9752
2738,Eric Mahaffey,2.0102,6.6221,8.6323
2739,Eric Mejia,-0.5285,0.3127,-0.2158
2740,Eric Michaels,1.3447,-0.4741,0.8706
2741,Eric Morgan,-1.9905,1.8648,-0.1257
2742,Eric Mulder,-0.0672,2.1611,2.0939
2743,Eric Northweather,-0.6599,-0.2424,-0.9023
2744,Eric Parnell,-1.3507,-0.0876,-1.4383
2745,Eric Reibe,0.0755,0.7007,0.7763
2746,Eric Sondberg,1.4684,-2.4286,-0.9602
2747,Eric Van Der Heijden,2.959,1.1736,4.1326
2748,Eric Zheng,-0.113,0.064,-0.049
2749,Erich Harding,0.1984,-2.0791,-1.8807
2750,Erick Reader,-0.2146,-0.6666,-0.8812
2751,Erik Oliver,-1.3255,-0.8538,-2.1793
2752,Erik Oliver-Bush,1.5651,-2.3238,-0.7587
2753,Erik Pratt,-0.2061,2.7179,2.5119
2754,Erik Reynolds,3.7816,4.5395,8.3211
2755,Erik Taylor,-1.4746,1.0419,-0.4327
2756,Erik Timko,-3.1265,2.6781,-0.4484
2757,Erik Villarreal,-0.3862,0.3623,-0.0239
2758,Ernest Minton,1.5465,-2.2322,-0.6858
2759,Ernest Ross,-1.1042,-0.8357,-1.9399
2760,Ernest Shelton,-2.1303,1.4438,-0.6866
2761,Ernest Udeh,4.3177,5.8371,10.1548
2762,Errol White,3.8318,1.4166,5.2484
2763,Essam Mostafa,1.3629,3.0255,4.3884
2764,Esyah Pippa-White,0.9562,1.9985,2.9547
2765,Eternity Eguagie,0.088,1.1567,1.2448
2766,Ethan Anderson,-3.5298,-0.6074,-4.1372
2767,Ethan Anish,0.5362,-0.6567,-0.1205
2768,Ethan Brittain-Watts,-3.0687,1.8656,-1.2032
2769,Ethan Burg,4.1892,1.3836,5.5728
2770,Ethan Butler,-0.3703,-1.4047,-1.775
2771,Ethan Croley,-0.8742,-0.6611,-1.5354
2772,Ethan Elliott,2.2274,0.6114,2.8387
2773,Ethan Greenberg,-0.3151,0.6429,0.3278
2774,Ethan Kitch,-0.2843,0.1533,-0.131
2775,Ethan Kizer,0.8899,-0.2853,0.6047
2776,Ethan Lathan,-0.4162,0.7687,0.3526
2777,Ethan Lynch,-0.2782,0.1636,-0.1146
2778,Ethan Mayes,-1.1531,1.2915,0.1385
2779,Ethan McComb,0.1596,1.0149,1.1744
2780,Ethan Menzies,-1.1305,-2.2525,-3.383
2781,Ethan Meuser,0.7146,2.3058,3.0204
2782,Ethan Morton,1.6619,3.4581,5.12
2783,Ethan Okwuosa,-1.66,-0.0701,-1.7301
2784,Ethan Pickett,0.8163,1.3441,2.1604
2785,Ethan Potter,2.8251,3.9437,6.7689
2786,Ethan Price,2.7846,1.9861,4.7707
2787,Ethan Riggs Abner,0.113,0.3135,0.4265
2788,Ethan Roberts,-1.0882,4.2554,3.1673
2789,Ethan Simmon,0.0697,-1.0002,-0.9304
2790,Ethan Soares,-0.0067,-0.2007,-0.2073
2791,Ethan Taylor,-0.6099,1.2029,0.593
2792,Ethan Thomas,1.1367,-1.8856,-0.7488
2793,Ethan Wright,0.329,0.262,0.591
2794,Ethan Yancy,7.2854,-0.6476,6.6378
2795,Ethane Bourgade,1.2742,0.9264,2.2006
2796,Ethyn Brown,0.3702,0.366,0.7362
2797,Etienne Strothers,1.725,4.3642,6.0892
2798,Eugene Brown,-0.242,4.1666,3.9247
2799,Eunique Rink,-3.6922,-3.3243,-7.0165
2800,Evan Anderson,-0.6089,-0.4151,-1.0239
2801,Evan Ashe,-1.6762,0.5549,-1.1213
2802,Evan Boisdur,-1.2079,-2.1587,-3.3666
2803,Evan Chatman,2.0341,-1.0487,0.9854
2804,Evan Cochran,0.0662,-0.035,0.0312
2805,Evan Dickey,0.0692,0.2812,0.3504
2806,Evan Eursher,1.7323,-5.2985,-3.5661
2807,Evan Griffin,2.2268,-1.5392,0.6876
2808,Evan Haber,0.231,-0.2332,-0.0022
2809,Evan Haywood,-0.4372,2.1361,1.6989
2810,Evan Ipsaro,1.2044,2.5521,3.7565
2811,Evan Johnson,-0.808,-1.22,-2.0279
2812,Evan Joyner,-0.9339,-0.5344,-1.4683
2813,Evan Kilminster,-1.7439,-3.2526,-4.9965
2814,Evan Mahaffey,1.8408,5.2492,7.09
2815,Evan Montanari,-0.1102,-0.2336,-0.3437
2816,Evan Nelson,-1.5053,2.4162,0.9109
2817,Evan Otten,-1.7218,2.9982,1.2764
2818,Evan Phelps,-0.9071,-2.1324,-3.0395
2819,Evan Santos,-0.2062,-0.2189,-0.4251
2820,Evan Smith,-0.43,0.7182,0.2882
2821,Evan Solomon,0.216,0.4632,0.6791
2822,Evan Stinson,0.2125,-1.0977,-0.8852
2823,Evan Taylor,2.0059,-1.4491,0.5568
2824,Evan Williams,-0.7818,-0.0524,-0.8342
2825,Evan Wilson,-0.116,-0.7998,-0.9158
2826,Evan van der Plas,-2.0887,-5.2585,-7.3472
2827,Evans Kipruto,4.4583,-0.0932,4.3651
2828,Even Brauns,-0.728,3.5095,2.7815
2829,Ewan Steele,0.9622,2.1337,3.0958
2830,Eyal Harel,0.2215,0.7005,0.922
2831,Eyal Nankin,0.6451,-0.3057,0.3394
2832,Eze Wali,1.565,-1.3747,0.1903
2833,Ezra Ausar,3.5592,0.7717,4.3309
2834,Ezra Manjon,-1.3728,2.3527,0.9799
2835,Ezra McKenna,0.3477,0.2269,0.5746
2836,Fabian Flores,4.0813,0.0579,4.1392
2837,Fabio Basili,-0.8027,-0.6882,-1.491
2838,Fadi Mougharbel,0.0807,-0.1967,-0.1161
2839,Faizon Fields,2.5852,-0.1444,2.4408
2840,Fallou Diagne,0.1386,-2.1022,-1.9636
2841,Fallou Gueye,-1.7146,-0.0299,-1.7446
2842,Fardaws Aimaq,0.4915,0.9384,1.4299
2843,Fatt Hill,0.4501,0.6652,1.1153
2844,Favour Aire,-2.2009,-0.8875,-3.0883
2845,"Fawaz ""Tacko"" Ifaola",1.4747,1.1044,2.5791
2846,Federiko Federiko,7.2435,2.8388,10.0823
2847,Fedor Zugic,-0.0665,-0.2161,-0.2825
2848,Felipe Palazzo,-0.0974,0.0,-0.0974
2849,Felipe Patino,1.1126,-1.0411,0.0715
2850,Felix Brostrom,-0.0459,-1.5501,-1.596
2851,Felix Kloman,-0.1431,0.8,0.6569
2852,Felix Kossaras,0.2107,5.3097,5.5204
2853,Felix Okpara,2.5735,2.4817,5.0552
2854,Femi Odukale,4.6358,-0.5331,4.1027
2855,Festus Ndumanya,0.3465,-1.469,-1.1226
2856,Fidelis Okereke,1.4155,-0.6131,0.8023
2857,Filip Borovicanin,5.397,4.9963,10.3934
2858,Filip Jovic,1.486,4.5552,6.0412
2859,Filip Petkovski,1.8545,0.5182,2.3727
2860,Filip Radakovic,3.2391,3.255,6.4942
2861,Filip Skobalj,3.1545,3.4606,6.6151
2862,Finley Bizjack,0.0892,5.2287,5.3179
2863,Finley Sheridan,0.8803,-0.0223,0.8581
2864,Finley Woodward,-2.7619,4.594,1.8321
2865,Finn Lally,-0.6807,3.4715,2.7908
2866,Fischer Brown,2.0918,1.6992,3.791
2867,Fiston Ipassou,-2.2613,-0.4016,-2.663
2868,Flash Burton,-2.1489,1.0759,-1.073
2869,Fletcher Abee,3.4284,3.3557,6.7841
2870,Fletcher Boatright,0.0114,-1.116,-1.1046
2871,Fletcher Loyer,4.9288,6.5919,11.5207
2872,Florian Tenebay,2.688,-0.4452,2.2428
2873,Flory Bidunga,8.0547,5.8694,13.924
2874,Floyd Rideau,-1.2302,4.0356,2.8055
2875,Folabomi Fayemi,-0.8719,-0.1628,-1.0347
2876,Ford Cooper,3.4338,-0.9944,2.4394
2877,Foster Wonders,-0.6771,-1.0021,-1.6792
2878,Fotis Konstantinidis,-0.7326,0.1112,-0.6214
2879,Fousseyni Drame,2.8924,4.7628,7.6552
2880,Fousseyni Traore,0.4717,3.2066,3.6783
2881,Francesco Borra,-0.8385,1.3031,0.4646
2882,Francis Chukwudebelu,1.006,2.3407,3.3467
2883,Francis Folefac,3.1487,-0.2748,2.874
2884,Francis Nwaokorie,1.9001,2.024,3.9241
2885,Francis Okwuosah,1.1304,1.1251,2.2555
2886,Francisco Caffaro,3.328,-1.9081,1.4199
2887,Francisco Farabello,0.8688,-0.3449,0.5239
2888,Franck Emmou,-1.8477,4.2341,2.3864
2889,Franck Kepnang,4.4779,1.6179,6.0958
2890,Franco Miller,0.7583,-0.4717,0.2866
2891,Frank Anselem-Ibe,4.2104,0.2404,4.4508
2892,Frank Champion,0.6443,4.1685,4.8128
2893,Frank Mitchell,0.2777,1.271,1.5487
2894,Frank Staine,0.2883,3.7123,4.0006
2895,Frankie Collins,4.1618,0.218,4.3798
2896,Frankie Fidler,1.3419,1.6261,2.9681
2897,Frankie Mannino,2.2602,1.8161,4.0763
2898,Frankie Policelli,1.0376,4.1384,5.176
2899,Frankie Vassalluzzo,-0.0663,0.3626,0.2963
2900,Frankquon Sherman,3.3681,2.5549,5.923
2901,Frantisek Barton,-1.29,-0.3332,-1.6231
2902,Fraser Roxburgh,-0.6336,1.9561,1.3225
2903,Fred Cleveland,2.5834,3.0446,5.628
2904,Fred Payne,3.4225,0.5828,4.0053
2905,Freddie Cooper,-0.018,-1.1813,-1.1993
2906,Freddie Dilione V,0.8577,3.9194,4.777
2907,Freddy Hicks,2.2772,2.5209,4.7981
2908,Frederiks Meinarts,2.1824,0.0972,2.2796
2909,Fredrick King,-1.9094,4.7201,2.8107
2910,Freds Pauls Bagatskis,-1.3473,1.4855,0.1381
2911,Fredy-Salam Sylla,0.0091,1.8459,1.8549
2912,Gabe Beny Til,-0.0073,0.0982,0.0909
2913,Gabe Cupps,-0.0099,2.8214,2.8115
2914,Gabe Dorsey,1.1126,3.6777,4.7902
2915,Gabe Dynes,6.4297,0.9368,7.3665
2916,Gabe Hernandez,1.4529,1.0523,2.5052
2917,Gabe Madsen,3.7051,4.4963,8.2014
2918,Gabe McGlothan,4.0441,4.4875,8.5316
2919,Gabe Moss,-1.5238,-0.2516,-1.7754
2920,Gabe Newhof,-0.0763,2.3923,2.3159
2921,Gabe Oldham,-0.4037,2.1065,1.7028
2922,Gabe Pickens,2.4042,0.5423,2.9464
2923,Gabe Reichle,-0.4179,0.1578,-0.2602
2924,Gabe Sisk,2.2154,0.8296,3.045
2925,Gabe Spinelli,-1.734,-2.8771,-4.6111
2926,Gabe Stewart,-2.0559,-0.75,-2.8059
2927,Gabe Warren,0.7498,0.0424,0.7922
2928,Gabe Wiznitzer,-0.2963,0.466,0.1696
2929,Gabriel McKay,0.4538,-3.348,-2.8942
2930,Gabriel Pozzato,-0.4795,3.0242,2.5447
2931,Gaddis Heath,-1.1162,-2.0091,-3.1253
2932,Gael Dalmau Torresola,0.2906,1.7894,2.0801
2933,Gage Bobe,1.5356,2.5608,4.0963
2934,Gage Gomez,-1.326,2.2371,0.9111
2935,Gai Chol,0.5814,-1.0529,-0.4715
2936,Garfield Turner,3.3419,2.7659,6.1078
2937,Garrett Anderson,-0.5516,-1.166,-1.7176
2938,Garrett Brennan,1.4036,-1.2001,0.2035
2939,Garrett Hicks,0.1014,1.3636,1.465
2940,Garrett Hien,3.5638,1.7707,5.3345
2941,Garrett Johnson,-1.8093,3.7547,1.9455
2942,Garrett Levesque,0.3728,1.4215,1.7944
2943,Garrett Nuckolls,1.235,3.3397,4.5747
2944,Garrett Sever,-0.0869,1.1402,1.0533
2945,Garrett Spielman,0.3603,-0.626,-0.2657
2946,Garrett Sundra,4.8059,1.7644,6.5703
2947,Garrett Tipton,-1.9406,2.1804,0.2397
2948,Garrison Keeslar,1.9974,5.4741,7.4714
2949,Garry Clark,4.7864,4.9726,9.759
2950,Garwey Dual,3.3434,0.7919,4.1353
2951,Gasper Kocevar,0.8092,-1.2181,-0.4088
2952,Gavin Davis,0.2029,-0.0451,0.1577
2953,Gavin Doty,1.5228,0.4963,2.0191
2954,Gavin Gilstrap,0.6136,-0.7691,-0.1556
2955,Gavin Gores,0.9939,2.3293,3.3232
2956,Gavin Griffiths,4.9097,-1.6911,3.2185
2957,Gavin Hightower,2.1446,0.3395,2.4841
2958,Gavin Marrs,-0.5516,-1.0616,-1.6131
2959,Gavin Muse,0.1844,0.3526,0.537
2960,Gavin Paull,0.4417,-0.1404,0.3013
2961,Gavin Pendergast,0.2787,0.8681,1.1468
2962,Gavin Perryman,2.5401,0.1222,2.6623
2963,Gavin Ripp,-0.1505,2.2776,2.1272
2964,Gavin Sykes,0.7357,1.7192,2.455
2965,Gavin Walsh,5.1833,1.3716,6.5549
2966,Gavyn Elkamil,-2.1809,0.477,-1.704
2967,Gediminas Mokseckas,0.0894,-0.8781,-0.7887
2968,Gehrig Normand,0.1975,0.5223,0.7198
2969,Geoff Sprouse,-4.5727,0.0188,-4.5539
2970,Geon Hutchins,2.3641,0.9718,3.3358
2971,George Beale,0.4948,4.4314,4.9262
2972,George Ivory,-2.0592,-6.6372,-8.6964
2973,George Kimble,0.2955,0.0577,0.3532
2974,George Marshall,0.9536,3.8025,4.756
2975,George Natsvishvili,-2.6082,-3.8032,-6.4115
2976,George Natsvlishvili,-1.5515,0.6597,-0.8918
2977,George Perkins,0.7898,0.2923,1.0821
2978,George Pridgett,3.1677,3.546,6.7137
2979,George Smith,1.6385,3.9579,5.5964
2980,George Tinsley,0.5634,-2.3533,-1.7899
2981,George Tupy,0.6721,-0.6598,0.0124
2982,George Turkson,-1.6192,1.409,-0.2102
2983,George Washington,-1.3811,-3.9099,-5.291
2984,Gerald Drumgoole,-0.9806,1.5824,0.6018
2985,Gerald Jones,0.2681,-0.0575,0.2106
2986,Gerard O'Keefe,-1.276,3.0123,1.7364
2987,German Plotnikov,6.555,2.1079,8.6628
2988,Geronimo Rubio De La Rosa,3.7241,4.4523,8.1765
2989,Gestin Liberis,-1.5323,-3.5444,-5.0767
2990,Gevonte Ware,-0.6838,-0.3819,-1.0656
2991,Gezim Bajrami,-1.4442,-2.1593,-3.6035
2992,GianCarlo Valdez,2.0608,1.2319,3.2927
2993,Giancarlo Bastianoni,-2.616,-0.7656,-3.3816
2994,Giancarlo Rosado,2.8066,-1.1683,1.6382
2995,Gianni Cobb,1.7989,-0.8649,0.934
2996,Gianni Hunt,1.5458,-0.2654,1.2804
2997,Gianni Thompson,-2.4381,-0.9735,-3.4116
2998,Giannos Xanthopoulos,1.343,-0.6812,0.6618
2999,Gibraltar Coleman,0.0885,0.1351,0.2236
3000,Gibson Jimerson,0.5672,3.2577,3.8249
3001,Gicarri Harris,1.9132,0.8023,2.7155
3002,Gilbert Brown,-0.2569,2.1257,1.8688
3003,Ginika Ojiako,3.106,2.9775,6.0834
3004,Gio Sanford,-0.9136,-0.6519,-1.5655
3005,Gioacchino Panzini,-1.686,1.8667,0.1808
3006,Gionn Swann,0.0354,0.0155,0.0508
3007,Giordan Williams,3.8883,-2.7162,1.1721
3008,Giovanni Emejuru,-0.5609,-0.3459,-0.9068
3009,Giovanni Santiago,4.1113,2.1477,6.259
3010,Glen McClintock,1.3755,-1.1534,0.222
3011,Glenn Taylor,3.2084,6.8693,10.0777
3012,Gloire Goma,0.6509,2.8167,3.4675
3013,Goanar Biliew,-0.9789,-2.8392,-3.8181
3014,Goap Kodi,0.599,-0.2175,0.3815
3015,Gob Gob,1.8538,0.5715,2.4253
3016,Godslove Nwabude,0.3204,0.7697,1.0901
3017,Godswill Erheriene,1.6412,-3.3718,-1.7307
3018,Golden Dike,0.7794,-1.0711,-0.2917
3019,Gora Niang,0.1155,0.3562,0.4717
3020,Goran Miladinovic,0.1032,0.6299,0.733
3021,Grady Lewis,-3.786,0.7783,-3.0076
3022,Grady Whitt,-0.3736,-0.8656,-1.2392
3023,Graham Calton,0.0587,-1.4247,-1.366
3024,Graham Eikenberry,0.1956,-0.1498,0.0458
3025,Graham Ike,3.4082,6.3084,9.7166
3026,Grant Asman,3.208,2.1216,5.3296
3027,Grant Clayton,-0.1926,0.3624,0.1698
3028,Grant Darbyshire,0.1991,-0.6731,-0.4739
3029,Grant Gondrezick,-0.6364,-1.9822,-2.6186
3030,Grant Huffman,3.8518,1.5246,5.3764
3031,Grant Hurst,0.5693,-0.3993,0.1701
3032,Grant Kemp,-0.3499,0.6758,0.3259
3033,Grant Kepley,0.5186,0.4042,0.9227
3034,Grant Martin,-0.0681,-0.2194,-0.2875
3035,Grant Moore,0.4095,-0.0383,0.3712
3036,Grant Nelson,0.6104,6.5901,7.2005
3037,Grant Newell,4.2978,3.3155,7.6133
3038,Grant Polk,0.0589,1.0974,1.1563
3039,Grant Randall,-2.3673,-0.7676,-3.135
3040,Grant Slatten,-3.6759,2.114,-1.5619
3041,Grant Smith,-0.5151,-0.6451,-1.1602
3042,Grant Strong,-2.591,-4.0604,-6.6514
3043,Grant Stubblefield,0.8114,-3.4482,-2.6368
3044,Grant Weitman,1.0082,0.2143,1.2225
3045,Grant Welch,0.3253,0.9744,1.2997
3046,Grant Whitaker,-4.0796,-6.7049,-10.7845
3047,Graydon Lemke,-0.8031,0.0094,-0.7937
3048,Grayson Allo,1.0899,0.2096,1.2995
3049,Grayson Carper,3.5541,2.8909,6.445
3050,Grayson Carter,3.791,-1.6239,2.1671
3051,Grayson Collins,0.0846,0.5441,0.6287
3052,Grayson Gaddis,-0.4282,-0.0905,-0.5187
3053,Grayson Grove,2.2322,1.3987,3.6309
3054,Grayson Walters,-2.1392,0.0403,-2.099
3055,Great Osobor,3.2987,1.7403,5.039
3056,Greedy Williams,1.3738,3.6065,4.9803
3057,Greg Cooper,1.3333,-1.3114,0.0219
3058,Greg Dolan,1.5967,0.7681,2.3648
3059,Greg Gantt,1.684,-0.696,0.988
3060,Greg Gazarian,-0.6272,0.0337,-0.5935
3061,Greg Gerhardt,-0.7716,-0.7298,-1.5014
3062,Greg Gordon,-0.5279,2.8743,2.3464
3063,Greg Guidinger,0.8104,-0.55,0.2604
3064,Greg Jones,1.2146,2.2572,3.4717
3065,Greg Moore,-0.0829,1.5543,1.4714
3066,Greg Outlaw,-2.174,-2.1221,-4.296
3067,Greg Spate,-0.2714,-1.006,-1.2774
3068,Greg Spurgin,0.8157,-0.4906,0.3251
3069,Greg Spurlock,-0.6918,-2.5412,-3.233
3070,Greg Tribble,3.7237,0.5357,4.2593
3071,Gregg Glenn,2.5235,1.2765,3.8
3072,Gregory Lawson,2.2929,0.8931,3.186
3073,Grey Garrison,0.2903,-0.0735,0.2167
3074,Greydon Edwards,-0.3507,-0.7938,-1.1444
3075,Greyson Uelmen,-1.2278,-0.6722,-1.9
3076,Grgur Brcic,0.3791,-3.3232,-2.9442
3077,Griff Lamb,0.0733,0.0211,0.0944
3078,Griffen Goodbary,2.2453,0.8595,3.1049
3079,Griffin Barrouk,-0.0588,2.2964,2.2376
3080,Gui Tesch,-0.8729,-1.3265,-2.1994
3081,Guillermo Del Pino,1.7595,0.0112,1.7707
3082,Guillermo Diaz Graham,3.356,4.0682,7.4243
3083,Gunnar Lewis,0.4664,0.8005,1.267
3084,Gus Etchison,-0.8662,-0.7796,-1.6458
3085,Gus Hurlburt,-0.7677,-0.3903,-1.1579
3086,Gus Larson,-0.7945,2.408,1.6135
3087,Gus Rugaard,0.1676,0.668,0.8357
3088,Gus Salem,0.4187,-0.6792,-0.2604
3089,Gus Yalden,-0.8677,1.7702,0.9026
3090,Gustav Winther,-2.7157,2.5738,-0.1418
3091,Guy Fauntleroy,1.6742,-1.7559,-0.0816
3092,Guy Ragland,-0.1353,3.1053,2.97
3093,Guzman Vasilic,3.2358,0.5407,3.7765
3094,Gyasi Powell,3.8994,1.8151,5.7145
3095,Gytis Nemeiksa,2.0871,2.2328,4.3199
3096,Hagan Preston,-1.3653,-0.2688,-1.634
3097,Hakim Byrd,-0.9977,0.4049,-0.5928
3098,Hakim Hart,4.0458,1.5002,5.546
3099,Halil Barre,0.7817,1.1157,1.8975
3100,Halon Rawlins,-0.1794,1.7988,1.6195
3101,Halvine Dzellat,1.3967,-0.2802,1.1165
3102,Hamad Mousa,0.4906,3.4428,3.9334
3103,Hamed Olayinka,4.1338,1.4104,5.5442
3104,Hampton Dauparas,0.0775,0.3407,0.4182
3105,Hampton Sanders,1.2928,2.9807,4.2735
3106,Hamza Asadallah,0.392,-0.301,0.0909
3107,Handje Tamba,2.9507,-0.4602,2.4905
3108,Handy Toussaint,0.1539,-0.0358,0.1182
3109,Hank Alvey,-0.3849,-2.3025,-2.6874
3110,Hank Hutcheson,0.053,0.0485,0.1015
3111,Hannes Steinbach,2.8003,5.5128,8.313
3112,Hansel Enmanuel,0.4089,2.1037,2.5126
3113,Hantz Louis Jeune,1.445,-1.6539,-0.2089
3114,Hantz Louis-Jeune,0.0268,-0.074,-0.0472
3115,Haris Elezovic,-1.705,-0.8322,-2.5372
3116,Harlan Obioha,4.5516,-1.9488,2.6028
3117,Harlond Beverly,2.4158,-0.4922,1.9236
3118,Harold Woods,1.3296,2.3624,3.692
3119,Harouna Sissoko,0.4118,-0.7724,-0.3606
3120,Harrison Alexander,-0.7372,-2.2184,-2.9556
3121,Harrison Black,0.6083,-0.822,-0.2137
3122,Harrison Carrington,-0.7447,-0.0284,-0.7731
3123,Harrison Hochberg,0.4225,-0.8601,-0.4375
3124,Harrison Hornery,0.9142,-0.5211,0.3931
3125,Harrison Ingram,2.7713,3.1696,5.9409
3126,Harrison Reede,-1.8561,0.8384,-1.0177
3127,Harry Rouhliadeff,1.5832,0.9123,2.4955
3128,Harry Wessels,4.4063,1.1098,5.5161
3129,Harun Zrno,-0.7102,1.0712,0.361
3130,Harvin Ibarguen,-0.8183,0.468,-0.3503
3131,Hasan Abdul Hakim,0.8802,-0.6499,0.2303
3132,Hashem Asadallah,-0.2718,-0.275,-0.5468
3133,Hason Ward,2.7173,2.6634,5.3807
3134,Hassan Diarra,3.595,6.4039,9.9989
3135,Hassan Drame,0.9256,0.0396,0.9653
3136,Hassan Perkins,-1.4429,0.7719,-0.671
3137,Hassan Washington,2.0777,-1.7562,0.3216
3138,Haston Alexander,0.1056,-0.023,0.0826
3139,Hayden Assemian,1.5647,3.2927,4.8573
3140,Hayden Curtiss,1.5866,0.4475,2.0341
3141,Hayden Franson,0.6271,-0.0523,0.5748
3142,Hayden Gray,4.139,4.3996,8.5386
3143,Hayden Hefner,3.0978,1.3632,4.461
3144,Hayden Jones,-0.3406,1.1118,0.7712
3145,Hayden Jory,0.2979,-0.5537,-0.2558
3146,Hayden Ledbetter,-0.4847,-0.9908,-1.4755
3147,Hayden Tibbits,-1.069,5.5361,4.4672
3148,Hayden Verdin,-0.2396,-0.1648,-0.4043
3149,Hayden Welling,-2.6526,-0.9313,-3.584
3150,Henderson Williams,-0.2842,0.5128,0.2286
3151,Henri Adiassa,0.5321,-1.9442,-1.4121
3152,Henri Veesaar,8.0004,9.0824,17.0828
3153,Henry Abraham,3.6413,-0.7045,2.9368
3154,Henry Burt,0.6697,-0.0281,0.6416
3155,Henry Coleman,3.7215,1.8672,5.5887
3156,Henry Harrison,-0.6811,0.2109,-0.4702
3157,Henry Hartwell,0.0744,-0.7027,-0.6283
3158,Henry Sisemore,0.7313,-0.2469,0.4844
3159,Henry Thengvall,1.2723,0.9677,2.2399
3160,Henry Thole,-0.8262,0.134,-0.6922
3161,Hercy Miller,-0.1,-1.3078,-1.4078
3162,Hermann Koffi,-1.5403,2.3427,0.8025
3163,Heru Bligen,0.7417,-1.961,-1.2193
3164,Hikaru Awata,0.2353,-0.1763,0.059
3165,Hobert Grayson,-0.8034,-0.5812,-1.3845
3166,Holden Pierre-Louis,0.7721,1.7905,2.5626
3167,Hollman Smith,0.0695,-1.0472,-0.9777
3168,Honor Huff,1.1495,7.1747,8.3242
3169,Horace Simmons,-1.2961,-0.3742,-1.6703
3170,Hosana Kitenge,1.5956,2.463,4.0586
3171,Houran Dan,4.6737,-0.1803,4.4934
3172,Houston Emory,-1.0907,-1.3281,-2.4188
3173,Houston Holland,0.3446,3.8664,4.211
3174,Houston Jones,1.759,2.033,3.792
3175,Houston Mallette,2.6521,6.4572,9.1093
3176,Howard Eisley,0.4958,-0.4518,0.044
3177,Howie Fleming,3.0182,4.2073,7.2254
3178,Howie Keene,0.0892,4.2757,4.365
3179,Hubertas Pivorius,0.8211,0.5553,1.3763
3180,Hudson Greer,0.6831,-0.6347,0.0484
3181,Hudson Mayes,0.9484,1.191,2.1394
3182,Hudson Ward,-0.2528,-0.5117,-0.7646
3183,Hugh Hargett,-0.1001,0.1578,0.0577
3184,Hunter Adam,0.4091,2.4858,2.8949
3185,Hunter Caldwell,-1.1894,0.9857,-0.2037
3186,Hunter Carter,0.0435,0.893,0.9365
3187,Hunter Castleberry,0.6592,1.198,1.8573
3188,Hunter Cattoor,3.3047,2.3974,5.7022
3189,Hunter Dean,1.2765,4.9002,6.1767
3190,Hunter Dickinson,5.9523,7.4764,13.4286
3191,Hunter Erickson,2.76,3.2607,6.0206
3192,Hunter Goodrick,1.324,1.3155,2.6395
3193,Hunter Harding,-1.1561,-1.1855,-2.3416
3194,Hunter Jack Madden,0.4753,1.0288,1.5041
3195,Hunter Jacobson,-0.5218,-1.2345,-1.7563
3196,Hunter McIntosh,-1.6862,0.1777,-1.5085
3197,Hunter Sallis,3.636,3.38,7.016
3198,Hunter Schenck,1.6834,-0.874,0.8095
3199,Hunter Woods,-0.6261,-1.3597,-1.9858
3200,Hutch Ward,-0.6123,-1.0745,-1.6869
3201,Hysier Miller,1.3683,1.1868,2.5551
3202,IJ Ezuma,0.8148,-0.868,-0.0532
3203,Ian Burns,-0.3248,-0.2305,-0.5553
3204,Ian Granja,-2.5031,-1.5472,-4.0503
3205,Ian Imegwu,-1.3081,4.4716,3.1634
3206,Ian Inman,-0.6925,0.3496,-0.3429
3207,Ian Jackson,-3.1197,3.0858,-0.0339
3208,Ian Martinez,-0.6695,4.6074,3.9379
3209,Ian Motta,1.1813,-2.9555,-1.7743
3210,Ian Platteeuw,-1.1316,2.0232,0.8917
3211,Ian Sabourin,-1.8969,1.2553,-0.6415
3212,Ian Schieffelin,2.8772,7.1391,10.0163
3213,Ian Scott,-1.021,3.5224,2.5014
3214,Ian Smikle,3.2183,-1.2204,1.998
3215,Ian Stephens,-0.1406,0.384,0.2435
3216,Iaroslav Niagu,0.8823,-1.7401,-0.8578
3217,Ibbe Klintman,-1.0912,-2.1405,-3.2318
3218,Ibrahim Olajuwon,-2.37,0.0449,-2.325
3219,Ibrahim Souare,4.2374,0.4675,4.7048
3220,Ibrahima Diallo,2.6818,1.6543,4.3361
3221,Ibrahima Sacko,3.0071,-2.4729,0.5343
3222,Ibrahima Traore,4.3899,0.9216,5.3114
3223,Ibu Yamazaki,0.5399,1.9691,2.5089
3224,Ice Emery,-0.7554,0.6026,-0.1528
3225,Idan Tretout,1.3089,0.6372,1.9461
3226,Ife West-Ingram,1.2202,3.1419,4.3621
3227,Ifeanyi Ufochukwu,0.13,1.5545,1.6845
3228,Ifiok Peter,-0.9775,-0.1811,-1.1586
3229,Ignacio Campoy Galvez,0.4134,0.166,0.5794
3230,Igor Milicic,5.123,4.9884,10.1113
3231,Ike Cornish,1.5605,-1.3152,0.2453
3232,Iker Garmendia,0.3552,-0.7335,-0.3783
3233,Ilane Fibleuil,0.5391,0.4007,0.9398
3234,Ileri Ayo-Faleye,2.9477,4.1626,7.1104
3235,Ilia Ermakov,3.1819,-1.444,1.7379
3236,Ilias Kamardine,-1.8423,2.4147,0.5724
3237,Ilija Milijasevic,-0.5376,2.6667,2.1291
3238,Imanuel Zorgvol,2.5416,0.1553,2.6969
3239,Immanuel Allen,-0.5352,1.3765,0.8413
3240,Immanuel Lewis,-1.0956,0.6799,-0.4156
3241,Imo Essien,1.2901,-0.5927,0.6974
3242,Isa Silva,0.3701,-4.0957,-3.7256
3243,Isaac Abidde,1.9108,3.7365,5.6473
3244,Isaac Asuma,1.3733,5.1025,6.4758
3245,Isaac Bonilla,2.1211,-2.5346,-0.4135
3246,Isaac Brice,2.26,0.931,3.191
3247,Isaac Bruns,-1.065,5.7906,4.7256
3248,Isaac Carr,-1.1163,3.2796,2.1633
3249,Isaac Celiscar,-0.1207,8.5397,8.419
3250,Isaac Davis,1.0127,4.5888,5.6015
3251,Isaac Dye,-1.2914,-0.8766,-2.168
3252,Isaac Finlinson,-1.1949,-0.2032,-1.3982
3253,Isaac Gard,-0.7671,-0.5175,-1.2846
3254,Isaac Garrett,-0.8357,3.0501,2.2145
3255,Isaac Haney,-1.6868,1.6403,-0.0465
3256,Isaac Harrell,-4.3255,2.651,-1.6745
3257,Isaac Hawkins,2.3376,0.2166,2.5541
3258,Isaac Hester,-0.7537,0.838,0.0843
3259,Isaac Holmes,0.5819,-2.6882,-2.1063
3260,Isaac Hymes,0.2378,-0.2879,-0.0501
3261,Isaac Jack,-0.9961,2.6001,1.6039
3262,Isaac Jessup,2.4194,6.535,8.9544
3263,Isaac Johnson,4.7609,4.8209,9.5818
3264,Isaac Jones,2.9199,3.4471,6.367
3265,Isaac Lindsey,-1.0249,-0.6582,-1.6831
3266,Isaac McKneely,3.4202,4.0977,7.5179
3267,Isaac Munkadi,3.4463,1.003,4.4493
3268,Isaac Mushila,1.9535,2.6659,4.6194
3269,Isaac Nyakundi,-0.5729,-0.4291,-1.002
3270,Isaac Ondekane,4.8496,0.3693,5.2189
3271,Isaac Parson,-3.861,0.4153,-3.4457
3272,Isaac Shingange,-0.8174,-0.1171,-0.9346
3273,Isaac Spainhour,-0.0135,-0.4373,-0.4508
3274,Isaac Spears,-0.6247,-3.5264,-4.151
3275,Isaac Stansbury,-0.6175,-0.462,-1.0796
3276,Isaac Taveras,3.9601,1.3446,5.3047
3277,Isaac Traudt,3.5391,2.1341,5.6732
3278,Isaac Varghese,0.3947,-0.541,-0.1464
3279,Isaac Williams,-2.9726,5.1434,2.1708
3280,Isaia Howard,2.0989,5.7039,7.8027
3281,Isaiah Abraham,0.6673,3.903,4.5703
3282,Isaiah Adams,0.4289,1.553,1.9819
3283,Isaiah Addo-Ankrah,0.512,1.4805,1.9925
3284,Isaiah Barganier,0.2412,-1.3605,-1.1193
3285,Isaiah Barnes,-0.2259,-1.1296,-1.3556
3286,Isaiah Bigelow,3.3559,1.9305,5.2864
3287,Isaiah Brickner,4.0667,-0.411,3.6557
3288,Isaiah Bronson,1.1733,-0.0659,1.1074
3289,Isaiah Brown,3.2259,4.6828,7.9087
3290,Isaiah Caldwell,0.762,-3.8271,-3.0651
3291,Isaiah Campbell-Finch,1.297,0.2196,1.5166
3292,Isaiah Carr,2.6995,-1.8142,0.8853
3293,Isaiah Carrillo,-0.0551,0.6128,0.5577
3294,Isaiah Chappell,1.4397,-1.0013,0.4384
3295,Isaiah Coleman,2.0532,0.713,2.7662
3296,Isaiah Collier,1.2109,3.1987,4.4095
3297,Isaiah Cottrell,2.28,-3.2855,-1.0055
3298,Isaiah Cozart,0.6004,-1.9626,-1.3623
3299,Isaiah Crawford,3.9203,2.849,6.7693
3300,Isaiah Denis,0.1798,0.6616,0.8415
3301,Isaiah Dorceus,-1.011,1.3101,0.2992
3302,Isaiah Elohim,1.3145,1.2405,2.555
3303,Isaiah Evans,4.1961,8.7249,12.9209
3304,Isaiah Folkes,3.0765,-1.0533,2.0232
3305,Isaiah Gaines,1.4812,1.8977,3.3789
3306,Isaiah Gray,3.5599,3.8192,7.3791
3307,Isaiah Griffin,0.2847,0.2747,0.5594
3308,Isaiah Gross,0.2854,1.7797,2.0652
3309,Isaiah Hawthorne,1.0826,3.1086,4.1912
3310,Isaiah Henderson,-3.2061,-1.744,-4.9501
3311,Isaiah Hill,-0.1133,1.6574,1.5441
3312,Isaiah Ihnen,2.8515,1.472,4.3234
3313,Isaiah Jackson,3.9145,-0.4624,3.4521
3314,Isaiah Johnson,3.6282,2.9701,6.5984
3315,Isaiah Johnson-Arigu,1.7648,2.7563,4.5211
3316,Isaiah Jones,4.9287,4.4039,9.3326
3317,Isaiah Kai,-2.7479,-1.5592,-4.3071
3318,Isaiah Kerr,2.4698,0.1319,2.6017
3319,Isaiah Langham,-1.8867,0.2335,-1.6532
3320,Isaiah Lewis,2.1068,0.3058,2.4126
3321,Isaiah Manning,1.5935,1.0303,2.6238
3322,Isaiah Mbeng,0.5016,0.068,0.5697
3323,Isaiah Miranda,-0.7769,-2.9412,-3.7181
3324,Isaiah Moses,0.5726,3.9154,4.4879
3325,Isaiah Placide,-4.5753,3.434,-1.1413
3326,Isaiah Pope,0.1946,-0.7306,-0.5361
3327,Isaiah Range,0.9047,-5.6994,-4.7948
3328,Isaiah Richards,2.0053,4.278,6.2834
3329,Isaiah Rivera,1.9919,2.0812,4.0731
3330,Isaiah Salter,1.6456,1.7442,3.3898
3331,Isaiah Sealy,-0.553,-0.9073,-1.4603
3332,Isaiah Shaw,-0.0658,0.3787,0.3129
3333,Isaiah Sherrard,-0.4577,-2.67,-3.1277
3334,Isaiah Skinner,0.6978,0.2122,0.91
3335,Isaiah Somers,-0.0629,-0.5055,-0.5684
3336,Isaiah Stafford,2.1854,1.0284,3.2138
3337,Isaiah Stevens,2.433,4.4857,6.9187
3338,Isaiah Stewart,-0.2057,0.1662,-0.0395
3339,Isaiah Sulack,-0.5295,-0.0788,-0.6083
3340,Isaiah Sutherland,-1.4544,0.7055,-0.749
3341,Isaiah Swope,0.4667,-0.5,-0.0333
3342,Isaiah Sy,-0.5736,3.0408,2.4672
3343,Isaiah Thompson,-2.8488,3.883,1.0342
3344,Isaiah Walker,0.4921,3.1171,3.6092
3345,Isaiah Washington,0.5491,-0.3762,0.1729
3346,Isaiah Watts,2.0849,2.7416,4.8265
3347,Isaiah West,0.6554,-0.6728,-0.0174
3348,Isaiah Williams,0.6912,-1.1168,-0.4255
3349,Isaiah Wilson,0.6324,1.0786,1.711
3350,Isaiah Wyatt,-1.0299,2.6356,1.6057
3351,Ishan Sharma,4.2143,8.4514,12.6656
3352,Ishmael Leggett,6.4525,4.1391,10.5916
3353,Isiah Gaiter,-0.0884,0.8462,0.7578
3354,Isiah Harwell,3.8421,1.7399,5.5821
3355,Isiah Kirby,-3.999,-0.8348,-4.8338
3356,Isiah Lightsy,0.2248,-1.566,-1.3412
3357,Isiah Warfield,-0.3919,2.9016,2.5096
3358,Ismael Diouf,-1.4071,-0.6048,-2.0119
3359,Ismael Massoud,-0.3539,-1.0204,-1.3743
3360,Ismael Plet,2.2841,0.9944,3.2785
3361,Ismail Habib,0.2388,0.108,0.3468
3362,Ismaila Diagne,5.2616,0.712,5.9736
3363,Israel Hart,-1.6232,2.1766,0.5534
3364,Israel Jenrette,0.145,-4.3197,-4.1748
3365,Israel Yaw,-0.2637,1.2975,1.0338
3366,Issa Muhammad,2.6256,-0.0724,2.5532
3367,Issac McBride,-1.9855,0.3032,-1.6823
3368,Issac Williamson,0.6085,-1.18,-0.5715
3369,Issakha Niang,0.1231,0.8029,0.926
3370,Ithiel Horton,1.2723,1.3427,2.615
3371,Ivan Juric,-1.7793,5.7019,3.9226
3372,Ivan Kharchenkov,2.6994,4.031,6.7303
3373,Ivan Matlekovic,1.2382,1.163,2.4012
3374,Ivan Njegovan,2.2784,-0.9704,1.308
3375,Ivan Reynolds,1.6844,1.5517,3.2361
3376,Ivan Spirov,-2.0745,1.5518,-0.5227
3377,Iverson King,0.4304,-2.3123,-1.8818
3378,Iwo Baganc,-0.7781,1.351,0.573
3379,Izaiah Pasha,-0.9393,1.6275,0.6882
3380,Izaiah Robinson,-0.5475,-1.8702,-2.4177
3381,Izaiyah Nelson,3.0529,7.4289,10.4817
3382,Izzy Miles,0.4163,-1.8089,-1.3926
3383,J'Quan Ewing,-2.5653,-1.8196,-4.3848
3384,J'Raan Brooks,2.153,-0.817,1.336
3385,J'Vonne Hadley,2.6504,6.1297,8.7801
3386,J'Wan Roberts,1.3418,7.2173,8.5592
3387,JB Frankel,1.584,2.6415,4.2255
3388,JC Brooks,0.3746,-1.0369,-0.6622
3389,JC Harris,2.8466,-1.5223,1.3244
3390,JC Riley,-0.9551,-2.296,-3.2512
3391,JC Shirer,0.4074,0.6015,1.0089
3392,JD Plough,-0.0538,-0.1236,-0.1774
3393,JD Roberts,-0.1446,0.392,0.2474
3394,JD Thomas,-0.0777,0.0992,0.0215
3395,JJ Chaikovsky,0.7474,-0.0106,0.7368
3396,JJ Harper,1.2879,1.0818,2.3698
3397,JJ Howard,-0.3461,2.8826,2.5364
3398,JJ Kalakon,5.0093,1.949,6.9583
3399,JJ Kelly,0.4599,1.7036,2.1635
3400,JJ Mandaquit,2.2355,-0.8265,1.409
3401,JJ Starling,1.8261,1.3021,3.1282
3402,JJ Taylor,0.4467,1.1957,1.6425
3403,JJ Traynor,-1.0397,0.8089,-0.2308
3404,JJ Wheat,2.654,-0.3477,2.3063
3405,JJ White,2.5941,4.5652,7.1593
3406,JP Dragas,-1.374,-3.0525,-4.4265
3407,JP Estrella,2.6392,7.7141,10.3533
3408,JP Pegues,2.1355,3.6858,5.8213
3409,JR Jacobs,-1.6286,-0.6257,-2.2543
3410,JR Konieczny,4.2079,-0.1259,4.082
3411,JT Amundsen,0.6338,0.2054,0.8392
3412,JT Dougherty,-0.5844,-1.1218,-1.7062
3413,JT Elder,-0.504,-1.1808,-1.6847
3414,JT Kelly,0.9423,-0.7119,0.2304
3415,JT Pettigrew,1.6085,1.883,3.4916
3416,JT Rock,4.0723,1.5546,5.6269
3417,JT Tan,0.5483,1.9106,2.4589
3418,JT Toppin,5.4701,5.6704,11.1405
3419,JT Warren,-1.8209,-1.9417,-3.7625
3420,JV Brown,-0.2207,-0.2273,-0.4479
3421,JV Seat,0.7938,-3.0433,-2.2495
3422,JZ Zaher,0.6343,-1.1256,-0.4913
3423,Ja'Borri McGhee,0.6398,2.9283,3.5681
3424,Ja'Darius Harris,3.6788,-1.3305,2.3483
3425,Ja'Derryus Eatmon,-0.3857,0.7386,0.3528
3426,Ja'Heim Hudson,0.3575,2.178,2.5355
3427,Ja'Juan Carr,-3.6615,3.615,-0.0465
3428,Ja'Kair Sanchez,-1.2357,0.6446,-0.5911
3429,Ja'Kobe Walter,3.4579,4.0816,7.5395
3430,Ja'Kobi Gillespie,3.798,11.8172,15.6152
3431,Ja'Monta Black,-0.8366,2.9568,2.1203
3432,Ja'Quavian Florence,1.6555,0.8239,2.4794
3433,Ja'Quavis Williford,0.6242,1.199,1.8231
3434,Ja'Sean Glover,-0.5694,2.4801,1.9107
3435,Ja'Sean Jackson,4.0086,1.7538,5.7623
3436,Ja'Shonte Wright-Mcleish,2.9363,-3.9223,-0.9861
3437,Ja'Vier Francis,7.8882,0.4926,8.3808
3438,Ja'Von Benson,4.3509,0.1196,4.4704
3439,JaCobi Wood,-1.0192,3.1419,2.1226
3440,JaDun Michael,-1.3863,-1.3089,-2.6952
3441,JaJuan Nicholls,-0.9236,3.0529,2.1293
3442,JaKobe Coles,2.2063,2.5941,4.8005
3443,"JaQualon ""JQ"" Roberts",1.6412,2.3072,3.9484
3444,JaVar Daniel,1.9548,0.0324,1.9872
3445,JaVaughn Hannah,1.8155,2.051,3.8665
3446,Jabari West,0.3595,-0.9898,-0.6303
3447,Jabari Williams,0.5982,-0.5078,0.0905
3448,Jabe Mullins,2.8205,1.2683,4.0888
3449,Jabez Jenkins,4.2002,3.2676,7.4678
3450,Jabri Abdur-Rahim,4.8799,2.108,6.9879
3451,Jabrion Spikes,2.5118,-3.8642,-1.3524
3452,Jac Mani,3.2236,1.4854,4.709
3453,Jacari Brim,1.0833,2.4985,3.5818
3454,Jacari Lane,2.501,6.457,8.958
3455,Jacari White,2.5294,5.0409,7.5704
3456,Jacco Fritz,-0.0325,-2.5814,-2.6139
3457,Jace Carter,-1.4762,1.9135,0.4373
3458,Jace Howard,0.4246,-0.3861,0.0385
3459,Jace Posey,1.119,3.3087,4.4278
3460,Jace Rayl,0.1767,-0.4137,-0.237
3461,Jace Roquemore,1.9278,0.7399,2.6677
3462,Jace Whiting,2.7431,3.922,6.6651
3463,Jace Winkleman,-0.1206,0.6644,0.5438
3464,Jacen Holloway,0.1739,0.1817,0.3556
3465,Jack Anderson,-2.6073,-2.3386,-4.9459
3466,Jack Benter,1.2688,2.9732,4.242
3467,Jack Brown,-1.6287,-1.6015,-3.2302
3468,Jack Campion,2.7371,0.7275,3.4646
3469,Jack Clark,3.264,5.8784,9.1423
3470,Jack Collins,1.8149,4.2769,6.0918
3471,Jack Daugherty,2.9776,3.8349,6.8125
3472,Jack DeRose,0.3778,-0.353,0.0248
3473,Jack DiDonna,0.0939,-0.209,-0.1151
3474,Jack Doumbia,4.9256,1.2487,6.1743
3475,Jack Edelen,1.7151,-1.0007,0.7144
3476,Jack Fagan,0.105,0.0,0.105
3477,Jack Forrest,-1.5992,0.7831,-0.8161
3478,Jack Francis,-0.6084,-0.8167,-1.4251
3479,Jack Futa,-0.2805,-0.3525,-0.6331
3480,Jack Gohlke,2.7014,3.5681,6.2696
3481,Jack Graham,-0.0667,-3.2659,-3.3326
3482,Jack Hastreiter,1.3988,0.5775,1.9763
3483,Jack Hatten,0.3121,0.5479,0.8601
3484,Jack Holmstrom,-1.7754,2.2244,0.4491
3485,Jack Hoth,0.4819,0.1805,0.6624
3486,Jack Ingold,1.9461,0.7975,2.7436
3487,Jack Janicki,1.7092,1.8718,3.5809
3488,Jack Johnson,0.0832,-1.1439,-1.0607
3489,Jack Jubenville,0.4948,-1.4161,-0.9213
3490,Jack Karasinski,-0.9157,4.2088,3.2931
3491,Jack Kostel,-0.6692,1.1638,0.4945
3492,Jack Leahy,-1.5457,-1.3839,-2.9297
3493,Jack Lusk,-0.1242,-0.1672,-0.2914
3494,Jack Margoupis,-0.5106,3.3909,2.8803
3495,Jack May,-0.2428,-0.3065,-0.5493
3496,Jack McCaffery,0.329,-0.8283,-0.4993
3497,Jack McCloskey,-0.1179,-0.1115,-0.2295
3498,Jack McFadden,1.6301,0.8774,2.5075
3499,Jack Medalie,3.2626,-0.2028,3.0598
3500,Jack Mielke,-0.7111,2.3399,1.6288
3501,Jack Miller,-1.6414,-1.8252,-3.4665
3502,Jack Molloy,0.4596,0.4944,0.954
3503,Jack Payne,1.9406,1.5735,3.5141
3504,Jack Pease,-0.0368,-0.3429,-0.3797
3505,Jack Reddick,-2.2473,1.2845,-0.9628
3506,Jack Riley,-0.8917,-1.3639,-2.2556
3507,Jack Robison,-2.0658,-0.3122,-2.378
3508,Jack Sauer,0.1201,-0.7162,-0.5961
3509,Jack Sawyer,-2.2299,-2.5493,-4.7791
3510,Jack Scott,0.7513,-0.0112,0.74
3511,Jack Seidler,0.9538,-1.1578,-0.2041
3512,Jack Smiley,0.2716,4.6607,4.9323
3513,Jack Stanton,2.3332,2.6324,4.9656
3514,Jack Stefanski,-1.1551,-0.7147,-1.8698
3515,Jack Sullivan,1.6651,-1.4708,0.1943
3516,Jack Tauer,-0.33,0.3869,0.0569
3517,Jack Turner,-2.0953,1.0391,-1.0562
3518,Jack Walter,0.2942,-0.4892,-0.195
3519,Jack Whitbourn,-0.6549,-1.094,-1.7489
3520,Jack Williams,-0.7711,-0.5734,-1.3445
3521,Jack Wilson,-0.8862,1.2548,0.3685
3522,Jack Wistrcill,-2.0759,-0.7765,-2.8524
3523,Jack d'Entremont,1.6473,3.2109,4.8582
3524,Jackie Johnson,0.2664,2.6797,2.946
3525,Jacksen Moni,1.0513,8.0821,9.1334
3526,"Jackson ""BB"" Washington",-0.1791,-0.3592,-0.5383
3527,Jackson Benigni,-3.98,1.198,-2.7821
3528,Jackson Connor,-0.3566,-0.7757,-1.1323
3529,Jackson Cook,-0.5475,-0.7403,-1.2878
3530,Jackson Creel,0.1029,0.1956,0.2985
3531,Jackson Cronin,-0.166,-0.2183,-0.3844
3532,Jackson Delaney,0.0991,0.4756,0.5747
3533,Jackson Fazande,0.2642,0.5857,0.8498
3534,Jackson Fields,4.455,2.9993,7.4543
3535,Jackson Francois,-0.7805,-0.5694,-1.35
3536,Jackson Gaffney,-0.8314,0.7224,-0.1091
3537,Jackson Grant,0.0924,-0.9725,-0.8801
3538,Jackson Greene,2.2724,2.472,4.7444
3539,Jackson Hicke,0.8088,5.1946,6.0035
3540,Jackson Holcombe,3.3664,5.1024,8.4689
3541,Jackson Holt,0.1105,-0.0484,0.0621
3542,Jackson Huxtable,-0.41,-0.4615,-0.8715
3543,Jackson Keil,0.5736,0.2412,0.8148
3544,Jackson Keith,1.6061,1.0944,2.7005
3545,Jackson Kotecki,1.0737,1.9348,3.0085
3546,Jackson Last,1.1749,-2.2303,-1.0554
3547,Jackson Mayo,-0.5616,0.8354,0.2738
3548,Jackson McAndrew,3.57,1.24,4.81
3549,Jackson Mosley,-0.9389,1.8538,0.9149
3550,Jackson Munro,-0.0611,1.6897,1.6286
3551,Jackson Noble,0.1749,-0.0135,0.1614
3552,Jackson Paveletzke,-1.9072,0.6144,-1.2927
3553,Jackson Peakes,1.1828,0.4378,1.6206
3554,Jackson Porch,0.0792,-0.6246,-0.5454
3555,Jackson Price,2.5807,0.2084,2.7891
3556,Jackson Prince,-0.1451,-0.1409,-0.2859
3557,Jackson Purcell,-0.0904,-0.3429,-0.4332
3558,Jackson Rasmussen,3.0265,3.6987,6.7252
3559,Jackson Roberts,-0.4135,-0.3101,-0.7236
3560,Jackson Rogers,-0.4133,0.345,-0.0683
3561,Jackson Seale,1.1553,-0.5706,0.5847
3562,Jackson Selvala,0.3207,-0.339,-0.0184
3563,Jackson Shelstad,2.3914,4.7346,7.126
3564,Jackson Sivills,-0.2322,2.7283,2.4961
3565,Jackson Skipper,0.483,3.424,3.907
3566,Jackson Sowards,0.4387,0.0644,0.5031
3567,Jackson Threadgill,1.7292,-0.0518,1.6774
3568,Jackson Young,-0.0133,0.1457,0.1324
3569,Jacksun Hamilton,-0.5747,-0.2545,-0.8292
3570,Jacob Adair,0.0903,-0.2262,-0.1359
3571,Jacob Antchak,0.3935,-1.1538,-0.7603
3572,Jacob Bannarbie,0.0449,3.7083,3.7532
3573,Jacob Beccles,-1.5433,3.404,1.8607
3574,Jacob Cofie,4.1321,2.2718,6.4039
3575,Jacob Conner,3.2802,1.45,4.7302
3576,Jacob Crews,0.1649,7.9395,8.1044
3577,Jacob Dar,-2.2286,2.6525,0.4239
3578,Jacob Furphy,-0.6006,-1.1662,-1.7668
3579,Jacob Germany,0.8724,-1.7964,-0.924
3580,Jacob Groves,1.4095,2.1236,3.5331
3581,Jacob Hammond,-0.9687,-0.9834,-1.9521
3582,Jacob Hogarth,-1.3499,-3.2631,-4.613
3583,Jacob Holt,1.3023,1.4897,2.792
3584,Jacob Hudson,-2.6772,-1.1182,-3.7955
3585,Jacob Huggins,-0.0927,-0.6208,-0.7134
3586,Jacob Hutson,-0.7271,0.6925,-0.0346
3587,Jacob Johnson,1.3743,0.0672,1.4415
3588,Jacob Koch,-1.1723,0.451,-0.7212
3589,Jacob Martin,-0.3537,0.0141,-0.3397
3590,Jacob McFarland,0.3872,-0.1805,0.2067
3591,Jacob Meyer,-1.266,4.227,2.9609
3592,Jacob Morales,0.3681,0.1624,0.5305
3593,Jacob O'Connell,3.0772,-1.4682,1.6091
3594,Jacob Ognacevic,1.9336,3.2232,5.1569
3595,Jacob Patrick,2.0927,1.6935,3.7862
3596,Jacob St Clair,-0.0241,-0.8971,-0.9212
3597,Jacob Theodosiou,-0.462,-1.0157,-1.4778
3598,Jacob Tsai,0.0313,-0.2422,-0.2109
3599,Jacob Walker,-1.2725,4.5705,3.298
3600,Jacob Warren,-1.7048,2.4534,0.7487
3601,Jacob Wilson,1.3511,1.5847,2.9358
3602,Jacobe Coleman,0.6306,0.3218,0.9524
3603,Jacobe Whitted,0.338,1.3919,1.73
3604,Jacobi Sebock,-0.7047,1.5017,0.797
3605,Jacobi Wright,3.086,0.3227,3.4087
3606,Jacoby Hill,1.4879,1.2232,2.7111
3607,Jacoi Hutchinson,0.7572,2.0941,2.8513
3608,Jacolb Fredson-Cole,-0.0865,-0.9006,-0.9871
3609,Jacopo Van der Knaap,0.2098,0.0703,0.2801
3610,Jadarius Townes,0.1164,-0.1689,-0.0526
3611,Jade Tse,0.7597,-2.0703,-1.3105
3612,Jaden Akins,6.1874,4.8978,11.0852
3613,Jaden Alexander,0.0864,3.5128,3.5992
3614,Jaden Bediako,3.905,3.0476,6.9526
3615,Jaden Bobbett,0.3946,-0.1085,0.2861
3616,Jaden Bradley,7.4989,7.4685,14.9673
3617,Jaden Brownell,2.9924,3.744,6.7364
3618,Jaden Campbell,5.4289,5.1092,10.5381
3619,Jaden Clayton,5.8552,3.354,9.2091
3620,Jaden Cooper,3.1662,-1.9594,1.2069
3621,Jaden Daughtry,3.3699,2.2874,5.6573
3622,Jaden Ellis,-0.505,-0.5062,-1.0112
3623,Jaden Geron,-2.4447,-2.185,-4.6297
3624,Jaden Goodall,0.6208,-0.2404,0.3804
3625,Jaden Grant,0.2703,1.5141,1.7845
3626,Jaden Harris,2.3092,1.2358,3.5449
3627,Jaden Henderson,0.5362,1.3021,1.8383
3628,Jaden Henley,3.4532,4.7708,8.224
3629,Jaden House,-0.7392,4.3447,3.6055
3630,Jaden Jackson,3.5422,2.7107,6.2528
3631,Jaden Johnson,0.3298,-0.4851,-0.1554
3632,Jaden Karuletwa,-1.5483,-0.7655,-2.3139
3633,Jaden Kempson,-1.1129,0.2205,-0.8924
3634,Jaden Kirkwood,2.4438,-1.0842,1.3596
3635,Jaden Martin,0.8353,-0.4092,0.4261
3636,Jaden McClanahan,0.4351,-2.3316,-1.8965
3637,Jaden Newell,0.7838,-0.04,0.7438
3638,Jaden Ray,3.1099,0.1719,3.2818
3639,Jaden Rogers,-0.92,-2.0674,-2.9874
3640,Jaden Schertz,2.3635,-1.6338,0.7297
3641,Jaden Schutt,0.0072,3.7185,3.7257
3642,Jaden Seymour,1.9176,-0.6304,1.2872
3643,Jaden Slaughter,-0.6964,-2.1357,-2.8321
3644,Jaden Smith,-0.8488,-1.3036,-2.1524
3645,Jaden Steppe,0.0801,1.8469,1.927
3646,Jaden Toombs,-1.2888,1.259,-0.0298
3647,Jaden Vance,1.9596,-0.5802,1.3795
3648,Jaden Walker,0.0814,-0.1295,-0.0481
3649,Jaden Webb,2.1009,-1.2233,0.8776
3650,Jaden Wells,-0.5401,2.9577,2.4175
3651,Jaden Winston,-1.7564,1.8129,0.0565
3652,Jaden Zimmerman,2.8142,0.454,3.2682
3653,Jadin Booth,-2.3946,4.0036,1.6089
3654,Jadin Collins-Roberts,3.3649,-1.2159,2.149
3655,Jadis Jones,2.0377,1.2806,3.3183
3656,Jadon Jones,3.7943,2.8997,6.694
3657,Jadrian Tracey,3.6517,4.5516,8.2033
3658,Jadyn Cascio Jensen,0.8859,0.729,1.6149
3659,Jadyn Parker,-0.6618,0.5293,-0.1325
3660,Jadyn Shider,1.5819,-1.318,0.2639
3661,Jae Slack,-3.9582,0.7514,-3.2068
3662,Jae'Coby Osborne,0.7987,4.8333,5.6321
3663,Jae'Lyn Withers,3.9686,4.3501,8.3187
3664,Jaeden Marshall,-3.1354,0.7725,-2.3629
3665,Jaeden Mustaf,3.0501,1.0829,4.1329
3666,Jaeden Roberts,-0.102,2.5253,2.4233
3667,Jaeden Zackery,4.8949,4.841,9.736
3668,Jaedon LeDee,3.4139,4.4524,7.8663
3669,Jaedyn Brown,2.0896,1.2572,3.3468
3670,Jaehshon Thomas,-2.6331,2.1964,-0.4367
3671,Jael Martin,0.7693,1.7822,2.5515
3672,Jaelen House,3.3855,4.6344,8.02
3673,Jaelen McGlone,3.3876,0.3501,3.7378
3674,Jaelin Llewellyn,0.1973,-1.8582,-1.6609
3675,Jaelyn Lee,0.8711,-0.3092,0.5619
3676,Jaemyn Brakefield,1.8288,4.2692,6.098
3677,Jagger Bascombe,0.1893,0.094,0.2833
3678,Jah Nze,0.3611,0.4693,0.8304
3679,Jah Quinones,-0.3645,-0.9607,-1.3252
3680,Jah Short,-1.8598,0.6377,-1.2222
3681,Jah'Kim Payne,-2.8279,0.5283,-2.2997
3682,Jah'Likai King,-0.0598,1.7543,1.6946
3683,Jahari Long,0.4371,3.6223,4.0594
3684,Jahari Williamson,0.69,3.8101,4.5
3685,Jaheem Webber,2.95,-1.5807,1.3692
3686,Jaheim Nyam,-0.2514,-0.2352,-0.4866
3687,Jahki Gupton,2.2291,0.9806,3.2097
3688,Jahki Howard,-0.1209,0.5411,0.4202
3689,Jahlil White,0.3565,0.3145,0.671
3690,Jahmai Mashack,4.2215,2.9361,7.1576
3691,Jahmar Young,0.5757,-0.7343,-0.1586
3692,Jahmere Tripp,5.7046,4.3426,10.0472
3693,Jahmir Young,4.5479,1.3405,5.8884
3694,Jahmyl Telfort,3.1581,5.8777,9.0358
3695,Jahnathan Lamothe,-0.0869,-2.3057,-2.3926
3696,Jahni Summers,-3.0315,2.4495,-0.582
3697,Jahsean Corbett,-0.2701,2.605,2.335
3698,Jahseem Felton,-0.0077,0.1826,0.1749
3699,Jahvin Carter,0.3026,2.684,2.9866
3700,Jai Anthoni Bearden,3.9001,2.5816,6.4818
3701,Jai Chisolm,3.2124,-0.8157,2.3968
3702,Jaiden Cole,2.0879,0.4241,2.512
3703,Jaiden Feroah,-0.6739,3.0462,2.3723
3704,Jaiden Glover,-0.9484,-0.0229,-0.9713
3705,Jaiden Glover-Toscano,-0.0029,5.0839,5.081
3706,Jaiden Haynes,-1.2212,2.0996,0.8784
3707,Jaiden Lawrence,0.5237,-0.3285,0.1952
3708,Jaiden Lee,-0.0303,-0.3167,-0.3469
3709,Jaiden Thompson,-0.3306,-0.2591,-0.5897
3710,Jaidon Lipscomb,0.2505,4.8419,5.0924
3711,Jailen Bedford,-1.7415,3.1137,1.3722
3712,Jailen Daniel-Dalton,-0.8168,1.9312,1.1144
3713,Jaion Pitt,-0.6373,-0.6118,-1.2491
3714,Jair Horton,-2.58,-2.6747,-5.2547
3715,Jaiun Simon,2.8475,-0.6178,2.2296
3716,Jakai Newton,1.75,0.9423,2.6924
3717,Jakai Robinson,0.4333,1.1975,1.6308
3718,Jakai Sanders,0.0307,0.5826,0.6133
3719,Jakari Spence,2.8339,2.531,5.3648
3720,Jake Arnold,-0.1122,-1.7316,-1.8438
3721,Jake Auer,-0.4234,1.8137,1.3903
3722,Jake Blackburn,-1.8052,2.167,0.3618
3723,Jake Brack,-2.6389,1.6097,-1.0292
3724,Jake Ciardo,0.5066,-0.6337,-0.1271
3725,Jake Cioe,-0.3036,-0.6339,-0.9375
3726,Jake Davis,1.3853,3.4198,4.8051
3727,Jake DiMichele,1.3884,-1.4475,-0.0591
3728,Jake Dykstra,0.951,0.5788,1.5298
3729,Jake Edwards,0.4444,0.1534,0.5978
3730,Jake Ensminger,5.9232,8.2605,14.1837
3731,Jake Evans,-0.2344,-0.1775,-0.4118
3732,Jake Fiegen,1.6587,7.5871,9.2457
3733,Jake Goldberg,-1.6969,-3.7403,-5.4372
3734,Jake Hall,2.8302,5.2836,8.1138
3735,Jake Hansen,-0.0727,0.1604,0.0877
3736,Jake Harbatkin,-0.0914,-0.2569,-0.3483
3737,Jake Heidbreder,4.015,1.7231,5.7381
3738,Jake Hsu,-0.5375,-0.1286,-0.6661
3739,Jake Johnston,-0.2951,-0.0574,-0.3525
3740,Jake Kyman,0.9061,4.1792,5.0852
3741,Jake Lemelman,-0.4802,0.7456,0.2654
3742,Jake Moser,-0.8655,-0.5536,-1.4191
3743,Jake Murphy,-1.3459,1.5549,0.209
3744,Jake O'Neil,2.5711,1.3531,3.9241
3745,Jake Pike,1.0898,-1.6417,-0.5519
3746,Jake Shannon,1.5117,0.9786,2.4903
3747,Jake Shapiro,-1.76,-0.0598,-1.8198
3748,Jake Snyder,0.4691,-0.4604,0.0087
3749,Jake Stout,-0.0585,-0.5104,-0.5688
3750,Jake Sussberg,-0.3888,-0.1101,-0.4989
3751,Jake Tavroff,-1.8517,0.0651,-1.7866
3752,Jake TenBerge,0.1571,-0.7118,-0.5547
3753,Jake Wahlin,1.1507,4.6006,5.7513
3754,Jake West,3.3745,3.0246,6.399
3755,Jake Wilkins,2.0142,0.7601,2.7743
3756,Jake Wolfe,2.0942,-2.5816,-0.4874
3757,Jake van der Heijden,-0.367,0.5499,0.1829
3758,Jakevion Buckley,4.8573,1.481,6.3382
3759,Jakob Blakley,-1.4844,0.3331,-1.1513
3760,Jakob Gibbs,1.3459,-0.3777,0.9682
3761,Jakobi Heady,-0.1906,5.6361,5.4455
3762,Jakorie Smith,-0.1566,0.7278,0.5711
3763,Jakub Necas,4.488,2.2219,6.7099
3764,Jalal McKie,0.467,-2.3047,-1.8377
3765,Jaland Lowe,0.8308,6.5645,7.3954
3766,Jaland Whitehead,-1.2483,-0.3228,-1.5711
3767,Jalani Bell,-1.2397,-2.241,-3.4807
3768,Jalen Barbee,0.2725,2.5515,2.824
3769,Jalen Barr,4.5165,-0.7212,3.7953
3770,Jalen Benjamin,-1.0519,-0.3612,-1.4131
3771,Jalen Blackmon,-2.137,4.9802,2.8432
3772,Jalen Bolden,0.7463,-0.8745,-0.1281
3773,Jalen Bouknight,3.9782,-0.0412,3.937
3774,Jalen Breath,0.1907,-1.2837,-1.093
3775,Jalen Breazeale,-0.8501,-0.0603,-0.9105
3776,Jalen Bridges,2.696,4.5505,7.2465
3777,Jalen Brown,-4.2652,-1.3959,-5.6611
3778,Jalen Celestine,4.5782,6.8646,11.4428
3779,Jalen Cobb,2.1256,2.1287,4.2544
3780,Jalen Cone,-1.1684,3.8663,2.6979
3781,Jalen Cook,2.4924,3.1646,5.657
3782,Jalen Cooper,2.6688,0.8989,3.5677
3783,Jalen Cox,2.2807,2.0897,4.3704
3784,Jalen Crawford,-0.6166,-0.7862,-1.4028
3785,Jalen Cunningham,1.0572,0.785,1.8422
3786,Jalen DeLoach,0.022,-0.8226,-0.8006
3787,Jalen Dollar,-0.7994,0.6621,-0.1373
3788,Jalen Forrest,0.308,0.023,0.331
3789,Jalen Foy,-0.5705,-0.7747,-1.3452
3790,Jalen Gaffney,3.5657,5.0678,8.6335
3791,Jalen Graham,3.6004,-1.207,2.3935
3792,Jalen Griffith,-3.7589,3.2682,-0.4907
3793,Jalen Hampton,0.5443,2.2762,2.8205
3794,Jalen Haralson,0.3888,-0.9754,-0.5867
3795,Jalen Harper,-0.4447,-1.3418,-1.7865
3796,Jalen Hawkins,0.7368,-2.0925,-1.3557
3797,Jalen Hayes,1.7961,1.114,2.9101
3798,Jalen Haynes,4.9383,1.978,6.9163
3799,Jalen Hill,0.3011,-2.121,-1.8199
3800,Jalen Jackson,1.0594,4.0219,5.0813
3801,Jalen Johnson,0.7284,-1.2225,-0.494
3802,Jalen Jordan,-0.7555,-2.4199,-3.1754
3803,Jalen Kampen,1.8857,-3.0954,-1.2097
3804,Jalen Keago,-2.5916,0.6564,-1.9351
3805,Jalen Lake,1.5717,1.8281,3.3998
3806,Jalen Leach,1.8464,5.0899,6.9363
3807,Jalen Lee,-0.4188,0.0582,-0.3606
3808,Jalen Miller,-1.3344,-0.2925,-1.6269
3809,Jalen Myers,-1.0703,0.8663,-0.204
3810,Jalen Page,-1.4202,-0.9833,-2.4035
3811,Jalen Pitre,2.8825,0.3642,3.2466
3812,Jalen Quinn,0.7211,3.6785,4.3996
3813,Jalen Reece,-0.5233,2.8608,2.3376
3814,Jalen Reed,4.4899,2.348,6.8379
3815,Jalen Reynolds,4.0762,-1.6106,2.4657
3816,Jalen Robinson,-1.7381,-0.7033,-2.4413
3817,Jalen Rucker,-1.4912,3.2504,1.7592
3818,Jalen Shelley,3.5895,2.242,5.8315
3819,Jalen Smith,-1.5721,1.1501,-0.422
3820,Jalen Speer,0.298,2.5291,2.8271
3821,Jalen Stokes,0.1705,2.9107,3.0811
3822,Jalen Sullinger,-2.2076,5.4654,3.2579
3823,Jalen Tatum,-1.7766,-1.2337,-3.0103
3824,Jalen Terry,-1.4604,2.4803,1.0199
3825,Jalen Thomas,3.0343,1.7507,4.785
3826,Jalen Tot,0.307,2.5448,2.8517
3827,Jalen Ware,1.0861,-1.3346,-0.2485
3828,Jalen Warley,6.4808,4.3392,10.8199
3829,Jalen Washington,2.3292,3.1857,5.5149
3830,Jalen Weaver,0.9912,0.8246,1.8158
3831,Jalen White,-2.5998,-1.223,-3.8227
3832,Jalen Windham,1.3682,-0.6313,0.7368
3833,Jalil Beaubrun,4.7208,-1.8609,2.8599
3834,Jalil Bethea,-2.7435,1.8813,-0.8622
3835,Jalin Anderson,1.4669,3.0719,4.5388
3836,Jalin Billingsley,-0.1615,-1.1774,-1.3389
3837,Jalin Holland,0.8133,2.5081,3.3214
3838,Jalin Rice,0.7936,1.5686,2.3622
3839,Jalin Sinclair,-0.5924,-2.2304,-2.8228
3840,Jalon Moore,3.1037,1.0722,4.176
3841,Jalun Trent,4.6357,0.0268,4.6625
3842,Jalyke Gaines-Wyatt,-3.1421,0.8656,-2.2765
3843,Jalyn McCreary,0.952,1.594,2.546
3844,Jamaal Unuakhalu,-0.8086,0.027,-0.7817
3845,Jamahri Harvey,-1.3655,-0.2097,-1.5752
3846,Jamai Felt,3.4113,-1.5235,1.8878
3847,Jamail Pink,-0.8845,-7.7341,-8.6186
3848,Jamaine Mann,0.3615,0.3751,0.7367
3849,Jamal Albritton,0.3377,0.6754,1.0131
3850,Jamal Ambrose,-1.184,-1.6925,-2.8765
3851,Jamal Fuller,1.4986,1.7859,3.2845
3852,Jamal Mashburn,0.1886,3.7503,3.9389
3853,Jamal Miles,-1.8372,-0.0342,-1.8714
3854,Jamal Shead,8.0409,6.8247,14.8656
3855,Jamal Sumlin,4.2566,0.0013,4.2579
3856,Jamal West,1.0485,1.8214,2.87
3857,Jamar Brown,0.8429,3.4372,4.2801
3858,Jamar Franklin,3.3392,2.021,5.3603
3859,Jamar Livingston,1.9755,-3.6885,-1.713
3860,Jamari McDowell,2.5882,2.8806,5.4688
3861,Jamari Phillips,-0.7208,0.1246,-0.5962
3862,Jamari Sibley,0.1725,0.383,0.5555
3863,Jamaria Clark,-1.6903,-2.7311,-4.4214
3864,Jamarii Thomas,1.4265,1.8808,3.3073
3865,Jamarion Batemon,2.4555,2.8166,5.2721
3866,Jamarion Davis-Fleming,-1.1588,-0.4059,-1.5647
3867,Jamarion Sharp,2.5159,-0.043,2.4728
3868,Jamarques Lawrence,3.9333,2.8599,6.7932
3869,Jameel Brown,1.028,2.4807,3.5086
3870,Jameel Morris,0.9332,-2.1764,-1.2432
3871,Jameel Rideout,-0.8853,-1.7703,-2.6555
3872,Jameer Nelson,2.9491,5.281,8.23
3873,Jamel King,2.5155,-4.4918,-1.9763
3874,"James ""Pop"" Weathers",1.8668,-1.7914,0.0755
3875,James Bishop,-1.4825,1.8682,0.3858
3876,James Bodily,-0.8543,0.3084,-0.5459
3877,James Brown,-1.6747,-1.8357,-3.5103
3878,James Cooper,0.1289,2.0518,2.1807
3879,James Dent,2.4563,-0.3673,2.089
3880,James Dyson-Merwe,3.0228,-2.3236,0.6992
3881,James Evans,1.7381,-0.0344,1.7037
3882,James Flippin,1.1562,-0.588,0.5682
3883,James Glisson,0.208,-1.3718,-1.1638
3884,James Goodis,0.2114,-0.1578,0.0536
3885,James Graham,2.7334,-2.0008,0.7327
3886,James Henderson,1.1636,-3.0567,-1.8931
3887,James Johns,0.8603,-1.7379,-0.8776
3888,James Jones,-0.5611,2.3022,1.7411
3889,James Keefe,3.4125,-0.5041,2.9083
3890,James Mayor,-0.2647,-0.6085,-0.8732
3891,James Morrow,-2.4531,-3.2303,-5.6834
3892,James Nnaji,0.3089,-1.9687,-1.6598
3893,James O'Donnell,1.1305,-1.3406,-0.2101
3894,James Okonkwo,0.2529,3.7749,4.0278
3895,James Patterson,-1.4418,-1.0028,-2.4446
3896,James Scott,5.1202,2.989,8.1092
3897,James Thomas,1.1533,-2.6226,-1.4694
3898,James White,0.0431,-3.021,-2.9778
3899,Jameson Heck,0.2595,-1.2078,-0.9483
3900,Jameson O'Toole,-0.2978,-1.0597,-1.3575
3901,Jameson Smith,0.0032,0.1517,0.1549
3902,Jamichael Davis,4.3886,2.3717,6.7603
3903,Jamichael Stillwell,4.5828,3.9728,8.5556
3904,Jamie Bergens,-1.5057,2.8581,1.3524
3905,Jamie Kaiser,3.7844,1.7775,5.5619
3906,Jamie Phillips,-4.9583,1.5947,-3.3636
3907,Jamie Vinson,0.2753,1.0143,1.2895
3908,Jamier Jones,2.43,4.4617,6.8917
3909,Jamil Miller,1.9807,-0.5613,1.4194
3910,Jamil Muttilib,0.8762,2.2006,3.0768
3911,Jamil Riggins,0.595,-0.4118,0.1832
3912,Jamil Safieddine,1.2295,0.0968,1.3264
3913,Jamille Reynolds,1.3568,-1.5767,-0.2199
3914,Jamine Charles,0.9993,-0.0869,0.9124
3915,Jamir Chaplin,-0.2613,5.323,5.0617
3916,Jamir McNeil,-1.6306,0.9608,-0.6698
3917,Jamir Simpson,-0.6319,-0.6852,-1.3172
3918,Jamir Watkins,1.3578,2.05,3.4077
3919,Jamison Battle,0.2882,3.1473,3.4355
3920,Jamison Epps,-1.1582,-1.0766,-2.2349
3921,Jamison Guerra,-0.317,2.3192,2.0022
3922,Jamiya Neal,4.2473,1.9087,6.1561
3923,Jamon Battle,1.6795,-1.5111,0.1684
3924,Jamond Vincent,-0.562,2.8635,2.3015
3925,Jamyron Keller,0.4855,1.3685,1.8541
3926,Jan Vide,0.966,1.8527,2.8187
3927,Jan Zidek,-0.5897,4.5805,3.9908
3928,Janko Bulajic,1.5892,0.7279,2.3172
3929,Jao Ituka,2.1076,4.7677,6.8753
3930,Japhet Medor,0.0502,4.0006,4.0508
3931,Japhet Moupadele,-1.855,3.2376,1.3826
3932,Jaqai Murray,1.6139,0.6518,2.2658
3933,Jaqari Miles,-0.5181,0.3549,-0.1632
3934,Jaquan Carlos,2.5308,3.3608,5.8916
3935,Jaquan Johnson,1.2892,5.082,6.3711
3936,Jaquan Sanders,1.9335,-2.9042,-0.9707
3937,Jaquan Scott,0.1791,0.0696,0.2487
3938,Jaquan Womack,3.1544,0.5372,3.6915
3939,Jaquel Morris,1.2791,-1.206,0.0731
3940,Jared Barnett,0.4194,-1.0661,-0.6467
3941,Jared Billups,9.2416,-0.3505,8.8911
3942,Jared Bynum,0.2513,1.8219,2.0733
3943,Jared Coleman-Jones,-0.0722,-0.2369,-0.309
3944,Jared Cross,0.1421,-3.9555,-3.8134
3945,Jared Frey,-0.0261,-1.8084,-1.8344
3946,Jared Garcia,2.0761,-0.9498,1.1263
3947,Jared Harris,1.0893,0.3692,1.4585
3948,Jared Lary,-0.9448,-0.6957,-1.6405
3949,Jared McCain,0.6674,3.4257,4.093
3950,Jared McGregor,0.1606,-0.7557,-0.5951
3951,Jared Turner,1.5365,4.2811,5.8176
3952,Jared Washington,0.0527,1.4308,1.4835
3953,Jaren Johnson,-2.0941,0.9106,-1.1835
3954,Jaren Marshall,0.4736,-0.2129,0.2607
3955,Jaren Morton,0.6803,0.3341,1.0143
3956,Jaret Valencia,-0.019,1.31,1.291
3957,Jarin Stevenson,4.3436,4.7966,9.1402
3958,Jarius Cook,0.0267,-0.7585,-0.7317
3959,Jarius Hicklen,-1.6385,-0.4857,-2.1242
3960,Jariyon Wilkens,1.615,-0.5695,1.0455
3961,Jarne Elouna Eyenga,1.7517,0.4834,2.2351
3962,Jarod Lucas,2.0972,5.8713,7.9685
3963,Jaron Pierre,-0.9411,6.7746,5.8335
3964,Jaron Rillie,-0.1866,5.4137,5.2271
3965,Jaronn Wilkens,-3.3014,-2.5769,-5.8783
3966,Jarred Hall,1.0985,1.9284,3.0269
3967,Jarred Hyder,-1.8931,1.1152,-0.778
3968,Jarrell Love,-1.4454,-0.676,-2.1214
3969,Jarrell Pope,0.3099,-1.3268,-1.017
3970,Jarren Cook,-1.8487,0.601,-1.2477
3971,Jarrett Hensley,0.1707,0.754,0.9247
3972,Jarron Coleman,1.1341,0.1353,1.2694
3973,Jarvis Moss,2.0795,2.4464,4.5259
3974,Jarvis Walker,-4.4803,-0.2782,-4.7585
3975,Jasai Miles,-2.8116,2.5471,-0.2646
3976,Jase Butler,2.4633,3.2406,5.7039
3977,Jase Richardson,3.9687,5.3738,9.3426
3978,Jasen Brooks,-0.1627,1.476,1.3134
3979,Jasen Green,3.434,3.8054,7.2395
3980,Jasin Sinani,1.1471,2.0984,3.2455
3981,Jasir Rencher,0.5953,0.6441,1.2394
3982,Jasir Tremble,-0.2707,0.2676,-0.0031
3983,Jasman Sangha,-1.4275,1.0536,-0.3739
3984,Jason Amador,-1.7614,0.1384,-1.623
3985,Jason Asemota,-0.1099,1.7304,1.6204
3986,Jason Clarke,-4.063,-1.2588,-5.3218
3987,Jason Drake,-0.0577,2.6918,2.6341
3988,Jason Edwards,1.1948,2.4134,3.6082
3989,Jason Fontenet,2.1552,2.222,4.3772
3990,Jason Hart,-0.837,0.9437,0.1067
3991,Jason Jackson,0.1917,-0.2295,-0.0378
3992,Jason Jakstys,0.431,1.9755,2.4065
3993,Jason Jitoboh,2.7641,1.1045,3.8686
3994,Jason Kimbrough,3.4935,1.2204,4.7139
3995,Jason Malbrue,1.2973,-1.503,-0.2057
3996,Jason Montgomery,1.3273,-1.0699,0.2575
3997,Jason Murphy,2.2651,1.933,4.1982
3998,Jason Nelson,1.2598,2.7091,3.9689
3999,Jason Rivera-Torres,5.1014,1.3163,6.4177
4000,Jason Roche,1.3764,0.0577,1.4341
4001,Jason Schofield,0.455,0.9937,1.4487
4002,Jason Scott,0.4336,-0.0292,0.4044
4003,Jason Sepe,-0.444,-0.0366,-0.4806
4004,Jason Simpson,-0.4585,-1.11,-1.5685
4005,Jason Spurgin,2.106,1.4867,3.5927
4006,Jason Steele,-0.7122,-0.0469,-0.7591
4007,Jason Umosella,-0.6213,0.0713,-0.55
4008,Jason Wade,1.2871,3.4821,4.7691
4009,Jasper Floyd,7.8486,4.6679,12.5166
4010,Jasper Johnson,0.6541,1.9038,2.5578
4011,Jasteven Walker,0.4128,-4.8343,-4.4215
4012,Javan Buchanan,3.5069,4.8195,8.3264
4013,Javan Simmons,-0.895,5.2027,4.3077
4014,Javantae Randle,-1.3941,-2.1378,-3.5319
4015,Javante Edwards,0.3388,-1.4761,-1.1373
4016,Javar Daniel,2.3896,0.6165,3.0061
4017,Javarzia Belton,-0.5433,-0.557,-1.1003
4018,Javaunte Hawkins,-1.5888,-1.6187,-3.2075
4019,Javen Colbert,1.4165,-0.3576,1.0589
4020,Javian Davis,0.2408,2.5768,2.8176
4021,Javian McCollum,2.6939,4.009,6.7029
4022,Javier Ezquerra,1.2143,-0.9248,0.2895
4023,Javion Guy-King,0.809,1.3803,2.1893
4024,Javius Moore,0.669,-2.8391,-2.1701
4025,Javohn Garcia,3.6152,6.4414,10.0566
4026,Javon Bennett,3.2624,7.0419,10.3043
4027,Javon Cooley,0.6287,0.5612,1.1899
4028,Javon Ervin,1.6497,-2.8199,-1.1703
4029,Javon Jackson,1.1124,2.5342,3.6467
4030,Javon Ruffin,-0.601,1.5874,0.9864
4031,Javon Small,5.1819,6.1356,11.3175
4032,Javontae Campbell,1.0169,3.4578,4.4747
4033,Javontae Hopkins,-2.3789,-2.1657,-4.5446
4034,Javonte Brown,1.1361,0.0668,1.2029
4035,Javonte Johnson,-0.0421,0.5656,0.5236
4036,Javoy Thompson,-1.1898,-1.3542,-2.544
4037,Jawarie Hamelin,2.1805,-0.8939,1.2866
4038,Jax Abalos,-0.8042,2.2796,1.4754
4039,Jax Allen,0.8073,-0.064,0.7434
4040,Jax Kerr,1.4201,1.748,3.168
4041,Jaxon Brenchley,-1.7523,2.365,0.6127
4042,Jaxon Edwards,1.3038,-0.7869,0.5169
4043,Jaxon Ellingsworth,-3.0483,2.1184,-0.9299
4044,Jaxon Hartman,0.4258,-0.3002,0.1256
4045,Jaxon Kohler,4.4284,7.8466,12.275
4046,Jaxon Nap,-1.0829,-0.979,-2.0618
4047,Jaxon Olvera,-1.8959,1.7394,-0.1566
4048,Jaxon Pardon,0.4473,0.4111,0.8584
4049,Jaxon Pollard,1.7913,0.6917,2.4829
4050,Jaxon Prunty,1.6969,4.4956,6.1925
4051,Jaxon Smith,-0.0697,-0.0119,-0.0816
4052,Jaxson Baker,2.1023,2.4572,4.5594
4053,Jaxson Bell,0.9792,-0.8135,0.1656
4054,Jaxson Ford,1.6135,-1.7016,-0.0882
4055,Jaxson Jones,0.5649,-0.6114,-0.0466
4056,Jaxson Robinson,2.289,5.5144,7.8033
4057,Jaxson Whitaker,-3.2703,-2.8341,-6.1043
4058,Jaxton Bobik,0.0447,-0.095,-0.0502
4059,Jay Alvarez,-2.7426,-1.0799,-3.8225
4060,Jay Heath,-0.2946,3.0965,2.8019
4061,Jay Jones,4.3146,-0.1804,4.1342
4062,Jay Joseph,-0.821,0.1946,-0.6264
4063,Jay Pal,4.7892,0.7118,5.501
4064,Jay Reynolds,0.7174,-1.064,-0.3465
4065,Jay Rodgers,0.5643,2.4509,3.0152
4066,Jay'Den Turner,0.8933,-2.185,-1.2917
4067,Jayan Walker,2.6854,0.4586,3.144
4068,Jayce Depron,0.8621,0.2859,1.1481
4069,Jayce Nathaniel,0.2988,1.3841,1.6829
4070,Jayce Willingham,4.6772,1.8126,6.4899
4071,Jayden Barrs,0.944,-1.5522,-0.6082
4072,Jayden Brewer,1.8249,-0.5437,1.2812
4073,Jayden Brown,1.0583,1.0959,2.1542
4074,Jayden Cooper,-0.3481,2.3812,2.0331
4075,Jayden Dawson,3.4762,2.9537,6.4299
4076,Jayden Doyle,-1.3543,-3.5259,-4.8802
4077,Jayden Epps,-1.6081,3.5277,1.9197
4078,Jayden Forsythe,-0.0101,-0.2942,-0.3044
4079,Jayden Fort,1.5572,0.9548,2.5119
4080,Jayden Hastings,6.2866,2.3846,8.6712
4081,Jayden Henriquez,0.2778,0.7035,0.9813
4082,Jayden Jackson,0.7895,1.5923,2.3818
4083,Jayden Johnson,0.3079,1.2184,1.5264
4084,Jayden Jones,0.2879,-0.6021,-0.3141
4085,Jayden Karapetian,-0.1459,-0.464,-0.6099
4086,Jayden Kelsey,-0.339,-2.1313,-2.4704
4087,Jayden Lemond,-0.6398,-2.2946,-2.9344
4088,Jayden Leverett,0.239,2.4101,2.6491
4089,Jayden Mojica,-0.0091,-0.2706,-0.2797
4090,Jayden Mott,2.5971,-4.2923,-1.6952
4091,Jayden Ndjigue,5.3768,2.9339,8.3107
4092,Jayden Nunn,2.8017,8.0193,10.821
4093,Jayden Pierre,4.3397,5.2113,9.5509
4094,Jayden Quaintance,6.4611,0.957,7.4181
4095,Jayden Reid,0.0157,3.4151,3.4308
4096,Jayden Ross,3.0409,4.8364,7.8772
4097,Jayden Smoot,0.0054,0.4372,0.4426
4098,Jayden Stevens,-1.7145,2.4607,0.7462
4099,Jayden Stone,-1.3679,6.1371,4.7692
4100,Jayden Taylor,-1.3987,3.2069,1.8082
4101,Jayden Teat,0.1566,1.0662,1.2227
4102,Jayden Tyler,-1.61,2.9305,1.3205
4103,Jayden Williams,1.624,1.4625,3.0865
4104,Jaydon Cole,1.6529,0.5368,2.1897
4105,Jaydon Young,-0.3023,0.4657,0.1634
4106,Jaye Nash,0.4236,1.9612,2.3848
4107,Jayhlon Young,7.5949,-2.4505,5.1444
4108,Jaylan Gainey,2.2973,-1.0547,1.2427
4109,Jaylan Ouwinga,0.1254,-0.8903,-0.7649
4110,Jayland Randall,1.6189,3.2513,4.8703
4111,Jaylani Darden,6.5981,2.4045,9.0026
4112,Jaylen Bates,2.2124,0.4589,2.6713
4113,Jaylen Benard,0.138,0.4909,0.629
4114,Jaylen Blakes,2.4357,3.7992,6.2349
4115,Jaylen Carey,4.9081,-0.3487,4.5594
4116,Jaylen Colon,-3.9057,1.0894,-2.8162
4117,Jaylen Crocker-Johnson,3.1639,4.0112,7.1751
4118,Jaylen Cross,-0.1198,0.6637,0.5438
4119,Jaylen Curry,0.7355,2.5045,3.24
4120,Jaylen Dorsey,-0.1561,-0.8969,-1.053
4121,Jaylen Fenner,3.872,0.1705,4.0425
4122,Jaylen Forbes,1.7246,1.3419,3.0666
4123,Jaylen Harrell,0.4565,1.7665,2.223
4124,Jaylen Jenkins,-3.1086,-3.2254,-6.334
4125,Jaylen Jones,0.3897,1.4623,1.852
4126,Jaylen Lawal,0.1893,4.398,4.5873
4127,Jaylen Murphy,0.0283,-0.5124,-0.4841
4128,Jaylen Murray,2.5921,3.5391,6.1312
4129,Jaylen Pazon,1.1464,-1.4931,-0.3467
4130,Jaylen Peterson,-0.7092,1.0186,0.3094
4131,Jaylen Petty,3.2278,2.6702,5.898
4132,Jaylen Robinson,-0.903,-1.1519,-2.0549
4133,Jaylen Searles,1.2651,-0.4298,0.8353
4134,Jaylen Smith,2.0699,3.9015,5.9713
4135,Jaylen Stinson,1.3166,-2.1485,-0.8319
4136,Jaylen Thompson,0.9975,2.9864,3.9839
4137,Jaylen Washington,1.6737,-0.3146,1.3591
4138,Jaylen Wells,2.0941,2.6837,4.7778
4139,Jaylen Wharton,-1.046,-1.6094,-2.6554
4140,Jaylen Wysinger,-0.2067,0.3094,0.1026
4141,Jaylin Gibson,4.8065,0.1477,4.9541
4142,Jaylin Henderson,2.6895,2.0966,4.7861
4143,Jaylin Hunter,1.897,2.7111,4.6081
4144,Jaylin Jackson-Posey,0.5439,-2.7298,-2.1859
4145,Jaylin Sellers,1.4774,4.5386,6.016
4146,Jaylin Stewart,3.6676,2.6634,6.331
4147,Jaylin Williams,4.2195,1.5615,5.781
4148,Jaylon Dean-Vines,0.487,0.3724,0.8594
4149,Jaylon Gibson,1.6533,-0.1774,1.4759
4150,Jaylon Johnson,-1.7298,2.0983,0.3685
4151,Jaylon McDaniel,-0.0381,-1.6108,-1.6489
4152,Jaylon Sanders,0.1368,0.3232,0.4599
4153,Jaylon Tyson,4.1166,1.2773,5.3938
4154,Jayme Mitchell,0.9256,-0.9565,-0.0309
4155,Jaymen Townsend,-0.5876,0.4494,-0.1382
4156,Jaymien Aponte,0.6873,-0.2333,0.454
4157,Jayshayne Woodard,2.4827,1.1227,3.6054
4158,Jayshen Saigal,-0.4088,-1.5334,-1.9422
4159,Jayson Kent,0.6661,3.9718,4.6379
4160,Jayson Matthews,1.1354,-1.0167,0.1187
4161,Jayson Morgan,0.666,-1.3097,-0.6437
4162,Jayson Petty,3.2071,-0.2352,2.9719
4163,Jayson Williams-Johnson,-0.2119,0.0392,-0.1726
4164,Jayson Woodrich,4.2674,-0.1143,4.1531
4165,Jayvis Harvey,0.4103,1.2064,1.6166
4166,Jayvon Maughmer,5.2317,-0.0982,5.1334
4167,Jazz Gardner,1.3225,-1.151,0.1715
4168,Jazz Henderson,2.3335,1.1813,3.5148
4169,Je'Shawn Stevenson,3.8219,3.4925,7.3144
4170,Je'kel Cotton,0.2438,-1.2495,-1.0057
4171,Jean Aranguren,2.6199,4.8199,7.4397
4172,Jean Yvens Lafleur,0.045,0.1129,0.1579
4173,Jeannot Basima,1.332,-0.1415,1.1905
4174,Jed Miller,3.833,3.8158,7.6488
4175,Jedy Cordilia,2.6144,-0.7349,1.8795
4176,Jeff Grace,-1.2429,-0.8182,-2.0612
4177,Jeff Ngandu,-1.0078,1.5485,0.5407
4178,Jeff Nwankwo,0.0787,2.0303,2.109
4179,Jeff Planutis,-3.7068,0.6732,-3.0335
4180,Jeff Sims,-0.2012,-0.1112,-0.3123
4181,Jeff Woodward,1.3322,1.3255,2.6577
4182,Jefferson De La Cruz Monegro,3.8013,2.4491,6.2504
4183,Jefferson Koulibaly,0.3768,2.1972,2.574
4184,Jeffery Armstrong,0.9356,-1.0315,-0.0959
4185,Jeffrey Akintolu,-1.1039,2.0431,0.9391
4186,Jeffrey Langston,1.4584,-1.6062,-0.1479
4187,Jeffrey Mills,1.9018,3.5577,5.4594
4188,Jeffrey Yan,0.8387,-0.3116,0.5271
4189,Jelani Hamilton,-0.08,6.4504,6.3704
4190,Jelani Williams,1.7009,-0.385,1.3159
4191,Jemal Davis,0.4746,0.2047,0.6793
4192,Jemarl Baker,4.6464,0.4523,5.0987
4193,Jemel Jones,1.5541,5.0728,6.6269
4194,Jensen Bradtke,-0.2367,-1.8337,-2.0704
4195,Jerald Colonel,3.7572,2.7428,6.4999
4196,Jeramiah Israel,2.3461,0.0202,2.3663
4197,"Jeremiah ""Bear"" Cherry",3.6423,0.6405,4.2828
4198,Jeremiah Bembry,-1.0333,-2.1554,-3.1887
4199,Jeremiah Burke,-2.0618,4.2327,2.1709
4200,Jeremiah Cherry,1.3016,0.6775,1.9791
4201,Jeremiah Dargan,-0.7732,-1.5072,-2.2804
4202,Jeremiah Davenport,0.4211,2.0616,2.4827
4203,Jeremiah Davis,0.4011,2.1487,2.5498
4204,Jeremiah Evans,2.7329,-0.9719,1.7609
4205,Jeremiah Fears,1.67,6.0585,7.7285
4206,Jeremiah Gambrell,-1.9581,3.7895,1.8314
4207,Jeremiah Green,-1.5592,0.8638,-0.6954
4208,Jeremiah Hernandez,1.5611,2.3535,3.9146
4209,Jeremiah Jacobs,0.1745,0.3479,0.5224
4210,Jeremiah Jenkins,1.6023,0.6805,2.2828
4211,Jeremiah Johnson,-1.1048,2.3573,1.2526
4212,Jeremiah Kendall,1.0958,3.9136,5.0095
4213,Jeremiah Littlejohn,0.7642,-0.909,-0.1448
4214,Jeremiah Nyarko,-0.605,0.3141,-0.2909
4215,Jeremiah Oden,-1.3539,-0.5596,-1.9134
4216,Jeremiah Quigley,-2.4567,1.8874,-0.5692
4217,Jeremiah Talton,3.4989,1.0367,4.5356
4218,Jeremiah Wilkinson,-0.4069,4.7985,4.3917
4219,Jeremiah Williams,0.9123,1.4276,2.3399
4220,Jeremy Burr,-0.1863,0.267,0.0807
4221,Jeremy Clayville,1.3074,-1.9866,-0.6792
4222,Jeremy Dent-Smith,0.3256,1.4279,1.7534
4223,Jeremy Elyzee,1.1149,0.3501,1.4649
4224,Jeremy Fears,7.9248,5.1546,13.0793
4225,Jeremy Foumena,0.6057,1.8644,2.4701
4226,Jeremy Lorenz,3.5424,1.6078,5.1502
4227,Jeremy Roach,6.0732,3.1278,9.201
4228,Jeremy Robinson,-3.6432,-0.59,-4.2332
4229,Jeremy Sanchez,0.0126,-0.2472,-0.2346
4230,Jeriah Coleman,0.5413,0.6204,1.1617
4231,Jermahri Hill,0.353,1.8208,2.1738
4232,Jermaine Ballisager Webb,-0.9847,1.5266,0.542
4233,Jermaine Coleman,-2.6998,-1.481,-4.1808
4234,Jermaine Couisnard,0.8772,5.0174,5.8946
4235,Jermaine Hamlin,2.0548,-1.8884,0.1664
4236,Jermaine Marshall,1.5122,1.1485,2.6607
4237,Jermaine O'Neal,0.8969,0.504,1.4009
4238,Jermaine Washington,0.4093,3.6034,4.0128
4239,Jermaurhiyun Anderson,1.4478,-1.5648,-0.1171
4240,Jerome Beya,-1.8813,1.5413,-0.34
4241,Jerome Brewer,3.0759,-1.2203,1.8555
4242,Jerome Hunter,0.5986,0.908,1.5066
4243,Jerome Palm,0.2739,-1.6701,-1.3963
4244,Jerone Morton,1.1297,4.8621,5.9918
4245,Jerrell Barron,0.1504,-0.2754,-0.125
4246,Jerrell Bellamy,2.252,1.2899,3.5419
4247,Jerrell Colbert,3.3505,2.256,5.6064
4248,Jerrell Roberson,0.1927,-2.0556,-1.8629
4249,Jerry Deng,1.0657,3.2306,4.2963
4250,Jerry Easter,-1.0945,1.369,0.2745
4251,Jerry Huang,0.4225,-0.0866,0.3359
4252,Jerry Ngopot,0.4949,-0.5195,-0.0246
4253,Jesaiah McWright,0.2812,-4.3435,-4.0623
4254,Jesiah West,0.559,-0.0277,0.5314
4255,Jesper Granlund,3.1907,2.332,5.5227
4256,Jess Esso Essis,-1.6729,-1.7506,-3.4235
4257,Jesse Burris,0.5502,1.0674,1.6176
4258,Jesse Edwards,0.0152,0.5268,0.542
4259,Jesse Jones,-0.7733,-1.2532,-2.0264
4260,Jesse McCulloch,0.3564,-1.3629,-1.0065
4261,Jesse Mcintosh,-2.0717,0.8425,-1.2292
4262,Jesse Zarzuela,0.2783,0.3332,0.6115
4263,Jestin Porter,3.6194,4.2681,7.8875
4264,Jesus Carralero Martin,3.228,-0.0827,3.1453
4265,Jett Montgomery,-1.457,0.7791,-0.6778
4266,Jevin Muniz,0.9832,3.6298,4.6129
4267,Jevon Hill,1.8409,2.0269,3.8679
4268,Jevon Porter,2.64,-1.4645,1.1756
4269,Jhamir Brickus,-0.8124,4.0546,3.2422
4270,Jhaylon Martinez,-0.3182,-0.9714,-1.2895
4271,Jhei-R Jones,1.0278,-0.0823,0.9455
4272,Jikari Johnson,0.5525,0.3545,0.907
4273,Jimel Cofer,-0.4545,4.7005,4.246
4274,Jimel Lane,-1.0166,-0.7088,-1.7254
4275,Jimmie Williams,0.2201,4.3222,4.5423
4276,Jimmy Ball,0.201,-0.1445,0.0565
4277,Jimmy Bell,4.5795,1.3199,5.8994
4278,Jimmy Clark,5.1048,0.8966,6.0014
4279,Jimmy Nichols,0.8979,0.0976,0.9955
4280,Jimmy Oladokun,3.3327,-0.407,2.9257
4281,Jinup Dobuol,1.8444,-0.3635,1.481
4282,Jinwoo Kim,2.0883,2.4593,4.5476
4283,Jizzle James,3.394,4.2312,7.6252
4284,Jlynn Counter,-0.0394,1.4318,1.3924
4285,Jo Valrie,2.8024,2.8097,5.612
4286,Jo Van Buggenhout,-2.1399,-0.5284,-2.6683
4287,Jo'el Emanuel,0.9051,2.2936,3.1987
4288,JoJo Fullwood,0.169,-1.3269,-1.1579
4289,JoJo Moore,-0.3678,2.714,2.3462
4290,JoJo Wallace,-0.7604,0.2998,-0.4607
4291,Joah Chappelle,-1.0065,0.2794,-0.727
4292,Joao Das Chagas,0.1062,-0.4262,-0.32
4293,Joaquim ArauzMoore,0.9758,-0.1976,0.7782
4294,Jocobi Hendricks,0.9181,3.2561,4.1742
4295,Joe Anderson,-0.0227,7.6768,7.6541
4296,Joe Bamisile,4.8131,2.1635,6.9765
4297,Joe Charles,2.8703,4.0135,6.8838
4298,Joe Few,-2.3071,-0.5015,-2.8086
4299,Joe French,-1.8211,-0.3346,-2.1556
4300,Joe Ganton,0.5606,0.134,0.6946
4301,Joe Hurlburt,1.443,-1.5169,-0.0739
4302,Joe Jones,-0.0867,-0.089,-0.1757
4303,Joe Manning,1.0898,0.2904,1.3802
4304,Joe Munden,0.3519,0.2382,0.59
4305,Joe Nugent,-2.0512,3.9157,1.8645
4306,Joe Octave,-3.4282,-0.2885,-3.7167
4307,Joe Ostrowsky,5.0521,-0.3648,4.6873
4308,Joe Palmer,1.1043,2.0978,3.2021
4309,Joe Petrakis,1.9019,-1.9329,-0.031
4310,Joe Pridgen,0.6529,2.7569,3.4099
4311,Joe Sayler,-1.0623,2.4658,1.4035
4312,Joe Sedora,0.3227,-0.2762,0.0465
4313,Joe Spinelli,-2.8854,-0.865,-3.7504
4314,Joe Toussaint,4.2124,2.4372,6.6497
4315,Joe Vick,-0.2629,-0.5045,-0.7674
4316,Joel Armotrading,2.2519,0.5447,2.7966
4317,Joel Brown,1.6794,1.7329,3.4123
4318,Joel Foxwell,0.6119,3.5781,4.19
4319,Joel Scott,4.2514,2.8708,7.1222
4320,Joel Soriano,2.7149,3.967,6.682
4321,Joey Brown,0.1514,-2.6483,-2.4969
4322,Joey Chammaa,-4.9744,1.0734,-3.9011
4323,Joey Hart,2.4235,1.0131,3.4365
4324,Joey Kahn,0.9448,0.5545,1.4992
4325,Joey Madimba,-1.5748,0.4196,-1.1552
4326,Joey Matteoni,0.0397,0.472,0.5117
4327,Joey Reilly,0.3897,2.927,3.3167
4328,Joey Scarpitti,-1.2038,-1.0538,-2.2577
4329,Johan Munch,1.0318,-1.4626,-0.4308
4330,Johan Nziemi,1.6199,1.1393,2.7593
4331,Johann Grunloh,2.6009,4.0497,6.6507
4332,Johannes Kirsipuu,-1.1347,-0.8092,-1.944
4333,John Adams,-2.1091,0.707,-1.402
4334,John Berbano,-0.7096,-0.6285,-1.3381
4335,John Blackwell,4.2287,9.0643,13.293
4336,John Bol,1.919,3.7269,5.6459
4337,John Broom,1.1611,3.0978,4.2589
4338,John Buggs,0.1598,4.3895,4.5493
4339,John Camden,1.7295,8.5246,10.2541
4340,John Christofilis,2.0804,2.1537,4.2341
4341,John Clemmons,0.9168,0.9945,1.9113
4342,John Egbuta,-2.0827,-1.3233,-3.406
4343,John Hardy,0.0608,-1.3616,-1.3009
4344,John Holbrook,-0.0737,1.1605,1.0868
4345,John Hugley,1.1821,0.5969,1.7789
4346,John Kelly,-1.7158,-1.349,-3.0648
4347,John Laboy,0.3413,0.017,0.3582
4348,John Lovelace,0.2928,2.4868,2.7796
4349,John McCrear,0.7932,-0.3732,0.42
4350,John McGriff,1.4873,0.4436,1.9309
4351,John Mikey Square,1.1704,1.6916,2.862
4352,John Miller,-0.6439,0.0558,-0.5881
4353,John Mobley,1.0068,7.616,8.6228
4354,John Newman,2.4338,2.4371,4.8709
4355,John Nowland,-0.3919,-0.2392,-0.6311
4356,John Olmsted,0.3074,1.1105,1.4179
4357,John Poulakidas,0.7127,8.1021,8.8148
4358,John Seay-Oliver,0.3796,0.1967,0.5763
4359,John Shannon,-0.4658,0.6302,0.1644
4360,John Shanu,0.5214,-1.1275,-0.6061
4361,John Shea,0.2726,0.1539,0.4266
4362,John Simcoe,-0.3817,-0.4012,-0.7828
4363,John Squire,-0.9936,-1.474,-2.4677
4364,John Tonje,3.9427,2.712,6.6547
4365,John Ukomadu,1.0875,-1.1331,-0.0456
4366,John Wade,0.6455,-0.3589,0.2866
4367,John-Michael Mulloy,-0.3573,0.0876,-0.2697
4368,John-Michael Wright,0.0965,0.5967,0.6932
4369,John-Paul Ricks,-1.5805,1.6713,0.0908
4370,Johnathan DeJurnett,2.6897,-0.7355,1.9542
4371,Johnathan Lawson,-0.5838,-1.7489,-2.3327
4372,Johnathan Massie,1.1411,2.1956,3.3367
4373,Johnathan Pace,-1.0298,-0.4686,-1.4984
4374,Johnell Davis,4.9862,5.6585,10.6447
4375,Johni Broome,5.1473,6.9848,12.132
4376,Johnnie Walter,1.8588,0.0528,1.9116
4377,Johnny Furphy,1.8509,3.1187,4.9696
4378,Johnny Kinziger,2.554,4.2019,6.7559
4379,Johnny O'Neil,1.2144,1.1775,2.392
4380,Johnny Radford,2.0692,2.1402,4.2094
4381,Johnny Semany,0.1625,0.6505,0.813
4382,Jojo Anderson,-0.4134,2.6623,2.2489
4383,Jojo McIver,0.6662,0.1769,0.8431
4384,Jojo Murphy,2.2819,-0.2509,2.031
4385,Jon Brantley,2.4387,-2.6144,-0.1757
4386,Jon Carroll,-1.4173,5.117,3.6997
4387,Jon Coleman,-0.0516,0.2568,0.2052
4388,Jon Dos Anjos,-0.4943,-0.3714,-0.8657
4389,Jon Kazor,0.0076,0.0864,0.0941
4390,Jon Mani,3.6928,2.8328,6.5255
4391,Jon Mekonnen,-0.4527,-0.1141,-0.5668
4392,Jon O'Neill,-0.8157,1.7555,0.9398
4393,Jon Sanders,0.1673,1.6478,1.8151
4394,Jonah Butler,2.2788,2.0256,4.3044
4395,Jonah Drezner,0.8917,1.9111,2.8029
4396,Jonah Goorin,-0.0925,-0.0818,-0.1743
4397,Jonah Hinton,1.338,-0.4233,0.9147
4398,Jonah Long,-0.3083,-1.0903,-1.3986
4399,Jonah Lucas,-0.1938,-2.2069,-2.4007
4400,Jonah Pierce,-0.74,-0.9578,-1.6978
4401,Jonas Aidoo,3.6507,1.432,5.0826
4402,Jonas Sirtautas,-1.5263,0.3874,-1.1389
4403,Jonathan Aku,1.0205,-2.829,-1.8085
4404,Jonathan Alexandre,-0.0056,-0.098,-0.1036
4405,Jonathan Ammori,0.5449,0.7334,1.2784
4406,Jonathan Aybar,2.6556,-0.8824,1.7732
4407,Jonathan Beagle,4.9268,0.6656,5.5924
4408,Jonathan Cisse,-0.7978,1.5496,0.7518
4409,Jonathan Dunn,-2.8278,-4.2744,-7.1023
4410,Jonathan Griman,2.9217,-1.7511,1.1706
4411,Jonathan Kanyanga,2.0023,1.0626,3.065
4412,Jonathan Mogbo,3.5006,5.5177,9.0183
4413,Jonathan Nash,0.3052,-0.0962,0.209
4414,Jonathan Noudjihidi,0.5247,0.1639,0.6886
4415,Jonathan Ogunfuye,0.03,-0.3544,-0.3244
4416,Jonathan Pierre,1.2544,1.991,3.2454
4417,Jonathan Powell,3.118,1.5802,4.6982
4418,Jonathan Tchamwa Tchatchoua,0.8562,2.489,3.3452
4419,Jonnivius Smith,1.9923,3.9291,5.9214
4420,Jordan Atkins,0.162,0.704,0.8661
4421,Jordan Battle,0.9934,1.1006,2.094
4422,Jordan Brathwaite,0.8031,4.461,5.2641
4423,Jordan Brinson,1.8948,-0.2177,1.6771
4424,Jordan Burks,-1.799,4.7673,2.9683
4425,Jordan Butler,1.3771,1.5657,2.9428
4426,Jordan Chatman,-1.3628,0.565,-0.7979
4427,Jordan Clayton,2.7269,0.9626,3.6895
4428,Jordan Crawford,0.2201,0.9971,1.2172
4429,Jordan Davis,-0.2968,-1.8756,-2.1724
4430,Jordan Derkack,2.3897,2.2033,4.593
4431,Jordan Dingle,2.8874,5.598,8.4854
4432,Jordan Fisher,1.4418,-0.3012,1.1406
4433,Jordan Frison,0.3148,0.9658,1.2806
4434,Jordan Gabriel,1.1998,0.7393,1.9392
4435,Jordan Gainey,3.6652,5.7854,9.4506
4436,Jordan Geronimo,3.5317,1.231,4.7628
4437,Jordan Hairston,1.5613,1.9238,3.485
4438,Jordan Hamilton,0.9278,-0.8595,0.0683
4439,Jordan Hansen,0.3384,0.0651,0.4035
4440,Jordan Hernandez,-0.083,0.179,0.096
4441,Jordan Ivy-Curry,0.1727,6.1751,6.3478
4442,Jordan Jefferson,1.004,1.9323,2.9363
4443,Jordan Johnson,0.0264,0.7911,0.8176
4444,Jordan Jones,2.2517,2.0788,4.3305
4445,Jordan King,5.6351,1.2758,6.9109
4446,Jordan Lathon,2.4883,4.251,6.7393
4447,Jordan Leaks,2.5023,0.9713,3.4736
4448,Jordan Longino,0.9871,2.3649,3.352
4449,Jordan Lowery,2.5281,0.1603,2.6884
4450,Jordan Malmlov,-0.0404,-0.3068,-0.3472
4451,Jordan Marsh,-0.199,4.6066,4.4075
4452,Jordan Martin,0.7767,-0.08,0.6967
4453,Jordan Mason,2.5456,4.6171,7.1626
4454,Jordan McCullum,3.4128,1.9098,5.3226
4455,Jordan McKoy,4.5536,-0.4159,4.1377
4456,Jordan Meka,-3.682,0.9387,-2.7433
4457,Jordan Minor,4.0026,1.8544,5.857
4458,Jordan Mitchell,1.0442,-1.8126,-0.7684
4459,Jordan Mizell,4.4214,-1.262,3.1594
4460,Jordan Muller,0.0695,0.7341,0.8036
4461,Jordan Nesbitt,1.2925,0.9698,2.2623
4462,Jordan O'Neal,0.2387,3.3364,3.5751
4463,Jordan Pennick,-1.2466,2.2924,1.0458
4464,Jordan Pickett,2.3024,2.0016,4.3039
4465,Jordan Pope,0.9544,5.3023,6.2567
4466,Jordan Pyke,0.1855,3.4892,3.6747
4467,Jordan Rawls,-1.1042,0.8741,-0.2302
4468,Jordan Rayford,-0.1992,0.1873,-0.0119
4469,Jordan Riley,2.1505,1.6298,3.7802
4470,Jordan Roberts,-1.0375,1.3442,0.3067
4471,Jordan Rogers,1.8595,-2.0181,-0.1586
4472,Jordan Ross,0.4821,2.5685,3.0506
4473,Jordan Scott,2.676,4.0874,6.7634
4474,Jordan Sears,4.5643,2.9503,7.5146
4475,Jordan Simpson,0.4626,-0.548,-0.0854
4476,Jordan Snell,-0.6753,-1.0324,-1.7078
4477,Jordan Stiemke,-0.8351,2.1471,1.3121
4478,Jordan Thompson,0.8748,-0.1881,0.6867
4479,Jordan Tillery,0.8044,1.8201,2.6245
4480,Jordan Tillmon,-0.4598,-1.8227,-2.2825
4481,Jordan Turner,0.9285,0.3999,1.3284
4482,Jordan Wildy,1.7571,-2.7572,-1.0001
4483,Jordan Williams,-0.8804,-3.1482,-4.0286
4484,Jordan Wilmore,0.6601,-0.3876,0.2726
4485,Jordan Wood,-0.8609,0.6436,-0.2174
4486,Jordan Wright,3.6073,3.6173,7.2246
4487,Jordann Dumont,2.6605,1.539,4.1996
4488,Jorden Brooks,-0.8581,-0.9468,-1.8049
4489,Jordi Rodriguez,0.759,-1.6996,-0.9406
4490,Jordon Marshall,-0.0474,-0.0734,-0.1208
4491,Jordon Nevill,0.7521,2.2886,3.0407
4492,Jordy Barnes,-0.1351,3.1804,3.0453
4493,Jordyn Kee,-0.4776,-1.1596,-1.6372
4494,Jordyn Surratt,0.6013,-2.4713,-1.87
4495,Jorell Saterfield,2.392,1.5831,3.9751
4496,Jorge Diaz Graham,2.3616,3.2976,5.6592
4497,Jorge Moreno,0.3504,2.4982,2.8486
4498,Jorge Ochoa,-1.6091,-0.6484,-2.2575
4499,Jorn Everson,-0.5271,0.7723,0.2452
4500,Joryam Saizonou,-2.8606,1.3764,-1.4841
4501,Josaphat Bilau,1.29,0.9818,2.2717
4502,Jose Benitez,0.6908,-0.8917,-0.2008
4503,Jose Cuello,-0.0161,-0.4831,-0.4991
4504,Jose Perez,1.8759,0.8918,2.7676
4505,Jose Placer,-1.7403,0.3488,-1.3915
4506,Jose Roberto Tanchyn,1.2348,1.6307,2.8656
4507,Joseph Barrio,-0.7029,0.1448,-0.5581
4508,Joseph Carter,1.0642,0.2011,1.2653
4509,Joseph Girard,1.3029,4.1199,5.4228
4510,Joseph Grahovac,0.6931,2.8632,3.5563
4511,Joseph Green,-0.0753,-0.7374,-0.8127
4512,Joseph Martinez,0.3562,-0.6913,-0.3351
4513,Joseph Pinion,2.9673,5.1576,8.1249
4514,Joseph Quartey,0.5652,-0.5431,0.022
4515,Joseph Scott,-2.7536,0.6685,-2.0851
4516,Joseph Teich,-1.3219,-0.3051,-1.6271
4517,Joseph Thomas,1.1083,1.2084,2.3167
4518,Joseph Tugler,9.9452,8.608,18.5532
4519,Joseph Venzant,3.7065,0.4509,4.1575
4520,Joseph Yesufu,1.0029,1.8669,2.8698
4521,Josh Adoh,3.7349,0.0215,3.7564
4522,Josh Ahayere,3.5659,1.1481,4.7139
4523,Josh Akpovwa,0.3353,-2.9693,-2.634
4524,Josh Baker,-0.008,1.2563,1.2484
4525,Josh Baldwin,1.799,3.2794,5.0784
4526,Josh Banks,-0.8948,4.5591,3.6643
4527,Josh Bascoe,-0.4891,2.8126,2.3236
4528,Josh Bowman,-0.0361,-1.0702,-1.1063
4529,Josh Clark,1.7376,0.7169,2.4545
4530,Josh Cohen,1.6295,1.3959,3.0254
4531,Josh Corbin,-0.1573,2.8752,2.7178
4532,Josh Davis,0.6932,0.2752,0.9684
4533,Josh Dilling,-0.0431,2.8693,2.8263
4534,Josh Dix,1.8036,5.9723,7.7759
4535,Josh Dixon,-3.6713,2.3432,-1.328
4536,Josh Earley,-1.7719,1.1166,-0.6553
4537,Josh Farmer,1.7593,-3.836,-2.0767
4538,Josh Fulton,-0.6383,-1.607,-2.2453
4539,Josh Furst,0.7111,-0.459,0.2521
4540,Josh Gatete,-1.0931,0.6354,-0.4577
4541,Josh Gray,4.3468,2.0493,6.3961
4542,Josh Harris,-0.4605,2.3369,1.8764
4543,Josh Hayes,-1.5572,2.911,1.3539
4544,Josh Hecht,-0.0949,-7.4282,-7.523
4545,Josh Hill,0.059,-1.7821,-1.7232
4546,Josh Hines,1.8362,0.2594,2.0955
4547,Josh Holloway,3.53,5.5179,9.0479
4548,Josh Hubbard,3.3006,6.7573,10.0578
4549,Josh Ibukunoluwa,-0.2995,1.0819,0.7824
4550,Josh Ijeh,-2.7573,2.5917,-0.1656
4551,Josh Jones,3.6839,4.8952,8.5791
4552,Josh Kunen,2.4337,-3.218,-0.7843
4553,Josh Lee,0.9289,1.7015,2.6304
4554,Josh Massey,-1.3544,-0.8887,-2.2431
4555,Josh Meo,0.6774,0.9482,1.6256
4556,Josh Michigan,0.0625,-0.6291,-0.5666
4557,Josh Mitchell,1.486,-0.4358,1.0502
4558,Josh Morgan,0.395,-1.3605,-0.9655
4559,Josh Nickelberry,1.2324,-2.8753,-1.6429
4560,Josh Odunowo,-0.1744,4.2022,4.0278
4561,Josh Oduro,4.7116,4.5344,9.2461
4562,Josh Ogundele,1.4397,0.685,2.1248
4563,Josh Ojianwuna,3.6111,4.057,7.668
4564,Josh Omojafo,3.2957,1.0093,4.305
4565,Josh Ozabor,-1.0707,0.9565,-0.1141
4566,Josh Pascarelli,2.1428,1.516,3.6588
4567,Josh Pickett,0.2708,0.3557,0.6265
4568,Josh Pierre-Louis,-0.82,2.9324,2.1124
4569,Josh Reed,2.4692,2.5327,5.0019
4570,Josh Rivera,1.6867,0.2159,1.9027
4571,Josh Scovens,-0.1074,4.8429,4.7355
4572,Josh Smith,-0.2682,3.0547,2.7866
4573,Josh Taylor,-0.7548,-0.1052,-0.8599
4574,Josh Thomas,0.1952,-1.2483,-1.0531
4575,Josh Townley-Thomas,-0.1887,-0.5555,-0.7442
4576,Josh Uduje,1.9031,3.5174,5.4205
4577,Josh Vazquez,5.2346,3.7341,8.9687
4578,Josh Ward,0.8992,2.4903,3.3895
4579,Joshua Aaron Reaves,2.9156,-0.5407,2.3749
4580,Joshua Beadle,2.2446,2.3741,4.6187
4581,Joshua Bonga,-0.4245,0.4408,0.0163
4582,Joshua Dalton,-0.6573,-0.1532,-0.8106
4583,Joshua DeCady,2.5403,3.1017,5.6421
4584,Joshua Dent,3.2403,5.3609,8.6012
4585,Joshua Eli,-0.1053,-1.356,-1.4613
4586,Joshua Hughes,0.9521,-0.4055,0.5466
4587,Joshua Hughley,-0.8506,0.7065,-0.1441
4588,Joshua Ingram,1.6921,2.3402,4.0323
4589,Joshua Jefferson,5.5982,7.5826,13.1808
4590,Joshua Lewis,-1.0814,-0.4568,-1.5382
4591,Joshua Lusane,-0.205,-2.1088,-2.3138
4592,Joshua Morgan,1.5087,2.0227,3.5314
4593,Joshua O'Garro,3.9579,5.4704,9.4283
4594,Joshua Ola-Joseph,-0.2316,-1.3505,-1.5821
4595,Joshua Olaosebikan,0.3982,0.4805,0.8787
4596,Joshua Reaves,-2.3716,1.2766,-1.0949
4597,Joshua Streit,0.9243,2.7329,3.6572
4598,Joshua Strong,0.2149,0.4987,0.7136
4599,Joshua Wyche,2.042,-3.1896,-1.1476
4600,Josiah Allick,3.5135,0.2107,3.7242
4601,Josiah Cunningham,0.8435,-0.9507,-0.1072
4602,Josiah Davis,-0.8478,1.6197,0.7719
4603,Josiah Dotzler,1.2325,0.9831,2.2156
4604,Josiah Dunham,-0.6922,2.2275,1.5353
4605,Josiah Francis,0.7455,-1.3742,-0.6287
4606,Josiah Fulcher,2.2638,-0.5875,1.6763
4607,Josiah Hammons,-1.5204,1.2035,-0.3168
4608,Josiah Harris,-0.9163,4.0073,3.091
4609,Josiah Lake,3.5582,3.449,7.0073
4610,Josiah LeGree,1.0516,3.1025,4.1542
4611,Josiah Moore,1.507,-1.554,-0.0469
4612,Josiah Moseley,1.881,0.4147,2.2957
4613,Josiah Parker,-0.1846,1.2094,1.0248
4614,Josiah Sabino,1.129,-0.1749,0.9541
4615,Josiah Sanders,-0.9,3.3404,2.4404
4616,Josiah Shackelford,0.4297,3.4319,3.8616
4617,Josiah Shackleford,1.9046,-2.3289,-0.4243
4618,Josiah Strong,2.5991,3.7638,6.3629
4619,Josiah-Jordan James,4.9067,4.6512,9.5579
4620,Joson Sanon,-0.4741,4.7789,4.3048
4621,Josue Gil-Silva,0.0152,0.2485,0.2637
4622,Josue Grullon,-1.8825,-2.2909,-4.1734
4623,Joul Karram,-0.1202,0.0987,-0.0215
4624,Jourdan Smith,-0.8353,1.77,0.9346
4625,Jovan Blacksher,0.4809,3.3162,3.7971
4626,Jovan Jester,4.1305,-0.0305,4.0999
4627,Jovan Milicevic,-1.4799,5.002,3.522
4628,Jovan Ristic,0.048,-0.579,-0.531
4629,Jovan Stulic,0.1326,1.8069,1.9395
4630,Jovon McClanahan,2.2335,-2.589,-0.3554
4631,Jovone Cater,0.3753,-0.777,-0.4017
4632,Joy Ighovodja,1.7374,0.3511,2.0885
4633,Juan Cranford,-1.1116,3.856,2.7444
4634,Juan Munoz,1.1564,4.6923,5.8487
4635,Juan Reyna,0.5071,1.4516,1.9587
4636,Juanse Gorosito,0.6094,2.3262,2.9357
4637,Judah Brown,-0.7697,-1.6791,-2.4488
4638,Judah Mintz,2.7677,3.8984,6.6661
4639,Jude Harris,-0.4501,-2.1179,-2.5681
4640,Judson Bjornstad,-3.0808,-3.5574,-6.6382
4641,Judson Martindale,-1.6386,0.0738,-1.5648
4642,Juhlawnei Stone,2.0759,-0.8803,1.1956
4643,Juju Ramirez,-0.9195,-1.4412,-2.3607
4644,Juke Harris,1.9016,4.1291,6.0307
4645,Julen Iturbe,-0.9623,-0.4432,-1.4055
4646,Julian Bowie,3.0113,1.4973,4.5086
4647,Julian Brown,1.9363,1.0208,2.9571
4648,Julian Clarke,0.339,-3.3172,-2.9782
4649,Julian Gabbidon,0.0953,0.0985,0.1938
4650,Julian Hammond,3.3594,1.6762,5.0356
4651,Julian Larry,4.5502,5.1986,9.7487
4652,Julian Lewis,0.9577,0.42,1.3777
4653,Julian Lual,2.339,1.3133,3.6523
4654,Julian Mackey,-3.2081,1.9107,-1.2974
4655,Julian Margrave,0.8698,3.1455,4.0153
4656,Julian Reese,5.867,1.953,7.82
4657,Julian Rishwain,3.8453,1.3553,5.2006
4658,Julian Roper,4.6592,-0.1067,4.5525
4659,Julian Scott,0.7962,2.3983,3.1945
4660,Julian Steinfeld,0.6245,1.0232,1.6478
4661,Julian Vaughns,-1.6163,-2.123,-3.7394
4662,Julien Soumaoro,-0.5354,1.2773,0.7418
4663,Julien Wooden,1.1311,3.5631,4.6942
4664,Julius Ellerbe,-3.6308,-1.4989,-5.1296
4665,Julius Halaifonua,-0.1635,0.06,-0.1035
4666,Julius Mims,0.5124,1.4385,1.9509
4667,Julius Reese,0.1497,0.3779,0.5276
4668,Julius Rollins,-2.4772,1.9299,-0.5474
4669,Julius Thedford,0.76,3.4959,4.2558
4670,Jun Seok Yeo,2.5667,-1.9426,0.6242
4671,Junior Sileu,1.2789,1.5058,2.7848
4672,Junjie Wang,2.3824,1.114,3.4964
4673,Jurian Dixon,2.0996,4.4257,6.5253
4674,Jurica Zagorsak,1.8951,-0.3785,1.5165
4675,Jurrell Baldwin,0.2018,0.3765,0.5783
4676,Jusaun Holt,-0.055,2.2993,2.2443
4677,Juslin Bodo Bodo,3.5345,3.1404,6.6749
4678,Justas Stonkus,1.8617,-2.2216,-0.3599
4679,Justice Ajogbor,5.2007,-0.2354,4.9654
4680,Justice Hill,-0.6429,3.326,2.6831
4681,Justice Shoats,1.5244,5.3806,6.905
4682,Justice Smith,2.4576,0.7304,3.188
4683,Justice Williams,-2.5118,4.7375,2.2257
4684,Justin Abson,3.911,0.9558,4.8668
4685,Justin Allen,-2.4298,4.7576,2.3278
4686,Justin Amadi,2.8686,2.1313,4.9999
4687,Justin Anderson,0.3203,0.7336,1.0539
4688,Justin Archer,2.5459,1.744,4.2899
4689,Justin Bailey,3.1777,4.0017,7.1794
4690,Justin Begg,1.3754,3.6874,5.0627
4691,Justin Bieker,-0.6906,2.8312,2.1406
4692,Justin Bolis,0.3742,-0.8579,-0.4837
4693,Justin Bufford,4.0039,0.0677,4.0716
4694,Justin Cross,-0.9422,-0.3316,-1.2738
4695,Justin DeGraaf,-1.5802,0.6246,-0.9556
4696,Justin Edwards,-0.3563,4.4536,4.0973
4697,Justin Graham,-0.0476,-0.7046,-0.7523
4698,Justin Harmon,1.2378,5.5531,6.7909
4699,Justin Hawkins,-0.4913,0.1808,-0.3105
4700,Justin Hill,1.5227,1.7956,3.3182
4701,Justin Hinds,-0.0958,-1.6504,-1.7462
4702,Justin Hohn,2.0419,1.8879,3.9298
4703,Justin Houser,-1.1872,-0.5855,-1.7728
4704,Justin Johnson,-0.1559,2.5277,2.3719
4705,Justin Kirby,-0.136,0.9802,0.8442
4706,Justin McBride,0.7833,2.3592,3.1424
4707,Justin McKoy,-0.5889,5.161,4.5721
4708,Justin Menard,1.3029,1.9328,3.2358
4709,Justin Mitchell,0.7551,0.9419,1.697
4710,Justin Moore,-0.0059,1.6903,1.6845
4711,Justin Morgan,5.5389,2.8757,8.4146
4712,Justin Mullins,1.8307,3.009,4.8396
4713,Justin Neely,-0.3574,3.1853,2.828
4714,Justin Nimmer,-1.5176,0.6798,-0.8378
4715,Justin Page,-2.5489,-0.9181,-3.467
4716,Justin Pippen,1.8174,1.6399,3.4573
4717,Justin Ray,0.8753,0.9046,1.7799
4718,Justin Redmond,-2.1634,-1.5842,-3.7476
4719,Justin Rochelin,2.7551,2.6993,5.4544
4720,Justin Taylor,2.8949,1.1547,4.0496
4721,Justin Thomas,3.2197,2.6779,5.8976
4722,Justin Vander Baan,2.1728,-0.8532,1.3196
4723,Justin Webster,-0.4477,2.3354,1.8876
4724,Justin Williams,1.1027,0.8292,1.9319
4725,Justin Wilson,3.7992,1.2921,5.0913
4726,Justin Winston,-1.1323,-0.6989,-1.8312
4727,Justin Wright,-1.1174,2.4664,1.349
4728,Justus Jackson,-1.518,0.8064,-0.7116
4729,Justus McNair,1.0958,2.9989,4.0948
4730,Justyn Fernandez,-0.8613,2.1267,1.2654
4731,Juwan Gary,5.5223,7.0334,12.5557
4732,Juwan Maxey,2.2584,0.1667,2.425
4733,Juwan Perdue,3.9293,-0.5495,3.3798
4734,Jyare Davis,1.8871,2.7816,4.6688
4735,Jyre McCloud,-0.3009,0.2715,-0.0294
4736,K'Jei Parker,-2.1592,-1.9277,-4.0869
4737,K'mani Doughty,0.6241,3.7416,4.3657
4738,KC Ibekwe,3.0021,-0.6169,2.3851
4739,KC Ugwuakazi,4.1544,1.5862,5.7406
4740,KD Johnson,1.7381,1.5706,3.3087
4741,KJ Adams,5.1594,3.6252,8.7847
4742,KJ Allen,2.4067,1.0433,3.45
4743,KJ Cochran,-2.6353,2.2311,-0.4042
4744,KJ Cunningham,1.004,3.6071,4.6111
4745,KJ Debrick,3.515,-0.0707,3.4443
4746,KJ Doucet,1.8545,4.9394,6.7938
4747,KJ Greene,0.5797,1.8166,2.3963
4748,KJ Hymes,4.2152,-2.174,2.0412
4749,KJ Jenkins,-1.4806,4.5642,3.0836
4750,KJ Johnson,-3.2157,-0.8119,-4.0276
4751,KJ Keatts,-0.0759,-0.9537,-1.0296
4752,KJ Lee,-0.5856,1.836,1.2504
4753,KJ Lewis,2.8638,4.7014,7.5652
4754,KJ Marshall,-0.7953,0.2168,-0.5784
4755,KJ Martin,-0.3614,2.6621,2.3007
4756,KJ McClurg,1.4844,3.0014,4.4858
4757,KJ Oduor,0.0,-3.3079,-3.3078
4758,KJ Satterfield,-0.0121,-0.2724,-0.2845
4759,KJ Simpson,5.3719,4.983,10.3548
4760,KJ Swain,-0.991,0.5621,-0.429
4761,KJ Tenner,3.6142,0.2198,3.834
4762,KJ Thomas,4.3614,-0.4556,3.9058
4763,KJ Windham,5.7423,1.305,7.0474
4764,KJ Younger,-0.6972,1.1383,0.4411
4765,KK Curry,-1.5138,0.2956,-1.2182
4766,KK Robinson,3.8767,1.9618,5.8385
4767,KT Raimey,-0.2626,1.9384,1.6758
4768,Kaan Yarkut,-0.0919,0.0915,-0.0003
4769,Kabeya Tshibangu,-0.4642,0.6641,0.1999
4770,Kachi Nzeh,-0.0363,-1.2346,-1.2708
4771,Kacper Klaczek,3.1221,3.5574,6.6796
4772,Kadar Waller,-0.6251,-1.6463,-2.2713
4773,Kadary Richmond,6.9557,4.4651,11.4208
4774,Kade Douglas,1.0756,-0.1856,0.89
4775,Kade Madsen,0.5419,1.1437,1.6856
4776,Kade Rice,0.769,-0.1978,0.5712
4777,Kade Ruegsegger,-2.1336,1.1942,-0.9395
4778,Kade Unseld,0.3988,-1.5136,-1.1147
4779,Kaden Brown,-3.4348,-3.0148,-6.4496
4780,Kaden Cooper,5.1815,0.2462,5.4276
4781,Kaden Gumbs,0.898,-0.6345,0.2635
4782,Kaden Magwood,-0.807,2.2324,1.4254
4783,Kaden Metheny,1.9677,5.1395,7.1072
4784,Kaden Powers,0.8694,0.8749,1.7443
4785,Kaden Rickard,-0.9684,0.0293,-0.9391
4786,Kaden Stuckey,0.8544,-2.0023,-1.1479
4787,Kadin Shedrick,2.4469,2.9906,5.4375
4788,Kadyn Betts,0.9463,-0.8114,0.135
4789,Kael Combs,3.7878,2.5222,6.31
4790,Kael Robinson,3.109,1.3318,4.4408
4791,Kaelin Thomas,0.6465,-0.2568,0.3896
4792,Kahlil Singleton,0.933,1.3314,2.2645
4793,Kahmare Holmes,-0.8576,1.8917,1.0341
4794,Kai Burdick,-0.7947,1.8244,1.0297
4795,Kai Johnson,1.5333,5.4717,7.005
4796,Kai Rogers,-1.6843,-0.4076,-2.0919
4797,Kai Shinholster,0.9204,-0.9183,0.0021
4798,Kai Spears,0.5349,3.0737,3.6085
4799,Kai Yu,0.631,-1.4554,-0.8245
4800,Kaia Berridge,0.7738,-1.5926,-0.8188
4801,Kaia Isaac,2.0581,2.9208,4.9789
4802,Kaiden Space,-0.3345,-1.5363,-1.8708
4803,Kaiden White,-0.1248,-2.2627,-2.3875
4804,Kaidon Rayfield,2.2613,-1.633,0.6283
4805,Kailon Nicholls,0.6089,-3.8751,-3.2662
4806,Kaine McColley,-0.6462,0.0548,-0.5915
4807,Kaiyem Cleary,2.5465,2.5815,5.128
4808,Kajus Kublickas,1.5342,-1.8774,-0.3432
4809,Kaleb Banks,1.0223,0.3661,1.3884
4810,Kaleb Brown,0.4512,-1.6455,-1.1943
4811,Kaleb Glenn,0.714,-0.013,0.701
4812,Kaleb Higgins,1.2985,1.5366,2.8351
4813,Kaleb Jenkins,-0.9494,-0.2958,-1.2452
4814,Kaleb Lowery,-0.088,4.9634,4.8754
4815,Kaleb McCloud,-0.0978,0.094,-0.0038
4816,Kaleb Scott,1.7639,-3.749,-1.9851
4817,Kaleb Smith,-0.5076,-1.8513,-2.3589
4818,Kaleb Spencer,0.3139,0.3847,0.6986
4819,Kaleb Stewart,-5.7752,2.8645,-2.9107
4820,Kaleb Thornton,1.164,0.9708,2.1348
4821,Kaleb Washington,1.0181,-2.6008,-1.5828
4822,Kalen Etzler,-0.0594,-0.3911,-0.4505
4823,Kalen Garry,1.2027,3.4211,4.6238
4824,Kalen Williams,-0.6802,1.701,1.0208
4825,Kalib Boone,2.0329,1.6654,3.6983
4826,Kalib Clinton,2.3059,-3.6842,-1.3784
4827,Kalib LaCount,0.9787,2.4869,3.4656
4828,Kalib Mathews,-2.822,2.7094,-0.1126
4829,Kalifa Sakho,2.4517,2.0567,4.5085
4830,Kalil Camara,0.7276,1.0753,1.803
4831,Kalil Thomas,1.0081,3.0141,4.0222
4832,Kalu Anya,0.6926,-0.1007,0.592
4833,Kam Burton,-0.8711,1.9507,1.0796
4834,Kam Craft,-1.756,2.6392,0.8832
4835,Kam Farris,-2.508,1.4925,-1.0154
4836,Kam Johnson,-0.3584,0.6062,0.2478
4837,Kam Jones,5.807,8.4411,14.2481
4838,Kam Martin,-1.7021,1.9717,0.2696
4839,Kam O'Connor,-0.6325,-2.9384,-3.5709
4840,Kam Parker,3.6261,-0.3296,3.2966
4841,Kam Roberts,0.6915,-1.4175,-0.726
4842,Kam Sanders,-0.6871,-0.843,-1.5301
4843,Kam Summers,-0.1751,1.1271,0.952
4844,Kam Williams,4.3803,4.9444,9.3246
4845,Kam Woods,-1.3872,2.2687,0.8815
4846,Kamar Robertson,1.1253,0.1194,1.2447
4847,Kamari Jones,-1.4139,0.8044,-0.6095
4848,Kamari Lands,0.2214,1.7289,1.9502
4849,Kamari McGee,5.3062,4.5031,9.8092
4850,Kamdyn Curfman,-0.4442,-1.9574,-2.4016
4851,Kameren Wright,1.7576,1.9523,3.7099
4852,Kameron Foman,4.769,0.6351,5.4041
4853,Kameron Hobbs,-0.5912,0.6499,0.0587
4854,Kameron Johnson,-3.4849,1.2582,-2.2267
4855,Kameron Mayhan,-3.8868,-4.6934,-8.5802
4856,Kameron Taylor,1.5811,1.1214,2.7025
4857,Kameron Tinsley,-1.3097,1.2971,-0.0126
4858,Kameryn Mitchell,0.3634,0.321,0.6844
4859,Kamrin Oriol,-3.2979,3.2184,-0.0795
4860,Kamryn Thomas,0.7919,3.6604,4.4523
4861,Kanaan Carlyle,2.1824,1.6986,3.881
4862,Kane Milling,1.3992,3.0316,4.4308
4863,Kani Topuz,-0.242,-0.9673,-1.2093
4864,Kanon Catchings,3.2112,3.9105,7.1218
4865,Kanon Gipson,0.2445,-0.2278,0.0167
4866,Kany Tchanda,-1.4281,-2.0499,-3.4781
4867,Kanye Clary,0.7398,5.0131,5.7528
4868,Kanye Jones,-0.8954,-2.314,-3.2094
4869,Kaosi Ezeagu,-2.0236,1.492,-0.5316
4870,Kareem Rozier,3.2249,2.3704,5.5953
4871,Kareem Stagg,1.8934,2.1842,4.0776
4872,Kareem Thomas,-0.2282,0.9537,0.7255
4873,Kareem Thompson,2.2087,0.7024,2.9111
4874,Kareem Watkins,0.1987,-0.4977,-0.299
4875,Kareem Watson,-1.8213,0.5778,-1.2435
4876,Karim Elgizawy,0.4477,0.2511,0.6988
4877,Kario Oquendo,0.5034,1.5167,2.0201
4878,Karl Jones,1.5887,-0.9515,0.6371
4879,Karl Poom,-2.011,1.8748,-0.1362
4880,Karlin Hardy,-3.3937,0.1018,-3.2919
4881,Karmani Gregory,-1.4338,-0.476,-1.9098
4882,Karmello Branch,-3.2307,-1.5232,-4.754
4883,Karon Boyd,6.7309,2.3377,9.0686
4884,Karris Bilal,-0.3519,0.9059,0.554
4885,Karson Ouse,0.2905,-2.0859,-1.7954
4886,Karson Templin,3.9314,4.7381,8.6695
4887,Karter Knox,3.327,3.2846,6.6116
4888,Karyiek Dixon,1.8096,0.4811,2.2907
4889,Kase Wynott,-1.0588,-1.5926,-2.6515
4890,Kasean Pryor,5.7443,2.4624,8.2067
4891,Kaseem Watson,0.0412,3.1924,3.2336
4892,Kasen Carpenter,-0.919,0.1579,-0.7611
4893,Kasen Harrison,2.9804,5.2156,8.196
4894,Kasen Jennings,1.97,0.1843,2.1543
4895,Kash Polk,-0.4459,-0.0027,-0.4486
4896,Kasheem Grady,0.5872,-0.0463,0.5409
4897,Kashie Natt,1.0601,4.9941,6.0542
4898,Kaspar Sepp,-1.8566,-1.9341,-3.7907
4899,Kasparas Jakucionis,2.171,4.5071,6.6781
4900,Kavien Jones,-1.5508,0.7653,-0.7855
4901,Kavion McClain,0.031,2.8438,2.8748
4902,Kavon Bradford,1.1849,-1.6273,-0.4424
4903,Kayde Dotson,-1.9323,2.8556,0.9233
4904,Kayden Carter,-0.1486,1.3103,1.1618
4905,Kayden Edwards,-0.3667,-0.9925,-1.3592
4906,Kayden Fish,0.3918,-1.8764,-1.4846
4907,Kayden Mingo,-2.4721,2.1752,-0.2969
4908,Kayden Nation,0.7181,-0.4027,0.3153
4909,Kaylan Makan,0.1032,-0.0218,0.0814
4910,Kayvaun Mulready,0.645,1.5238,2.1688
4911,KeShawn Murphy,0.4024,3.5237,3.9262
4912,Kean Webb,-1.2686,1.6253,0.3568
4913,Keanu Dawes,0.4059,3.6479,4.0539
4914,Keaston Willis,-2.3508,1.5652,-0.7856
4915,Keaton Dukes,-0.0071,-0.0374,-0.0445
4916,Keaton Frisch,0.1085,0.1972,0.3057
4917,Keaton Kutcher,0.1972,-0.6759,-0.4787
4918,Keaton Norris,2.6237,2.5248,5.1485
4919,Keaton Wagler,2.7063,9.8353,12.5416
4920,Keba Keita,4.0701,3.2944,7.3645
4921,Kebba Njie,5.6934,0.136,5.8294
4922,Kedrick Green,-1.2177,-1.4373,-2.655
4923,Keean Lloyd,-0.0372,0.2918,0.2546
4924,Keegan Harvey,-1.2712,0.0729,-1.1983
4925,Keegan Records,2.0436,1.76,3.8036
4926,Keegan Rowell,0.8196,1.088,1.9076
4927,Keegan Van Kauwenberg,-0.2145,0.426,0.2114
4928,Keelan Steele,-0.505,-0.292,-0.797
4929,Keenan Bey,0.7142,0.5909,1.3052
4930,Keenan Emmanuel,-0.4469,0.3034,-0.1435
4931,Keenan Fitzmorris,0.1103,2.5362,2.6464
4932,Keenan Garner,-1.2699,0.1903,-1.0796
4933,Keenan Wilkins,-2.8612,-1.1271,-3.9883
4934,Keenon Cole,-1.9272,-2.077,-4.0043
4935,Keeshawn Barthelemy,2.8222,6.0419,8.8641
4936,Keeshawn Kellman,1.7634,2.5637,4.3271
4937,Keeyan Itejere,3.1087,0.7541,3.8628
4938,Kehlin Farooq,3.6362,0.7968,4.433
4939,Keijuan Johnson,2.9232,-3.9988,-1.0756
4940,Keion Brooks,1.3857,6.5193,7.9051
4941,Keionte Cornelius,-2.9094,-0.4544,-3.3639
4942,Keisei Tominaga,1.9613,3.0404,5.0017
4943,Keishawn Davidson,-3.2881,-0.6061,-3.8941
4944,Keishon Porter,-0.5849,0.6708,0.0859
4945,Keitenn Bristow,2.6488,-2.4746,0.1742
4946,Keith Haymon,0.5123,1.0402,1.5524
4947,Keith Higgins,1.2462,2.0493,3.2955
4948,Keith Lamar,0.4009,-5.7017,-5.3009
4949,Keith McKnight,0.275,1.0963,1.3713
4950,Keith Palek,-0.4684,3.3847,2.9163
4951,Keith Richard,-4.4487,-1.7967,-6.2455
4952,Keith Robbins,-2.4487,-1.1107,-3.5594
4953,Keiveon Hunt,4.6262,1.4521,6.0783
4954,Kel'el Ware,3.9717,2.2115,6.1833
4955,Kelcy Phipps,1.6996,0.0284,1.728
4956,Kelechi Okworogwo,2.0581,1.5025,3.5607
4957,Keli Leaupepe,4.552,-0.6159,3.9361
4958,Kellan Boylan,1.8523,-1.0825,0.7698
4959,Kellan Lewis,-0.5285,0.2989,-0.2295
4960,Kellen Amos,0.8081,2.046,2.8541
4961,Kellen Hampton,0.076,-0.1234,-0.0474
4962,Kellen Pickett,1.9482,3.1598,5.108
4963,Kellen Thames,2.0956,2.3786,4.4742
4964,Kellen Tynes,5.986,0.5997,6.5857
4965,Kellen Welch,0.5704,-0.4378,0.1326
4966,Keller Boothby,2.4362,3.8737,6.31
4967,Kelson Gebbers,0.8213,-0.0215,0.7997
4968,Kelton Talford,-1.4851,4.718,3.2329
4969,Kelton Williams,-0.2617,0.2437,-0.018
4970,Kelvin Odih,-0.1881,-0.5116,-0.6997
4971,Ken Evans,1.2479,0.6592,1.9071
4972,Kenan Blackshear,6.1359,3.1624,9.2983
4973,Kenan Parrish,0.9927,-0.498,0.4947
4974,Kendal Coleman,-1.2392,0.5362,-0.703
4975,Kendal Parker,-0.3285,-0.5839,-0.9124
4976,Kendall Blue,0.5743,2.1823,2.7566
4977,Kendall Campbell,-0.4297,-1.2024,-1.632
4978,Kendall Hailey,2.7218,-3.4456,-0.7238
4979,Kendall Lewis,1.8969,-0.5536,1.3432
4980,Kendall Munson,3.5688,0.0639,3.6326
4981,Kendall Taylor,0.0913,-1.9101,-1.8188
4982,Kendell Cave,-0.1108,-0.1709,-0.2817
4983,Kendrick De Luna,0.936,-5.4485,-4.5124
4984,Kendyl Sanders,-0.9742,1.453,0.4788
4985,Kennard Davis,1.0645,2.8605,3.925
4986,Kennedy Brown,0.8058,1.0153,1.8211
4987,Kenneth Nwuba,1.8518,-1.2432,0.6087
4988,Kenny Foster,-0.7721,0.3637,-0.4084
4989,Kenny Hunter,1.4849,-2.2448,-0.7599
4990,Kenny Noland,1.2386,4.8593,6.0979
4991,Kenny Pohto,4.2126,0.7043,4.9169
4992,Kenny Strawbridge,-0.5585,1.038,0.4795
4993,Kenny White,1.0673,1.4083,2.4756
4994,Kent Jackson,0.093,-0.6095,-0.5165
4995,Kentrell Garnett,-0.727,0.9945,0.2676
4996,Kentrell Pullian,2.6596,4.1282,6.7877
4997,Kenyon Aguino,2.5589,0.9503,3.5092
4998,Kenyon Giles,2.1206,4.2992,6.4198
4999,Kenyon Goodin,-2.5821,3.1076,0.5255
5000,Keon Ambrose-Hylton,4.3405,4.1125,8.4531
5001,Keon Thompson,0.5764,1.1733,1.7496
5002,Keonte Jones,6.4871,1.3736,7.8607
5003,Keonte Kennedy,1.1213,0.2428,1.3641
5004,Kerem Konan,-0.0639,1.2975,1.2336
5005,Kernan Bundy,4.9944,-1.2822,3.7122
5006,Kerr Kriisa,1.6853,-0.3889,1.2963
5007,Kerrington Kiel,0.9264,-1.207,-0.2806
5008,Kerwin Prince,0.1206,0.3727,0.4933
5009,Kerwin Walton,-0.3342,3.9778,3.6435
5010,Kesean Shillingford,0.5484,-1.293,-0.7446
5011,Keshad Johnson,2.2926,3.6361,5.9287
5012,Keshaun Saunders,-0.2756,0.2199,-0.0556
5013,Keshawn Brown,-0.2537,-0.2872,-0.5409
5014,Keshawn Fisher,2.5714,0.2977,2.8691
5015,Keshawn McNeill,1.1184,0.2749,1.3933
5016,Keshawn Williams,2.5258,-3.4085,-0.8827
5017,Keshon Gilbert,7.0265,3.2215,10.2481
5018,Ketron Shaw,-1.6221,-0.0151,-1.6373
5019,Kevair Kennedy,1.9535,1.8092,3.7627
5020,Kevin Anthony,-0.1115,-1.0744,-1.1859
5021,Kevin Carney,0.3108,-1.23,-0.9192
5022,Kevin Cross,-0.5796,2.875,2.2954
5023,Kevin Dunn,-0.445,-0.4017,-0.8467
5024,Kevin Easley,0.7564,1.433,2.1894
5025,Kevin Firle,-0.2725,-0.0288,-0.3014
5026,Kevin Gad,0.2539,2.0234,2.2773
5027,Kevin Kalu,2.1626,-3.4216,-1.2591
5028,Kevin Kearney,-2.3354,0.2951,-2.0403
5029,Kevin Kogbara,0.4787,-1.7176,-1.2389
5030,Kevin McCarthy,-0.4029,3.1276,2.7247
5031,Kevin McCullar,2.5236,3.7777,6.3013
5032,Kevin McGaskey,0.5034,-2.5274,-2.0241
5033,Kevin Overton,2.9546,2.4678,5.4224
5034,Kevin Patton,1.2949,0.8621,2.157
5035,Kevin Pazmino,-1.6337,0.5417,-1.092
5036,Kevin de Kovachich,-1.5998,1.3352,-0.2646
5037,Kevin-David Rice,-0.2402,-0.8605,-1.1007
5038,Kevo StHilaire,0.9526,-0.001,0.9516
5039,Kevon Vanderhorst,1.945,-2.7465,-0.8015
5040,Kevon Voyles,-0.236,1.3276,1.0915
5041,Kevon Wiggins,-0.7579,-1.0007,-1.7586
5042,Keyishon Miller,-1.0969,-0.4242,-1.521
5043,Keylan Boone,4.45,5.3261,9.7761
5044,Keylon Dorsey,1.0925,-0.7526,0.3399
5045,Keynan Davis,-0.8861,-1.9341,-2.8203
5046,Keyon Kensie,2.3902,-0.1687,2.2215
5047,Keyon Menifield,-1.9396,1.2726,-0.667
5048,Keyon Webb,-0.1609,0.993,0.8321
5049,Keyondre Young,1.8705,2.1306,4.0012
5050,Keyontae Lewis,5.9187,-3.5865,2.3322
5051,Keyshaun Langley,1.0763,4.7862,5.8625
5052,Keyshawn Hall,0.0538,5.7478,5.8016
5053,Keyshawn Mitchell,0.5208,1.1283,1.6491
5054,Keyshuan Tillery,1.4927,0.0554,1.5481
5055,Keziah Ekissi,-0.5519,0.5702,0.0183
5056,Kezza Giffa,-0.1831,6.8877,6.7046
5057,Khaafiq Myers,-0.4128,-0.2861,-0.6988
5058,Khaden Bennett,4.0931,1.9492,6.0423
5059,Khadim Mboup,4.3588,3.8536,8.2124
5060,Khai Lockwood,-0.403,0.6792,0.2762
5061,Khaleb Wilson-Rouse,0.3688,-0.2663,0.1025
5062,Khaled Khaled,0.5361,0.8621,1.3981
5063,Khali Horton,-2.4465,-0.5878,-3.0344
5064,Khalif Battle,4.7226,2.9269,7.6495
5065,Khalil Badru,0.3401,0.6713,1.0114
5066,Khalil Brantley,1.9189,1.6303,3.5492
5067,Khalil Farmer,-2.847,-0.7263,-3.5732
5068,Khalil London,0.4856,-2.3922,-1.9065
5069,Khalil Williams,-1.7545,-1.9083,-3.6628
5070,Khaliq Abdul-Mateen,-0.8088,-2.8191,-3.6279
5071,Khaman Maker,0.4984,-0.595,-0.0965
5072,Khaman Maluach,3.1291,6.0703,9.1995
5073,Khamani Cooper,-2.669,0.9199,-1.7491
5074,Khamari McGriff,2.1188,4.3015,6.4204
5075,Khani Rooths,3.0344,0.2956,3.33
5076,Khayri Dunn,0.1239,-0.744,-0.6201
5077,Kheni Briggs,0.2629,-2.7817,-2.5188
5078,Khoi Thurmon,0.653,0.4161,1.0691
5079,Khouri Carvey,-2.165,0.5731,-1.5919
5080,Khristian Lander,4.97,-0.0712,4.8988
5081,Khristion Courseault,2.4505,1.2838,3.7343
5082,Khydarius Smith,0.5861,0.0886,0.6747
5083,Khyrie Staten,-0.3422,-3.8053,-4.1476
5084,KiAndre Gaddy,1.3985,2.4846,3.8831
5085,KiJan Robinson,-1.5836,0.6273,-0.9563
5086,Kian Scroggins,1.2309,1.3279,2.5588
5087,Kiani Saxon,1.4142,0.0304,1.4446
5088,Kidtrell Blocker,-2.827,-0.3605,-3.1875
5089,Kieran Elliott,-0.4437,-4.0353,-4.479
5090,Kieran Mullen,-1.1849,-1.6328,-2.8177
5091,Kieran O'Haire,0.7229,0.0568,0.7797
5092,Kiir Kiir Chol Deng,0.1284,0.0646,0.193
5093,Kiir Kuany,-1.427,-0.954,-2.3809
5094,Kijani Wright,3.3877,3.0735,6.4613
5095,Kilian Brockhoff,0.446,1.7431,2.1891
5096,Killian Gribben,0.721,-3.7234,-3.0024
5097,Killyan Toure,3.7233,4.1323,7.8556
5098,Kimahri Wilson,3.2463,1.16,4.4064
5099,Kimani Hamilton,2.798,3.1153,5.9134
5100,Kimo Ferrari,3.062,1.4458,4.5079
5101,King Grace,-1.8567,-0.8226,-2.6793
5102,King Ijeoma,-0.3061,-1.3934,-1.6995
5103,Kingston Flemings,0.4719,7.2597,7.7316
5104,Kingston Price,0.9744,1.1605,2.1348
5105,Kino Lilly,0.1043,3.0696,3.1739
5106,Kintavious Dozier,0.7763,1.1414,1.9177
5107,Kinyon Hodges,1.448,3.756,5.2039
5108,Kiran Oliver,-0.1246,1.6878,1.5632
5109,Kirby Mooney,0.1582,-0.385,-0.2267
5110,Kiree Huie,-1.4206,-1.2309,-2.6515
5111,Kirill Elatontsev,0.9128,4.1787,5.0914
5112,Kirk Cole,-0.9882,-0.2013,-1.1895
5113,Kiwane Garris,0.1582,3.6848,3.8431
5114,Kiyan Anthony,-0.4005,-0.9046,-1.3051
5115,Kiyron Powell,1.4893,-1.4895,-0.0002
5116,Kjay Bradley,3.9033,-0.4407,3.4627
5117,Kjell de Graaf,0.9,1.2974,2.1974
5118,Klark James,0.105,0.0,0.105
5119,Klemen Vuga,-1.644,-4.6807,-6.3247
5120,Knute Wood,-0.2521,1.1787,0.9266
5121,Koa Peat,5.0355,3.806,8.8414
5122,Koat Keat Tong,3.1824,1.8689,5.0513
5123,Kobe Clark,1.3747,-1.6982,-0.3234
5124,Kobe Elvis,3.8069,1.6294,5.4364
5125,Kobe George,-0.0608,0.4468,0.386
5126,Kobe Jerome,0.7311,0.6811,1.4121
5127,Kobe Johnson,5.0475,4.8059,9.8534
5128,Kobe Julien,4.6359,2.0476,6.6835
5129,Kobe Knox,2.277,0.808,3.0849
5130,Kobe Langley,0.4679,1.3888,1.8567
5131,Kobe MaGee,1.0815,3.4434,4.5249
5132,Kobe Newton,0.9484,0.873,1.8214
5133,Kobe Rodgers,4.34,2.5186,6.8586
5134,Kobe Sanders,1.2649,4.9,6.1649
5135,Kobe Stewart,1.3444,4.077,5.4214
5136,Kobe Williamson,0.9172,0.2918,1.209
5137,Kobe Young,1.6277,-0.9146,0.7131
5138,Kobi Bowles,-1.0463,0.3266,-0.7197
5139,Kobi Williams,1.0524,3.0215,4.0739
5140,Koby Brea,2.4908,8.5784,11.0692
5141,Koby Jeffries,2.6966,1.8128,4.5094
5142,Kody Clancy,3.5764,1.8311,5.4075
5143,Kody Clouet,-4.7491,2.9036,-1.8455
5144,Kody Williams,-0.921,-1.9029,-2.8238
5145,Kohen Rowbatham,0.9742,0.2272,1.2014
5146,Kohl Rosario,1.6668,0.4775,2.1443
5147,Kolby Gilles,-0.5184,0.6794,0.161
5148,Kolby Granger,3.315,0.0715,3.3865
5149,Kolby King,1.0607,3.1205,4.1812
5150,Kole Williams,-0.4437,-2.1625,-2.6062
5151,Kolten Griffin,-3.1754,-1.623,-4.7984
5152,Kolton Mitchell,-1.7304,5.337,3.6067
5153,Kon Knueppel,4.263,6.9964,11.2594
5154,Konner Baroni,0.3357,-0.1033,0.2324
5155,Kooper Jacobi,-0.2919,0.4694,0.1775
5156,Kordel Jefferson,0.0502,-0.2104,-0.1602
5157,Kordelius Jefferson,1.3867,-2.9261,-1.5395
5158,Kordell Lewis,0.5375,-0.0994,0.4381
5159,Koree Cotton,5.4224,-1.802,3.6204
5160,Koren Johnson,3.7018,4.9604,8.6622
5161,Koron Davis,-1.7896,2.2066,0.417
5162,Kory Mincy,2.8843,7.0326,9.9168
5163,Kose Egbule,1.3484,0.8324,2.1808
5164,Kosy Akametu,0.3956,2.1439,2.5395
5165,Kowacie Reeves,0.4111,1.9222,2.3333
5166,Kris Keinys,-0.2265,1.3375,1.111
5167,Kris Mickens,1.0509,-0.1733,0.8776
5168,Kris Parker,-0.1045,3.2346,3.1301
5169,Kristers Skrinda,0.6291,-0.237,0.3921
5170,Kristian Gonzalez,-0.8686,2.2059,1.3374
5171,Kristians Feierbergs,-2.629,-1.8237,-4.4527
5172,Kristiyan Popov,-0.4403,-1.1325,-1.5728
5173,Kristupas Kepezinskas,1.6031,-0.6432,0.96
5174,Kruz McClure,0.3552,-1.4718,-1.1166
5175,Krystian Lewis,-2.8931,-0.04,-2.9331
5176,Kuany Kuany,3.5759,1.1298,4.7057
5177,Kuluel Mading,1.5067,0.5056,2.0123
5178,Kuol Atak,-1.7634,2.9812,1.2178
5179,Kur Teng,3.5461,5.9832,9.5293
5180,Kvonn Cramer,0.3549,3.228,3.5829
5181,Kwabena Davis,1.6395,-1.5912,0.0483
5182,Kwame Evans,6.0351,3.2627,9.2978
5183,Kwame Tanic,-0.5045,0.0505,-0.454
5184,Kwane Marble,-0.5093,-0.2229,-0.7322
5185,Kwo Agwa,-0.9768,1.6823,0.7056
5186,Ky Pernell,-0.9888,-0.5025,-1.4913
5187,KyKy Tandy,1.6204,4.2849,5.9053
5188,Kyan Evans,5.0932,1.6261,6.7193
5189,Kycen Pruett,0.4361,1.3411,1.7773
5190,Kye Dickson,2.5619,0.8858,3.4477
5191,KyeRon Lindsay,2.9351,-2.0729,0.8623
5192,KyeRon Lindsay-Martin,-0.6129,5.0374,4.4245
5193,Kylan Blackmon,-0.0922,-0.5303,-0.6225
5194,Kylan Boswell,2.7441,6.1521,8.8961
5195,Kylan Howze,3.1865,-0.815,2.3714
5196,Kyle Braun,1.3137,-2.1988,-0.885
5197,Kyle Brown,-4.06,0.0732,-3.9868
5198,Kyle Burns,0.3362,0.0958,0.432
5199,Kyle Carlesimo,1.3334,1.9878,3.3213
5200,Kyle Counts,-0.5661,-0.1547,-0.7207
5201,Kyle Cuffe,0.2094,0.6422,0.8516
5202,Kyle Duke,-0.4566,-1.1211,-1.5777
5203,Kyle Edison,-0.2987,3.2014,2.9027
5204,Kyle Evans,4.0151,2.0965,6.1116
5205,Kyle Filipowski,2.3392,5.6227,7.962
5206,Kyle Frazier,-1.9627,-0.2196,-2.1822
5207,Kyle Frelow,2.2419,-0.0448,2.1972
5208,Kyle Haughy,-0.2984,-0.3041,-0.6024
5209,Kyle Jenkins,1.4985,-1.4153,0.0831
5210,Kyle Johnson,-2.4998,-0.5773,-3.0771
5211,Kyle Jones,0.3779,1.6991,2.077
5212,Kyle Jorgensen,0.9776,5.2473,6.225
5213,Kyle Layton,-0.3799,-1.1358,-1.5157
5214,Kyle LeGreair,1.4115,0.4071,1.8186
5215,Kyle Marshall,1.3555,-1.6512,-0.2957
5216,Kyle McGee,-1.5715,2.8308,1.2593
5217,Kyle Owens,1.1368,-2.6204,-1.4836
5218,Kyle Pock,3.4282,-2.6758,0.7524
5219,Kyle Pulliam,-1.2197,0.1885,-1.0312
5220,Kyle Riemenschneider,-0.001,-0.2186,-0.2196
5221,Kyle Rode,0.9066,1.5638,2.4704
5222,Kyle Rose,4.9952,2.1241,7.1192
5223,Kyle Sturdivant,1.7994,3.7065,5.5058
5224,Kyle Thomas,1.2925,-0.5104,0.7821
5225,Kyle Waltz,1.9187,4.2147,6.1334
5226,Kyle Winters,0.8047,-0.0481,0.7566
5227,Kylen Milton,0.2886,-0.1461,0.1425
5228,Kyler D'Augustino,-1.6145,1.5286,-0.0859
5229,Kyler Filewich,0.6156,3.7943,4.4099
5230,Kyler VanderJagt,-0.8912,-0.9822,-1.8734
5231,Kylin Green,-0.2066,-0.2914,-0.498
5232,Kymany Houinsou,0.4896,1.053,1.5425
5233,Kyndall Davis,2.4739,0.1252,2.5991
5234,Kyonte Thomas,-0.8626,0.1624,-0.7002
5235,Kyran Ratliff,0.7019,-2.4527,-1.7508
5236,Kyrell Luc,1.8635,0.3748,2.2383
5237,Kyrell Shaw,-1.7475,2.1172,0.3697
5238,Kyrese Mullen,0.3166,-1.6087,-1.2921
5239,Kyric Davis,-0.402,-2.9863,-3.3883
5240,Kyron Gibson,3.0871,4.8453,7.9323
5241,Kyrone Alexander,4.6454,-0.8118,3.8337
5242,Kyshawn George,6.5755,0.4876,7.0631
5243,Kyson Rose,-2.2028,-0.6922,-2.895
5244,LA Hayes,3.104,-0.7364,2.3676
5245,LA Pratt,-1.6092,-0.235,-1.8442
5246,LJ Brown,-0.0323,0.9818,0.9495
5247,LJ Cason,2.3595,3.0449,5.4045
5248,LJ Cryer,6.001,6.6077,12.6086
5249,LJ Hackman,2.4183,3.2307,5.649
5250,LJ Thomas,-2.1267,3.0995,0.9728
5251,LJ Wells,3.3944,1.708,5.1024
5252,LaQuill Hardnett,0.5861,0.8455,1.4316
5253,Labaron Philon,1.7186,7.5939,9.3125
5254,Lachlan Brewer,-1.3869,3.4363,2.0494
5255,Lachlan Smith,0.5071,-0.087,0.4201
5256,Lachlan Thompson,0.5138,-0.1181,0.3957
5257,Ladji Dembele,1.2817,-3.1988,-1.9171
5258,Ladji Kante,-0.3339,0.594,0.2602
5259,Lado Laku,3.1494,0.3635,3.5129
5260,Ladontae Felton,-0.7297,0.142,-0.5877
5261,Lahat Thioune,-0.4565,-1.1731,-1.6296
5262,Lajae Jones,3.3396,3.4989,6.8385
5263,Lamaj Lewis,0.233,1.4674,1.7004
5264,Lamar Oden,3.4535,-2.0039,1.4496
5265,Lamar Washington,0.0926,1.8632,1.9558
5266,Lamar Wilkerson,0.8576,7.1852,8.0428
5267,Lamar Wright,1.7818,1.7501,3.532
5268,Lamin Sabally,-1.9384,0.978,-0.9604
5269,Lamine Niang,1.2536,-1.9025,-0.6489
5270,Lamont Butler,5.1316,6.2126,11.3442
5271,Lamont Evans,-1.0282,0.3649,-0.6633
5272,Lance Carr,1.4785,0.1477,1.6262
5273,Lance Erving,-1.3437,1.6329,0.2892
5274,Lance Jones,5.7104,3.6823,9.3927
5275,Lance Stone,0.142,1.6765,1.8185
5276,Lance Terry,0.3574,3.2955,3.653
5277,Lance Waddles,-0.4003,-0.9144,-1.3147
5278,Lance Ware,1.4447,-1.2248,0.2199
5279,Lance-Amir Paul,-3.2633,-2.8305,-6.0938
5280,Landen Babusiak,1.3359,0.6266,1.9624
5281,Landen Birley,-1.8943,-0.9069,-2.8012
5282,Landen Joseph,-0.4043,4.1368,3.7325
5283,Landen Long,0.7838,-0.2419,0.5419
5284,Landin Hacker,0.9964,-1.0335,-0.0371
5285,Landon Brenchley,-0.6329,-0.2972,-0.9302
5286,Landon Clark,-1.9973,1.6964,-0.3009
5287,Landon Glasper,-2.8273,5.2037,2.3764
5288,Landon Johnson,0.3869,-0.3557,0.0312
5289,Landon King,-0.6088,-0.8586,-1.4674
5290,Landon Lewis,1.7298,-0.9227,0.807
5291,Landon Moore,0.8034,2.4614,3.2648
5292,Landon Seaman,-1.4112,2.3278,0.9165
5293,Landon Vanderwarker,-1.2509,-0.2699,-1.5208
5294,Landon Williams,0.2817,0.9232,1.2049
5295,Landon Wolf,2.2099,4.1682,6.3781
5296,Landren Blocker,2.948,-1.3331,1.615
5297,Landyn Jumawan,0.5899,1.1603,1.7502
5298,Lane Sparks,-0.3951,0.7105,0.3154
5299,Langdon Hatton,1.6142,-3.8034,-2.1892
5300,Langston Bailey,-0.5556,-0.3593,-0.9149
5301,Langston Binns,-1.6244,0.1999,-1.4245
5302,Langston Love,-1.3552,6.2807,4.9255
5303,Langston Redfield,4.3687,-0.117,4.2518
5304,Langston Reynolds,2.0697,-0.085,1.9846
5305,Langston Wilson,-1.2155,1.9534,0.7379
5306,Laolu Oke,-0.812,5.5944,4.7825
5307,Laquan Hunt,0.409,1.2266,1.6356
5308,Larry Hughes,-0.9813,2.3618,1.3806
5309,Lars Thiemann,2.3107,-1.5614,0.7493
5310,Lase Olalere,-1.9032,0.4882,-1.415
5311,Lassina Traore,1.8318,4.2382,6.07
5312,Lathan Sommerville,0.8894,-2.2285,-1.3391
5313,Latif Diouf,2.1019,-1.9636,0.1383
5314,Latrell Davis,0.3472,1.4702,1.8174
5315,Latrell Jossell,-0.325,1.6672,1.3422
5316,Latrell Reid,2.8779,-0.9358,1.9421
5317,Latrell Wrightsell,5.5987,7.0725,12.6712
5318,Laurynas Vaistaras,0.7003,0.3442,1.0445
5319,Lav Cvetkovic',0.1584,-0.7684,-0.6101
5320,Lavell Brodnex,-3.8655,4.1281,0.2627
5321,Lawrence Foreman,-1.1349,0.0366,-1.0984
5322,Lawrent Rice,0.5084,-0.0626,0.4458
5323,Lawson Blake,0.3957,-0.5448,-0.1492
5324,Lawson Lovering,6.1229,0.9338,7.0567
5325,Layden Blocker,3.4401,0.9253,4.3654
5326,Layne Taylor,0.7337,3.8306,4.5642
5327,Lazar Djokovic,4.0015,1.227,5.2285
5328,Lazar Grbovic,2.6071,0.1692,2.7763
5329,Lazar Milosevic,0.3774,1.3617,1.7391
5330,Lazar Stefanovic,6.4303,4.4345,10.8648
5331,Laziz Talipov,-0.287,-0.6234,-0.9104
5332,Le'Tre Darthard,1.2764,2.2586,3.535
5333,LeBron Thomas,-1.7097,-0.1588,-1.8685
5334,LeJuan Watts,-2.8036,4.8113,2.0077
5335,Learic Davis,4.2666,1.1087,5.3753
5336,Lee Dort,5.1041,-0.865,4.2391
5337,Leeroy Odiahi,1.2774,-1.062,0.2154
5338,Lefteris Liotopoulos,1.3305,1.1114,2.4419
5339,Lefteris Mantzoukas,0.7049,-0.6169,0.088
5340,Legend Geeter,-1.0405,1.8476,0.8071
5341,Legend Smiley,1.9043,2.9736,4.8778
5342,Leif Moeller,-3.9066,1.9396,-1.967
5343,Leigh Rickwood-Pitt,0.2356,-0.9301,-0.6945
5344,Leland Coleman,-0.6014,-0.2252,-0.8266
5345,Leland Walker,-0.126,4.6266,4.5006
5346,Lenard Taylor,0.6534,0.0365,0.6899
5347,Lennart Weber,-1.3409,-1.7008,-3.0416
5348,Leo Amari,0.2249,-1.1151,-0.8903
5349,Leo Beath,2.4654,1.9655,4.4309
5350,Leo Byrne,0.3224,-0.5638,-0.2415
5351,Leo Colimerio,2.5216,0.7935,3.3151
5352,Leo Curtis,-0.7215,-1.4551,-2.1765
5353,Leo DeBruhl,2.8771,-1.0106,1.8664
5354,Leo Nordberg,2.4742,1.7761,4.2503
5355,Leo O'Boyle,0.3237,0.6152,0.9389
5356,Leo Ricketts,-0.7358,0.4129,-0.3229
5357,Leo Torbor,2.7558,-1.0225,1.7334
5358,Leon Bond,2.3847,3.5163,5.901
5359,Leon Horner,1.9797,2.3171,4.2967
5360,Leon Nahar,-0.6676,1.4082,0.7406
5361,Leon Sifferlin,-0.0517,0.5419,0.4902
5362,Leonardo Bettiol,5.1602,3.5559,8.7161
5363,Leopold Levillain,1.0799,0.8557,1.9357
5364,Leroy Blyden,0.5086,5.3552,5.8639
5365,Leroy Kelly,1.8563,1.9548,3.8111
5366,Leslie Nkereuwem,1.2463,-0.6382,0.6081
5367,Lesown Hallums,-0.7622,-1.3633,-2.1255
5368,Levi Birkholz,-2.0377,1.0133,-1.0244
5369,Levi Brown,-0.1166,-0.2458,-0.3624
5370,Levi Lawal,-0.9088,-4.1909,-5.0997
5371,Lewis Rowe,0.5469,0.692,1.2389
5372,Lewis Walker,-2.4669,4.0366,1.5697
5373,Liam Campbell,3.4388,2.0115,5.4503
5374,Liam Carney,0.0551,0.1789,0.234
5375,Liam Dagostino,0.2982,0.0401,0.3383
5376,Liam Dayco-Green,0.2508,-0.0962,0.1546
5377,Liam Koelsch,1.6676,0.0277,1.6953
5378,Liam Lloyd,1.9264,-2.5208,-0.5944
5379,Liam McChesney,-0.9227,0.1083,-0.8144
5380,Liam McNeeley,4.02,1.181,5.201
5381,Liam Murphy,-1.1073,4.0716,2.9643
5382,Liam Price,-0.0865,-0.29,-0.3766
5383,Liam Vitters,-0.7531,0.0078,-0.7454
5384,Liam Weaver,-0.202,-0.2587,-0.4608
5385,Lieb Yat,-0.3398,0.3124,-0.0274
5386,Lilian Marville,-4.0468,1.3281,-2.7187
5387,Lincoln Ball,2.2437,2.4525,4.6963
5388,Lincoln Meister,-0.2892,0.0774,-0.2117
5389,Lincoln Palbicki,-0.5081,-0.096,-0.6041
5390,Lino Mark,0.9806,2.9706,3.9512
5391,Linus Holmstrom,-0.0099,3.6694,3.6594
5392,Lior Berman,1.1301,0.1665,1.2966
5393,Liutauras Lelevicius,2.4381,4.4557,6.8938
5394,Lloyd McVeigh,0.6311,2.0636,2.6947
5395,LoLo Rudolph,-0.4671,-2.5045,-2.9715
5396,Loch Cunningham,-0.2941,-0.0026,-0.2967
5397,Logan Applegate,-0.1419,3.394,3.2521
5398,Logan Bourgeois,-0.0072,0.4218,0.4146
5399,Logan Carey,2.5852,0.4724,3.0576
5400,Logan Cremonesi,-0.1211,0.3002,0.1791
5401,Logan Duncomb,-2.0933,0.6169,-1.4764
5402,Logan Epes,0.4501,2.5292,2.9792
5403,Logan Imes,1.7453,0.0171,1.7624
5404,Logan Kinsey,-0.1278,4.7353,4.6075
5405,Logan McIntire,-1.1724,3.6537,2.4813
5406,Logan McLaughlin,1.1784,-0.9185,0.2599
5407,Logan Menefee,-0.0224,-1.1319,-1.1543
5408,Logan Myers,-0.1824,-0.2001,-0.3825
5409,Logan Padgett,2.7404,-3.0006,-0.2601
5410,Logan Robeson,-0.0046,-0.8657,-0.8703
5411,Logan Schayes,0.0002,-0.016,-0.0158
5412,Logan Stephens,3.1046,0.0326,3.1371
5413,Logan Suber,3.7271,-1.4904,2.2367
5414,Logan Threatt,1.0631,0.267,1.3301
5415,Logan Woods,2.0597,2.1284,4.188
5416,Lok Wur,3.0482,2.5468,5.595
5417,Londan Coleman,1.0234,0.6893,1.7127
5418,London Fields,-0.9617,0.3503,-0.6113
5419,London Jemison,1.8287,2.5094,4.3381
5420,London Maiden,-0.3137,0.4252,0.1115
5421,London Praytor,-0.9,-0.0735,-0.9734
5422,London Riley,1.2095,1.0235,2.2331
5423,Lonnell Martin,-0.1175,1.5055,1.388
5424,Lorenzo Abellar,1.5201,-1.5149,0.0052
5425,Lorenzo Donadio,-0.2917,3.5533,3.2616
5426,Lorenzo Downey,1.4132,-3.0621,-1.649
5427,Lorenzo Washington,1.5555,-0.2851,1.2704
5428,Louie Jordan,-0.4848,2.5097,2.0249
5429,Louie Semona,-2.0246,-0.2793,-2.3039
5430,Louis Bleechmore,-2.4221,-0.3245,-2.7466
5431,Louis Bond,1.0296,0.3761,1.4057
5432,Louis Daoust,0.5665,-1.1734,-0.6069
5433,Louis Hutchinson,0.3089,-2.1369,-1.828
5434,Louis Lesmond,2.1267,-1.4181,0.7086
5435,Louth Coulibaly,-1.5465,-0.9218,-2.4683
5436,Love Bettis,1.2582,0.9659,2.2242
5437,Lu'cye Patterson,1.285,3.9033,5.1882
5438,Luc Laketa,0.3753,-0.777,-0.4017
5439,Luca Ace-Nasteski,1.012,-1.6006,-0.5887
5440,Luca Colceag,1.0287,0.6005,1.6293
5441,Luca Soroa,-0.7262,-2.1957,-2.9219
5442,Luca Soroa Schaller,0.0767,-0.1404,-0.0636
5443,Lucas Burton,-0.4491,0.4278,-0.0213
5444,Lucas Denault,0.0,-0.0088,-0.0088
5445,Lucas Gibb,-0.1976,-0.0854,-0.283
5446,Lucas Hobin,-3.1115,0.0984,-3.0132
5447,Lucas Langarita,-1.8071,-1.5281,-3.3353
5448,Lucas Lorenzen,-4.3481,-0.7173,-5.0654
5449,Lucas Mari,0.3558,-0.5234,-0.1676
5450,Lucas Mercandino,1.2958,0.1838,1.4796
5451,Lucas Monroe,1.3295,0.8694,2.1989
5452,Lucas Orchard,-1.3375,-1.6816,-3.0191
5453,Lucas Perusek,0.1837,-0.2033,-0.0196
5454,Lucas Prolla,0.084,-0.7677,-0.6837
5455,Lucas Scroggins,1.5092,5.053,6.5622
5456,Lucas Stieber,2.4967,-0.8041,1.6926
5457,Lucas Taylor,2.4508,2.9855,5.4363
5458,Lucas Williams,0.3227,-0.1737,0.149
5459,Lucas-Allan Lueth,2.9945,1.1974,4.1919
5460,Lucius Gibson-Savadel,1.1428,-1.2273,-0.0846
5461,Lue Williams,1.4407,1.0628,2.5035
5462,Luis Kortright,0.6268,1.4104,2.0372
5463,Luis Rodriguez,3.2177,3.4908,6.7085
5464,Luka Bogavac,2.181,1.5548,3.7358
5465,Luka Damjanac,-4.3988,2.4916,-1.9072
5466,Luka Gogic,0.0292,-0.7648,-0.7357
5467,Luka Jovanovic,0.356,1.7343,2.0904
5468,Luka Krajnovic,-0.5248,-0.7292,-1.254
5469,Luka Sakota,-0.9432,3.3204,2.3773
5470,Luka Savicevic,0.3498,2.1829,2.5327
5471,Luka Tarlac,-2.5836,-0.645,-3.2286
5472,Luka Tekavcic,1.2023,-1.8281,-0.6258
5473,Luka Toews,1.3541,0.5832,1.9373
5474,Luka Vudragovic,-0.8793,-1.427,-2.3064
5475,Lukas Platauna,-0.3836,0.1405,-0.2432
5476,Lukas Prongos,0.3853,-0.2648,0.1205
5477,Lukas Sotell,0.8588,-0.0176,0.8412
5478,Lukas Walls,1.5014,-0.7462,0.7553
5479,Luke Allison,0.6701,0.1841,0.8543
5480,Luke Almodovar,-0.6201,3.9836,3.3635
5481,Luke Anderson,-0.6857,-6.8536,-7.5394
5482,Luke Appel,-1.2542,-1.1256,-2.3798
5483,Luke Bamgboye,5.2473,1.6205,6.8678
5484,Luke Barrett,5.2555,3.7802,9.0357
5485,Luke Benson,0.0522,-0.4889,-0.4367
5486,Luke Bumbalough,-1.6104,2.7521,1.1417
5487,Luke Butler,0.2448,-0.6086,-0.3638
5488,Luke Carter,0.6982,0.9617,1.6599
5489,Luke Cecchi,-0.0584,-0.0149,-0.0732
5490,Luke Champion,0.5233,0.3068,0.8301
5491,Luke Cronin,-0.3759,-0.1102,-0.4861
5492,Luke Davidson,0.0293,0.4223,0.4517
5493,Luke Davis,0.1712,0.1081,0.2793
5494,Luke Fennell,0.9038,-0.8746,0.0292
5495,Luke Flynn,0.7227,3.5584,4.2811
5496,Luke Fonts,0.6539,0.0568,0.7107
5497,Luke Goode,2.9834,3.192,6.1754
5498,Luke Gray,-0.6682,2.5153,1.8472
5499,Luke Haertle,0.6323,0.3308,0.9631
5500,Luke Haupt,3.5357,2.4352,5.9709
5501,Luke House,1.0218,3.5595,4.5813
5502,Luke Hunger,2.2721,1.1963,3.4684
5503,Luke Johnson,-1.3908,0.8726,-0.5182
5504,Luke Jungers,0.3678,1.1912,1.5589
5505,Luke Kasubke,-0.1854,0.228,0.0425
5506,Luke Kearney,-2.1052,0.3055,-1.7997
5507,Luke Keller,0.662,-0.0492,0.6128
5508,Luke Kinkade,-0.5147,0.0959,-0.4188
5509,Luke Kolaja,0.0951,0.0562,0.1513
5510,Luke Krawczyk,1.1414,1.1859,2.3273
5511,Luke Ladner,0.356,0.1387,0.4948
5512,Luke Ledford,1.2578,-1.0181,0.2397
5513,Luke Light,-0.5957,0.1688,-0.427
5514,Luke McEldon,0.4305,-1.2,-0.7695
5515,Luke Murphy,0.0549,-0.4464,-0.3915
5516,Luke Naser,-0.1002,0.0907,-0.0095
5517,Luke Northweather,1.1939,1.5262,2.7201
5518,Luke O'Brien,1.6221,3.622,5.2441
5519,Luke Paragon,0.4953,4.9958,5.4911
5520,Luke Rasmussen,1.7873,-0.0005,1.7868
5521,Luke Skaljac,-1.2044,4.3331,3.1287
5522,Luke Stansbury,0.0246,0.8937,0.9183
5523,Luke Sutherland,-1.4468,1.097,-0.3498
5524,Luke Turner,-1.7512,-2.4016,-4.1528
5525,Luke Wilson,1.8581,1.1523,3.0103
5526,Luke Zimmerman,0.2162,-0.1391,0.0771
5527,Luke Zuffelato,0.1518,-1.2614,-1.1096
5528,Lureon Walker,-0.1847,-1.5591,-1.7437
5529,Luther Smith,-0.1196,-1.3359,-1.4556
5530,Lyndel Erold,2.3779,1.3425,3.7204
5531,Lynn Greer,1.8059,0.7786,2.5845
5532,Lynn Kidd,2.549,1.1632,3.7121
5533,Lysander Rehnstrom,1.3851,0.6701,2.0552
5534,MJ Collins,2.6563,5.5531,8.2094
5535,MJ Rice,0.8532,-0.8033,0.05
5536,MJ Russell,-3.0259,0.2661,-2.7598
5537,MJ Thomas,-0.7258,1.8947,1.1689
5538,MJ Yeager,-0.3988,-0.3385,-0.7373
5539,Ma'Kye Taylor,-0.0046,-1.9161,-1.9207
5540,Ma'Shy Hill,2.1626,-0.4587,1.7038
5541,Ma'Syn Howell,-0.4059,-0.5878,-0.9937
5542,Maban Jabriel,-2.3698,2.5695,0.1997
5543,Mabor Majak,1.1671,0.2806,1.4477
5544,Mac Etienne,0.963,1.6651,2.6281
5545,Mac MacDonald,-0.9722,1.9987,1.0266
5546,Mac Riniker,3.9059,-1.2355,2.6704
5547,Mac Wrecke,-1.9441,-1.878,-3.8221
5548,Macaleab Rich,2.5477,-0.9387,1.609
5549,Macari Moore,0.7018,1.0106,1.7124
5550,Mack Wall,-0.0153,-0.2884,-0.3037
5551,Mackenzie Mgbako,0.2736,5.1312,5.4048
5552,Macon Emory,1.7795,-2.1466,-0.3671
5553,Maddox Monson,-0.6899,0.3658,-0.324
5554,Maddux Bodenhamer,2.9332,-1.4154,1.5178
5555,Madiba Owona,0.9684,0.2273,1.1957
5556,Madison Durr,1.5805,2.1837,3.7642
5557,Mady Sissoko,2.103,2.3185,4.4215
5558,Mady Traore,-1.4346,-1.5426,-2.9772
5559,Magnus Entenmann,1.2272,3.0168,4.2441
5560,Magoon Gwath,6.1194,0.5761,6.6956
5561,Maguire Mitchell,0.2817,3.328,3.6097
5562,Mahamadou Diawara,0.7249,-0.0555,0.6694
5563,Mahmoud Fofana,0.5819,1.728,2.3099
5564,Majer Sullivan,-0.5346,1.0235,0.4889
5565,Maji David-Maji,1.2949,-0.5417,0.7532
5566,Major Freeman,-0.5778,0.3988,-0.179
5567,Mak Manciel,-1.6526,-2.0095,-3.6621
5568,Makai Grant,-0.6358,0.4713,-0.1645
5569,Makai Kvamme,-2.1168,0.408,-1.7088
5570,Makai Richards,-0.7958,-0.8679,-1.6637
5571,Makai Willis,1.2536,0.4165,1.6701
5572,Makaih Williams,4.2797,1.401,5.6807
5573,Makel Smith,-0.0883,0.1041,0.0158
5574,Makhai Valentine,-3.1145,0.4874,-2.6271
5575,Makhan Diouf,1.123,-1.9846,-0.8616
5576,Makhel Mitchell,1.8017,1.863,3.6647
5577,Makhi Leach,1.9968,2.4664,4.4632
5578,Makhi Mitchell,-0.7676,2.7381,1.9704
5579,Makhi Myles,-0.5723,-0.9544,-1.5266
5580,Maki Johnson,1.2658,3.34,4.6058
5581,Makoa Surigao,0.5175,-0.2006,0.3169
5582,Makoi Mabor,0.5588,1.4982,2.0569
5583,Makoi Mabor Makoi,-1.6226,-3.8857,-5.5083
5584,Maks Klanjscek,0.5013,0.5508,1.0522
5585,Makuei Riek,-0.6988,-1.2222,-1.921
5586,Malachi Arrington,-0.0865,-1.4253,-1.5118
5587,Malachi Brown,0.7185,0.6437,1.3622
5588,Malachi Davis,0.6646,2.7349,3.3996
5589,Malachi Douyon,0.3381,-0.3503,-0.0123
5590,Malachi McReed,-0.5179,0.475,-0.0429
5591,Malachi Moreno,3.3158,3.7387,7.0546
5592,Malachi Ndur,3.1457,-0.0714,3.0743
5593,Malachi Palmer,5.5367,4.1541,9.6908
5594,Malachi Poindexter,-4.3262,3.2937,-1.0326
5595,Malachi Smith,2.4583,1.4853,3.9436
5596,Malang Athian,1.2177,-0.4021,0.8156
5597,Malcolm Chimezie,-0.8529,-0.9496,-1.8025
5598,Malcolm Christie,-4.0839,-0.6317,-4.7156
5599,Malcolm Dread,-2.4376,-0.8161,-3.2536
5600,Malcolm Flaggs,-1.3642,0.5879,-0.7764
5601,Malcolm Noel,1.3588,0.2551,1.614
5602,Malcolm Thomas,-1.4925,0.5732,-0.9193
5603,Malcolm Wilson,2.8183,-1.6968,1.1215
5604,Malcolm Wrisby-Jefferson,1.5718,-0.5286,1.0432
5605,Malcom Stute,0.1604,-0.6835,-0.5231
5606,Maleeck Harden-Hayes,-0.9622,0.9457,-0.0165
5607,Maleek Arington,1.5882,2.3166,3.9048
5608,Malek Abdelgowad,1.2409,-1.0177,0.2233
5609,Malek Archie,0.7118,0.1395,0.8513
5610,Malek Gomma,1.2113,4.8088,6.0202
5611,Malevy Leons,3.3047,2.946,6.2507
5612,Malick Diallo,1.4082,-2.8001,-1.3919
5613,Malick Kordel,0.2323,-0.1608,0.0714
5614,Malik Abdullahi,2.0205,-0.7507,1.2698
5615,Malik Battle,0.9234,-3.2377,-2.3143
5616,Malik Dia,5.3086,0.7345,6.0431
5617,Malik Edmead,0.2225,-2.6987,-2.4762
5618,Malik Edwards,1.469,0.7935,2.2625
5619,Malik Ferguson,-1.5736,1.8947,0.3211
5620,Malik Hall,2.482,0.3287,2.8107
5621,Malik Henry,2.1945,2.4467,4.6413
5622,Malik Lamin,1.131,-2.0636,-0.9326
5623,Malik Mack,1.9155,4.5634,6.4788
5624,Malik Messina-Moore,0.6007,2.1116,2.7123
5625,Malik Moore,1.2869,2.7186,4.0055
5626,Malik Olafioye,-1.4874,-2.3643,-3.8517
5627,Malik Presley,0.3712,0.6618,1.0331
5628,Malik Rasul,0.8954,1.1463,2.0417
5629,Malik Reneau,2.4144,4.6083,7.0227
5630,Malik Sheppard,-0.0902,-0.2438,-0.334
5631,Malik Thomas,2.4578,3.9678,6.4255
5632,Malik Tidwell,4.2499,-0.1146,4.1353
5633,Malik Wade,2.3723,-1.9739,0.3984
5634,Maliq Brown,3.9656,3.6446,7.6102
5635,Malique Ewin,3.7657,7.9008,11.6665
5636,Mambourou Mara,2.1222,-0.979,1.1433
5637,Mandela Tarke,0.1234,-0.0602,0.0632
5638,Manie Joses,4.6997,2.3807,7.0804
5639,Manny Hill,0.0696,1.3016,1.3711
5640,Manny Obaseki,1.4695,3.244,4.7135
5641,Mantas Juzenas,0.0312,-0.1709,-0.1397
5642,Mantas Kocanas,-0.9637,-1.1014,-2.0651
5643,Marcel Bryant,-1.4543,-2.4166,-3.8709
5644,Marcel Gardner,-0.012,0.664,0.652
5645,Marcell McCreary,2.6097,2.9057,5.5153
5646,Marcellus Brigham,0.085,1.6042,1.6893
5647,Marchelus Avery,-1.0516,3.3365,2.2849
5648,Marco Foster,1.5632,0.3215,1.8848
5649,Marcos Gonzales,-3.4267,-0.8431,-4.2697
5650,Marcos San Miguel,1.0412,-0.2278,0.8133
5651,Marcus Adams,3.8891,6.3353,10.2244
5652,Marcus Allen,3.8876,-0.1843,3.7033
5653,Marcus Banks,-0.4039,4.7165,4.3126
5654,Marcus Boykin,2.8194,2.8251,5.6445
5655,Marcus Dockery,-1.2662,2.4976,1.2313
5656,Marcus Domask,2.2129,7.4849,9.6978
5657,Marcus Filien,0.959,0.0227,0.9817
5658,Marcus Fitzgerald,-0.5051,-0.1147,-0.6197
5659,Marcus Foster,2.9189,3.9223,6.8412
5660,Marcus Friend,0.1719,0.5259,0.6978
5661,Marcus Glover,-0.0271,-1.5855,-1.6126
5662,Marcus Golden,-0.2164,-0.3154,-0.5318
5663,Marcus Greene,0.9064,2.4931,3.3995
5664,Marcus Hall,-1.1193,3.0357,1.9164
5665,Marcus Hill,3.3959,3.3874,6.7833
5666,Marcus Jackson,-0.271,-0.3309,-0.6018
5667,Marcus Johnson,0.3517,3.2488,3.6005
5668,Marcus Kell,-1.6479,2.8351,1.1872
5669,Marcus Millender,1.5578,6.5019,8.0597
5670,Marcus Niblack,1.603,-0.828,0.7749
5671,Marcus Overstreet,0.6406,0.3441,0.9846
5672,Marcus Pigram,-3.9266,-1.3481,-5.2748
5673,Marcus Randolph,1.0857,-0.0839,1.0018
5674,Marcus Rigsby,2.1793,-3.6783,-1.499
5675,Marcus Tankersley,-4.1201,-1.6543,-5.7744
5676,Marcus Tsohonis,0.7198,4.4094,5.1292
5677,Marcus Watson,-0.8489,-0.1761,-1.025
5678,Marcus Whitlock,0.5042,2.957,3.4612
5679,Marcus Williams,3.2505,2.4673,5.7178
5680,Marcus Wilson,1.4768,4.6645,6.1413
5681,Mari Jordan,1.0384,3.864,4.9024
5682,Marial Akuentok,-2.3506,1.1579,-1.1927
5683,Marino Dubravcic,-0.4686,0.1991,-0.2695
5684,Mario Andrews,-3.6781,0.2557,-3.4225
5685,Mario Brunetto,0.1156,0.2899,0.4055
5686,Mario Davis,-0.3679,-1.6851,-2.0531
5687,Mario Saint-Supery,3.5746,2.9629,6.5375
5688,Mario Tatum,-4.57,1.4425,-3.1275
5689,Marion Humphrey,2.1162,4.3665,6.4827
5690,Mark Armstrong,3.3873,2.6183,6.0056
5691,Mark Brown,0.6533,0.0439,0.6971
5692,Mark Butler,-1.881,1.0421,-0.8389
5693,Mark Drone,1.711,2.5351,4.2461
5694,Mark Freeman,-1.9669,3.6332,1.6663
5695,Mark Lavrenov,1.2435,0.1854,1.4289
5696,Mark Mitchell,6.2514,6.8799,13.1313
5697,Mark Sears,2.3741,5.2283,7.6023
5698,Mark Zackery,0.058,0.0254,0.0834
5699,Markeese Hastings,1.8541,-0.4177,1.4364
5700,Markeith Browning,0.1541,-0.9553,-0.8012
5701,Markel Jennings,0.0883,-0.114,-0.0258
5702,Markell Petro,-3.0575,-1.308,-4.3655
5703,Markhi Strickland,1.1723,2.9379,4.1102
5704,Marko Ljubicic,-1.3733,-0.9931,-2.3664
5705,Marko Maletic,-3.8906,2.9206,-0.97
5706,Marko Radunovic,3.1851,-1.8264,1.3586
5707,Marko Sarenac,1.7114,-1.2739,0.4375
5708,Markus Blackwell,-0.6033,2.2023,1.599
5709,Markus Burton,4.0637,2.2552,6.3189
5710,Markus Harding,4.4457,-1.1065,3.3392
5711,Markus Ilver,0.5151,-1.4701,-0.955
5712,Markus Rouse,0.0982,0.0,0.0982
5713,Marland Harris,-2.3969,-1.8402,-4.2371
5714,Marley Curtis,1.6948,-0.6977,0.9971
5715,Marlon Barnes,0.1275,0.8057,0.9333
5716,Marlon Short,-0.9211,0.1629,-0.7582
5717,Marqueas Bell,-1.3592,2.0188,0.6595
5718,Marquel Sutton,-0.9496,3.8941,2.9445
5719,Marques Gates,0.8964,-1.0493,-0.1529
5720,Marques Warrick,0.5761,5.6127,6.1888
5721,Marquese Josephs,-0.8828,1.8041,0.9213
5722,Marqui Worthy,-0.0412,2.7746,2.7334
5723,Marquis Barnett,3.2677,3.2536,6.5213
5724,Marquis Hargrove,-0.615,-0.4913,-1.1063
5725,Marquise Kennedy,2.8198,0.827,3.6469
5726,Marqus Marion,1.8764,1.8717,3.7482
5727,Marsalis Roberson,0.3337,-0.1989,0.1348
5728,Marshal Destremau,2.8176,2.0198,4.8374
5729,Marshall Kearing,2.0944,-0.4832,1.6112
5730,Martavious Russell,-0.4324,-0.8438,-1.2762
5731,Martaz Robinson,-0.7344,1.1964,0.4619
5732,Martel Williams,2.0614,2.6118,4.6732
5733,Martin Carrere,-1.041,-0.0242,-1.0652
5734,Martin Kalu,0.7566,0.2331,0.9897
5735,Martin Kawa,1.9866,-2.3393,-0.3527
5736,Martin Kheil,-0.0635,2.9063,2.8428
5737,Martin Somerville,2.8603,5.025,7.8852
5738,Martin de Laporterie,-2.6112,-2.1341,-4.7453
5739,Martins Kilups,-1.7084,1.7308,0.0225
5740,Marty Silvera,1.715,-0.8781,0.8369
5741,Maruan Cicic,-0.1974,1.7358,1.5384
5742,Marvin Brimage,-0.2233,-2.1526,-2.3759
5743,Marvin McGhee,1.6801,0.0326,1.7127
5744,Marvin Musiime-Kamali,1.5448,-0.3693,1.1755
5745,Masai Olowokere,-0.0644,1.2922,1.2277
5746,Masai Troutman,1.3577,0.1015,1.4592
5747,Masen Miller,1.326,4.1264,5.4524
5748,Masiah Gilyard,-0.4491,2.2628,1.8137
5749,Mason Blackwood,-2.5993,-0.099,-2.6983
5750,Mason Courtney,-1.8825,-1.0694,-2.9519
5751,Mason Dorsey,0.5072,-1.1714,-0.6642
5752,Mason Ellison,-2.7261,-1.1332,-3.8593
5753,Mason Falslev,2.896,8.1198,11.0158
5754,Mason Forbes,1.1357,4.1467,5.2824
5755,Mason Gillis,5.0492,5.8168,10.8659
5756,Mason Grant,2.3243,-1.5309,0.7934
5757,Mason Hagedorn,0.8488,-0.4455,0.4033
5758,Mason Hanback,3.5232,-1.4843,2.0389
5759,Mason Johnson,0.7196,0.2812,1.0008
5760,Mason Jones,3.1994,-0.7534,2.446
5761,Mason Klabo,0.1766,3.0902,3.2668
5762,Mason Lawson,-0.9046,0.3544,-0.5502
5763,Mason Lee,-1.253,-3.5452,-4.7982
5764,Mason Madsen,-0.1577,0.9585,0.8008
5765,Mason Matthews,-0.2911,-0.0869,-0.378
5766,Mason McBride,2.825,-2.3469,0.4781
5767,Mason Miller,1.7325,6.0964,7.8289
5768,Mason Moses,-0.3728,-0.0834,-0.4562
5769,Mason Nicholson,1.5561,3.3943,4.9504
5770,Mason Ritter,0.2441,-0.3835,-0.1394
5771,Mason Shrout,1.1534,1.566,2.7194
5772,Mason Shubert,0.4468,-0.3316,0.1152
5773,Mason Smith,-0.1222,3.3291,3.2069
5774,Mason So,0.2359,-1.8632,-1.6273
5775,Mason Walters,-0.4954,3.4726,2.9772
5776,Mason Whittaker,1.043,-3.0485,-2.0056
5777,Mason Williams,-2.6833,1.1112,-1.5721
5778,Massal Diouf,2.1637,-2.9574,-0.7938
5779,Massamba Diop,3.9954,2.071,6.0664
5780,Masud Stewart,0.7745,-0.114,0.6604
5781,Matai Baptiste,2.483,-0.8424,1.6406
5782,Matar Diop,-3.7603,-1.6693,-5.4296
5783,Matar Wade,-1.6405,-1.2944,-2.9349
5784,Matas Buteliauskas,0.0147,-0.3796,-0.3649
5785,Matas Deniusas,1.8845,2.2868,4.1713
5786,Matas Vokietaitis,-0.0938,4.0651,3.9713
5787,Mate Okros,2.9705,2.1997,5.1702
5788,Mateen Rafiq,1.3586,5.6895,7.0481
5789,Matej Bosnjak,-0.8134,-3.5207,-4.3341
5790,Mateo Esmeraldo,0.2886,2.0525,2.3411
5791,Matheo Coffi,-2.1201,0.7932,-1.3268
5792,Mathieu Grujicic,0.2362,1.0554,1.2916
5793,Mathis Courbon,0.5099,3.9739,4.4838
5794,Mathok Majok,0.3405,-1.1388,-0.7982
5795,Matias Rissanen,0.9406,0.5219,1.4625
5796,Matija Belic,1.5239,-0.1449,1.379
5797,Matija Samar,-1.0886,0.3712,-0.7174
5798,Matija Svetozarevic,-0.2467,-0.1486,-0.3953
5799,Matija Zuzic,0.2091,-0.4891,-0.2801
5800,Matt Able,-1.5638,3.9863,2.4225
5801,Matt Allocco,1.377,6.3583,7.7353
5802,Matt Balanc,2.7419,2.9313,5.6732
5803,Matt Becht,0.3787,0.381,0.7597
5804,Matt Brown,0.8701,-1.1191,-0.249
5805,Matt Compas,-1.3615,-1.8196,-3.1812
5806,Matt Cross,4.8259,6.7396,11.5655
5807,Matt Curtis,-2.2239,1.2386,-0.9853
5808,Matt Dann,1.6321,0.8017,2.4337
5809,Matt Davis,0.2859,-0.4962,-0.2103
5810,Matt Desler,-0.2391,-0.5633,-0.8024
5811,Matt Dove,1.3476,-1.3447,0.0029
5812,Matt Filipowski,-0.1911,0.1923,0.0012
5813,Matt Gray,-0.4396,0.5067,0.0671
5814,Matt Hain,0.0153,-0.4551,-0.4398
5815,Matt Hayman,-0.4743,1.5079,1.0336
5816,Matt Hodge,2.1675,4.6774,6.8449
5817,Matt Kelly,-0.7217,-0.1514,-0.8731
5818,Matt Knowling,5.8284,3.1561,8.9845
5819,Matt Krass,-0.4647,-2.6916,-3.1563
5820,Matt Mayers,-0.6513,-0.2695,-0.9209
5821,Matt Mayock,1.371,-1.4355,-0.0645
5822,Matt McCool,-1.2211,-0.7812,-2.0022
5823,Matt Mims,1.5523,1.0196,2.5719
5824,Matt Reed,-3.0168,-2.1457,-5.1625
5825,Matt Rogers,0.9616,2.072,3.0337
5826,Matt Van Komen,4.1383,2.3061,6.4444
5827,Matt Veretto,3.1939,2.2368,5.4307
5828,Matt Zona,1.4915,0.8368,2.3283
5829,Matteo Picarelli,1.076,0.6594,1.7353
5830,Matteo Porto,0.367,-0.4642,-0.0971
5831,Matteus Case,1.4454,-0.7048,0.7407
5832,Matthew Bothun,-1.4436,-0.6341,-2.0776
5833,Matthew Cleveland,-0.8689,5.8148,4.9458
5834,Matthew Lee,-0.2369,-0.337,-0.5739
5835,Matthew Levis,1.8541,-0.5695,1.2846
5836,Matthew MacLellan,0.0039,-0.0151,-0.0112
5837,Matthew Marsh,0.9689,-1.0417,-0.0728
5838,Matthew Moore,1.0426,-0.0437,0.9989
5839,Matthew Mors,2.5921,2.7649,5.357
5840,Matthew Mortenson,0.4886,0.2946,0.7832
5841,Matthew Murrell,0.2787,8.815,9.0938
5842,Matthew Nicholson,7.6462,1.7006,9.3467
5843,Matthew Quinlan,-0.3156,0.2409,-0.0747
5844,Matthew Reed,1.8558,-0.2358,1.62
5845,Matthew Robinson,-2.0144,-1.6654,-3.6798
5846,Matthew Sells,0.1361,2.6042,2.7403
5847,Matthew Spears,-2.5147,-0.9917,-3.5065
5848,Matthew Stone,0.8878,1.1604,2.0482
5849,Matthew Van Komen,3.3693,-0.5649,2.8044
5850,Matthew Webster,2.9261,-0.6546,2.2715
5851,Matthew Zobrist,0.1508,-0.7363,-0.5855
5852,Matthew-Alexander Moncrieffe,2.8444,-2.7511,0.0933
5853,Matthue Cotton,1.6424,1.4724,3.1148
5854,Matus Hronsky,1.4084,1.6901,3.0985
5855,Matyas Vrabel,0.5376,-3.3046,-2.767
5856,Maurice Odum,1.2544,4.6167,5.871
5857,Maurice Thomas,-0.5036,-0.5495,-1.0531
5858,Maurice Vassel,-1.0286,-0.8827,-1.9113
5859,Maurice Wright,0.9358,-2.5635,-1.6277
5860,Maurio Hanson,-2.238,0.3674,-1.8706
5861,Maurizio D'Alessandro,0.6827,0.3726,1.0553
5862,Mawot Mag,2.9518,5.1014,8.0532
5863,Max Abmas,1.4205,4.1649,5.5854
5864,Max Agbonkpolo,1.1428,1.416,2.5588
5865,Max Allen,2.3349,-1.0398,1.2951
5866,Max Bowman,-0.1047,0.04,-0.0647
5867,Max Brackmann,-0.2326,0.1943,-0.0383
5868,Max Brooks,1.9176,4.5902,6.5078
5869,Max Burchill,0.2459,3.3955,3.6414
5870,Max Burton,0.6884,0.5963,1.2847
5871,Max Davis,0.5079,-0.1747,0.3332
5872,Max Fiedler,0.4736,-0.874,-0.4004
5873,Max Fradkin,0.079,0.1337,0.2127
5874,Max Frazier,0.6703,-2.1291,-1.4588
5875,Max Green,0.4138,4.1439,4.5576
5876,Max Hrdlicka,0.339,4.2302,4.5692
5877,Max Hyman,0.0791,-0.1087,-0.0296
5878,Max Jones,3.5912,-0.9226,2.6686
5879,Max Jusianiec,0.4727,-0.3997,0.073
5880,Max Klesmit,2.0136,4.5499,6.5635
5881,Max Langenfeld,0.1344,0.5063,0.6407
5882,Max Laskey,-1.3801,0.0891,-1.2911
5883,Max Lipacis,-0.24,-0.4124,-0.6524
5884,Max Lorca-Lloyd,1.9456,-4.5319,-2.5863
5885,Max Mackinnon,0.4744,4.6159,5.0902
5886,Max Majerle,-3.355,-0.7222,-4.0772
5887,Max Miller,-0.1015,-0.9692,-1.0707
5888,Max Murrell,2.7779,0.2013,2.9792
5889,Max Pearcy,0.5541,-0.6547,-0.1005
5890,Max Pikaar,1.5317,-1.907,-0.3754
5891,Max Rice,4.8303,2.0795,6.9099
5892,Max Scharnowski,-0.8573,0.971,0.1137
5893,Max Sheldon,-0.0919,-0.9926,-1.0845
5894,Max Sheridan,-0.5631,0.0717,-0.4913
5895,Max Shulga,5.1551,6.4568,11.6119
5896,Max Sims,1.8899,0.9048,2.7947
5897,Max Smith,0.4762,-0.3936,0.0825
5898,Max Thorpe,0.2385,-0.2701,-0.0317
5899,Max Triplett,0.1146,-0.3426,-0.228
5900,Max Watson,-0.7342,0.6228,-0.1114
5901,Max Weisbrod,2.5821,1.2054,3.7874
5902,Max Williams,0.0215,-0.367,-0.3456
5903,Max Zegarowski,-0.5776,-4.6962,-5.2738
5904,Maxim Logue,1.6241,2.4685,4.0926
5905,Maxime Raynaud,-0.0878,2.1836,2.0958
5906,Maximo Milovich,1.3152,2.136,3.4512
5907,Maximo Ortega,-2.7946,0.7925,-2.0022
5908,Maximus Edwards,3.7431,-0.2962,3.4469
5909,Maximus Fuentes,-1.6186,0.097,-1.5217
5910,Maximus Gizzi,0.0184,-1.7545,-1.7361
5911,Maximus Nelson,-0.0275,-0.1245,-0.1519
5912,Maxwell Land,-1.4223,0.5441,-0.8782
5913,Mayar Wol,2.506,3.9962,6.5021
5914,Mayuom Buom,1.3979,-1.9868,-0.5889
5915,Mazi Mosley,2.2734,-0.0514,2.222
5916,Mbaye N'Diaye,-0.036,-0.5333,-0.5693
5917,Mckinley Harris,1.4875,-0.4593,1.0282
5918,Me'Kell Burries,-2.1078,2.4148,0.3071
5919,Meechie Johnson,2.5206,3.1028,5.6233
5920,Meechie White,1.8225,-2.0758,-0.2532
5921,Mehki Ellison,-1.857,3.5822,1.7252
5922,Mekai Johnson,-0.906,-1.0637,-1.9697
5923,Mekhi Cameron,1.9966,-0.8785,1.1181
5924,Mekhi Collins,1.7452,1.1483,2.8935
5925,Mekhi Conner,-0.4261,2.0353,1.6092
5926,Mekhi Cooper,2.9794,0.4759,3.4553
5927,Mekhi Gray,-0.3675,0.6191,0.2516
5928,Mekhi Long,3.6767,1.625,5.3017
5929,Mekhi Lowery,3.9819,1.7842,5.7661
5930,Mekhi Mason,0.2802,4.6655,4.9457
5931,Mekhi Ragland,-0.3574,-0.0449,-0.4022
5932,Mekhi Turner,-0.2948,-2.6201,-2.915
5933,Melakih Cunningham,-0.5642,1.0082,0.444
5934,Meleek Thomas,1.9616,7.8736,9.8352
5935,Melian Martinez,0.6881,-1.3054,-0.6173
5936,Melih Tunca,-0.3566,4.244,3.8873
5937,Melo Baines,-0.231,1.1388,0.9078
5938,Melo Sanchez,0.0572,-1.9715,-1.9142
5939,Melvin Bell,-2.7442,3.8363,1.0921
5940,Melvin Council,3.4703,5.2563,8.7266
5941,Melvyn Ebonkoli,5.5531,2.55,8.103
5942,Mercy Miller,0.3715,2.2319,2.6034
5943,Merritt Alderink,0.2391,-0.9419,-0.7028
5944,Mervin James,2.8801,1.4328,4.3129
5945,Messiah Jones,2.1379,1.9782,4.1162
5946,Messiah Thompson,0.2721,-1.5263,-1.2542
5947,Mezziah Oakman,0.5406,-0.5774,-0.0369
5948,Micah Bell,1.1194,-1.0335,0.0859
5949,Micah Caster,-3.1345,-1.0856,-4.2201
5950,Micah Clark,1.1572,-1.2474,-0.0902
5951,Micah Curtis,0.4645,0.0699,0.5344
5952,Micah Davis,-1.2392,-0.1974,-1.4366
5953,Micah Handlogten,0.706,5.7955,6.5015
5954,Micah Octave,-0.8059,0.8722,0.0662
5955,Micah Parrish,3.4302,3.8107,7.2409
5956,Micah Peavy,8.1237,1.7652,9.889
5957,Micah Robinson,1.2362,3.9382,5.1745
5958,Micah Schnyders,2.5307,0.061,2.5916
5959,Micah Simpson,-0.6056,2.1513,1.5457
5960,Micah Smith,0.4723,-0.3609,0.1115
5961,Micah Thomas,-2.648,2.377,-0.271
5962,Micah Tucker,0.8557,-0.7864,0.0693
5963,Michael Ajayi,2.2986,4.9356,7.2342
5964,Michael Amador,0.6104,0.1234,0.7338
5965,Michael Belle,3.5351,4.15,7.685
5966,Michael Bradley,-0.6265,0.0219,-0.6046
5967,Michael Brown,-1.6977,-2.0649,-3.7626
5968,Michael Christmas,1.6853,5.5268,7.2121
5969,Michael Collins,1.4296,-2.2713,-0.8417
5970,Michael Cooper,-1.9127,6.3248,4.4121
5971,Michael Day,3.5877,-2.1979,1.3898
5972,Michael DeOrsey,-0.2514,-0.2352,-0.4866
5973,Michael Duax,0.7692,1.5863,2.3556
5974,Michael Eley,-2.3157,3.0901,0.7745
5975,Michael Evbagharu,2.6521,-2.2324,0.4198
5976,Michael Folarin,0.0761,-2.0702,-1.9941
5977,Michael Graham,-1.6585,0.3209,-1.3376
5978,Michael Gray,0.1506,3.7422,3.8928
5979,Michael Green,1.9237,5.6828,7.6065
5980,Michael Griffin,1.9704,-3.2379,-1.2674
5981,Michael Houge,1.0036,1.8061,2.8097
5982,Michael Hueitt,0.4174,1.5999,2.0173
5983,Michael Imariagbe,1.7597,3.2791,5.0388
5984,Michael Jacobs,-0.4601,0.8094,0.3493
5985,Michael Jankovich,-1.3927,-0.2424,-1.6351
5986,Michael Jones,4.4314,2.4444,6.8758
5987,Michael Kalina,0.1397,-0.2868,-0.1471
5988,Michael Katsock,-0.1626,-1.0079,-1.1704
5989,Michael Lawlor,0.0192,0.5477,0.5669
5990,Michael Marcus,4.4121,1.6095,6.0216
5991,Michael McNair,-1.4853,2.3968,0.9115
5992,Michael Moore,0.367,0.1394,0.5063
5993,Michael Moreno,0.9498,2.0148,2.9646
5994,Michael Mouton,0.134,0.4485,0.5825
5995,Michael Nwoko,-0.9966,2.2146,1.218
5996,Michael O'Connell,5.8288,2.4489,8.2778
5997,Michael Oaks,1.9072,1.0503,2.9575
5998,Michael Ojo,0.4846,-4.1271,-3.6425
5999,Michael Osei-Bonsu,4.2198,3.7068,7.9266
6000,Michael Pajeaud,1.4196,-0.0165,1.403
6001,Michael Pearson,1.2644,0.4935,1.7579
6002,Michael Phillips,2.2915,0.9599,3.2513
6003,Michael Rabinovich,-0.0101,-0.9255,-0.9356
6004,Michael Rataj,-0.7765,6.589,5.8126
6005,Michael Rogan,-0.9138,-0.5762,-1.4899
6006,Michael Rogers,0.4011,1.1702,1.5714
6007,Michael Shanks,2.1322,1.5614,3.6936
6008,Michael Simcoe,-1.716,1.2641,-0.4519
6009,Michael Sulaka,0.8451,1.0769,1.922
6010,Michael Teal,-1.7106,-2.0186,-3.7292
6011,Michael Thomas,0.1488,0.531,0.6798
6012,Michael Van Raaphorst,-0.2391,0.5742,0.3351
6013,Michael Ward,-0.197,-0.3306,-0.5276
6014,Michael Wilson,-3.4964,-1.6607,-5.1571
6015,Michael Wolf,-0.7362,0.2475,-0.4887
6016,Michael Zanoni,-2.557,0.8511,-1.7059
6017,Micheal Anumba,-0.6049,-1.0937,-1.6986
6018,Michel Ndayishimiye,0.7056,0.1878,0.8934
6019,Michelangelo Oberti,-1.0901,0.2657,-0.8244
6020,Mickey Pearson,-1.1102,1.1782,0.068
6021,Mier Panoam,-0.664,4.0233,3.3593
6022,Miguel Ayesa,-0.4249,2.9071,2.4822
6023,Miguel Mantilla Pacchiano,0.3924,0.2517,0.6441
6024,Miguel Tomley,-1.4138,3.1668,1.753
6025,Mihailo Boskovic,0.003,2.19,2.1929
6026,Mihailo Petrovic,-0.1468,-1.833,-1.9798
6027,Mika Adams-Woods,3.8165,3.0583,6.8748
6028,Mikah Ballew,0.9733,-0.4133,0.56
6029,Mikal Dawson,3.7604,1.8669,5.6273
6030,Mikale Stevenson,-0.4952,0.3364,-0.1589
6031,Mike Bekelja,2.088,1.5787,3.6667
6032,Mike DePersia,0.9651,0.7703,1.7355
6033,Mike Evbagharu,-2.5943,1.6532,-0.941
6034,Mike James,-0.8118,0.1816,-0.6301
6035,Mike Loughnane,-2.4876,2.7479,0.2603
6036,Mike Marsh,1.1554,1.175,2.3304
6037,Mike Meadows,0.1893,-0.4157,-0.2264
6038,Mike Mitchell,-0.083,6.8427,6.7597
6039,Mike Price,0.325,-1.7015,-1.3765
6040,Mike Saunders,0.0051,0.1558,0.1609
6041,Mike Sharavjamts,3.0476,3.6614,6.709
6042,Mike Sixsmith,1.0377,-1.0678,-0.0301
6043,Mike Walker,0.3976,-0.023,0.3746
6044,Mike Walz,1.6339,3.435,5.0688
6045,Mike Williams,0.0608,-0.5841,-0.5233
6046,Mike Woods,0.7004,-1.1131,-0.4127
6047,Mikeal Brown-Jones,0.4493,3.2626,3.7119
6048,Mikel Brown,1.2659,3.7425,5.0084
6049,Mikey Lewis,5.8972,6.7932,12.6904
6050,Mikey Williams,-1.1423,1.6539,0.5116
6051,Mikhail Pocknett,2.1673,0.5477,2.715
6052,Mikkel Tyne,0.0723,1.9122,1.9845
6053,Milan Mejia,0.1996,-2.9813,-2.7817
6054,Milan Momcilovic,5.9119,8.0964,14.0082
6055,Miles Amos,0.9845,1.0869,2.0714
6056,Miles Barnstable,0.4409,5.5889,6.0299
6057,Miles Brewster,1.2804,0.541,1.8213
6058,Miles Brown,2.6191,5.5683,8.1875
6059,Miles Byrd,5.1761,3.5043,8.6804
6060,Miles Daniels,1.9314,2.6371,4.5685
6061,Miles Franklin,2.9361,-0.3653,2.5708
6062,Miles Goodman,-0.1454,-3.8212,-3.9667
6063,Miles Hall,-0.1831,0.6376,0.4545
6064,Miles Heide,4.6202,1.7829,6.4031
6065,Miles Hicks,-2.6643,2.282,-0.3823
6066,Miles Jones,0.3604,-2.3374,-1.977
6067,Miles Keeffe,0.9501,0.0046,0.9547
6068,Miles Kelly,1.6875,5.7863,7.4738
6069,Miles Klapper,3.0928,1.9489,5.0417
6070,Miles Latimer,-1.5529,0.8592,-0.6936
6071,Miles Lewis,-2.0403,0.9256,-1.1147
6072,Miles Mitchell,0.5099,-2.8239,-2.314
6073,Miles Newton,2.2662,-0.447,1.8192
6074,Miles Rose,0.2043,-0.6377,-0.4334
6075,Miles Rubin,0.8055,-0.2393,0.5662
6076,Miles Stewart,-0.9286,1.2512,0.3226
6077,Miles Webb,-0.5632,-0.2981,-0.8613
6078,Miles White,1.3316,-2.3865,-1.0549
6079,Milos Ilic,5.2064,1.042,6.2484
6080,Milos Kovacevic,0.3344,0.1383,0.4727
6081,Milos Nenadic,1.7311,2.549,4.2801
6082,Milos Uzan,5.8299,6.24,12.0699
6083,Milos Vicentic,0.4828,0.1239,0.6067
6084,Milton Matthews,-1.7069,2.597,0.8901
6085,Mintautas Mockus,-0.7461,-0.0691,-0.8152
6086,Miro Little,2.9457,3.1297,6.0754
6087,Miroslav Stafl,-0.1747,-1.8459,-2.0206
6088,Misha Bednostin,1.3848,-4.3309,-2.9462
6089,Mister Dean,4.3591,3.5951,7.9542
6090,Mitch Fischer,0.7987,-2.6994,-1.9007
6091,Mitch Mascari,2.9245,1.2499,4.1743
6092,Mitch Williams,-2.0591,0.4479,-1.6112
6093,Mitchel Minor,0.4688,0.1365,0.6053
6094,Mitchell Chaffee,-1.1426,0.7161,-0.4266
6095,Mitchell Holmes,0.5523,0.4095,0.9618
6096,Mitchell Saxen,5.5526,7.46,13.0127
6097,Mitchell Taylor,-0.2677,2.1176,1.85
6098,Mo Arnold,-1.0429,-0.744,-1.7868
6099,Mo Njie,-0.7545,-2.669,-3.4235
6100,Mo Sall,0.7772,-0.15,0.6272
6101,Mo Sow,1.53,-0.974,0.5561
6102,Mobi Ikegwuruka,3.0389,-1.1519,1.887
6103,Modestas Kancleris,2.616,1.3828,3.9988
6104,Moe Odum,2.5969,4.421,7.0179
6105,Mohamad Diallo,0.8392,-1.6031,-0.7639
6106,Mohamed Binzagr,-0.3524,-0.5923,-0.9446
6107,Mohamed Diarra,2.7584,3.7258,6.4842
6108,Mohamed Keita,0.1624,0.0928,0.2551
6109,Mohamed Maxamud,0.712,0.1705,0.8824
6110,Mohamed Sanogo,-1.1134,-1.0385,-2.1519
6111,Mohamed Sylla,1.0007,-0.5079,0.4927
6112,Mohamed Wague,5.1293,6.3764,11.5057
6113,Mohammad Habhab,-0.2942,1.7483,1.4541
6114,Momo Nkugwa,1.2884,2.4974,3.7858
6115,Money Williams,2.5519,0.9122,3.464
6116,Montana Wheeler,1.2475,0.7796,2.0271
6117,Montavious Myrick,-0.2177,3.9465,3.7288
6118,Monty Bowser,1.3032,-2.8771,-1.5739
6119,Mookie Cook,-1.7821,1.8939,0.1118
6120,Mor Seck,2.7898,-3.3661,-0.5763
6121,Morez Johnson,5.6341,3.5717,9.2058
6122,Morgan Safford,0.8953,3.3905,4.2858
6123,Morrell Schramm,1.1972,1.2236,2.4209
6124,Morris Ugusuk,1.9935,2.6378,4.6313
6125,Moses Flowers,0.9207,0.0959,1.0166
6126,Moses Horne,-1.8641,-2.7208,-4.5849
6127,Moses Wood,2.5264,4.8624,7.3888
6128,Mosi Clayton,-0.7979,-0.8219,-1.6198
6129,Mostapha El Moutaouakkil,3.7037,1.6813,5.385
6130,Motiejus Krivas,8.1054,4.7998,12.9052
6131,Mouhamadou Cisse,-0.0709,-0.0331,-0.104
6132,Mouhamadou Dioum,-1.2055,0.4659,-0.7397
6133,Mouhamed Dioubate,3.8392,7.5418,11.381
6134,Mouhamed Mbaye,2.8822,0.1996,3.0818
6135,Mouhamed Sow,-0.0362,-0.1808,-0.217
6136,Mouhamed Sylla,2.1289,-1.257,0.8719
6137,Moulaye Sissoko,2.8615,3.7493,6.6107
6138,Mounir Hima,0.4813,-1.0012,-0.5199
6139,Moussa Cisse,2.532,-0.0283,2.5037
6140,Moustapha Sanoh,-0.8091,-0.6601,-1.4692
6141,Moustapha Thiam,3.5092,1.576,5.0852
6142,Mozae Downing-Rivers,2.5998,-1.2305,1.3692
6143,Mujahiid Burton,-1.4854,2.1611,0.6758
6144,Muneer Newton,0.476,2.869,3.345
6145,Muodubem Muoneke,-0.8078,0.4144,-0.3934
6146,Muon Reath,2.5699,0.7301,3.3
6147,Musa Sagnia,3.793,2.9323,6.7254
6148,Mustafo Vanjov,0.0205,-1.9527,-1.9322
6149,Mustapha Amzil,0.8328,-0.3477,0.4851
6150,Mwani Wilkinson,2.6648,0.0572,2.722
6151,Mykell Robinson,2.0863,-1.417,0.6693
6152,Mykol Sanchez-Vega,1.368,-1.556,-0.1879
6153,Mykolaus Ivanauskas,0.5094,-0.3071,0.2024
6154,Myles Blackley,2.3873,0.6932,3.0805
6155,Myles Che,4.9279,-1.6795,3.2484
6156,Myles Colvin,0.7462,0.1076,0.8538
6157,Myles Corey,3.1174,3.3226,6.4399
6158,Myles Foster,4.6796,0.4711,5.1507
6159,Myles Jenkins,-0.1883,0.3382,0.1499
6160,Myles Parker,2.3097,-1.3226,0.9871
6161,Myles Rice,3.0874,1.7548,4.8422
6162,Myles Rigsby,3.0678,1.4854,4.5532
6163,Myles Stute,0.3223,1.5543,1.8766
6164,Myles Tate,3.5725,2.8106,6.3831
6165,Myles Thompson,1.094,-1.339,-0.245
6166,Myles Walker,-1.148,1.1182,-0.0298
6167,Myles Watkins,-4.0818,0.5774,-3.5043
6168,Myles Wilmoth,3.1518,-4.3522,-1.2004
6169,Mylik Wilson,0.3874,0.1511,0.5386
6170,Mylyjael Poteat,2.2733,0.5742,2.8475
6171,Mynor Strong,3.3127,4.7029,8.0156
6172,Myron Amey,-0.21,2.923,2.713
6173,N'Faly Dante,3.6796,2.5929,6.2724
6174,N'famara Dabo,2.3833,0.2344,2.6177
6175,ND Okafor,0.8023,-0.1206,0.6817
6176,NJ Benson,3.6695,4.4966,8.1662
6177,NaVaughn Long,-1.5789,0.6284,-0.9505
6178,Naas Cunningham,-0.8715,2.135,1.2635
6179,Nadjrick Peat,2.199,-3.0694,-0.8703
6180,Naeem Lewis,1.5721,0.5023,2.0744
6181,Naheem McLeod,3.269,-0.0979,3.1711
6182,Nahiem Alleyne,-0.6699,2.1858,1.5159
6183,Naim Miller,0.2213,1.2653,1.4866
6184,Naithan George,3.0473,5.3101,8.3574
6185,Naj Ashley-Emory,-2.0945,1.0696,-1.0249
6186,Najai Hines,4.6222,3.5679,8.1901
6187,Nakavieon White,0.451,2.0238,2.4747
6188,Nakyel Shelton,1.1554,0.9613,2.1166
6189,Nana Antwi-Boasiako,5.642,0.5857,6.2277
6190,Nana Owusu-Anane,4.2711,2.5782,6.8493
6191,Nas Hart,0.1144,-0.392,-0.2776
6192,Nasan Ayala,1.3641,-0.783,0.5811
6193,Naseem Gaskin,1.1621,-2.6524,-1.4903
6194,Nasir DeGruy,1.3912,-1.3115,0.0797
6195,Nasir Mann,-0.2911,5.2712,4.9801
6196,Nasir Meyer,-0.0578,5.091,5.0332
6197,Nasir Muhammad,-3.507,4.029,0.522
6198,Nasir Rodriguez,1.9644,-0.5133,1.4511
6199,Nasir Whitlock,-0.3434,1.4982,1.1548
6200,Nassim Mashhour,-0.4953,4.0627,3.5674
6201,Nate Ament,3.192,2.2639,5.4559
6202,Nate Barnhart,2.7695,-1.7487,1.0208
6203,Nate Bittle,4.8394,4.0676,8.907
6204,Nate Brafford,4.2511,2.5641,6.8152
6205,Nate Calmese,-0.5605,5.3768,4.8163
6206,Nate Deer,-1.7693,0.3219,-1.4474
6207,Nate Ferguson,0.4298,-0.8304,-0.4006
6208,Nate Fleisher,-0.335,-0.1875,-0.5225
6209,Nate Fouts,-0.4066,2.4479,2.0413
6210,Nate Francois,0.0538,-0.6074,-0.5535
6211,Nate Garcia,-0.7903,-0.1153,-0.9056
6212,Nate Guerengomba,1.4579,1.3736,2.8316
6213,Nate Heise,3.6016,5.4087,9.0103
6214,Nate Hudson,-1.4444,-0.7136,-2.158
6215,Nate Johnson,0.4135,4.0524,4.4659
6216,Nate Kasher,0.2229,0.1599,0.3829
6217,Nate Kingz,3.5839,4.9792,8.5632
6218,Nate Lliteras,-0.3388,1.08,0.7412
6219,Nate Martin,1.7901,3.0282,4.8183
6220,Nate McClure,2.0742,1.8501,3.9243
6221,Nate Pickens,1.2753,4.3784,5.6537
6222,Nate Santos,1.2072,7.1198,8.3271
6223,Nate Tshimanga,4.6094,-1.5809,3.0285
6224,Nathan Claerbaut,1.9418,3.2402,5.182
6225,Nathan Dudukovich,-1.6897,-0.2347,-1.9243
6226,Nathan Johnson,-0.6801,1.8477,1.1676
6227,Nathan McGill,2.5394,0.7123,3.2518
6228,Nathan Ojukwu,0.7775,2.1075,2.885
6229,Nathan Self,-0.4683,-1.5541,-2.0224
6230,Naz Brown,-3.3327,-2.7497,-6.0825
6231,Nazar Mahmoud,-2.7647,0.3129,-2.4518
6232,Nazareth Fisher,-2.3969,-1.8223,-4.2192
6233,Nazir Williams,0.272,4.3278,4.5999
6234,Ndewedo Newbury,3.385,4.0863,7.4713
6235,Neal Begovich,1.6744,-0.3277,1.3467
6236,Neal Marquardt,1.9384,-2.3511,-0.4127
6237,Neal Quinn,1.4095,3.1088,4.5183
6238,Ned Hull,3.3695,1.7533,5.1228
6239,Neel Beniwal,1.3783,-7.0615,-5.6832
6240,Neftali Alvarez,0.3708,-1.1163,-0.7455
6241,Nehemiah Benson,-1.8863,1.2842,-0.6021
6242,Nehemiah Turner,-3.111,-2.8497,-5.9607
6243,Nehemie Kabeya,-0.7717,-0.2593,-1.031
6244,Nelly Joseph,7.0043,-0.2572,6.7471
6245,Nemanja Sarenac,2.0742,2.1321,4.2063
6246,Nemo Johnson,-0.5192,-2.2177,-2.7369
6247,Nendah Tarke,1.3836,3.0782,4.4618
6248,Neoklis Avdalas,3.2175,3.4613,6.6789
6249,Nes Emeneke,2.2892,-1.6852,0.604
6250,Nestor Dyachok,1.0258,0.1153,1.1411
6251,Nevin Ibroci,-0.5875,-0.1153,-0.7029
6252,Nginyu Ngala,0.2439,0.9528,1.1967
6253,Nic Anthony,0.0214,-0.0969,-0.0755
6254,Nic Book,1.8938,-1.684,0.2098
6255,Nic Codie,-2.4295,2.3564,-0.0731
6256,Nic McClain,1.4113,-0.4245,0.9869
6257,Nic Smith,-0.6663,-0.2181,-0.8843
6258,Nicco DiGiulio,0.6503,-1.3876,-0.7372
6259,Niccolo Kalischer-Stork,-0.0734,-0.2314,-0.3048
6260,Niccolo Moretti,2.097,2.1845,4.2815
6261,Nicholas Errica,1.2082,-0.1195,1.0887
6262,Nicholas Jourdain,4.2869,3.1316,7.4185
6263,Nicholas Margetson,0.4259,-2.0319,-1.606
6264,Nicholas Randall,-0.324,-0.8286,-1.1525
6265,Nicholas Sanford,0.0865,-0.2079,-0.1214
6266,Nicholas Shogbonyo,-1.3802,-0.0797,-1.46
6267,Nick Alves,2.2548,0.1207,2.3755
6268,Nick Anderson,-0.8777,7.5467,6.669
6269,Nick Blake,-2.7108,-1.8478,-4.5587
6270,Nick Boyd,2.2716,5.7803,8.0519
6271,Nick Caldwell,2.3408,4.926,7.2668
6272,Nick Cassano,-0.097,-0.8513,-0.9484
6273,Nick Choate,0.0203,0.2793,0.2996
6274,Nick Coval,1.5012,3.9974,5.4986
6275,Nick Davidson,2.0209,5.0567,7.0776
6276,Nick Davis,3.0526,-0.0963,2.9563
6277,Nick Del Bosque,0.4523,-8.4275,-7.9752
6278,Nick Dorn,2.8605,2.2286,5.0892
6279,Nick Ellington,6.4542,0.6813,7.1355
6280,Nick Evans,-0.106,-0.8595,-0.9655
6281,Nick Farrar,1.0136,1.9133,2.9269
6282,Nick Fiorillo,0.1712,-0.2598,-0.0887
6283,Nick Gazelas,-1.0086,0.3141,-0.6945
6284,Nick Hittle,1.8423,0.3826,2.2249
6285,Nick Honor,-1.1343,2.0152,0.8809
6286,Nick Janowski,-0.237,0.1401,-0.0969
6287,Nick Johnson,1.8069,0.6926,2.4995
6288,Nick Kern,1.516,2.4763,3.9923
6289,Nick Kramer,-0.8981,-0.7291,-1.6272
6290,Nick Krass,-1.1578,-2.6224,-3.7802
6291,Nick Lombardi,-0.1201,-0.1186,-0.2388
6292,Nick Marshall,-0.6685,-0.0966,-0.765
6293,Nick Martinelli,1.7177,6.2533,7.971
6294,Nick McMullen,0.1076,1.0045,1.1121
6295,Nick Mullen,-0.0391,-1.0495,-1.0886
6296,Nick Pringle,4.2328,2.0262,6.2589
6297,Nick Randall,-0.2794,-0.2692,-0.5485
6298,Nick Richart,0.0449,-2.0149,-1.97
6299,Nick Sanders,-1.0296,-0.6335,-1.6632
6300,Nick Sanford,0.5905,-0.6764,-0.0859
6301,Nick Spinoso,-2.4976,-3.9999,-6.4976
6302,Nick Townsend,-0.0682,5.6988,5.6307
6303,Nick Walters,0.1775,0.2706,0.448
6304,Nick Woodard,-5.117,0.2712,-4.8458
6305,Nico Galette,-1.4978,3.818,2.3203
6306,Nico Nobili,2.1742,-0.2601,1.9141
6307,Nicolas Louis-Jacques,0.0487,-0.1853,-0.1366
6308,Nicolas Timberlake,-0.4019,-0.742,-1.144
6309,Nicolo Romanelli,-0.0082,1.4714,1.4632
6310,Nicolus Anderson,-0.1207,-0.6139,-0.7345
6311,Niels Lane,3.8083,0.1702,3.9785
6312,Nigel Burris,-2.4605,0.1719,-2.2887
6313,Nigel Clarkson,-0.8327,-1.2516,-2.0844
6314,Nigel James,0.4143,1.8292,2.2435
6315,Nigel Walls,0.1924,-0.6555,-0.4631
6316,Nigle Cook,-0.5682,-0.1979,-0.7661
6317,Nijel Pack,1.4746,7.9996,9.4742
6318,Nik Graves,1.2079,7.155,8.3628
6319,Nik Hendrix,0.21,0.2462,0.4562
6320,Nik Stadelman,0.0488,-0.4951,-0.4462
6321,Nika Metskhvarishvili,0.1352,5.5262,5.6614
6322,Nikita Konstantynovskyi,2.5705,0.9725,3.5429
6323,Niklas Polonowski,0.3304,-2.2416,-1.9112
6324,Niko Abusara,0.342,3.5044,3.8464
6325,Niko Bundalo,-0.2009,-0.3967,-0.5976
6326,Niko Rocak,8.4649,-1.5016,6.9633
6327,Niko Ruffin,-0.1162,-0.3445,-0.4608
6328,Nikola Dimitrijevic,3.5441,-3.3967,0.1474
6329,Nikola Djapa,2.85,0.0756,2.9257
6330,Nikola Dzepina,-1.2257,1.3255,0.0998
6331,Nikola Milosevic,-1.4685,-1.2194,-2.6879
6332,Nikola Radovanovic,-0.8101,-0.8515,-1.6615
6333,Nikolaos Chitikoudis,2.2164,-1.0355,1.1809
6334,Nikolas Fotopoulos,0.2941,-0.7461,-0.4521
6335,Nikolas Khamenia,4.6102,2.9985,7.6086
6336,Nilavan Daniels,0.5612,3.0838,3.6451
6337,Nilavan Jotham Daniels,0.3148,-1.7094,-1.3946
6338,Nils Cooper,0.8988,3.1662,4.065
6339,Nils Machowski,2.2502,3.0087,5.2589
6340,Nimari Burnett,2.4829,4.4585,6.9414
6341,Nique Clifford,6.9347,9.0767,16.0114
6342,Niyi Olabode,2.5536,2.0148,4.5684
6343,Niyol Hauet,-0.2375,-0.2357,-0.4732
6344,Nnaemeka Ikechi,0.1733,0.7681,0.9414
6345,Nnanna Njoku,1.1913,-3.2145,-2.0232
6346,Noa Gonsalves,1.6899,0.9787,2.6686
6347,Noah Amenhauser,-0.4245,2.732,2.3076
6348,Noah Barnett,1.9823,0.6757,2.6581
6349,Noah Batchelor,0.0869,5.0517,5.1386
6350,Noah Best,1.4926,0.0515,1.5441
6351,Noah Bolanga,-1.0021,0.6593,-0.3427
6352,Noah Boyde,-0.9678,-1.8946,-2.8625
6353,Noah Carter,1.8812,1.5177,3.3989
6354,Noah Collier,-2.0769,5.404,3.3272
6355,Noah Farrakhan,-0.1744,3.9744,3.8
6356,Noah Feddersen,0.9099,0.5981,1.508
6357,Noah Fernandes,-0.5171,-0.6039,-1.121
6358,Noah Freidel,1.2627,4.2636,5.5262
6359,Noah Haaland,0.4518,-0.5216,-0.0698
6360,Noah Harris,0.3303,-0.1301,0.2003
6361,Noah Hill,1.3753,-0.0226,1.3528
6362,Noah Jones,0.2859,-1.3426,-1.0567
6363,Noah Jordan,1.8915,-0.7082,1.1834
6364,Noah Lobdell,-0.6876,-0.4892,-1.1768
6365,Noah McDavid,-0.3755,-0.4008,-0.7763
6366,Noah Meeusen,1.4996,0.574,2.0736
6367,Noah Melson,-0.1948,1.4769,1.2821
6368,Noah Norgaard,-1.1272,0.8284,-0.2987
6369,Noah Otshudi,-3.149,3.8324,0.6834
6370,Noah Reynolds,3.186,2.1737,5.3596
6371,Noah Robledo,1.1688,3.4935,4.6623
6372,Noah Rogers,0.407,0.2009,0.6079
6373,Noah Ross,0.937,4.8681,5.805
6374,Noah Shelby,-0.72,0.0718,-0.6482
6375,Noah Taitz,2.5862,1.9175,4.5037
6376,Noah Thomasson,2.0405,0.9419,2.9824
6377,Noah Van Bibber,1.7555,2.2863,4.0417
6378,Noah Waterman,1.4069,0.6928,2.0997
6379,Noah Williams,2.2505,0.9605,3.211
6380,Noah Williamson,2.7631,2.3084,5.0715
6381,Noam Dovrat,-0.3601,1.2959,0.9359
6382,Nobal Days,3.7342,-2.607,1.1272
6383,Noble Crawford,1.0179,-0.1889,0.8291
6384,Noel Brown,2.8192,2.5351,5.3543
6385,Noel Coleman,2.2625,1.0809,3.3433
6386,Nojus Indrusaitis,0.5646,0.7665,1.3311
6387,Nolan Causwell,1.2161,-7.1429,-5.9269
6388,Nolan Dorsey,3.2208,-0.0666,3.1543
6389,Nolan Groves,0.5447,-0.2309,0.3137
6390,Nolan Hickman,3.5473,6.0152,9.5625
6391,Nolan Hodge,0.0598,3.3415,3.4013
6392,Nolan Minessale,2.2042,3.473,5.6772
6393,Nolan Naess,-0.3942,0.3199,-0.0743
6394,Nolan Winter,3.8601,4.597,8.4571
6395,Norchad Omier,3.7831,2.3224,6.1055
6396,Nordin Kapic,5.089,0.7347,5.8237
6397,Novak Perovic,1.0756,1.3115,2.3871
6398,Ny'Mire Little,-1.7684,1.8345,0.0661
6399,Nyk Lewis,1.8398,4.2874,6.1272
6400,Nyle Ralph-Beyer,-2.1316,1.6168,-0.5148
6401,Nyles Howard,2.535,-1.862,0.673
6402,Nyzaiah Chambers,0.6348,-2.8073,-2.1726
6403,O'Mar Stanley,1.4048,4.4058,5.8107
6404,O'Marion Harvey,-0.859,-2.5371,-3.3962
6405,O'zhell Jackson,0.7589,-2.7696,-2.0107
6406,OD Ogunbo,-0.3348,-0.4505,-0.7853
6407,Oakland Fort,2.8789,1.217,4.0958
6408,Obadiah Curtis,2.3911,-0.6967,1.6944
6409,Obi Agbim,2.1742,3.0651,5.2393
6410,Obinna Anochili-Killen,3.1965,2.4001,5.5966
6411,Obinnaya Okafor,-0.0952,-0.0473,-0.1425
6412,Obomate Abbey,2.0563,1.2026,3.2589
6413,Ocypher Owens,-2.1247,-2.5125,-4.6372
6414,Ody Oguama,2.2634,-2.8153,-0.5519
6415,Ofri Naveh,4.2877,-1.2125,3.0752
6416,Ofure Ujadughele,6.3421,0.0527,6.3948
6417,Ogheneyole Akuwovo,3.3369,-2.5518,0.7851
6418,Ognjen Stankovic,-1.1627,1.3861,0.2235
6419,Okechukwu Okeke,-1.3725,1.9798,0.6073
6420,Okku Federiko,-2.2996,0.8171,-1.4825
6421,Ola Ajiboye,3.0853,-0.1142,2.9711
6422,Olajuwon Ibrahim,0.0318,-0.8578,-0.826
6423,Olavi Suutela,1.7332,-0.0029,1.7303
6424,Oleg Kojenets,2.4867,-2.6731,-0.1865
6425,Oleksandr Kobzystyi,-1.1617,0.0486,-1.1131
6426,Oliver Faubert,0.4054,-0.0182,0.3873
6427,Olivier Nkamhoua,2.2529,2.8185,5.0714
6428,Olivier Rioux,-0.6654,-0.2376,-0.903
6429,Olumide Adelodun,-0.3442,1.3647,1.0205
6430,Oluwasegun Durosinmi,5.0078,2.6085,7.6163
6431,Omaha Biliew,2.3969,2.2444,4.6412
6432,Omar Adegbola,-0.2081,1.1296,0.9215
6433,Omar Cooper,4.257,-2.2635,1.9935
6434,Omar Croskey,2.4175,2.1799,4.5974
6435,Omar Harris,0.3027,-0.1954,0.1073
6436,Omar Migues-Hibeljic,0.4257,0.5373,0.9629
6437,Omar Payne,2.9929,-2.9589,0.034
6438,Omari Hamilton,-0.6984,-1.5716,-2.27
6439,Omari Moore,0.9525,0.7687,1.7212
6440,Omari Peek,0.8962,-0.5672,0.329
6441,Omari Witherspoon,0.9958,1.7139,2.7096
6442,Omarion Henry,0.6983,-0.5764,0.1219
6443,Omer Hamama,-0.9546,1.5766,0.622
6444,Omer Mayer,-1.203,2.7927,1.5897
6445,Omer Suljanovic,1.5387,-0.3637,1.175
6446,Onyx Nnani,-0.1053,0.2785,0.1732
6447,Onyx Pastoriza,0.798,1.2506,2.0486
6448,Orlando Horton,0.2929,-2.6195,-2.3266
6449,Orlando Lovejoy,1.9866,-1.1423,0.8443
6450,Osa Obasohan,-0.7097,-0.6908,-1.4005
6451,Osborn Shema,0.2925,-0.4518,-0.1592
6452,Oscar Berry,0.0327,2.0211,2.0537
6453,Oscar Cluff,3.541,7.448,10.989
6454,Oscar Goodman,-0.4181,1.4857,1.0677
6455,Oscar Hourruitiner,-0.0314,-0.4249,-0.4562
6456,Ose Okojie,-0.5558,-0.1259,-0.6817
6457,Osei Price,-0.6639,0.0472,-0.6168
6458,Osiris Grady,0.2503,-0.9619,-0.7116
6459,Oskar Giltay,1.9375,-1.4077,0.5298
6460,Oskar Palmquist,1.996,-2.8466,-0.8507
6461,Oso Ighodaro,5.6922,2.8146,8.5067
6462,Oswin Erhunmwunse,2.7878,4.2901,7.078
6463,Otega Oweh,4.1313,3.8122,7.9435
6464,Otis Frazier,4.2363,2.4722,6.7086
6465,Oton Jankovic,-2.2898,-0.0055,-2.2953
6466,Otto Landrum,1.5633,4.2169,5.7801
6467,Otto Luessenhop,-0.3031,0.2964,-0.0067
6468,Oumar Ballo,5.0862,2.9639,8.05
6469,Oumar Koureissi,0.9305,-4.3757,-3.4452
6470,Owen Aquino,4.4845,0.9606,5.4451
6471,Owen Dease,4.9055,1.2412,6.1468
6472,Owen Derhmann,-0.2858,1.7155,1.4298
6473,Owen Freeman,2.8954,0.9376,3.833
6474,Owen Gray,0.0953,0.0985,0.1938
6475,Owen Kmety,-0.6201,-0.412,-1.0321
6476,Owen Koonce,-0.0211,4.7203,4.6992
6477,Owen LaRocca,-2.1943,-0.0435,-2.2378
6478,Owen Larson,-0.0714,3.2739,3.2025
6479,Owen Lobsinger,-1.5296,2.6349,1.1053
6480,Owen McCormack,-1.7222,2.707,0.9848
6481,Owen McGlashan,2.731,0.8917,3.6227
6482,Owen Odom,-0.6831,-0.1585,-0.8416
6483,Owen Ritger,0.8794,0.2494,1.1288
6484,Owen Schlager,1.1463,-2.0538,-0.9075
6485,Owen Spencer,0.0782,-0.1956,-0.1174
6486,Owen Varnado,-0.1315,-2.8591,-2.9906
6487,Oziyah Sellers,2.7954,3.2392,6.0346
6488,PJ Carter,-2.7498,3.937,1.1873
6489,PJ Dobuol,5.2795,0.1899,5.4694
6490,PJ Eason,2.4799,-1.9866,0.4933
6491,PJ Edwards,0.4751,-2.8475,-2.3724
6492,PJ Farmer,-1.2088,-0.9942,-2.2029
6493,PJ Fuller,0.1296,-1.5871,-1.4575
6494,PJ Haggerty,3.4143,5.6652,9.0795
6495,PJ Hall,0.9513,3.1392,4.0905
6496,PJ Hayes,-1.1102,3.8255,2.7152
6497,PJ Henry,0.6743,0.7486,1.4229
6498,PJay Smith,0.7594,1.7645,2.5239
6499,Pablo Navarro,1.03,2.0373,3.0673
6500,Pablo Soumare,-0.8748,-1.7524,-2.6273
6501,Pablo Tamba,3.993,3.8105,7.8035
6502,Pano Pavlidis,0.4051,-0.8104,-0.4054
6503,Papa Amadou Kante,1.6442,1.9336,3.5778
6504,Pape N'Diaye,1.9749,-1.1289,0.846
6505,Parby Kabamba,0.4684,2.5113,2.9798
6506,Paris Dawson,4.6138,2.6695,7.2834
6507,Parker Bjorklund,2.5259,2.2533,4.7792
6508,Parker Braun,1.5379,0.0836,1.6215
6509,Parker Fox,4.0901,0.8251,4.9152
6510,Parker Friedrichsen,0.129,2.2836,2.4126
6511,Parker Gerrits,2.221,2.9342,5.1552
6512,Parker Jones,-0.5753,1.3985,0.8232
6513,Parker Robison,2.6383,1.677,4.3153
6514,Parker Strauss,2.1376,-0.9782,1.1594
6515,Parsa Fallah,3.4391,3.5496,6.9887
6516,Pasha Goodarzi,-2.6137,1.238,-1.3756
6517,Pasha Shemirani,0.9965,-0.7465,0.25
6518,Pat Suemnick,-0.6918,0.6644,-0.0274
6519,Patrick Antonelli,-0.0832,-0.4247,-0.5079
6520,Patrick Bath,0.2598,0.3865,0.6462
6521,Patrick Cartier,1.9228,-1.1239,0.7989
6522,Patrick Cassidy,-1.1234,-0.6645,-1.7878
6523,Patrick Chew,2.1376,0.8651,3.0027
6524,Patrick D'Arcy,0.1753,-1.1725,-0.9972
6525,Patrick Haigh,1.5592,-2.2367,-0.6776
6526,Patrick Iriel,2.3193,-2.1601,0.1592
6527,Patrick McCaffery,-1.3131,4.9431,3.63
6528,Patrick McCraney,-0.4309,0.1876,-0.2432
6529,Patrick McMahon,0.068,3.6475,3.7155
6530,Patrick Mwamba,2.0665,-0.9576,1.1089
6531,Patrick Ngongba,7.2672,5.591,12.8581
6532,Patrick O'Brien,-1.5021,-0.9033,-2.4054
6533,Patrick Tivnan,0.881,0.1338,1.0148
6534,Patrick Wessler,4.6403,3.3533,7.9936
6535,Patton Pinkins,1.3878,3.4204,4.8082
6536,Paul Bizimana,1.5762,-1.1784,0.3978
6537,Paul Bruns,-0.8786,5.8273,4.9488
6538,Paul Djobet,0.6428,2.7087,3.3515
6539,Paul Gakmar,3.7535,-0.2846,3.4688
6540,Paul Greene,-1.9558,-0.4831,-2.4389
6541,Paul Jones,-2.0088,-0.1595,-2.1683
6542,Paul Jordan,0.1896,0.4174,0.6071
6543,Paul Lewis,1.7234,-1.3454,0.378
6544,Paul Lindberg,1.0566,-0.9098,0.1468
6545,Paul Mbiya,0.6204,-0.2477,0.3726
6546,Paul McMillan,-2.0958,0.9456,-1.1502
6547,Paul McNeil,-0.0164,6.4823,6.4659
6548,Paul Mulcahy,3.8694,-0.0904,3.779
6549,Paul Otieno,2.6304,2.9526,5.5831
6550,Paul Zilinskas,0.1655,3.5998,3.7653
6551,Paulie Stramaglia,-1.0981,2.5341,1.436
6552,Paulis Rapolis,-1.06,-2.1525,-3.2125
6553,Paulius Murauskas,1.7486,3.4658,5.2144
6554,Pavle Kuzmanovic,-1.6669,0.8655,-0.8014
6555,Pavle Misic,-0.7335,0.8043,0.0708
6556,Pavle Stosic,2.0674,1.5713,3.6387
6557,Pavlo Dziuba,-2.1671,-2.033,-4.2001
6558,Paxson Wojcik,-0.1668,-0.9671,-1.1339
6559,Paxton Davidson,2.1933,-0.7747,1.4187
6560,Paxton Payne,0.0276,0.4592,0.4868
6561,Payton Kamin,-0.0967,0.7009,0.6042
6562,Payton Parrish,0.5013,-0.291,0.2103
6563,Payton Pitts,0.3016,-1.0432,-0.7417
6564,Payton Sandfort,1.7748,7.9064,9.6812
6565,Payton Sparks,-0.5825,-0.9247,-1.5071
6566,Pearse McGuinn,0.7871,-3.7888,-3.0017
6567,Pearson Carmichael,1.7396,3.0705,4.8101
6568,Pedro Lopez Sanvicente,-0.2128,-3.2252,-3.438
6569,Pedro Santos,3.2431,-1.8152,1.4279
6570,Pelle Larsson,3.444,5.48,8.924
6571,Percy Daniels,1.2913,0.5708,1.8621
6572,Pero Zubac,1.7959,-0.2825,1.5135
6573,Perry Cowan,-0.9871,-2.0146,-3.0017
6574,Perry Smith,-0.1199,-2.6139,-2.7338
6575,Petar Krivokapic,-0.0477,-0.1707,-0.2183
6576,Petar Majstorovic,0.7546,5.6303,6.3849
6577,Petar Pinter,-1.1419,-0.6177,-1.7596
6578,Peter Bandelj,0.9236,4.4231,5.3467
6579,Peter Carey,-0.9129,-0.157,-1.0698
6580,Peter Carr,-0.2593,-0.513,-0.7723
6581,Peter Dadson,0.3947,0.1729,0.5676
6582,Peter Filipovity,0.3123,1.1218,1.4341
6583,Peter Fuchs,-0.8843,-0.4971,-1.3814
6584,Peter Kramer,0.9813,1.0089,1.9902
6585,Peter Noble,0.159,-0.1172,0.0418
6586,Peter Oduro,0.0957,-1.7802,-1.6845
6587,Peter Sposito,1.143,-0.6153,0.5277
6588,Peter Suder,1.0453,5.6488,6.6941
6589,Peteris Pinnis,1.8716,1.1748,3.0465
6590,Petras Padegimas,0.059,-1.2025,-1.1435
6591,Peyton Ackerman,0.5927,-0.8086,-0.2159
6592,Peyton Frey,-1.0713,-0.5255,-1.5967
6593,Peyton Law,1.7368,1.6694,3.4062
6594,Peyton Marshall,3.6397,-0.8885,2.7512
6595,Peyton Rogers,1.5739,0.2334,1.8073
6596,Peyton Seals,1.6223,1.5408,3.1631
6597,Peyton Smith,1.1511,-2.0662,-0.9151
6598,Peyton White,0.8018,1.7208,2.5226
6599,Pharaoh Compton,3.9109,4.9002,8.8111
6600,Pharell Boyogueno,2.7817,1.8993,4.681
6601,Pharrel Payne,3.4419,1.9599,5.4017
6602,Phat Phat Brooks,0.3169,0.7823,1.0992
6603,Phil Jones,-0.2934,0.2347,-0.0587
6604,Philip Alston,2.6941,-0.6556,2.0385
6605,Philip Byriel,1.2956,-0.0218,1.2738
6606,Phillip Kavu,-0.4056,0.1837,-0.2219
6607,Phillip Russell,2.2835,3.8208,6.1043
6608,Philmon Gebrewhit,-0.6813,2.8746,2.1933
6609,Phoenix Gill,2.0101,-0.922,1.0881
6610,Phoenix Glassnor,1.2956,-0.6743,0.6213
6611,Pierce Bazil,-2.6705,-1.8226,-4.4931
6612,Pierce Shirk,-0.7305,-0.7301,-1.4605
6613,Pierce Spencer,1.9892,-0.5236,1.4656
6614,Pierce Thomas,0.7531,-0.2425,0.5106
6615,Pierre Brooks,2.6191,5.2712,7.8903
6616,Pierre Crockrell,0.9289,3.3384,4.2673
6617,Pierre Geneste,-0.8406,-1.7164,-2.557
6618,Piotr Winkowski,0.7291,-6.9584,-6.2293
6619,Pip Ajayi,0.6522,0.3015,0.9537
6620,Po'Boigh King,-0.3982,3.3435,2.9454
6621,Ponce James,-1.5429,0.727,-0.8159
6622,Poohpha Warakulnukroh,0.2203,-0.2708,-0.0505
6623,Pop Isaacs,1.8166,4.2625,6.0792
6624,Porter Bazil,1.601,-1.0011,0.5999
6625,Porter Ihnen,0.3506,0.8613,1.2119
6626,Posh Alexander,4.0949,0.4328,4.5277
6627,Precious Idiaru,0.758,-0.7057,0.0523
6628,Preist Ryan,2.0544,-2.027,0.0274
6629,Presley Patterson,0.7151,-0.1883,0.5268
6630,Preston Clark,0.1639,-0.4207,-0.2568
6631,Preston Copeland,-1.6483,-0.455,-2.1034
6632,Preston Edmead,-0.7053,5.1992,4.4939
6633,Preston Fowler,1.7188,2.5131,4.2319
6634,Preston Lee,-0.7525,1.0629,0.3105
6635,Preston Murphy,0.3706,-0.2709,0.0997
6636,Preston Phillips,-0.0692,-0.3156,-0.3848
6637,Preston Ruedinger,1.2228,0.7022,1.925
6638,Preston Squire,0.3852,-0.7559,-0.3707
6639,Preston Turner,1.9618,-2.1078,-0.146
6640,Preston Vandermyde,1.464,-0.6146,0.8494
6641,Primo Spears,0.5785,0.5701,1.1486
6642,Prince Aligbe,3.1496,-2.2075,0.9421
6643,Prince Davies,0.9179,0.1144,1.0322
6644,Prince Johnson,3.4547,1.0627,4.5174
6645,Promise Idiaru,0.1307,-1.6533,-1.5226
6646,Promise Opurum,1.3542,-0.1363,1.2179
6647,Prophet Johnson,-0.8672,2.3027,1.4356
6648,Pryce Sandfort,3.5857,11.5956,15.1813
6649,Przemek Hartman,-1.138,-1.1861,-2.3242
6650,Puff Johnson,-0.465,2.7701,2.3051
6651,Qadir Martin,1.3206,0.5469,1.8675
6652,Qiant Myers,1.1676,2.3277,3.4954
6653,Quadir Copeland,2.7886,6.1933,8.9818
6654,Quadir Pettaway,-0.7713,1.6874,0.9161
6655,Quan Lax,1.2735,-1.5919,-0.3185
6656,Quandre Bullock,3.8892,2.8614,6.7506
6657,Quani Rudd,7.3507,0.7567,8.1073
6658,Quante Berry,2.3982,1.4141,3.8124
6659,Quaran McPherson,2.6097,-1.1919,1.4177
6660,Qudus Wahab,3.0873,-1.2662,1.8212
6661,Quel'Ron House,4.553,2.5914,7.1444
6662,Quentin Bolton,0.4543,0.5768,1.0312
6663,Quentin Diboundje,3.9431,2.783,6.7261
6664,Quentin Duncan,-1.4484,-1.0945,-2.5429
6665,Quentin Heady,0.4156,0.3532,0.7688
6666,Quentin Jones,1.231,0.8997,2.1306
6667,Quentin McCoy,-0.3513,-0.7403,-1.0916
6668,Quentin Meza,0.0032,1.9305,1.9336
6669,Quentin Millora-Brown,2.452,3.5365,5.9886
6670,Quentin Southall,0.4907,-0.4767,0.014
6671,Ques Glover,-0.441,0.059,-0.382
6672,Quest Aldridge,1.5847,0.3959,1.9806
6673,Quimari Peterson,1.529,2.9738,4.5028
6674,Quin Berger,1.7661,0.4284,2.1945
6675,Quin Gorman,0.759,0.3038,1.0629
6676,Quin Patterson,-0.4564,3.2051,2.7487
6677,Quincy Adams,-0.5053,-0.9399,-1.4452
6678,Quincy Ademokoya,0.458,1.1265,1.5846
6679,Quincy Allen,1.1032,-2.5185,-1.4152
6680,Quincy Anderson,-2.5941,0.9,-1.6941
6681,Quincy Ballard,4.1638,3.8922,8.056
6682,Quincy Clark,1.8643,1.5667,3.4311
6683,Quincy Guerrier,4.818,1.2051,6.0231
6684,Quincy McGriff,-0.9569,-1.7245,-2.6814
6685,Quincy Olivari,0.1276,3.5635,3.6911
6686,Quinlan Bennett,1.6865,-0.3387,1.3478
6687,Quinn Corna,0.1679,0.2028,0.3707
6688,Quinn Denker,0.0312,2.7668,2.798
6689,Quinn Guth,0.1166,-0.4421,-0.3255
6690,Quinn Nielsen,-1.2278,0.1004,-1.1274
6691,Quinn Peters,-1.7632,-1.8093,-3.5725
6692,Quinn Slazinski,1.4008,3.2345,4.6353
6693,Quinn Strander,2.3831,-0.4223,1.9608
6694,Quinn Woidke,0.8186,2.2881,3.1066
6695,Quinten Post,3.3159,2.2825,5.5984
6696,Quintin Cooper,2.0122,0.0002,2.0124
6697,Quintin Murrell,0.3832,-0.6729,-0.2896
6698,Quinton Livingston,-0.909,-0.0744,-0.9833
6699,Quinton Mincey,-2.9214,-0.0295,-2.9509
6700,Quinton Morton-Robertson,-0.1477,4.4341,4.2864
6701,Quinton Perkins,0.1097,2.5851,2.6948
6702,Quinton Webb,2.1943,0.4303,2.6247
6703,Quion Burns,1.6984,1.4462,3.1446
6704,Quion Williams,1.7291,-0.0726,1.6565
6705,Quorien Waldon,-0.6097,-2.0975,-2.7072
6706,Quron Elliott,-2.1436,0.8763,-1.2673
6707,Qwanzi Samuels,-0.4208,-0.7933,-1.2141
6708,RJ Blakney,0.8784,1.3178,2.1962
6709,RJ Davis,6.0392,6.5704,12.6097
6710,RJ Felton,0.4363,6.0157,6.4519
6711,RJ Godfrey,6.6139,3.7028,10.3167
6712,RJ Greene,0.7303,-0.6352,0.0951
6713,RJ Greer,-0.3462,1.6008,1.2545
6714,RJ Horry,1.8278,1.0185,2.8464
6715,RJ Johnson,0.3166,3.5686,3.8852
6716,RJ Jones,-2.8417,1.1233,-1.7184
6717,RJ Keene,5.5543,4.0655,9.6198
6718,RJ Kennah,-0.3825,-0.4877,-0.8702
6719,RJ Kennedy,0.262,-0.4152,-0.1532
6720,RJ Luis,3.8356,4.5726,8.4082
6721,RJ McGee,-1.1092,0.7004,-0.4088
6722,RJ Melendez,2.6874,2.7572,5.4446
6723,RJ Nance,-1.0164,-1.5082,-2.5246
6724,RJ Smith,3.9499,2.7825,6.7324
6725,RJ Spencer,-0.3924,-0.4517,-0.8441
6726,RJ Sunahara,1.1319,0.104,1.2359
6727,RJ Taylor,2.3821,0.1644,2.5465
6728,Ra'Heim Moss,5.5489,-0.1002,5.4487
6729,RaSheed Jones,-1.2574,1.544,0.2865
6730,Race Herr,0.2092,-1.5766,-1.3674
6731,Radek Homer,0.2129,-0.7719,-0.559
6732,RaeQuan Battle,0.8125,2.1629,2.9753
6733,Raekwon Horton,0.3603,1.8079,2.1683
6734,Raeshun McGregory,-2.0188,-1.425,-3.4438
6735,Rafael Castro,2.6704,3.3588,6.0292
6736,Rafael Pinzon,1.7322,2.7215,4.4537
6737,Rahdir Hicks,2.5614,-1.4866,1.0748
6738,Raheem Anthony,4.6493,0.8735,5.5228
6739,Raheem Braiton,0.2281,-1.0031,-0.775
6740,Raheem Solomon,2.4748,-2.0221,0.4527
6741,Rahmir Barno,2.2201,0.8302,3.0503
6742,Rahmir Moore,1.1422,-2.6112,-1.469
6743,Rahsool Diggins,1.7116,3.8729,5.5845
6744,Rakease Passmore,2.2784,-1.1383,1.1401
6745,Rakim Chaney,0.3051,1.9461,2.2512
6746,Raleigh Burgess,2.9351,0.6223,3.5574
6747,Ralph Akuta,1.436,-2.0264,-0.5904
6748,Ralph Martino,-2.4244,0.1236,-2.3008
6749,Ramar Pryor,1.4056,-3.2408,-1.8352
6750,Ramel Bethea,-1.5187,2.4893,0.9705
6751,Ramel Lloyd,0.4322,-1.8947,-1.4625
6752,Ramogi Nyagudi,-0.6976,-0.762,-1.4596
6753,Ramon Walker,2.8368,2.7958,5.6325
6754,Ramondo Battle,-3.2559,-2.1841,-5.4399
6755,Ramone Seals,2.1761,1.2659,3.4419
6756,Ramzi Salem,-2.4856,-1.2641,-3.7497
6757,Randall Pettus,2.7557,-0.0954,2.6603
6758,Randarius Jones,2.7166,2.0596,4.7761
6759,Randi Ovalle,-0.6162,-0.0087,-0.6249
6760,Randy Brady,3.5997,0.2234,3.8231
6761,Randy Tucker,-0.4875,-0.0518,-0.5393
6762,Raphael Dumon,-1.0384,2.195,1.1566
6763,Raphe Ayres,0.9773,1.4962,2.4735
6764,Raquan Brown,0.5165,0.6101,1.1265
6765,Rasean Frederick,1.1457,-0.5779,0.5677
6766,Rashaan Mbemba,-0.3451,3.099,2.754
6767,Rashad King,1.7355,0.6428,2.3784
6768,Rashad Williams,-3.9071,4.7623,0.8552
6769,Rashaud Marshall,5.9931,1.1634,7.1565
6770,Rashaun Agee,2.8877,2.7535,5.6412
6771,Rasheed Baldwin,0.1147,0.9881,1.1028
6772,Rasheed Bello,3.1625,2.4328,5.5953
6773,Rasheer Fleming,3.1034,7.5435,10.6469
6774,Rashund Washington,-0.9723,2.3776,1.4052
6775,Raul Villar,-0.8358,2.137,1.3012
6776,Ray Adams,0.9863,1.3085,2.2948
6777,Ray Allen,0.3346,-0.6129,-0.2783
6778,Ray Glasgow,2.5684,3.106,5.6744
6779,Ray Harrison,3.0386,4.3011,7.3397
6780,Ray'Sean Taylor,-1.5124,3.8836,2.3712
6781,RayJ Dennis,3.1118,4.7757,7.8875
6782,RayQuawndis Mitchell,2.4817,-0.2473,2.2344
6783,Raymar Gonzales,-0.6005,-0.0316,-0.6321
6784,Raymond Espinal-Guzman,0.5648,-1.7047,-1.14
6785,Raymond Somerville,-0.4085,-2.1923,-2.6008
6786,Raynard Horry,1.3598,-0.2382,1.1216
6787,Rayquan Brown,-1.3157,-3.7689,-5.0845
6788,Raysean Seamster,3.0744,3.5548,6.6292
6789,Rayvon Griffith,-0.8986,-0.3496,-1.2482
6790,Rayzhon Bergersen,-0.687,0.3391,-0.348
6791,Raziel Hayun,2.1858,-0.4818,1.7041
6792,Redd Thompson,0.0192,0.3739,0.3931
6793,Redek Born,-0.1465,1.2143,1.0678
6794,Reece Beekman,5.3634,0.4594,5.8228
6795,Reece Hagy,3.3914,2.7144,6.1058
6796,Reece Holbrook,-0.1651,-0.5039,-0.669
6797,Reece Potter,0.2903,2.0892,2.3796
6798,Reece Robinson,3.3352,2.1924,5.5276
6799,Reed Bailey,1.3516,3.1462,4.4978
6800,Reed Sheppard,5.6158,9.1289,14.7448
6801,Reed Trapp,-0.7415,0.0018,-0.7397
6802,Reese Dixon-Waters,1.2639,2.2554,3.5193
6803,Reese McMullen,0.8438,4.0585,4.9023
6804,Reese Miller,-2.9157,2.1091,-0.8066
6805,Reese Waters,2.911,3.3711,6.2821
6806,Reggie Bass,0.1939,1.2557,1.4496
6807,Reggie Hill,4.0734,1.2658,5.3392
6808,Reggie Prudhomme,-1.9748,1.3507,-0.6242
6809,Reggie Thomas,-0.5375,1.1841,0.6466
6810,Reggie Ward,2.921,-1.9044,1.0166
6811,Regimantas Ciunys,0.3448,2.0038,2.3487
6812,Reginald Duhart,0.4755,0.3455,0.821
6813,Reginald Reynolds,-3.008,-0.6107,-3.6187
6814,Reid Cason,-0.2672,-1.5859,-1.8532
6815,Reid Ducharme,2.7542,0.7488,3.5029
6816,Reid Lovelace,-1.3821,0.0055,-1.3767
6817,Reis Jones,-0.2568,-0.7464,-1.0032
6818,Renars Sondors,1.2248,-0.2077,1.0171
6819,Renato Ruiz,0.4175,1.5544,1.9719
6820,Rene D'Amelio,0.5904,1.6373,2.2277
6821,Rex Stirling,0.6265,1.772,2.3985
6822,Rex Sunderland,0.5967,-2.99,-2.3934
6823,Reyne Smith,1.8529,8.9098,10.7627
6824,Rhett Reynolds,-0.1464,0.237,0.0905
6825,Rhyjon Blackwell,2.3003,1.3706,3.6709
6826,Ricardo Wright,1.9671,2.1883,4.1554
6827,Riccardo Ghedini,-0.3391,-0.4496,-0.7887
6828,Riccardo Greppi,-0.0713,-0.8875,-0.9588
6829,Rich Barron,-1.0088,-0.0607,-1.0695
6830,Rich Brisco,0.5776,-0.8091,-0.2316
6831,Rich Byhre,0.3311,-0.1463,0.1848
6832,Rich Rolf,0.8102,1.1178,1.928
6833,Rich Smith,4.1001,1.8953,5.9954
6834,Richard Goods,0.9602,1.8467,2.807
6835,Richard Mathews,-0.3277,-0.0902,-0.4179
6836,Richard Nweke,0.8455,1.8511,2.6966
6837,Richie Saunders,2.5566,8.3213,10.8779
6838,Richie Springs,-0.6281,-4.9805,-5.6087
6839,Rick Issanza,4.0092,-0.1404,3.8688
6840,Rickey Ballard,-0.9775,0.7338,-0.2437
6841,Rickey Bradley,4.6047,3.6056,8.2103
6842,Rickey Mitchell,-1.5898,-0.9931,-2.5829
6843,Ricky Deadwyler,0.137,0.6084,0.7454
6844,Ricky McKenzie,-0.2152,-1.4904,-1.7057
6845,Ridvan Tutic,-0.4566,-3.1662,-3.6227
6846,Rieco Hellams,0.4545,-0.4943,-0.0398
6847,Rienk Mast,3.726,3.1357,6.8617
6848,Rihards Vavers,-3.2647,4.1539,0.8892
6849,Rikus Schulte,6.0873,2.0077,8.095
6850,Riley Abercrombie,-1.6593,1.0664,-0.5929
6851,Riley Allenspach,-1.4057,2.4985,1.0928
6852,Riley Dering,-2.2356,0.2287,-2.0069
6853,Riley Fox,-0.4173,3.4538,3.0365
6854,Riley Jacobs,0.3655,-1.8894,-1.5239
6855,Riley Kugel,3.3974,4.7285,8.1259
6856,Riley Massey,0.6618,2.538,3.1999
6857,Riley Minix,5.7602,5.2114,10.9716
6858,Riley Mulvey,2.5842,3.1489,5.7331
6859,Riley Parker,1.6748,1.7174,3.3923
6860,Riley Saunders,0.3077,0.3765,0.6842
6861,Ring Malith,3.3612,0.8263,4.1875
6862,Ring Nyeri,1.594,1.4241,3.0181
6863,Rivaldo Soares,3.2861,6.3251,9.6112
6864,Rob Banks,-0.658,1.5644,0.9064
6865,Rob Brown,2.3028,4.5122,6.815
6866,Rob Diaz,0.0228,-0.6634,-0.6406
6867,Rob Dillingham,1.9435,5.9102,7.8537
6868,Rob Dockery,1.3138,2.761,4.0748
6869,Rob Higgins,-1.6079,-0.3246,-1.9326
6870,Rob Landry,0.5692,0.0858,0.6549
6871,Rob Lawson,-1.8773,-0.962,-2.8393
6872,Rob Martin,0.3201,2.5877,2.9078
6873,Rob Perry,1.8141,2.1209,3.935
6874,Rob Stroud,0.0306,-0.6962,-0.6656
6875,Rob Taylor,-0.6471,-2.0642,-2.7113
6876,Rob Whaley,-0.8438,0.3741,-0.4697
6877,Robbie Avila,4.7688,11.2164,15.9852
6878,Robbie Beran,2.346,2.9016,5.2476
6879,Robbie Stankard,2.0602,-0.8412,1.219
6880,Robby Beasley,2.6318,-0.7694,1.8624
6881,Robby Carmody,-0.4762,2.8227,2.3465
6882,Robby Phillips,0.2998,-0.5937,-0.2938
6883,Robby Todd,1.5019,-0.8267,0.6752
6884,Robert Allen,3.449,5.1975,8.6465
6885,Robert Braswell,-1.9112,1.0354,-0.8758
6886,Robert Carpenter,5.4556,2.3502,7.8059
6887,Robert Cowherd,-1.1609,-1.8998,-3.0607
6888,Robert Davis,1.1127,2.9729,4.0856
6889,Robert Fields,0.525,2.3243,2.8494
6890,Robert Ford,0.7368,1.3047,2.0415
6891,Robert Hinton,0.3252,0.4428,0.7681
6892,Robert Jennings,1.1195,-2.9632,-1.8437
6893,Robert Jeter,-2.2532,-0.0169,-2.2701
6894,Robert Jones,1.4378,2.8819,4.3197
6895,Robert Lewis,-0.1594,1.4748,1.3154
6896,Robert McCray,5.8878,1.7959,7.6837
6897,Robert McCray V,0.7265,6.0031,6.7296
6898,Robert McRae,0.1283,1.7892,1.9175
6899,Robert Miller,2.3343,1.686,4.0203
6900,Robert Moore,-1.2595,-0.7727,-2.0322
6901,Robert Peters,-3.1885,-1.2077,-4.3962
6902,Robert Smith,0.9617,2.431,3.3927
6903,Robert Thibiant,-0.0782,0.595,0.5168
6904,Robert Vaihola,3.0865,0.8018,3.8883
6905,Robert Wilmote,-0.4858,0.2313,-0.2545
6906,Robert Wright,1.0971,7.3818,8.4789
6907,Roberts Berze,2.4337,1.7416,4.1752
6908,Roberts Blums,2.6641,1.324,3.988
6909,Rocco Awad,-1.3484,-1.6917,-3.0401
6910,Rocco Muratori,0.2166,-0.1412,0.0754
6911,Rocket Watts,-2.11,1.6163,-0.4937
6912,Rockwell Reynolds,-2.0847,-4.4483,-6.5329
6913,Roddie Anderson,-1.0056,0.2061,-0.7995
6914,Roddy Gayle,4.2113,2.3158,6.5271
6915,Roderick Coffee,-0.4025,1.2992,0.8967
6916,Roderick Jones,-1.8172,0.9296,-0.8876
6917,Rodney Brown,-0.6093,1.3897,0.7804
6918,Rodney Howard,-0.2492,0.2482,-0.0011
6919,Rodney Johnson,2.1101,0.2916,2.4017
6920,Rodney Rice,3.8168,7.1511,10.9679
6921,Rodolfo Rufino Bolis,5.1135,-2.229,2.8845
6922,Rodrick Payne,1.5633,-2.3465,-0.7832
6923,Rodrique Massenat,-2.1797,-0.9228,-3.1025
6924,Roee Oselka,1.7362,0.1977,1.9339
6925,Roger McFarlane,2.5642,-2.7365,-0.1723
6926,Rohan Chappali,0.0005,0.0982,0.0987
6927,Rokas Jocius,1.4766,0.7,2.1766
6928,Rokas Jocys,-0.6433,-1.489,-2.1323
6929,Roko Maric,1.0012,0.8152,1.8164
6930,Rollie Castineyra,-0.7422,-2.0668,-2.809
6931,Rollie Worster,4.2026,4.1848,8.3874
6932,Rolyns Aligbe,-1.3318,-0.8365,-2.1683
6933,Romad Dean,0.0235,3.5648,3.5882
6934,Roman Domon,0.9789,4.422,5.4008
6935,Roman Siulepa,-0.0927,1.0436,0.9509
6936,Romari Robinson,3.1713,-0.6056,2.5657
6937,Romelle Mansel,3.1211,1.0906,4.2117
6938,Romeo Myrthil,2.4664,-0.9036,1.5628
6939,Ron Rutland,0.1738,0.732,0.9057
6940,Ron Zipper,0.6253,0.1838,0.8091
6941,Ronald Jessamy,1.0584,0.7224,1.7808
6942,Ronald Polite,1.0664,4.3978,5.4641
6943,Rondel Walker,3.1956,0.3567,3.5523
6944,Ronell Giles,1.2781,-0.5432,0.7349
6945,Rongie Gordon,2.133,-0.776,1.3569
6946,Ronnie DeGray,3.4923,2.3766,5.8689
6947,Ronnie Harrison,0.1103,0.5945,0.7049
6948,Ronnie Williams,0.5859,-0.6047,-0.0187
6949,Rontavious Blackshear,0.6549,1.3047,1.9596
6950,Roor Akhuar,2.7921,1.0955,3.8876
6951,Roosevelt Wheeler,-0.5069,-1.3956,-1.9025
6952,Rory Hawke,2.8362,1.0799,3.9161
6953,Rory Stewart,-2.6425,3.8031,1.1606
6954,Roscoe Eastmond,2.4379,0.4715,2.9094
6955,Ross Candelino,-0.5839,0.6656,0.0817
6956,Rowan Brumbaugh,1.304,4.4849,5.7889
6957,Rowan Irelan,1.0998,-1.3018,-0.202
6958,Roy Clarke,-0.1741,-0.5695,-0.7436
6959,Roy Jones,-0.993,-2.0208,-3.0138
6960,Roy Marom,0.4356,-0.9901,-0.5545
6961,Roy Yuan,0.0893,0.6186,0.708
6962,Royal Blue Smith,0.5419,-0.5364,0.0055
6963,Royce Parham,0.4681,5.1859,5.6541
6964,Rrezon Elezaj,0.4038,-0.2497,0.1542
6965,Ruben Dominguez,0.2408,2.4133,2.6542
6966,Ruben Prey,5.1399,0.8292,5.9691
6967,Ruben Rodriguez,1.6474,1.7758,3.4231
6968,Rubin Jones,3.9552,1.1784,5.1336
6969,Rudy Fitzgibbons,2.1475,-1.2009,0.9465
6970,Rueben Chinyelu,6.4204,3.7947,10.2151
6971,Ruot Bijiek,-0.5469,0.061,-0.4859
6972,Russel Tchewa,0.2961,0.5992,0.8953
6973,Russell (Deuce) Dean,3.9186,-2.1126,1.8059
6974,Russell Hawkins,0.3747,0.3368,0.7115
6975,Russell Jones,4.3158,3.5427,7.8585
6976,Ryan Abelman,1.2203,3.6497,4.87
6977,Ryan Agarwal,2.7559,3.4586,6.2145
6978,Ryan Archey,-0.663,-4.4868,-5.1498
6979,Ryan Beasley,3.5922,1.6967,5.2889
6980,Ryan Bolton,-0.7422,0.8253,0.0831
6981,Ryan Burbach,-1.1183,0.5015,-0.6169
6982,Ryan Conway,1.3826,2.1205,3.5031
6983,Ryan Conwell,2.7189,7.6943,10.4132
6984,Ryan Cornish,5.486,-0.2209,5.2651
6985,Ryan Crotty,-0.686,1.0606,0.3746
6986,Ryan Curry,1.6896,-0.8902,0.7994
6987,Ryan Donohoo,-0.4839,-0.7046,-1.1886
6988,Ryan Dufault,-3.5795,4.2322,0.6527
6989,Ryan Duncan,-0.1077,-0.9355,-1.0432
6990,Ryan Dunn,7.1333,0.2412,7.3745
6991,Ryan Elvin,-0.8817,-0.6783,-1.5601
6992,Ryan Elzy,1.9894,1.4355,3.4248
6993,Ryan Erikson,0.9112,1.1253,2.0365
6994,Ryan Forrest,-0.5391,1.0252,0.4861
6995,Ryan Hall,-1.4799,-1.008,-2.4879
6996,Ryan Hite,0.0981,1.0148,1.1129
6997,Ryan Hurst,0.8274,-2.8205,-1.9931
6998,Ryan Isaacson,-0.2925,-0.3088,-0.6013
6999,Ryan Jackson,2.8718,3.1839,6.0558
7000,Ryan Jolly,1.0879,1.25,2.3379
7001,Ryan Jones,-0.2945,-1.5353,-1.8298
7002,Ryan Kalambay,4.2503,2.4577,6.708
7003,Ryan Kalkbrenner,6.6879,5.4766,12.1645
7004,Ryan Kiachian,1.7801,-2.8001,-1.02
7005,Ryan Lafferty,2.7204,-0.2889,2.4314
7006,Ryan Langborg,3.6803,3.1251,6.8053
7007,Ryan Lopez,-0.7681,0.864,0.0959
7008,Ryan Mabrey,-2.0756,-2.5187,-4.5943
7009,Ryan Mandes,0.5643,0.1383,0.7026
7010,Ryan Marcus,-1.0885,-0.6492,-1.7378
7011,Ryan McPartlan,-0.3719,0.0543,-0.3176
7012,Ryan Mela,0.9622,4.1432,5.1054
7013,Ryan Moffatt,3.6599,1.4635,5.1234
7014,Ryan Mutombo,2.131,-0.66,1.471
7015,Ryan Myers,-0.7896,0.9462,0.1566
7016,Ryan Nembhard,4.1232,7.1576,11.2808
7017,Ryan Nutter,-0.2605,-2.1046,-2.365
7018,Ryan Pettis,-0.3286,-0.4687,-0.7973
7019,Ryan Pettit,7.09,-2.6446,4.4454
7020,Ryan Prather,0.9276,4.3782,5.3058
7021,Ryan Rapp,-0.1641,2.6717,2.5076
7022,Ryan Richardson,0.1484,0.0952,0.2435
7023,Ryan Sabol,-2.1362,2.5117,0.3755
7024,Ryan Schmitt,1.3353,-0.1659,1.1694
7025,Ryan Schwarz,-0.987,-1.872,-2.859
7026,Ryan Skerry,0.7231,0.1604,0.8835
7027,Ryan Sletten,1.2511,0.443,1.6941
7028,Ryan Soulis,1.6674,0.4731,2.1405
7029,Ryan Sullivan,1.0517,-2.1707,-1.1189
7030,Ryan Sutliff,0.7122,-0.1441,0.5681
7031,Ryan Tolliver,-0.6012,-1.4072,-2.0084
7032,Ryan Van Eyck,1.1146,-0.661,0.4537
7033,Ryan Wade,0.745,1.9903,2.7353
7034,Ryan Williams,-3.246,-0.6731,-3.9191
7035,Ryan Young,4.9925,2.0523,7.0447
7036,Ryan Zan,0.6677,-0.5024,0.1654
7037,Ryder Cheesman,0.5084,0.214,0.7224
7038,Ryder Elisaldez,-3.2109,1.5635,-1.6473
7039,Ryder Frost,-1.0975,1.3748,0.2773
7040,Ryen Gresko,0.4929,-0.0733,0.4196
7041,Ryen Perry,2.435,-0.7885,1.6465
7042,Rylan Griffen,-0.8211,4.5006,3.6795
7043,Rylan Houck,2.5956,2.8242,5.4198
7044,Rylan Jones,1.7871,9.3055,11.0926
7045,Rylee Samons,-3.9852,2.622,-1.3632
7046,Rytis Petraitis,0.4563,6.5604,7.0168
7047,Saadiq Moore,1.4219,-2.055,-0.6331
7048,Saahil Thakkar,0.3622,-0.6902,-0.3281
7049,Saba Gigiberia,-0.5208,0.4548,-0.066
7050,Sabien Cain,0.6288,0.1875,0.8164
7051,Sabry Philip,0.3385,-2.6506,-2.3121
7052,Sadaidriene Hall,2.8977,-1.3955,1.5022
7053,Sader Servilus,2.3999,1.3362,3.7361
7054,Sadiku Ibine Ayo,1.9596,0.3597,2.3193
7055,Sadiq White,0.8663,-0.7678,0.0985
7056,Sadraque NgaNga,-2.0731,2.5681,0.495
7057,Sage Tolentino,-0.4514,0.6949,0.2435
7058,Sahvir Wheeler,0.7829,5.6609,6.4438
7059,Sai Witt,2.2477,4.5546,6.8023
7060,Saint Thomas,0.6133,3.7062,4.3195
7061,Saiyd Burnside,-4.1585,-0.0464,-4.2049
7062,Salih Altuntas,-0.4381,2.6278,2.1896
7063,Salim London,3.0548,1.8033,4.8582
7064,Saliou Seye,0.7951,-1.1632,-0.3681
7065,Sam Akinrelere,0.0,0.2051,0.2051
7066,Sam Akot,0.3392,-0.1784,0.1608
7067,Sam Alajiki,3.8355,0.7933,4.6288
7068,Sam Alamutu,1.4566,1.5201,2.9767
7069,Sam Alexis,2.1608,0.5501,2.7109
7070,Sam Brown,1.0313,4.7792,5.8106
7071,Sam Donnelly,0.4951,0.6502,1.1453
7072,Sam Duskin,1.4862,1.9598,3.446
7073,Sam Fagan,-1.624,-1.2122,-2.8362
7074,Sam Godwin,0.7256,0.5211,1.2467
7075,Sam Griffin,-3.0319,2.0017,-1.0302
7076,Sam Hastreiter,2.3696,2.1254,4.495
7077,Sam Hennessy,-0.6435,0.2199,-0.4236
7078,Sam Hines,2.3964,1.7633,4.1596
7079,Sam Hofman,2.3569,0.6701,3.027
7080,Sam Hoiberg,7.8661,2.9316,10.7977
7081,Sam Imade,-0.7097,0.1944,-0.5153
7082,Sam King,0.7976,-0.7398,0.0578
7083,Sam Klores,0.1316,-1.2325,-1.1009
7084,Sam Kodi,-1.2108,-2.844,-4.0548
7085,Sam Krist,0.9526,2.6353,3.5879
7086,Sam Lecholat,1.7773,0.1126,1.8899
7087,Sam Lewis,1.3025,3.8501,5.1526
7088,Sam Manu,0.1493,-0.8007,-0.6514
7089,Sam Mervis,-0.836,0.6987,-0.1373
7090,Sam Murray,2.0216,-3.3219,-1.3004
7091,Sam Orme,5.4382,3.4981,8.9363
7092,Sam Perez,-0.5301,0.1093,-0.4208
7093,Sam Sherry,1.0305,3.3989,4.4294
7094,Sam Silverstein,3.0094,2.9928,6.0022
7095,Sam Slutske,-0.3141,-0.3342,-0.6483
7096,Sam Springer,-2.7294,-1.0429,-3.7723
7097,Sam Stockton,3.0558,-0.4865,2.5693
7098,Sam Thomson,1.4787,-2.2523,-0.7736
7099,Sam Towns,4.0851,-0.9479,3.1372
7100,Sam Vinson,2.009,1.1202,3.1292
7101,Sam Walters,1.6146,2.0649,3.6795
7102,Sam Winter,0.3514,-0.0475,0.3039
7103,Sam Wright,-1.9389,0.9866,-0.9523
7104,Samage Teel,-1.8371,4.1718,2.3346
7105,Samba Diallo,-1.5255,-0.3427,-1.8682
7106,Samet Yigitoglu,3.4813,2.3404,5.8216
7107,Sami Osmani,-0.4867,-0.824,-1.3106
7108,Sami Pissis,-1.8814,0.2525,-1.629
7109,Samis Calderon,0.7744,-0.826,-0.0515
7110,Sammie Yeanay,0.0561,-0.6512,-0.595
7111,Sammy Howlin,1.2227,-2.1793,-0.9566
7112,Sammy Hunter,1.7797,0.0409,1.8207
7113,Samson Aletan,3.5482,1.8296,5.3778
7114,Samson Johnson,0.9517,5.4222,6.3739
7115,Samson Reilly,-2.0423,1.9844,-0.0579
7116,Samuel Ariyibi,1.2644,-1.4032,-0.1388
7117,Samuel Cole,-0.0998,0.3934,0.2936
7118,Samuel Dada,-0.6599,4.0896,3.4297
7119,Samuel Gibbs,1.8953,0.2424,2.1378
7120,Samuel Noland,-0.4328,-0.1417,-0.5745
7121,Samuel Nosakhare,-0.7785,-0.6729,-1.4514
7122,Samuel Obenjo,1.3065,0.9822,2.2887
7123,Samuel Onu,1.0869,0.5359,1.6228
7124,Samuel Stewart,0.4609,0.6102,1.071
7125,Samuel Tabe,2.0129,0.9768,2.9897
7126,Samuel Yurasek,0.1577,0.0001,0.1579
7127,Samuell Williamson,2.976,2.9379,5.9139
7128,Sananda Fru,2.5268,2.9608,5.4876
7129,Santiago Trouet,3.0551,0.957,4.0121
7130,Santiago Vescovi,6.0349,1.3374,7.3724
7131,Sasa Ciani,2.9691,-0.8664,2.1027
7132,Sash Gavalyugov,1.0467,5.5857,6.6323
7133,Savion Gallion,-1.4488,0.4235,-1.0254
7134,Savion Lewis,-0.7504,0.3754,-0.375
7135,Savion Taylor,0.2961,0.1495,0.4457
7136,Savo Drezgic,0.7906,-0.2015,0.5892
7137,Savon Wykle,0.5564,0.398,0.9544
7138,Sawyer Mayhugh,0.2,0.3177,0.5177
7139,Saxby Sunderland,0.2823,1.4061,1.6884
7140,Saxton Hoepker,0.0133,-0.3555,-0.3422
7141,Scooter Williams,-0.5214,0.7712,0.2498
7142,Scottie Ebube,1.6008,2.3051,3.9059
7143,Scottie Hubbard,3.5145,2.8616,6.3761
7144,Scotty Middleton,1.8088,2.8672,4.6761
7145,Scotty Washington,2.5177,3.3765,5.8941
7146,Se'yphon Triplett,0.543,-2.5797,-2.0366
7147,Seal Diouf,-0.7647,-0.7967,-1.5614
7148,Seamus McDermott,0.25,-0.6505,-0.4004
7149,Sean Bairstow,1.0446,1.8759,2.9204
7150,Sean Blake,0.3023,2.606,2.9083
7151,Sean Blakely Drummond,-0.0475,-0.4954,-0.543
7152,Sean Conway,3.0627,-0.595,2.4677
7153,Sean Craig,2.7644,4.9034,7.6678
7154,Sean Cusano,-0.343,1.6718,1.3288
7155,Sean Durugordon,1.2457,1.172,2.4178
7156,Sean East,1.2432,3.5344,4.7775
7157,Sean Elkinton,-0.1503,1.6188,1.4685
7158,Sean Hansen,5.3806,0.2186,5.5992
7159,Sean Houpt,-0.9216,0.8435,-0.0781
7160,Sean Jones,0.0743,-2.5069,-2.4327
7161,Sean Lang,1.7428,-0.3673,1.3754
7162,Sean Logan,4.7454,-1.9505,2.795
7163,Sean Moore,0.6684,1.0182,1.6866
7164,Sean Newman,1.3836,6.1747,7.5583
7165,Sean Pedulla,3.5736,4.3381,7.9117
7166,Sean Pouedet,-0.0457,-0.7633,-0.809
7167,Sean Smith,3.8309,3.1256,6.9565
7168,Sean Stewart,0.9013,3.9701,4.8714
7169,Sean Trumper,0.7945,0.852,1.6465
7170,Sean Van Dorn,0.9879,0.4961,1.484
7171,Sebastian Akins,-1.4441,1.8173,0.3732
7172,Sebastian Cole,1.7363,1.7551,3.4914
7173,Sebastian Forsling,1.3723,2.2019,3.5742
7174,Sebastian Hartmann,3.9649,3.5043,7.4692
7175,Sebastian Mack,2.6957,-1.3435,1.3522
7176,Sebastian Mendoza,2.3944,2.165,4.5594
7177,Sebastian Perry,-0.5717,-0.5888,-1.1605
7178,Sebastian Rancik,2.2219,0.4653,2.6872
7179,Sebastian Robinson,1.1259,-1.2118,-0.0859
7180,Sebastian Thomas,1.6953,1.4421,3.1373
7181,Sebastian Tidor,1.3479,1.4475,2.7954
7182,Sebastian Whitfield,0.4005,-2.1419,-1.7414
7183,Sebastian Williams-Adams,0.3116,3.1159,3.4275
7184,Sebastien Lamaute,2.1604,2.0861,4.2465
7185,Seck Zongo,-0.7899,-1.3879,-2.1777
7186,Seifeldin Hendawy,-0.0605,2.3887,2.3282
7187,Sekou Gassama,0.4333,-2.5955,-2.1622
7188,Sekou Kalle,1.4447,-1.8142,-0.3694
7189,Sekou Konneh,-1.0788,0.0932,-0.9856
7190,Selton Miguel,3.0728,3.0302,6.103
7191,Semetri (TT) Carr,0.777,3.6777,4.4547
7192,Sencire Harris,5.0806,0.3376,5.4182
7193,Seneca Willoughby,2.0318,0.6467,2.6785
7194,Sergej Macura,2.5101,1.7672,4.2773
7195,Seryee Lewis,-2.2909,-0.7654,-3.0563
7196,Seth Amunrud,-0.8746,2.1187,1.2441
7197,Seth Hubbard,-4.1639,3.0438,-1.1201
7198,Seth Joba,0.0391,-2.2454,-2.2062
7199,Seth Jones,3.5808,-0.0315,3.5493
7200,Seth Kruse,0.6384,1.0045,1.6429
7201,Seth Pinkney,1.5624,0.5252,2.0876
7202,Seth Towns,1.9666,2.9066,4.8733
7203,Seth Trimble,0.7188,4.5643,5.2831
7204,Seth Wilson,1.8029,0.7752,2.5782
7205,Seydou Traore,2.5113,0.5434,3.0547
7206,Seyi Reiley,4.1399,1.2856,5.4255
7207,Shaan Burke,0.1029,0.1956,0.2985
7208,Shadrak Lasu,2.2167,-2.9849,-0.7682
7209,Shaedon Simpson,-1.9382,2.7056,0.7675
7210,Shahada Wells,2.7517,5.2892,8.0409
7211,Shahar Lazar,-1.1735,-0.7022,-1.8757
7212,Shaheed Solebo,-0.0398,0.5052,0.4654
7213,Shahid Muhammad,-0.284,-2.2387,-2.5227
7214,Shainen Carter,0.8688,-4.2546,-3.3858
7215,Shakeel Moore,3.0654,2.1003,5.1657
7216,Shakir Odunewu,-0.3719,0.9291,0.5573
7217,Shaman Alston,-1.4204,-3.1447,-4.5651
7218,Shamar Wright,0.0472,0.8728,0.9201
7219,Shamarrie Hugie,-2.901,-0.3506,-3.2517
7220,Shamir Bogues,6.5542,1.3135,7.8677
7221,Shammah Scott,0.2738,3.4866,3.7604
7222,Shane Anthony,0.2927,-0.4675,-0.1747
7223,Shane Blakeney,1.3343,3.2704,4.6047
7224,Shane Dezonie,1.6674,1.8987,3.5661
7225,Shane Feden,-0.1027,-1.3522,-1.4549
7226,Shane Nowell,1.2602,-0.1376,1.1225
7227,Shane O'Dell,0.5971,-0.4483,0.1488
7228,Shane Thomas,0.2451,-0.8726,-0.6275
7229,Shannon Grant,-0.0124,-1.3188,-1.3312
7230,Shanon Simango,2.6329,3.2203,5.8532
7231,Shaqir O'Neal,0.0381,-2.2599,-2.2219
7232,Shaquil Bender,1.4381,1.5554,2.9935
7233,Sharod Barnes,-1.7005,-1.2411,-2.9416
7234,Sharron Young,2.7226,4.9025,7.6251
7235,Shaumba Ngoyi,-2.3021,-1.534,-3.836
7236,Shaun Wysocki,-3.2142,-0.3562,-3.5703
7237,Shawn Fulcher,-3.6369,-3.7743,-7.4111
7238,Shawn Jones,0.5379,-0.1592,0.3787
7239,Shawn Mitchell,0.653,-0.5439,0.1091
7240,Shawn Nelson,-0.9608,-0.5936,-1.5544
7241,Shawn Phillips,0.194,-1.7543,-1.5604
7242,Shawn Simmons,-2.5398,1.5064,-1.0334
7243,Shawn Walker,-1.8954,-0.8621,-2.7575
7244,Shay Davis,1.944,-0.7737,1.1703
7245,Shay Johnson,-1.6675,1.0291,-0.6384
7246,Sheldon Edwards,3.199,5.3996,8.5985
7247,Sheldon Williams,1.3544,3.0911,4.4455
7248,Shelton Henderson,1.5091,1.895,3.4041
7249,Shelton Williams-Dryden,-4.1725,3.3924,-0.7801
7250,Shemani Fuller,-0.0851,-1.7086,-1.7937
7251,Shemar Rathan-Mayes,-0.7377,-0.4823,-1.22
7252,Shemar Wilson,1.7945,1.4861,3.2807
7253,Shemarri Allen,6.9753,1.4435,8.4189
7254,Shereef Mitchell,2.245,1.9997,4.2447
7255,Sheridan Sharp,0.9303,-3.0823,-2.152
7256,Sherif Gross-Bullock,2.2155,0.8384,3.0539
7257,Sherman Brashear,-3.1258,-1.1724,-4.2982
7258,Sherman Weatherspoon,0.0203,-1.9314,-1.9111
7259,Shey Eberwein,-1.4646,1.4425,-0.022
7260,Shilo Jackson,0.686,-0.864,-0.178
7261,Shiloh Robinson,3.4718,2.6141,6.0859
7262,Shon Abaev,1.7276,-1.441,0.2865
7263,Shon Robinson,-0.7651,1.2479,0.4829
7264,Shon Tupuola,-1.7875,-0.9926,-2.7801
7265,Shy Odom,1.6442,-1.0079,0.6363
7266,Shykeim Phillips,2.7573,3.5251,6.2824
7267,Sidi Gueye,-0.6824,0.6501,-0.0322
7268,Siem Uijtendaal,0.6616,0.3052,0.9668
7269,Silas Bennion,0.3475,-0.079,0.2685
7270,Silas Demary,3.5803,6.0259,9.6061
7271,Silas Sunday,1.5414,3.9927,5.534
7272,Simas Lukosius,4.1885,4.4917,8.6802
7273,Simeon Cottle,0.2622,3.8717,4.1339
7274,Simeon German,-0.6131,-5.0746,-5.6877
7275,Simeon Murchison,0.2722,0.1124,0.3846
7276,Simeon Wilcher,3.7212,1.7183,5.4396
7277,Simeon Womack,-0.145,-0.0763,-0.2213
7278,Simm Saadi,-1.0221,0.4217,-0.6003
7279,Simon Hildebrandt,0.6209,1.8169,2.4378
7280,Simon Majok,0.9117,2.7617,3.6734
7281,Simon Tilahun,0.079,-0.1326,-0.0536
7282,Simon Walker,-1.7977,1.1532,-0.6445
7283,Simon Wheeler,0.428,-0.31,0.118
7284,Sin'Cere Jones,0.9345,-0.815,0.1195
7285,Sin'Cere McMahon,0.1629,0.6487,0.8116
7286,Sincere Clemons,-0.0042,0.0076,0.0034
7287,Sincere Malone,1.3057,2.5153,3.821
7288,Sincere Parker,2.3141,3.1424,5.4566
7289,Sion James,4.9908,7.2216,12.2124
7290,Sione Lose,1.7771,-3.438,-1.6609
7291,Sir Issac Herron,0.7201,-1.2501,-0.53
7292,Sir Mohammed,-3.3925,0.7875,-2.605
7293,Sivert Wærstad Nordheim,-0.2174,-0.1737,-0.3911
7294,Skylar Wicks,-1.2456,0.2644,-0.9813
7295,Skyy Clark,5.1685,5.7326,10.9011
7296,Snookey Wigington,0.2378,-0.2879,-0.0501
7297,Sola Adebisi,2.0052,0.4746,2.4799
7298,Solo Ball,1.2004,4.0708,5.2712
7299,Solomon Callaghan,-2.3685,0.3819,-1.9866
7300,Solomon Ominu,-0.1866,0.8656,0.679
7301,Solomon Oraegbu,0.6065,1.087,1.6935
7302,Solomon Ray,2.1024,0.7286,2.831
7303,Solomon Washington,5.5796,4.8854,10.465
7304,Somto Cyril,1.546,7.0036,8.5496
7305,Sonny Wilson,-2.2747,2.7825,0.5078
7306,Souleymane Doumbia,0.2653,-2.8554,-2.5901
7307,Spence Wewe,-0.1793,2.449,2.2697
7308,Spencer Ahrens,-1.3121,1.9012,0.589
7309,Spencer Bain,-0.0843,-0.5979,-0.6823
7310,Spencer Elliott,-0.8284,1.598,0.7696
7311,Spencer Hubbard,2.132,-0.3371,1.7949
7312,Spencer Hutchison,-0.2166,-1.6588,-1.8754
7313,Spencer Johnson,2.5742,4.1054,6.6796
7314,Spencer Jones,2.0995,2.4913,4.5908
7315,Spencer Joyner,-2.2221,-2.8011,-5.0232
7316,Spencer Legg,-0.9169,-0.5461,-1.463
7317,Spencer Mahoney,0.6872,-0.1115,0.5757
7318,Stanley Borden,2.607,-0.5992,2.0078
7319,Stark Jones,1.1003,0.1032,1.2035
7320,Stas Sivka,1.1845,4.0762,5.2607
7321,Steele Venters,1.8786,4.2165,6.0951
7322,Stef van Bussel,0.7167,0.2691,0.9858
7323,Stefan Cicic,-0.9957,-2.4043,-3.4
7324,Stefan Gogic,-0.0219,0.1276,0.1057
7325,Stefan Jimenez-Vojnic,0.3327,0.4399,0.7726
7326,Stefan Todorovic,-1.1998,5.0276,3.8278
7327,Stefan Vaaks,-3.0256,5.2683,2.2427
7328,Stefano Alesso,-1.0896,-3.4428,-4.5324
7329,Stefano Faloppa,-1.0884,-1.47,-2.5583
7330,Stefanos Spartalis,-1.3392,-1.7014,-3.0406
7331,Stephan Snagg,-0.573,2.2307,1.6577
7332,Stephan Swenson,1.37,4.0269,5.3969
7333,Stephaun Walker,-1.2318,0.7415,-0.4902
7334,Stephen Clark,0.7027,1.5416,2.2443
7335,Stephen Giwa,2.0207,-2.6495,-0.6288
7336,Stephen Okoro,0.5693,-2.1222,-1.5528
7337,Stephen Olowoniyi,1.5118,-1.8488,-0.337
7338,Stephen Osei,0.2373,-0.4506,-0.2133
7339,Stephen Williams,-0.3449,2.5175,2.1726
7340,Stephon Castle,6.4881,2.3232,8.8113
7341,Stephon Marbury,0.8072,-0.7151,0.0921
7342,Stephon Payne,0.4515,5.7789,6.2304
7343,Stephon Roberts,4.0876,-3.0698,1.0177
7344,Stephon Smith,-0.1767,0.0401,-0.1365
7345,Sterling Gaston-Chapman,1.35,2.2887,3.6387
7346,Sterling Knox,-0.2525,-0.4839,-0.7364
7347,Sterling Young,0.5254,3.6383,4.1638
7348,Steve Settle,3.7412,2.9965,6.7378
7349,Steven Ashworth,1.2561,7.9422,9.1982
7350,Steven Clay,2.9352,0.174,3.1091
7351,Steven Crowl,1.5317,6.2897,7.8214
7352,Steven Izzo,-0.3622,-0.2339,-0.5962
7353,Steven Jamerson,3.792,1.2365,5.0285
7354,Steven Kramer,3.0724,-0.1375,2.9349
7355,Steven Lazar,0.3792,-0.7669,-0.3877
7356,Steven Solano,-1.4303,-1.0312,-2.4615
7357,Steven Tipton,0.3996,1.1644,1.564
7358,Steven Vasquez,2.5087,1.7055,4.2142
7359,Steven Verplancken,0.5834,2.7485,3.3319
7360,Stevie Clark,0.8321,-0.3608,0.4713
7361,Stevie Elam,-0.0398,1.9589,1.9191
7362,Stevie Mitchell,5.0468,4.4638,9.5106
7363,Stone Hutchings,1.9307,0.049,1.9797
7364,Stoney Hadnot,1.9132,0.958,2.8713
7365,Straton Rogers,-2.7867,0.2512,-2.5355
7366,Stratos Papastavrou,1.4134,1.4683,2.8817
7367,Styles Phipps,-1.3271,1.9736,0.6465
7368,Sultan Adewale,0.4905,-2.9298,-2.4393
7369,Supreme Cook,-1.4679,1.0629,-0.405
7370,Sveinn Birgisson,-0.5664,-0.5966,-1.163
7371,Sven Djopmo,-0.2445,-0.0613,-0.3058
7372,Sy Chatman,0.0738,-0.4328,-0.359
7373,Sydney Curry,0.2998,-1.1589,-0.8591
7374,Sydney Shipp,0.3509,0.1767,0.5276
7375,Symeon Efstathiou,0.2897,1.1581,1.4478
7376,Symir Torrence,-1.2505,2.5091,1.2586
7377,Syrus Grisby,1.2329,-0.653,0.58
7378,Szymon Zapala,5.7771,1.0135,6.7906
7379,T'Johnn Brown,2.0046,-0.2683,1.7363
7380,TJ Bamba,6.3367,2.811,9.1478
7381,TJ Berger,-1.0809,-1.1109,-2.1918
7382,TJ Bickerstaff,5.0004,3.3113,8.3117
7383,TJ Biel,2.3808,-0.2092,2.1716
7384,TJ Burch,2.9309,1.196,4.1269
7385,TJ Caldwell,-0.4516,0.4894,0.0378
7386,TJ Drain,-0.3663,1.0358,0.6695
7387,TJ Ford,0.524,-1.6553,-1.1313
7388,TJ Gadsden,2.5796,-1.6131,0.9665
7389,TJ Grant,0.7823,0.8971,1.6794
7390,TJ Holloway,0.6816,-0.4797,0.2018
7391,TJ Hurley,1.7922,3.5119,5.3041
7392,TJ James,-0.3068,-1.4002,-1.707
7393,TJ Johnson,-1.6166,1.9981,0.3815
7394,TJ Kolbe,-0.2134,0.3638,0.1504
7395,TJ Long,0.6902,1.4018,2.092
7396,TJ Moss,1.4025,-2.6318,-1.2293
7397,TJ Nadeau,-2.079,0.5369,-1.5421
7398,TJ NeSmith,-0.1344,3.2775,3.1431
7399,TJ Porter,-1.4541,0.6733,-0.7807
7400,TJ Power,1.8718,1.7169,3.5887
7401,TJ Prosise,0.3403,-0.2983,0.042
7402,TJ Robinson,-1.1527,0.631,-0.5218
7403,TJ Simpkins,1.4573,3.0736,4.531
7404,TJ Small,0.1462,-0.6592,-0.513
7405,TJ Thomas,1.6019,1.6154,3.2173
7406,TJ Wainwright,-0.6459,2.3523,1.7064
7407,TJ Weeks,1.0786,1.154,2.2327
7408,TJ Williams,-0.2524,4.0298,3.7774
7409,TK Simpkins,2.6036,1.579,4.1826
7410,TO Barrett,-1.502,3.1696,1.6676
7411,Ta'Zir Smith,-2.5322,1.5252,-1.007
7412,Ta'lon Cooper,2.1659,5.6234,7.7893
7413,Tadarius Jacobs,-0.6747,-1.6273,-2.302
7414,Tae Davis,0.1226,5.4742,5.5968
7415,Tae Dozier,-1.3514,2.6891,1.3377
7416,Tae Hardy,2.259,-1.0027,1.2563
7417,Tae Simmons,1.6587,2.8025,4.4612
7418,Tae Williams,-1.9959,1.0397,-0.9562
7419,Taelon Peter,1.6674,6.5808,8.2482
7420,Taeshaud Jackson,0.1313,-1.3109,-1.1796
7421,Tafara Gapare,2.9068,-1.1033,1.8035
7422,Tahaad Pettiford,2.8251,8.1479,10.9729
7423,Tahj Staveskie,2.6591,-0.6574,2.0017
7424,Tahlan Pettway,2.5032,3.6256,6.1288
7425,Tahlik Chavez,4.4064,4.0268,8.4332
7426,Tahron Allen,-1.7128,-0.7809,-2.4937
7427,Tai Hamilton,5.468,-1.7317,3.7363
7428,Tai Strickland,0.3009,-1.5008,-1.1999
7429,Tai Turnage,1.8704,3.2903,5.1607
7430,Tai Walters-Whitaker,0.3547,-0.6422,-0.2875
7431,Tai'Reon Joseph,-0.3681,-0.1921,-0.5602
7432,Taine Murray,1.2918,1.5486,2.8403
7433,Tainui Taiaroa,0.0357,1.1757,1.2114
7434,Taison Chatman,0.7505,1.7447,2.4951
7435,Taj Anderson,-0.4002,-0.3467,-0.7469
7436,Taj Au-Duke,1.4191,-3.4178,-1.9987
7437,Taj Bryant,-0.3872,-0.7333,-1.1205
7438,Taj DeGourville,2.1902,1.2572,3.4474
7439,Taj Glover,-0.6006,3.1707,2.5701
7440,Taj Manning,2.3068,0.3036,2.6104
7441,Taj Thweatt,-1.8828,-2.3368,-4.2196
7442,Taj Walters,0.6146,0.2072,0.8218
7443,Tajae Jones,0.7567,-0.3431,0.4136
7444,Tajavis Miller,0.4821,0.099,0.5811
7445,Taje' Kelly,-1.6932,-2.2195,-3.9127
7446,Tajuan Simpkins,5.6358,1.1601,6.7959
7447,Takai Hardy,-0.1715,1.462,1.2905
7448,Takai Simpkins,-0.5191,2.4153,1.8961
7449,Taku Youngblood,0.2777,0.7054,0.9831
7450,Talan Taylor,0.1453,-0.0504,0.0949
7451,Talin Lewis,-0.4258,0.417,-0.0088
7452,Tallis Toure,1.0229,-0.5886,0.4343
7453,Tama Isaac,3.2227,0.318,3.5407
7454,Tamar Bates,1.235,4.2407,5.4757
7455,Tamario Adley,0.0068,4.416,4.4229
7456,Tamarion Hoover,-1.9324,-1.8114,-3.7438
7457,Tamaury Releford,5.123,-0.6707,4.4523
7458,Tamin Lipsey,5.9467,3.9075,9.8542
7459,Tamorrian Grigsby,-0.0326,0.1265,0.0939
7460,Tan Yildizoglu,-3.2605,0.4703,-2.7902
7461,Tana Kopa,-2.6242,0.3978,-2.2264
7462,Tanahj Pettway,-1.7952,0.8189,-0.9763
7463,Tank Byard,-4.4387,1.8915,-2.5471
7464,Tanner Braketa,-0.5817,1.7528,1.1711
7465,Tanner Christensen,2.4787,3.298,5.7767
7466,Tanner Cuff,2.326,1.017,3.343
7467,Tanner Davis,-0.3051,0.6415,0.3364
7468,Tanner Hayhurst,1.4724,5.6397,7.112
7469,Tanner Holden,1.3915,4.2941,5.6855
7470,Tanner O'Grady,-0.0367,0.8538,0.8171
7471,Tanner Ostop,0.2781,-0.1103,0.1679
7472,Tanner Te Slaa,-0.243,-1.1649,-1.4079
7473,Tanner Thomas,1.8912,-0.8472,1.044
7474,Tanner Toolson,1.8441,3.0482,4.8923
7475,Tarence Guinyard,-0.2675,6.8972,6.6296
7476,Tarik Watson,-0.8104,-3.6491,-4.4595
7477,Tariq Balogun,0.6273,-1.2486,-0.6213
7478,Tariq Francis,0.6117,2.6326,3.2443
7479,Tariq Ingraham,-1.2211,0.0914,-1.1297
7480,Tarique Foster,-1.7732,-0.7486,-2.5218
7481,Tarris Reed,3.8144,3.7702,7.5846
7482,Taryn Todd,3.7551,2.2926,6.0478
7483,Tasman Goodrick,1.8384,-0.0872,1.7512
7484,Tasos Cook,0.1023,0.4976,0.5999
7485,Tasos Kamateros,1.1214,2.3256,3.447
7486,Tate Darner,-0.7129,5.5567,4.8438
7487,Tate Laczkowski,1.6954,1.8929,3.5883
7488,Tate MacKenzie,-0.2689,-0.9876,-1.2565
7489,Tate McCubbin,1.8425,3.8573,5.6998
7490,Tate Ryder,0.0955,-0.6311,-0.5356
7491,Tate Sage,-0.7618,1.255,0.4933
7492,Tauris Watson,-1.6397,-1.0186,-2.6583
7493,Tavari Johnson,1.7467,4.577,6.3237
7494,Tavarus Webb,-1.7518,3.3316,1.5799
7495,Taveion White,2.6068,-0.7769,1.8299
7496,Tavi Jackson,1.5602,2.5331,4.0933
7497,Tavion Banks,2.2572,4.9461,7.2033
7498,Tay Knox,1.9383,-3.0728,-1.1345
7499,Tay Mosher,2.1729,-1.2457,0.9272
7500,Tay Smith,0.7382,1.3062,2.0444
7501,Taye Fields,0.7463,2.3341,3.0804
7502,Tayeshaun Smith,-0.9071,0.5471,-0.36
7503,Taylor Blanchard,0.2101,0.4664,0.6765
7504,Taylor Bol Bowen,2.8838,0.1135,2.9973
7505,Taymont Lindsey,-0.1991,0.3653,0.1662
7506,Tayon Sessoms,0.305,-0.6085,-0.3035
7507,Tayshawn Comer,2.6641,3.2057,5.8699
7508,Tayton Conerway,4.5575,4.8812,9.4386
7509,Te'Jon Sawyer,-1.8708,2.9158,1.045
7510,Teagan Moore,1.1849,7.321,8.5059
7511,Teddy Washington,1.9243,-0.3207,1.6036
7512,Tedrick Wilcox,-1.3316,0.2198,-1.1118
7513,Tegra Izay,0.704,-0.0213,0.6827
7514,Tekao Carpenter,0.6123,-0.3862,0.2261
7515,Tennessee Rainwater,-3.8166,2.7186,-1.098
7516,Teo Rice,3.7801,0.3458,4.126
7517,Terell Strickland,5.0089,-2.5798,2.429
7518,Terence Harcum,2.7277,3.4928,6.2205
7519,Terrance Arceneaux,7.5719,3.5985,11.1704
7520,Terrance Dixon,-0.2292,-1.1056,-1.3348
7521,Terrance Ford,1.9555,-0.0445,1.911
7522,Terrance Jones,0.6017,-0.2069,0.3948
7523,Terrance Thompson,-0.16,0.7069,0.5468
7524,Terrance Williams,-4.4038,0.2776,-4.1262
7525,Terrell Ard,0.9707,0.7347,1.7054
7526,Terrell Burden,-1.0133,-1.4772,-2.4904
7527,Terrell Gaines,0.2812,-0.6347,-0.3535
7528,Terrell Williams,2.1226,-2.8365,-0.7139
7529,Terren Frank,0.9866,-0.4278,0.5588
7530,Terrence Brown,3.3709,1.1876,4.5585
7531,Terrence Crawford,2.0173,0.5303,2.5476
7532,Terrence Edwards,5.6062,3.6894,9.2956
7533,Terrence Hargrove,-2.2287,4.919,2.6903
7534,Terrence Hill,1.42,4.5788,5.9988
7535,Terrence Lewis,-1.4932,1.7404,0.2472
7536,Terrence Shannon,1.773,5.9334,7.7064
7537,Terri Miller,5.4685,2.1202,7.5887
7538,Terrion Burgess,-0.9735,-0.9848,-1.9583
7539,Terrion Murdix,0.9332,3.056,3.9892
7540,Terry Anderson,4.6145,6.2182,10.8326
7541,Terry Copeland,-0.0648,0.1438,0.079
7542,Terry McMorris,1.9313,3.1351,5.0664
7543,Teshaundre Cole,1.2517,-0.4017,0.85
7544,Tevin Smith,2.4605,5.3,7.7605
7545,Tey Barbour,1.6122,3.688,5.3002
7546,Teysean Eaglestaff,-0.012,-0.0883,-0.1002
7547,Thatcher Stone,0.315,-3.9784,-3.6634
7548,Themus Fulks,3.3115,3.0915,6.403
7549,Theo Grant,-2.8334,-0.3023,-3.1357
7550,Theo Hughes,1.4362,-1.924,-0.4877
7551,Theo Pierre-Justin,-1.8984,-1.2736,-3.1721
7552,Theo Seng,3.053,3.4,6.453
7553,Theodore Pendergrass,0.0248,0.4954,0.5202
7554,Thiago Sucatzky,-2.1138,1.9585,-0.1553
7555,Thierno Sylla,4.7845,-1.506,3.2785
7556,Thierry Darlan,2.732,2.5195,5.2515
7557,Thijs De Ridder,5.6642,4.2003,9.8645
7558,Thokbor Majak,-0.0079,-0.131,-0.1389
7559,Thomas Bassong,0.2525,0.8903,1.1428
7560,Thomas Batties,2.0785,0.5214,2.5999
7561,Thomas Crowe,0.8931,-0.9119,-0.0188
7562,Thomas Curlee,-0.7707,-3.1818,-3.9525
7563,Thomas Dowd,4.0568,3.4786,7.5354
7564,Thomas Hall,-0.0963,0.3025,0.2062
7565,Thomas Hattan,0.5521,-0.962,-0.4098
7566,Thomas Haugh,4.6309,7.7486,12.3794
7567,Thomas Howell,-1.2618,-1.5877,-2.8495
7568,Thomas Kizer,-0.7004,-0.2376,-0.938
7569,Thomas Ndong,2.9332,-0.8993,2.034
7570,Thomas Oosterbroek,0.2373,0.5082,0.7454
7571,Thomas Sheida,0.3778,1.3519,1.7297
7572,Thomas Sorber,8.8891,0.7959,9.685
7573,Thomas Sutter,0.82,1.0033,1.8233
7574,Thomas Tillman,-0.1449,0.4935,0.3487
7575,Thomas Tut,1.9409,-2.3026,-0.3618
7576,Thomas Weaver,-0.5694,-1.4114,-1.9808
7577,Thompson Camara,0.1813,1.4823,1.6637
7578,Tibet Gorener,0.7785,0.7963,1.5748
7579,Tibor Mirtic,0.8517,1.2468,2.0985
7580,Tichyque Musaka,0.0973,-0.428,-0.3308
7581,Tidiane d'Almeida,1.5677,0.476,2.0437
7582,Tidjiane Dioumassi,0.0489,3.097,3.146
7583,Tiefing Diawara,-0.1077,-0.0252,-0.1329
7584,Tiger Booker,-1.2072,0.5033,-0.7039
7585,Tijan Saine,-0.3967,1.3626,0.9659
7586,Tim Ceaser,2.3817,0.6577,3.0394
7587,Tim Dalger,1.2039,0.8433,2.0472
7588,Tim Eze,-0.4847,1.5457,1.061
7589,Tim Franks,-0.8941,0.8465,-0.0477
7590,Tim Moore,-0.004,2.2439,2.2399
7591,Tim Oboh,1.2951,-4.1861,-2.891
7592,Tim Smith,-0.7668,4.5016,3.7348
7593,Timaris Brown,-0.7687,-0.2188,-0.9875
7594,Timeo Pons,-0.1716,-0.399,-0.5706
7595,Timmy Adedire,0.54,3.7551,4.2951
7596,Timmy Fasehun,0.8617,-0.4878,0.3738
7597,Timmy Kiggins,-0.1621,0.8189,0.6568
7598,Timo George,1.4661,-0.5218,0.9444
7599,Timofei Rudovskii,-1.0866,-1.3172,-2.4037
7600,Timotej Malovec,0.8181,2.3593,3.1775
7601,Timoty Knapp,0.6883,1.1105,1.7988
7602,Timoty van der Knaap,-0.8113,-0.7732,-1.5845
7603,Tishan Ahir,0.306,1.6826,1.9886
7604,Titas Sargiunas,2.318,3.6894,6.0075
7605,Tito Deng,0.7141,2.7357,3.4498
7606,Titus Wright,0.2703,-1.2686,-0.9983
7607,Titus Yearout,2.2166,-1.5221,0.6945
7608,Tobe Awaka,1.113,5.0852,6.1982
7609,Tobi Lawal,1.2016,0.9628,2.1644
7610,Tobin Schwannecke,0.8901,-5.7681,-4.878
7611,Toby Harris,-0.9378,1.0462,0.1083
7612,Toby Nnadozie,5.7103,0.1846,5.8949
7613,Toby Nwokolo,-0.1408,0.4782,0.3374
7614,Toby Okani,4.2624,-1.0659,3.1965
7615,Toby Onyekonwu,0.4237,-0.41,0.0138
7616,Todd Bieg,1.797,0.3092,2.1062
7617,Todd Brogna,1.5505,1.6,3.1505
7618,Todd Jones,0.305,1.061,1.366
7619,Todd Rochelle,-0.2107,0.4095,0.1988
7620,Tolu Samuels,0.8755,0.8927,1.7682
7621,Tolu Smith,0.3416,2.5045,2.8461
7622,Tom Beattie,3.568,0.4055,3.9734
7623,Tom House,1.0184,0.4078,1.4262
7624,Tom Mark,2.1341,1.3685,3.5026
7625,Tom Welch,2.7992,0.3308,3.1301
7626,Tomas Thrastarson,2.3587,0.6021,2.9608
7627,Tomas Valentiny,-0.1275,0.4985,0.371
7628,Tomislav Buljan,0.8016,2.5706,3.3722
7629,Tomislav Ivisic,3.186,4.8521,8.0381
7630,Tomiwa Sulaiman,5.7455,4.2974,10.0429
7631,Tommaso Ferraresi,-0.5181,0.162,-0.3561
7632,Tommie Lewis,1.2411,-0.5174,0.7237
7633,Tommie Williams,1.3141,-0.5781,0.736
7634,Tommy Bruner,1.1461,5.9739,7.12
7635,Tommy Conniff,-1.7205,-0.624,-2.3445
7636,Tommy Fryda,-0.0726,1.2739,1.2013
7637,Tommy Gankhuyag,2.5512,0.5323,3.0835
7638,Tommy Gardler,1.7726,-0.9467,0.8259
7639,Tommy Humphries,1.2443,0.5625,1.8068
7640,Tommy Kamarad,2.7566,-0.64,2.1165
7641,Tommy Pinegar,0.2457,-0.1906,0.0551
7642,Tone Hunter,0.6529,0.2524,0.9053
7643,Toneari Lane,-3.2017,5.3051,2.1034
7644,Tony Atkinson,-0.1815,-0.1865,-0.368
7645,Tony Carpio,0.2345,-1.3641,-1.1295
7646,Tony Duckett,2.8329,-0.835,1.9979
7647,Tony Felder,-0.22,0.5478,0.3278
7648,Tony Osburn,0.6383,4.8887,5.527
7649,Tony Perkins,2.66,4.3785,7.0384
7650,Tony Sanders,0.4742,-0.3491,0.1251
7651,Tony Toney,-2.1737,-1.0604,-3.2341
7652,Tony Williams,0.9599,2.362,3.3219
7653,Torey Alston,1.8582,3.2991,5.1573
7654,Torian Lee,2.2729,-0.3711,1.9018
7655,Torin Bosch,-0.1755,-1.0407,-1.2162
7656,Torr Sorensen,-0.3143,0.8611,0.5467
7657,Tory San Antonio,-2.4537,-0.679,-3.1327
7658,Toto Fagbenle,0.8095,-5.8113,-5.0017
7659,Touko Tainamo,-1.2594,3.8814,2.622
7660,Tounde Yessoufou,0.4028,2.0925,2.4953
7661,Townsend Tripple,0.3653,0.1812,0.5466
7662,Toyaz Solomon,-0.4777,3.4026,2.9249
7663,Tra'Michael Moton,-0.9164,-0.4463,-1.3627
7664,Trace Sadler,-0.5347,-0.4971,-1.0318
7665,Trace Salton,1.7281,-2.2919,-0.5638
7666,Trace Young,-0.827,-0.294,-1.121
7667,Tracy Steele,-0.3511,-1.1994,-1.5505
7668,Trae Benham,0.9614,4.2097,5.1711
7669,Trae Broadnax,1.6381,2.2189,3.857
7670,Trae English,1.475,-3.7133,-2.2383
7671,Trae Hannibal,0.2207,4.8739,5.0946
7672,Trae Taylor,2.2788,-0.2064,2.0723
7673,Traivar Jackson,-0.4103,-0.9495,-1.3598
7674,Tramon Mark,1.8212,6.1659,7.9872
7675,Trap Johnson,0.4718,-0.8158,-0.344
7676,Travis Evee,-0.8837,2.3788,1.4951
7677,Travis Gray,0.9446,-0.833,0.1116
7678,Travis Harper,0.4179,4.5505,4.9684
7679,Travis Perry,1.0622,1.3436,2.4058
7680,Travis Roberts,-2.4344,-2.5534,-4.9877
7681,Travonne Jackson,-0.1315,-0.1097,-0.2412
7682,Tray Jackson,0.795,0.3926,1.1876
7683,Trayvon Barbary,0.6861,0.152,0.8381
7684,Trazarien White,2.087,4.1408,6.2278
7685,Tre Beard,-7.7878,1.8732,-5.9147
7686,Tre Breland,0.703,0.3088,1.0118
7687,Tre Carroll,0.1698,2.2692,2.439
7688,Tre Coleman,4.5998,5.989,10.5888
7689,Tre Dinkins,-0.2794,4.1862,3.9068
7690,Tre Donaldson,4.2008,8.0834,12.2842
7691,Tre Green,-1.3578,4.6182,3.2605
7692,Tre Holloman,2.7932,3.5238,6.317
7693,Tre Jackson,2.0952,2.2444,4.3396
7694,Tre Johnson,3.1085,3.0308,6.1393
7695,Tre King,5.4458,1.7985,7.2443
7696,Tre Mitchell,3.3123,-0.7326,2.5798
7697,Tre Norman,3.891,-0.3259,3.5651
7698,Tre Singleton,1.1821,1.1193,2.3014
7699,Tre White,3.1458,0.9573,4.103
7700,Tre Williams,3.4108,-3.4943,-0.0835
7701,Tre Wood,-1.9975,-0.8074,-2.8049
7702,Tre' Williams,0.0639,0.8091,0.873
7703,Tre'Von Spillers,5.9899,4.2903,10.2802
7704,Tre'shawn Sheppard,0.5827,2.4476,3.0302
7705,Tre-Vaughn Minott,1.0266,1.2698,2.2964
7706,Trejon Ware,-2.1745,1.3201,-0.8544
7707,Trent Brown,2.6137,4.165,6.7787
7708,Trent Burns,-0.7396,-1.0737,-1.8133
7709,Trent Coleman,0.3425,-0.2038,0.1387
7710,Trent Edwards,2.6433,1.0776,3.7209
7711,Trent Hudgens,0.0946,0.0019,0.0965
7712,Trent Hundley,-2.432,-0.1868,-2.6188
7713,Trent Johnson,2.7292,0.6856,3.4148
7714,Trent Middleton,-0.1661,0.6044,0.4383
7715,Trent Mosquera,-0.415,0.5135,0.0985
7716,Trent Noah,2.9711,1.1876,4.1587
7717,Trent Perry,1.3486,2.7255,4.0741
7718,Trent Pierce,1.0758,3.6995,4.7753
7719,Trent Scott,2.0881,-2.5927,-0.5045
7720,Trent Sisley,2.3166,-0.621,1.6956
7721,Trent Steinour,0.2648,0.5553,0.8201
7722,Trent Stephney,1.7184,0.1451,1.8635
7723,Trenton Johnson,0.2388,0.9668,1.2055
7724,Trenton McLaughlin,-0.7293,3.639,2.9097
7725,Trenton Walters,-0.6285,-0.909,-1.5375
7726,Trevan Leonhardt,4.6224,3.3775,7.9999
7727,Trevian Carson,4.7326,6.8165,11.5491
7728,Trevian Tennyson,-1.0817,4.5678,3.4861
7729,Trevin Dorius,3.1542,1.0262,4.1803
7730,Trevin Jirak,-2.5412,1.1231,-1.4181
7731,Trevin Knell,2.772,5.7258,8.4978
7732,Trevion LaBeaux,-0.3742,0.075,-0.2992
7733,Trevon Blassingame,3.8728,0.5558,4.4287
7734,Trevon Brazile,1.8808,5.4753,7.3561
7735,Trevon Reddish-Rhone,-0.7698,-0.1966,-0.9664
7736,Trevon Stoutermire,-0.7892,-2.3808,-3.17
7737,Trevor Augustine,0.3241,-0.5474,-0.2233
7738,Trevor Barrett,0.5875,0.6563,1.2438
7739,Trevor Baskin,2.5382,3.6002,6.1384
7740,Trevor Best,-2.8966,1.0925,-1.8041
7741,Trevor Hennig,0.6904,1.4025,2.0929
7742,Trevor McBride,0.358,-0.5691,-0.2112
7743,Trevor Mullin,4.7905,4.8441,9.6346
7744,Trevor Smith,-3.6351,-3.2774,-6.9125
7745,Trevor Williams,0.7569,-0.1251,0.6317
7746,Trey Alexander,3.0236,4.2419,7.2655
7747,Trey Alfonso,0.4715,0.3471,0.8186
7748,Trey Anderson,0.9307,0.7269,1.6576
7749,Trey Autry,4.9742,6.625,11.5993
7750,Trey Boggess,0.5448,-0.2372,0.3076
7751,Trey Bonham,0.2416,4.9795,5.2211
7752,Trey Booker-Lowery,-0.3097,-0.931,-1.2407
7753,Trey Buchanan,1.6382,1.3881,3.0263
7754,Trey Calvin,1.5132,4.8037,6.317
7755,Trey Campbell,6.4405,2.8671,9.3076
7756,Trey Deveaux,0.4333,-1.6815,-1.2483
7757,Trey Edmonds,2.1097,-2.4309,-0.3212
7758,Trey Fort,-0.5567,0.6046,0.0479
7759,Trey Galloway,4.7036,6.1234,10.827
7760,Trey Green,-0.7582,2.9886,2.2304
7761,Trey Hall,1.1507,-2.8906,-1.7399
7762,Trey Hicks,-1.225,1.8811,0.6561
7763,Trey Horton,-0.2949,-2.1773,-2.4722
7764,Trey Jackson,-0.1211,-2.5087,-2.6298
7765,Trey James,0.0302,1.3299,1.3601
7766,Trey Kaufman-Renn,1.2327,7.7942,9.0268
7767,Trey Lewis,-0.4934,0.2576,-0.2359
7768,Trey McKenney,6.3392,6.3936,12.7328
7769,Trey Miller,2.13,-0.5062,1.6238
7770,Trey Moss,-0.8698,-3.1649,-4.0347
7771,Trey O'Neil,-0.9953,-2.1281,-3.1234
7772,Trey Parker,2.9595,0.0994,3.0589
7773,Trey Patterson,-1.1431,-2.6836,-3.8267
7774,Trey Perry,-2.4079,2.5432,0.1353
7775,Trey Pettigrew,-2.1574,-3.9709,-6.1284
7776,Trey Phipps,0.6556,1.9192,2.5749
7777,Trey Robinson,3.2109,0.3353,3.5462
7778,Trey Scott,0.7931,0.4737,1.2668
7779,Trey Simpson,-0.8301,3.6764,2.8463
7780,Trey Stewart,3.5945,1.4496,5.0441
7781,Trey Stuart,-0.3704,-0.3686,-0.739
7782,Trey Thomas,-1.6561,1.176,-0.4801
7783,Trey Townsend,-0.1042,0.9184,0.8142
7784,Trey Utter,-0.1855,-0.6909,-0.8764
7785,Trey Weiand,0.1983,0.5062,0.7045
7786,Trey Williams,-2.2293,3.3801,1.1508
7787,Trey Wilson,0.0505,-1.219,-1.1686
7788,Trey Woodyard,-0.7535,1.3753,0.6218
7789,Trey'Dez Green,-0.5491,0.1624,-0.3867
7790,Treyon Johnson,-0.6911,0.5474,-0.1436
7791,Treysen Eaglestaff,3.8362,2.3029,6.139
7792,Treyson Anderson,-1.2111,1.2736,0.0625
7793,Treyton Thompson,1.4813,-2.2066,-0.7252
7794,Tristan Arneaud,3.061,2.7324,5.7934
7795,Tristan Beckford,0.0156,0.7204,0.736
7796,Tristan Enaruna,2.0384,1.8561,3.8945
7797,Tristan Gross,1.5465,2.6587,4.2051
7798,Tristan How,-0.9435,0.0011,-0.9423
7799,Tristan Maxwell,-2.2566,-0.5322,-2.7887
7800,Tristan Moore,-1.3691,-1.736,-3.105
7801,Tristan Smith,3.8667,4.0151,7.8818
7802,Tristan Thompson,3.3302,0.2495,3.5797
7803,Tristan da Silva,3.6645,7.4509,11.1153
7804,Tristen Guillouette,-1.0414,0.1476,-0.8937
7805,Tristen Newton,3.3131,5.7631,9.0762
7806,Triston Wennersten,-0.9066,-2.4464,-3.353
7807,Triston Wilson,5.7349,4.6279,10.3628
7808,Troy Cicero,0.6608,-1.5547,-0.894
7809,Troy Cole,1.9632,-0.5193,1.444
7810,Troy D'Amico,1.0066,3.5471,4.5536
7811,Troy Glover,1.7243,1.0292,2.7535
7812,Troy Henderson,0.6813,-0.1391,0.5421
7813,Troy Hupstead,0.9021,0.8171,1.7192
7814,Troy Jenkins,-0.3955,-0.6939,-1.0895
7815,Troy McKoy,-0.0884,-1.3273,-1.4157
7816,Troy Plumtree,0.536,0.6548,1.1908
7817,Tru Washington,2.3889,4.5433,6.9323
7818,Truman Claytor,-1.9682,0.0096,-1.9586
7819,Truth Harris,-2.1246,1.7765,-0.3481
7820,Tryce Grensing,0.1115,-0.0597,0.0518
7821,Tsotne Tsartsidze,-0.5525,-0.6324,-1.1849
7822,Tsvet Sotirov,0.751,0.9928,1.7439
7823,Tuburu Naivalurua,-0.6398,2.5704,1.9306
7824,Tucker Anderson,0.4303,4.1147,4.545
7825,Tucker Bowman,-0.2512,0.2667,0.0155
7826,Tucker DeVries,3.4661,7.6966,11.1627
7827,Tucker Tornatta,0.6558,0.5825,1.2383
7828,Tunde Vahlberg Fasasi,4.0416,2.8501,6.8917
7829,Tuongthach Gatkek,5.3931,4.7541,10.1472
7830,Turner Buttry,-2.3111,4.4556,2.1445
7831,Turner Livingston,0.1886,-0.1337,0.0549
7832,Tuukka Jaakkola,-0.046,-6.0231,-6.0691
7833,Ty Berry,1.4308,3.2302,4.6609
7834,Ty Bevins,1.6155,-1.7565,-0.1409
7835,Ty Blake,-0.8487,-0.0863,-0.935
7836,Ty Davis,1.3612,0.9236,2.2848
7837,Ty Francis,-2.9454,-0.2409,-3.1863
7838,Ty Harper,-0.3951,2.3533,1.9582
7839,Ty Iwanonkiw,0.9797,0.0133,0.9929
7840,Ty Johnson,0.4407,2.0438,2.4845
7841,Ty Mosley,1.1222,-3.3358,-2.2135
7842,Ty Owens,1.0785,2.3456,3.4241
7843,Ty Pence,2.1807,-1.7522,0.4285
7844,Ty Price,1.5695,1.299,2.8685
7845,Ty Robinson,0.631,0.7727,1.4037
7846,Ty Rodgers,1.5193,3.577,5.0962
7847,Ty Tabales,0.808,0.9264,1.7344
7848,Ty'Reek Coleman,6.7206,1.5158,8.2364
7849,Ty-Laur Johnson,-0.3549,0.4025,0.0476
7850,Tybo Bailey,1.4447,-2.7361,-1.2914
7851,Tycen McDaniels,-0.6397,-1.6216,-2.2612
7852,Tye Dorset,2.1889,1.2226,3.4115
7853,Tyem Freeman,0.3919,1.1155,1.5074
7854,Tyeree Bryan,1.3188,2.5256,3.8444
7855,Tyje Kelton,0.2728,0.3352,0.608
7856,Tylan Lewis,1.2615,-0.3153,0.9462
7857,Tylan Pope,-2.0062,4.1421,2.1359
7858,Tylen Riley,1.2651,1.5438,2.8089
7859,Tyler Andrews,-0.88,-1.4434,-2.3234
7860,Tyler Beard,-0.2173,4.0678,3.8505
7861,Tyler Behrend,3.0065,7.148,10.1545
7862,Tyler Bertram,-0.5836,1.1115,0.5279
7863,Tyler Betsey,-0.8916,3.9867,3.0951
7864,Tyler Bey,2.7414,-4.1318,-1.3903
7865,Tyler Bike,2.7871,-1.9161,0.871
7866,Tyler Bilodeau,2.6828,4.3612,7.044
7867,Tyler Boston,-1.2719,0.4726,-0.7993
7868,Tyler Brelsford,-0.5344,-2.5215,-3.056
7869,Tyler Burton,4.1808,1.2074,5.3882
7870,Tyler Bush,0.6532,-0.0492,0.604
7871,Tyler Caron,-0.1504,-0.5916,-0.742
7872,Tyler Chatman,1.2664,1.6412,2.9076
7873,Tyler Cochran,3.3504,2.6234,5.9738
7874,Tyler Coleman,-1.1607,1.3768,0.2161
7875,Tyler Doyle,-0.2866,3.7084,3.4218
7876,Tyler Fearne,0.2538,-0.0963,0.1575
7877,Tyler Garrett,0.7876,1.4895,2.2771
7878,Tyler Harris,3.5239,1.8504,5.3743
7879,Tyler Hendricks,4.2798,5.4738,9.7536
7880,Tyler Henry,1.7799,-1.4756,0.3043
7881,Tyler Houser,1.9659,1.9116,3.8775
7882,Tyler Isaak,-1.3767,-0.9067,-2.2834
7883,Tyler Jamison,0.7632,1.3124,2.0756
7884,Tyler Johnson,3.0735,3.056,6.1296
7885,Tyler Jones,0.8015,0.6955,1.497
7886,Tyler King,1.4807,1.0177,2.4984
7887,Tyler Kolek,2.4469,4.0789,6.5258
7888,Tyler Kropp,-0.9311,1.8925,0.9614
7889,Tyler Linhardt,-2.6123,0.0782,-2.5341
7890,Tyler Lundblade,-2.5482,10.4221,7.8739
7891,Tyler Mack,-0.7358,-0.8777,-1.6135
7892,Tyler Mason,0.6201,0.1234,0.7435
7893,Tyler McGhie,1.2959,6.2517,7.5475
7894,Tyler McKinley,0.2395,-0.309,-0.0695
7895,Tyler Medaris,2.9385,-0.4562,2.4823
7896,Tyler Millin,-1.4289,2.089,0.6601
7897,Tyler Mrus,0.6975,4.6045,5.302
7898,Tyler Myers,1.2147,-1.5888,-0.3741
7899,Tyler Nickel,-0.1569,7.1762,7.0193
7900,Tyler Ode,-1.118,1.1299,0.0118
7901,Tyler Olden,0.6689,-0.398,0.271
7902,Tyler Patterson,3.332,4.2072,7.5392
7903,Tyler Perkins,3.8533,7.9567,11.81
7904,Tyler Powell,-0.8752,3.1309,2.2557
7905,Tyler Rice,4.6628,0.0924,4.7552
7906,Tyler Ringgold,1.484,-2.1212,-0.6372
7907,Tyler Robbins,1.6758,2.9508,4.6266
7908,Tyler Robertson,-1.8165,4.308,2.4915
7909,Tyler Robinett,1.3457,-1.1274,0.2182
7910,Tyler Rolison,2.8716,1.4929,4.3645
7911,Tyler Schmidt,1.2187,5.5018,6.7204
7912,Tyler Shirley,-2.7025,-3.559,-6.2615
7913,Tyler Simon,0.3974,1.1051,1.5025
7914,Tyler Spratt,-0.536,4.5478,4.0118
7915,Tyler Stephenson-Moore,2.3667,3.2093,5.576
7916,Tyler Tanner,2.0814,4.1869,6.2682
7917,Tyler Tejada,1.3892,3.2859,4.6751
7918,Tyler Thomas,2.6424,2.1708,4.8131
7919,Tyler Thompson,3.2422,5.4437,8.6859
7920,Tyler Wahl,4.2634,1.4418,5.7052
7921,Tyler Weaver,0.1545,-0.0089,0.1457
7922,Tyler Whitney-Sidney,0.5353,1.9157,2.451
7923,Tylik Weeks,1.5599,3.0138,4.5738
7924,Tylor Perry,1.1797,-0.0326,1.1471
7925,Tymo Sternicki,0.2338,0.0344,0.2681
7926,Tymu Chenery,0.8478,1.9815,2.8293
7927,Tyon Grant-Foster,3.8875,4.0189,7.9064
7928,Tyonne Farrell,2.6408,1.148,3.7888
7929,Tyran Cook,-3.364,-1.5636,-4.9276
7930,Tyran Mason,0.22,0.9335,1.1535
7931,Tyre Patterson,0.9428,-0.27,0.6728
7932,Tyrece Radford,-1.0512,3.9574,2.9062
7933,Tyreck Morris,-3.7679,2.0023,-1.7656
7934,Tyree Davis,-0.9874,0.8707,-0.1168
7935,Tyree Ihenacho,0.199,2.2047,2.4037
7936,Tyreek Smith,2.1202,1.5501,3.6703
7937,Tyreese Watson,-2.6104,0.2778,-2.3326
7938,Tyreke Locure,2.9026,-0.6207,2.2818
7939,Tyrel Bladen,3.1724,0.8097,3.9821
7940,Tyrel Morgan,0.2797,5.7066,5.9863
7941,Tyrell Jones,3.9491,0.5692,4.5183
7942,Tyrell Ward,1.4003,2.817,4.2172
7943,Tyrell Yates,0.1288,0.1067,0.2355
7944,Tyren Moore,-0.4422,4.9724,4.5302
7945,Tyrese Elliott,-0.1062,-0.4667,-0.5729
7946,Tyrese Hughey,1.9406,-0.541,1.3997
7947,Tyrese Hunter,5.0404,3.8724,8.9127
7948,Tyrese Jenkins,-0.5893,1.1052,0.5159
7949,Tyrese Proctor,5.2042,7.8915,13.0957
7950,Tyrese Samuel,-1.2638,-0.3163,-1.5801
7951,Tyriek Weeks,0.5977,-1.3408,-0.7431
7952,Tyrin Jones,-0.052,4.2984,4.2463
7953,Tyrin Lawrence,2.2967,3.2588,5.5555
7954,Tyrique Brooks,0.0738,1.0557,1.1294
7955,Tyrone Marshall,1.9688,1.0478,3.0165
7956,Tyrone Riley,5.732,6.5287,12.2606
7957,Tyrone Williams,0.7696,-0.2876,0.482
7958,Tyruse Boock,0.2008,-0.0398,0.161
7959,Tyshawn Archie,-0.5648,0.56,-0.0048
7960,Tyson Acuff,-0.1334,3.2881,3.1547
7961,Tyson Brown,0.1228,-2.6707,-2.5478
7962,Tyson Commander,-3.3325,0.2224,-3.1101
7963,Tyson Degenhart,5.4051,5.7427,11.1478
7964,Tyson Dunn,0.2319,-1.7301,-1.4982
7965,Tyson Garff,-2.3892,1.0741,-1.3151
7966,Tyson Jackson,-1.618,0.5638,-1.0542
7967,Tyson Oghene,-0.028,-0.5772,-0.6052
7968,Tyson Walker,4.9778,4.4732,9.451
7969,Tytan Anderson,3.0189,6.5423,9.5613
7970,Tytan Newton,1.4772,-2.5286,-1.0513
7971,Tyzhaun Claude,-1.0728,2.2555,1.1827
7972,Ubong Abasi Etim,0.5131,-1.1121,-0.599
7973,Ubong Okon,6.519,-1.0708,5.4481
7974,Uchenna Kellman-Nicholes,-0.3797,-2.9727,-3.3524
7975,Ugnius Jarusevicius,1.6921,1.2202,2.9123
7976,Ugonna Onyenso,1.0711,0.5541,1.6251
7977,Unisa Turay,2.2813,-1.2527,1.0286
7978,Urban Klavzar,1.7886,6.5134,8.302
7979,Uriah Tenette,5.6628,3.7518,9.4146
7980,Uriyah Rojas,1.9435,2.4742,4.4177
7981,Uros Paunovic,0.0168,-0.4916,-0.4748
7982,Uzziah Buntyn,0.639,3.0112,3.6502
7983,VJ Edgecombe,2.3857,1.2176,3.6034
7984,VJ Reeves,-0.8556,-0.7255,-1.5811
7985,Valentin Catt,1.2374,-1.778,-0.5407
7986,Valentino Pinedo,0.1684,2.8001,2.9685
7987,Valentino Simon,-0.5373,2.2295,1.6921
7988,Vangelis Zougris,-0.4131,2.7279,2.3149
7989,Varick Lewis,-0.057,-2.4632,-2.5203
7990,Vasean Allette,2.1906,0.9365,3.1271
7991,Vasilije Kuridza,-0.2424,0.291,0.0486
7992,Vasilije Serafimoski,0.1861,0.0569,0.243
7993,Vasilije Vucinic,2.4755,-0.7221,1.7534
7994,Vasja Pandza,3.477,-1.4543,2.0227
7995,Vason Stevenson,-0.6543,0.0399,-0.6145
7996,Vaughn Weems,1.0797,3.0296,4.1093
7997,Veljko Ilic,3.2614,1.1855,4.4469
7998,Ven-Allen Lubin,0.6419,3.9554,4.5973
7999,Veniamin Abosi,3.7224,4.127,7.8493
8000,Vernon Collins,3.3318,-1.6103,1.7215
8001,Vianney Salatchoum,3.2938,-2.1404,1.1534
8002,Vic Searls,4.5273,2.2557,6.7831
8003,Vice Zanki,0.7986,-0.803,-0.0044
8004,Victor Hart,0.6682,-0.6217,0.0465
8005,Victor Iwuakor,3.5471,2.4017,5.9488
8006,Victor Panov,6.0257,2.5899,8.6157
8007,Victor Payne,-0.4363,2.0885,1.6521
8008,Victor Valdes,-0.2278,-0.1072,-0.335
8009,Victory Naboya,-0.433,-2.6934,-3.1263
8010,Victory Onuetu,0.1912,1.9282,2.1194
8011,Viktor Lakhin,4.9581,5.2769,10.235
8012,Viktor Mikic,-0.3985,-0.4412,-0.8397
8013,Viktor Rajkovic,0.4282,-0.4623,-0.034
8014,Viljami Vartiainen,-0.2324,4.1059,3.8735
8015,Villiam Garcia Adsten,-0.4696,-3.9266,-4.3962
8016,Vince Barringer,0.3514,-0.0475,0.3039
8017,Vince Buzelis,0.306,-0.862,-0.556
8018,Vince Dawson,1.5098,2.7956,4.3054
8019,Vincent Brady,0.3045,0.1149,0.4194
8020,Vincent Delano,-3.3096,-0.5598,-3.8694
8021,Vincent Iwuchukwu,4.0909,-0.1881,3.9028
8022,Vincent Lee,-3.86,0.7755,-3.0845
8023,Vincent Neugebauer,0.9231,1.9758,2.8989
8024,Vincent Ricchiuti,0.0777,0.5549,0.6326
8025,Vinko Polovic,-0.2666,-0.4245,-0.6911
8026,Vito Perkovic,-1.0265,-0.1168,-1.1434
8027,Vladimer Salaridze,1.3463,3.2012,4.5475
8028,Vladimir Khryapa,3.696,-3.5591,0.1369
8029,Vladimir Pavlovic,0.1344,-2.5588,-2.4243
8030,Vladimir Sudar,-1.8987,0.7562,-1.1425
8031,Vladislav Goldin,2.9171,4.8583,7.7754
8032,Volodymyr Markovetskyy,0.2877,-1.2189,-0.9312
8033,VonCameron Davis,1.5756,1.3077,2.8833
8034,Vonterius Woolbright,1.7259,2.812,4.5379
8035,Vuk Boskovic,-1.8277,3.197,1.3694
8036,Vukasin Masic,-1.1012,1.7757,0.6745
8037,Vukasin Todorovic,-0.1264,0.5982,0.4717
8038,Vyctorius Miller,2.0596,4.0783,6.1378
8039,Vytautas Zygas,-3.1886,-2.0656,-5.2542
8040,Wade Chiddick,0.0712,-0.0901,-0.0189
8041,Wade Neyland,-0.4012,0.3795,-0.0218
8042,Wade Taylor,4.9449,5.5398,10.4846
8043,Waka Mbatch,0.9736,-0.3736,0.5999
8044,Walker Andrews,3.923,-0.0352,3.8878
8045,Walker Asp,-0.3271,0.1953,-0.1317
8046,Walker Horn,0.5855,0.0735,0.659
8047,Walker Timme,-0.5668,-0.1802,-0.747
8048,Walt Andrews,1.6998,-3.1403,-1.4405
8049,Walter Brown,0.3868,3.9845,4.3713
8050,Walter Clayton,3.0427,8.1013,11.144
8051,Walter Hamilton,0.0775,-2.5426,-2.4651
8052,Walyn Napper,0.7572,1.7268,2.484
8053,Warren Marshall,-0.3522,-1.2454,-1.5976
8054,Warren Washington,2.0873,3.4842,5.5715
8055,Warren Yeh,-1.3485,1.4369,0.0884
8056,Wayne Bristol,1.7424,1.7825,3.5249
8057,Wayne McKinney,2.6823,0.3762,3.0585
8058,Wei Lin,-0.1588,-0.6382,-0.797
8059,Weilun Zhao,-0.9131,-0.1468,-1.0599
8060,Wes Enis,0.528,2.5547,3.0826
8061,Wes Peterson,-0.3604,-0.5426,-0.903
8062,Wes Rubin,-0.84,-0.4449,-1.2849
8063,Wesley Cardet,-0.7181,2.4923,1.7742
8064,Wesley Celichowski,2.1652,-1.4847,0.6805
8065,Wesley Fields,1.9384,1.7573,3.6958
8066,Wesley Johnson,0.211,-0.6178,-0.4068
8067,Wesley Oba,3.9927,-0.0381,3.9546
8068,Wesley Robinson,1.39,2.4764,3.8664
8069,Wesley Yates,0.2045,4.9235,5.128
8070,Weston Aigner,0.0272,-2.162,-2.1347
8071,Weston Church,-0.0228,-0.5643,-0.587
8072,Weston Coggeshall,0.221,-0.2229,-0.0018
8073,Wheza Panzo,2.8667,2.6675,5.5342
8074,Wil Tattersall,1.3914,0.5892,1.9806
8075,Wildens Leveque,0.4325,-1.9818,-1.5493
8076,Wilder Evers,-1.0323,-1.2488,-2.281
8077,Wilguens Jr Exacte,1.7539,-0.6756,1.0783
8078,Wilhelm Breidenbach,1.5264,-0.6329,0.8935
8079,Will Allen,3.8825,-1.5727,2.3098
8080,Will Amica,0.789,-1.4788,-0.6897
8081,Will Ashford,-1.0983,-0.4181,-1.5164
8082,Will Baker,0.9539,1.0617,2.0156
8083,Will Batchelder,-1.2981,-0.8718,-2.1699
8084,Will Berg,4.1345,4.837,8.9715
8085,Will Coble,1.2656,-0.0061,1.2595
8086,Will Cooper,-0.7389,-0.3111,-1.0501
8087,Will Eames,2.136,1.1082,3.2442
8088,Will Eggemeier,0.0939,-0.209,-0.1151
8089,Will Felton,-0.8756,1.6243,0.7486
8090,Will Garlock,-1.2425,1.1429,-0.0996
8091,Will Gibson,-0.6039,-0.156,-0.7599
8092,Will Hanke,0.1787,-0.0516,0.1271
8093,Will Harper,-1.0176,1.0321,0.0145
8094,Will Heimbrodt,4.1449,0.5525,4.6973
8095,Will Henderson,0.8796,0.056,0.9355
8096,Will Hornseth,0.9196,-0.0207,0.8989
8097,Will James,1.3107,3.1671,4.4778
8098,Will Johnston,-1.9617,6.0352,4.0735
8099,Will Kuykendall,0.1823,0.0647,0.247
8100,Will Landram,-0.5037,-0.3342,-0.8378
8101,Will Lange,-0.836,-0.4063,-1.2423
8102,Will Lovings-Watts,0.6491,-0.0456,0.6035
8103,Will Maxwell,0.5373,-0.0027,0.5346
8104,Will McClendon,1.0294,4.2777,5.3071
8105,Will McNair,1.2684,0.4465,1.7149
8106,Will Menaugh,-0.3009,0.4527,0.1518
8107,Will Moore,0.1631,-0.9017,-0.7386
8108,Will Mortimore,1.2209,-1.2294,-0.0085
8109,Will Pruitt,1.1933,3.0448,4.2381
8110,Will Ramberg,0.1146,-0.1818,-0.0671
8111,Will Richard,3.5612,6.1031,9.6643
8112,Will Richardson,1.9102,-2.2756,-0.3654
8113,Will Riley,3.0462,6.5081,9.5543
8114,Will Rywolt,-0.0353,0.7836,0.7483
8115,Will Shaver,0.0285,-0.3515,-0.323
8116,Will Shortt,0.596,-1.1479,-0.5519
8117,Will Smythe,-0.3295,0.2289,-0.1006
8118,Will Soucie,2.119,2.3632,4.4822
8119,Will Sydnor,-0.1377,-0.0269,-0.1646
8120,Will Thengvall,-0.414,-0.2716,-0.6856
8121,Will Thomas,-1.1557,3.5183,2.3626
8122,Will Tschetter,0.9306,6.1234,7.054
8123,Will Underwood,-0.1224,0.0078,-0.1146
8124,William Ball,-0.6111,-1.5793,-2.1904
8125,William Campbell,0.9487,0.3107,1.2595
8126,William Humer,0.3312,2.2775,2.6087
8127,William Jeffress,2.1517,0.6746,2.8263
8128,William Kermoury,-0.2467,4.4199,4.1732
8129,William Kruse,-0.095,1.1851,1.0901
8130,William Kutzler,0.2351,0.346,0.5812
8131,William Kyle,0.4444,2.5989,3.0433
8132,William Reynolds,-0.8853,1.1628,0.2775
8133,William Scott,-0.1095,-1.7075,-1.817
8134,William Tavares,1.3054,-1.3892,-0.0837
8135,William Whorton,1.7946,-0.2581,1.5365
8136,Willie Anderson,-2.8794,-2.9105,-5.7899
8137,Willie Lightfoot,-0.4521,-1.2737,-1.7258
8138,Willie Williams,1.2735,2.2644,3.5379
8139,Wilson Dubinsky,4.1049,4.5149,8.6198
8140,Wilson Jacques,2.425,2.3056,4.7306
8141,Win Miller,0.2421,-4.143,-3.9008
8142,Winston Hill,3.8729,-0.559,3.3139
8143,Winters Grady,0.8755,-0.655,0.2205
8144,Wisler Sanon,1.8791,-1.7548,0.1243
8145,Woody Newton,5.2431,0.9157,6.1588
8146,Wooga Poplar,1.2815,2.5958,3.8774
8147,Wrenn Robinson,-0.2714,0.4067,0.1353
8148,Wyatt Boeker,-0.0918,0.2021,0.1104
8149,Wyatt DeGraaf,2.3832,-1.1314,1.2518
8150,Wyatt Fricks,2.8153,1.1286,3.9438
8151,Wyatt Nausadis,1.719,0.306,2.0249
8152,Wylee Delorme,-3.1943,1.8557,-1.3385
8153,Wynston Tabbs,-3.1769,-0.2903,-3.4672
8154,Xaivian Lee,2.6907,3.3837,6.0744
8155,Xander Alarie,0.7689,-0.4795,0.2894
8156,Xander Pintelon,1.6195,3.9914,5.6109
8157,Xander Rice,3.4985,1.9987,5.4972
8158,Xander Wedlow,0.4252,-1.0161,-0.5909
8159,Xavier Abreu,-3.0395,1.5921,-1.4473
8160,Xavier Amos,1.9929,4.5803,6.5733
8161,Xavier Ball,0.8937,-2.2906,-1.3969
8162,Xavier Bell,0.9129,2.2346,3.1476
8163,Xavier Bledson,1.3419,6.2616,7.6036
8164,Xavier Booker,0.2723,-0.5267,-0.2545
8165,Xavier Brown,3.3811,4.8062,8.1872
8166,Xavier Cork,-1.1188,2.3641,1.2453
8167,Xavier DuSell,-0.7627,2.1567,1.394
8168,Xavier Edmonds,1.1908,4.2982,5.4889
8169,Xavier Foster,0.6978,-1.5306,-0.8328
8170,Xavier Glenn,-1.7387,0.3584,-1.3802
8171,Xavier Hall,1.0361,-1.4223,-0.3862
8172,Xavier Istomin-Monroe,1.2991,0.312,1.6111
8173,Xavier Johnson,3.3157,1.1252,4.4408
8174,Xavier Lipscomb,-1.1027,1.7871,0.6844
8175,Xavier McKelvy,1.2326,-2.2656,-1.0331
8176,Xavier Nesbitt,3.4712,-1.0013,2.4699
8177,Xavier Sykes,1.0369,-1.7158,-0.6789
8178,Xavier Thomas,-1.0218,0.6319,-0.3899
8179,Xavion Brown,4.6554,2.0265,6.6819
8180,Xavion Staton,-0.8107,0.1607,-0.65
8181,Xinyi Li,-1.6526,-1.7006,-3.3532
8182,Xzavier Lino,0.3752,0.3299,0.7051
8183,Xzavier Long,1.1369,-1.6804,-0.5435
8184,Xzavion Mitchell,-0.5495,0.2603,-0.2891
8185,Xzayvier Brown,0.5662,3.3398,3.9059
8186,Yaak Yaak,0.1077,0.1533,0.261
8187,Yacine Toumi,2.5173,-1.6269,0.8905
8188,Yakhya Diop,1.3366,0.5588,1.8954
8189,Yame Butler,2.3812,2.8222,5.2034
8190,Yancarlos Cueto,0.3738,-0.5093,-0.1355
8191,Yanic Konan Niederhauser,3.2991,2.1508,5.4499
8192,Yaniel Rivera,-0.0421,-1.035,-1.0771
8193,Yanis Bamba,-0.3474,-0.3468,-0.6943
8194,Yann Farell,-0.6975,5.5864,4.8889
8195,Yaphet Moundi,2.0749,0.1201,2.195
8196,Yaqub Mir,0.4911,-0.2318,0.2592
8197,Yarin Hasson,-0.0159,0.6508,0.6349
8198,Yassine Gharram,-2.3211,-2.3441,-4.6652
8199,Yaw Obeng-Mensah,-1.6579,3.5082,1.8503
8200,Yaxel Lendeborg,4.4607,11.2375,15.6982
8201,Yaya Keita,0.2096,-1.9101,-1.7006
8202,Yoav Berman,1.9147,0.1019,2.0165
8203,Yoda Oke,0.9177,-1.7091,-0.7915
8204,Yohan Traore,-4.3501,-0.4915,-4.8416
8205,Yohann Sissoko,-0.6077,3.6945,3.0868
8206,Yonatan Levy,-1.5727,0.4838,-1.0889
8207,Yoro Diallo,2.4642,-0.1429,2.3213
8208,Youri Fritz,4.671,2.2047,6.8758
8209,Yousouf Timera,0.6954,-3.2626,-2.5672
8210,Youssef Khayat,-0.5755,2.5811,2.0056
8211,Youssouf Singare,0.4379,-0.1841,0.2537
8212,Yulian Ramirez-Montero,2.012,-1.9847,0.0273
8213,Yuri Covington,2.1829,2.5412,4.7241
8214,Yusef Salih,0.793,0.6075,1.4004
8215,Yussif Basa-Ama,1.776,1.2167,2.9927
8216,Yusuf Jihad,0.4821,0.7381,1.2202
8217,Yuto Kawashima,1.9815,0.8673,2.8487
8218,Yuto Yamanouchi-Williams,-2.4031,-2.7962,-5.1993
8219,Yuval Levin,1.0976,1.0449,2.1425
8220,Yvan Ouedraogo,3.3669,1.8486,5.2155
8221,Yvens Paul,0.958,1.1796,2.1376
8222,Yves Missi,0.4797,3.6856,4.1652
8223,Yves Nkomba,1.4877,-2.1193,-0.6316
8224,Zaakir Sawyer,0.5736,2.0633,2.6368
8225,Zaakir Williamson,1.3704,-0.2869,1.0835
8226,Zac Ervin,-2.1197,1.2999,-0.8198
8227,Zac Foster,1.9949,2.451,4.4459
8228,Zac Jennings,1.8161,-1.2456,0.5705
8229,Zacch Wiggins,-0.1294,2.103,1.9736
8230,Zach Anderson,2.2486,3.7723,6.0209
8231,Zach Bell,-1.2169,-2.6635,-3.8804
8232,Zach Bloch,-0.3839,6.5554,6.1715
8233,Zach Brooker,-0.1736,-0.1236,-0.2972
8234,Zach Christian,0.1159,-0.4373,-0.3214
8235,Zach Clemence,1.7811,1.5309,3.312
8236,Zach Cleveland,2.7659,3.6606,6.4266
8237,Zach Davis,1.6456,1.7113,3.3569
8238,Zach Day,0.8436,-0.1466,0.6969
8239,Zach Edey,5.26,6.9928,12.2528
8240,Zach Freemantle,4.8829,1.4479,6.3308
8241,Zach Gonsoulin,1.5582,1.1808,2.7391
8242,Zach Halligan,1.6187,0.0118,1.6305
8243,Zach Hayn,0.394,-0.2351,0.1589
8244,Zach Hicks,4.4113,2.8995,7.3108
8245,Zach Howell,-0.1954,-0.2903,-0.4857
8246,Zach Iyeyemi,2.0255,-1.0803,0.9452
8247,Zach Keller,2.6616,-0.3811,2.2806
8248,Zach Kinziger,1.8022,-0.523,1.2792
8249,Zach Kraft,0.3145,1.4092,1.7237
8250,Zach Lamey,1.2777,2.0244,3.3021
8251,Zach Laput,0.135,2.6168,2.7518
8252,Zach Lezanic,0.5122,-0.3882,0.124
8253,Zach Loveday,0.5361,-0.8705,-0.3343
8254,Zach Martini,3.4016,4.7158,8.1174
8255,Zach Matulu,-0.1833,-2.1695,-2.3528
8256,Zach Reed,0.6155,-8.7846,-8.1691
8257,Zach Reinhart,-2.7495,-1.1003,-3.8498
8258,Zach Riley,-0.375,-0.3203,-0.6954
8259,Zach Rocco,0.6715,-0.828,-0.1565
8260,Zach Tow,0.374,-0.0792,0.2947
8261,Zachariah Mianab,0.0357,-0.1769,-0.1412
8262,Zachary Davis,2.3748,4.7161,7.0909
8263,Zachary Johnson,-0.6468,0.0454,-0.6014
8264,Zachary Jones,-0.0099,-0.1559,-0.1658
8265,Zachary Royster,0.7775,-0.458,0.3195
8266,Zachary Visentin,1.7281,0.7647,2.4929
8267,Zachiah Clark,0.3586,0.5635,0.9221
8268,Zack Austin,0.9586,3.9305,4.8891
8269,Zack Davidson,1.4311,-2.669,-1.2379
8270,Zack Markus,1.8863,1.5133,3.3996
8271,Zack Scherler,-1.4481,-0.9343,-2.3824
8272,Zae Blake,-2.3499,0.1913,-2.1586
8273,Zahad Munford,0.0192,0.6509,0.6701
8274,Zahree Harrison,-2.9053,-2.0003,-4.9056
8275,Zaide Lowery,1.2074,-0.1925,1.0149
8276,Zaire Hayes,-3.4867,-0.5936,-4.0803
8277,Zaire Williams,0.9961,2.3944,3.3905
8278,Zak Abdalla,0.5666,-0.342,0.2246
8279,Zakai Zeigler,5.5024,8.1568,13.6592
8280,Zamoku Weluche-Ume,-1.3166,1.855,0.5384
8281,Zander Carter,2.6584,-0.0707,2.5877
8282,Zander Yates,-0.9795,2.6766,1.6971
8283,Zane Adnan,1.3861,2.3105,3.6966
8284,Zane Butler,-2.295,2.0138,-0.2812
8285,Zane Doughty,0.9901,-0.3911,0.5989
8286,Zane Griffin,-0.2002,-0.015,-0.2151
8287,Zane Harbaugh,-0.1453,-0.2,-0.3453
8288,Zane Meeks,0.5547,0.0358,0.5905
8289,Zane Nelson,1.4712,3.2376,4.7088
8290,Zaon Collins,0.189,3.4332,3.6223
8291,Zarique Nutter,-0.8695,-1.8941,-2.7637
8292,Zavian McLean,2.9697,3.2101,6.1798
8293,Zavier Banks,-0.3539,-0.3584,-0.7123
8294,Zavier Fitch,3.3319,0.5822,3.9142
8295,Zawdie Jackson,3.1459,3.7192,6.8651
8296,Zaxton King,1.8841,-0.0338,1.8503
8297,Zayden High,-0.0396,-2.3531,-2.3927
8298,Ze'rik Onyema,0.2177,-1.3086,-1.0909
8299,Zeb Jackson,4.0877,4.7508,8.8385
8300,Zed Key,0.0047,3.2134,3.218
8301,Zee Hamoda,2.3454,0.198,2.5434
8302,Zek Montgomery,4.5913,2.2052,6.7965
8303,Zek Tekin,-1.096,-0.6866,-1.7826
8304,Zeke Cook,0.0603,-1.4402,-1.3799
8305,Zeke Mayo,4.272,3.4467,7.7187
8306,Zeplin Kidd,0.9332,0.5762,1.5093
8307,Zhuric Phelps,2.9743,3.2722,6.2465
8308,Ziare Wells,1.255,2.4619,3.7169
8309,Zid Powell,2.0599,0.578,2.6379
8310,Ziggy Reid,1.9268,4.5885,6.5154
8311,Zimi Nwokeji,0.4864,1.6777,2.1641
8312,Zine Eddine Bedri,1.9122,1.375,3.2872
8313,Zio Kim,0.9118,-0.3974,0.5144
8314,Zion Bethea,-1.7172,-3.9821,-5.6992
8315,Zion Cruz,-0.9939,2.075,1.0812
8316,Zion Fruster,1.9235,-0.2051,1.7184
8317,Zion Harmon,0.1985,-0.364,-0.1654
8318,Zion Pipkin,0.481,0.4963,0.9772
8319,Zion Richardson,-2.5578,2.4763,-0.0815
8320,Zion Russell,1.7282,-2.0478,-0.3195
8321,Zion Sensley,-0.6478,4.0214,3.3735
8322,Zion Stanford,0.057,2.5134,2.5704
8323,Zion Walker,-1.7149,0.3069,-1.408
8324,Zion Wilburn,1.2044,0.4829,1.6873
8325,Zion Willburn,-1.8734,-0.716,-2.5894
8326,Zion Young,-2.9197,1.2404,-1.6793
8327,Zocko Littleton,2.6179,-2.1231,0.4948
8328,Zondrick Garrett,2.2091,-1.8003,0.4089
8329,Zoom Diallo,1.5922,5.7569,7.3491
8330,Zubayr Griffin,-0.3268,-0.0073,-0.3341
8331,Zuby Ejiofor,6.0525,5.7624,11.8149
8332,Zvonimir Ivisic,5.3698,5.1515,10.5213
8333,Zy Wright,0.2992,2.592,2.8912
8334,Zyair Greene,-1.1227,0.6423,-0.4804
8335,Zyier Beverly,1.1628,-3.0062,-1.8434
8336,Zyon Pullin,0.8524,2.1182,2.9706
8337,Zytarious Mortle,2.2413,-0.2928,1.9485
