,player,DRAPM,ORAPM,Total_RAPM
0,A'lahn Sumler,-2.2168,5.31,3.0932
1,AB Coulibaly,-2.4053,-1.5656,-3.9709
2,AC Bryant,-2.8525,6.3398,3.4873
3,AD Diedhiou,-0.9888,-0.3015,-1.2903
4,AJ Allenspach,-2.8109,2.0018,-0.8091
5,AJ Barnes,-0.8529,1.1519,0.299
6,AJ Bates,-1.8032,4.546,2.7428
7,AJ Braun,-0.4603,2.2441,1.7838
8,AJ Brown,-1.576,3.1779,1.6018
9,AJ Burgin,-1.7494,2.9037,1.1544
10,AJ Cajuste,-0.7667,2.1818,1.4151
11,AJ Casey,-0.7818,2.9311,2.1493
12,AJ Clark,0.6591,-1.6573,-0.9982
13,AJ Clayton,0.6025,6.8217,7.4243
14,AJ Dancler,-4.363,3.0964,-1.2666
15,AJ Dent,-0.8154,0.1642,-0.6513
16,AJ Dybantsa,1.4252,11.2089,12.6342
17,AJ Economou,-0.7266,-2.0485,-2.775
18,AJ Ferguson,-0.0868,3.646,3.5593
19,AJ Fowler,-0.2768,-0.2052,-0.482
20,AJ George,-3.8055,4.7326,0.9272
21,AJ Hoggard,0.7187,4.706,5.4247
22,AJ Hopkins,1.1231,-1.7111,-0.588
23,AJ Hoynack,-0.768,-0.1668,-0.9347
24,AJ LaBeau,-0.2254,-0.2229,-0.4482
25,AJ Levine,0.1486,-0.7964,-0.6478
26,AJ Lopez,-4.0566,3.7731,-0.2836
27,AJ Lux,-0.4809,-1.5493,-2.0302
28,AJ Magbegor,-0.2069,-1.993,-2.1999
29,AJ McBride,-0.5121,-0.1606,-0.6727
30,AJ McGinnis,-2.576,3.0799,0.5039
31,AJ McKee,-1.6773,4.0564,2.379
32,AJ Neal,-3.0909,-0.2207,-3.3116
33,AJ Patterson,-1.632,-3.1957,-4.8277
34,AJ Redd,-0.6485,-0.7283,-1.3769
35,AJ Riggs,0.2993,0.5494,0.8486
36,AJ Robinson,-0.2917,-0.3014,-0.5932
37,AJ Rodriguez,-0.351,-0.3532,-0.7042
38,AJ Rohosy,-0.7905,2.7951,2.0045
39,AJ Shaw,-1.294,-0.7047,-1.9987
40,AJ Smith,-1.9573,5.5707,3.6134
41,AJ Staton-McCray,-0.8956,4.1497,3.2542
42,AJ Storr,-3.3147,4.158,0.8433
43,AJ Swinton,0.303,1.9582,2.2612
44,AJ Thomas,-1.3438,-1.3829,-2.7267
45,AJ Wills,-3.5159,0.397,-3.1189
46,AK Fihla,-0.1653,-0.0663,-0.2316
47,AK Okereke,-0.091,6.83,6.739
48,Aa'reyon Munir-Jones,-1.021,2.267,1.2459
49,Aamer Muhammad,-1.471,1.7615,0.2905
50,Aanen Moody,-1.2979,6.9147,5.6168
51,Aaron Bradshaw,1.3063,3.7999,5.1062
52,Aaron Cash,0.8995,3.6855,4.5851
53,Aaron Clark,-2.8506,3.5628,0.7121
54,Aaron Clarke,-0.9443,3.273,2.3288
55,Aaron Cooley,-1.5526,0.7229,-0.8297
56,Aaron Davis,-3.7647,1.5343,-2.2304
57,Aaron Deloney,-0.1316,3.717,3.5854
58,Aaron Estrada,0.7221,8.7645,9.4865
59,Aaron Fine,-0.6791,-0.1402,-0.8193
60,Aaron Franklin,-2.5502,2.3672,-0.183
61,Aaron Gray,-2.7455,1.3112,-1.4343
62,Aaron Harden,-0.4935,-1.0792,-1.5728
63,Aaron Humphrey,-0.2418,0.0001,-0.2417
64,Aaron Hunkin-Claytor,1.4448,1.2504,2.6951
65,Aaron Jacob,-1.1621,0.7984,-0.3636
66,Aaron McBride,3.2633,3.2948,6.5581
67,Aaron Nkrumah,-0.4852,5.5458,5.0606
68,Aaron Oh,-0.6455,-0.4871,-1.1326
69,Aaron Potter,0.204,1.4574,1.6614
70,Aaron Powell,-1.0364,-1.427,-2.4634
71,Aaron Price,-1.8795,-2.1254,-4.0048
72,Aaron Reddish,-1.2581,-0.0625,-1.3206
73,Aaron Scott,3.0373,3.5222,6.5594
74,Aaron Smith,-1.3869,-2.0603,-3.4472
75,Abass Bodija,-0.3855,0.3747,-0.0107
76,Abdi Bashir,-6.0644,4.2674,-1.797
77,Abdou Khadre Kebe,-1.6575,-2.8713,-4.5288
78,Abdou Samb,-3.0083,-4.0382,-7.0464
79,Abdou Tsimbila,-0.4837,-0.2939,-0.7776
80,Abdou Yadd,-4.2445,-3.6612,-7.9057
81,Abdoul Karim Coulibaly,1.2308,1.2068,2.4377
82,Abdoulaye Fall,-1.9885,-0.5518,-2.5403
83,Abdoulaye Thiam,-2.4742,3.8689,1.3947
84,Abdul Momoh,1.0492,3.6103,4.6595
85,Abdulai Fanta Kabba,0.9271,0.752,1.6792
86,Abdullah Ahmed,1.5235,0.3545,1.878
87,Abdullah Amzil,-0.4187,0.4449,0.0261
88,Abdullah Olajuwon,0.2364,-3.6918,-3.4554
89,Abdullahi Bashir,-1.0835,-0.2141,-1.2977
90,Abe Atiyeh,-0.5592,-0.1281,-0.6873
91,Abe Johnson,0.341,1.0256,1.3666
92,Abijah Franklin,0.8981,-0.8793,0.0188
93,Abou Magassa,0.9291,0.8196,1.7487
94,Abou Ousmane,3.5928,2.8495,6.4423
95,Aboubacar Traore,0.6136,3.4583,4.0719
96,Abraham Oyeadier,0.0534,-0.1654,-0.112
97,Abramo Canka,-4.2489,0.0068,-4.2421
98,Acaden Lewis,0.176,3.0321,3.2081
99,Ace Bailey,1.8742,7.0088,8.8831
100,Ace Baldwin,1.5158,8.6629,10.1787
101,Ace Buckner,-1.2458,3.9577,2.7119
102,Ace Flagg,-1.2379,-1.6388,-2.8767
103,Ace Glass lll,-0.8228,5.1913,4.3684
104,Ace Talbert,-0.7263,1.16,0.4336
105,Ace Valentine,-2.8492,4.2748,1.4256
106,Achile Spadone,-0.8291,1.5406,0.7116
107,Achille Lonati,-1.7718,0.2964,-1.4754
108,Achor Achor,1.0487,3.9987,5.0473
109,Adam Benhayoune,-1.1893,-0.1726,-1.362
110,Adam Cisse,1.1472,-1.5557,-0.4085
111,Adam Clark,2.5785,5.9756,8.5541
112,Adam Comer,-0.8173,-1.0263,-1.8436
113,Adam Hamilton,-0.1903,1.8989,1.7086
114,Adam Harakow,-2.4693,3.9553,1.486
115,Adam Hess,-3.123,0.8414,-2.2816
116,Adam Hinton,-2.0673,6.4519,4.3846
117,Adam Holod,-0.0248,-0.2367,-0.2615
118,Adam Larson,-3.3833,-0.7817,-4.165
119,Adam Miller,1.0753,4.3941,5.4694
120,Adam Moussa,0.233,0.9179,1.1509
121,Adam Njie,-1.6974,0.4402,-1.2572
122,Adam Olsen,-3.1489,3.9546,0.8057
123,Adam Shoff,-1.0836,-1.2935,-2.3771
124,Adam Stewart,-0.0772,-0.0627,-0.1399
125,Adam Tauer,-0.663,0.3061,-0.3569
126,Adama Bal,-0.9013,5.4819,4.5806
127,Adante' Holiman,-2.8993,2.151,-0.7483
128,Aday Mara,5.0928,6.5962,11.689
129,Addarin Scott,-2.7229,-2.057,-4.7798
130,Addison Archer,-1.6689,-0.6377,-2.3066
131,Addison Arnold,-0.7586,-0.7641,-1.5227
132,Addison Patterson,1.3116,3.7342,5.0457
133,Ade Adebayo,1.3561,-0.4035,0.9526
134,Ade Popoola,-0.5174,6.3072,5.7897
135,Adefemi Akinwole,0.0289,0.0774,0.1063
136,Adem Bona,4.3711,2.9836,7.3546
137,Ademide Badmus,-2.398,-0.7997,-3.1977
138,Ademola Oladipo,-0.5992,0.1751,-0.424
139,Aden Haas,-0.4533,-0.1681,-0.6214
140,Aden Holloway,-0.8915,8.9078,8.0163
141,Aden Tagaloa-Nelson,-0.315,-0.4556,-0.7706
142,Adeola Seun,4.3972,-2.726,1.6712
143,Adetokunbo Bakare,-1.06,2.8123,1.7523
144,Adlan Elamin,0.5743,4.677,5.2513
145,Adou Thiero,2.5618,5.4529,8.0147
146,Adrame Diongue,1.4316,-2.1458,-0.7142
147,Adria Rodriguez,0.8263,1.9653,2.7916
148,Adrian McIntyre,-1.436,4.7763,3.3403
149,Adrian Myers,-3.824,1.7625,-2.0615
150,Adrian Samuels,0.9888,-2.1615,-1.1728
151,Adrian Uchidiuno,-1.6463,-0.9993,-2.6456
152,Adrian Wooley,1.2588,7.789,9.0478
153,Adriel Nyorha,-1.2444,1.54,0.2956
154,Adrien Stevens,0.4171,3.1749,3.592
155,Afan Trnka,-2.1775,-1.6356,-3.813
156,Aginaldo Neto,0.6584,-0.2149,0.4434
157,Ahamad Bynum,-1.6539,3.9673,2.3134
158,Ahjany Lee,-1.1787,-0.1028,-1.2815
159,Ahmad Hamilton,-0.784,-0.9374,-1.7214
160,Ahmad Henderson,-3.5784,3.2668,-0.3115
161,Ahmad Nowell,-0.8354,2.7936,1.9582
162,Ahmad Robinson,-0.4475,3.5179,3.0704
163,Ahmard Harvey,0.0714,-0.1181,-0.0468
164,Ahmed Barba-Bey,-2.965,0.5848,-2.3802
165,Ahmed Essahaty,-3.4033,-1.947,-5.3502
166,Ahmet Jonovic,0.318,1.3213,1.6393
167,Ahmir Langlais,-0.5795,-2.1104,-2.6899
168,Ahren Freeman,-0.8927,0.1671,-0.7256
169,Ahron Ulis,-0.394,-1.68,-2.074
170,Aidan Alexander,-0.2846,-0.6754,-0.96
171,Aidan Braccia,-0.5792,-1.6688,-2.2479
172,Aidan Burke,-0.5678,4.7283,4.1604
173,Aidan Cammann,1.0691,3.2924,4.3615
174,Aidan Carpenter,-2.1651,2.549,0.384
175,Aidan Crotty,-0.3617,-0.3479,-0.7096
176,Aidan Driggers,0.6786,0.27,0.9486
177,Aidan Hadaway,0.4202,5.203,5.6232
178,Aidan Harris,-0.8529,0.3421,-0.5109
179,Aidan Haskins,-0.2817,0.5689,0.2872
180,Aidan Igiehon,-1.5792,-3.371,-4.9502
181,Aidan Kehoe,-0.7067,1.77,1.0633
182,Aidan Konop,-0.3467,-0.0858,-0.4325
183,Aidan Mahaney,-3.1811,3.7355,0.5544
184,Aidan McCool,-0.2213,-1.134,-1.3554
185,Aidan Mckeon,-0.1634,-0.5287,-0.6921
186,Aidan Noyes,-1.6616,3.5321,1.8705
187,Aidan Prukop,-1.3779,-0.211,-1.5889
188,Aidan Reichert,-3.2567,4.1818,0.9251
189,Aidan Richard,-2.2491,-1.822,-4.0711
190,Aidan Rubio,-2.3651,-0.2014,-2.5665
191,Aidan Sevilla,-0.753,-0.2333,-0.9863
192,Aidan Shaw,-0.2611,2.0264,1.7653
193,Aidan Skradis,-0.3842,0.1067,-0.2775
194,Aiden Argabright,0.7187,3.1028,3.8215
195,Aiden Goins,0.9827,-0.3561,0.6266
196,Aiden Miller,-3.5006,1.1553,-2.3453
197,Aiden Sherrell,2.1287,7.4103,9.539
198,Aiden Terry,0.1798,0.0514,0.2312
199,Aiden Tobiason,-3.1765,6.0362,2.8596
200,Aime Rutayisire,-1.5,0.4768,-1.0233
201,Airion Simmons,2.4552,0.9496,3.4048
202,Aitor Anabitarte,0.4111,1.0541,1.4652
203,Ajay Holubar,-1.3409,1.0072,-0.3336
204,Ajay Mitchell,1.2791,6.2061,7.4852
205,Ajay Sheldon,-1.6337,3.2612,1.6275
206,Ajay Tew,-1.2988,-0.0217,-1.3205
207,Akai Fleming,-1.4437,2.0084,0.5647
208,Akil Watson,-0.8918,-1.6564,-2.5482
209,Akili Evans,-0.431,-2.3785,-2.8096
210,Akili Vining,-1.0808,2.0571,0.9763
211,Akintola Akinniyi,-0.2572,-0.2314,-0.4886
212,Akira Jacobs,-1.6559,2.2586,0.6027
213,Akiva McBirney-Griffin,1.2379,-3.8425,-2.6045
214,Akok Akok,0.4447,-0.0621,0.3825
215,Akol Mawein,-0.6963,1.2503,0.554
216,Akrum Ahemed,1.7609,-0.2804,1.4805
217,Akuel Kot,-2.2491,2.5692,0.3201
218,Al Amadou,-1.4072,-1.9515,-3.3587
219,Al Green,-3.4054,4.5099,1.1045
220,Al-Amir Dawes,-2.2494,4.9509,2.7016
221,Alaaeddine Boutayeb,-0.5181,-1.222,-1.7401
222,Albe Evans,0.1388,-0.9161,-0.7773
223,Albert Vargas,-1.689,1.0097,-0.6793
224,Alden Applewhite,-3.3171,5.4868,2.1697
225,Alec Blair,-0.0271,0.0032,-0.0239
226,Alec Millender,-2.7734,1.3805,-1.3928
227,Alec Oglesby,-2.3673,3.1524,0.7851
228,Alec Pfriem,0.5293,-1.2634,-0.7341
229,Alec Squires,-0.4615,-0.2203,-0.6818
230,Alec Woodard,-1.5391,-1.2994,-2.8385
231,Alejandro Aviles,1.0488,-1.4394,-0.3906
232,Alejandro Ralat,-0.2414,0.1481,-0.0933
233,Alejandro Vasquez,-2.3275,2.3532,0.0257
234,Alek Delev,-0.1259,-0.3224,-0.4484
235,Aleks Alston,-0.9792,-1.8008,-2.78
236,Aleks Szymczyk,-0.7166,-1.6935,-2.4101
237,Aleksa Lekic,-0.1821,-0.1473,-0.3294
238,Aleksa Ristic,-0.926,-0.4257,-1.3516
239,Aleksa Vlajic,0.0225,0.059,0.0815
240,Aleksandar Gavalyugov,-0.5182,2.6559,2.1376
241,Aleksander Pachucki,-4.8135,-1.3682,-6.1817
242,Aleksas Bieliauskas,-0.5635,3.7855,3.2221
243,Aleksej Kostic,-1.2746,0.9382,-0.3364
244,Alem Fejzic,-1.0189,-2.2245,-3.2434
245,Alem Huseinovic,-1.2323,3.6193,2.387
246,Alex Anamekwe,-0.5989,-0.6783,-1.2772
247,Alex Anderson,-4.9775,1.194,-3.7835
248,Alex Andrews,-0.0888,-0.0838,-0.1726
249,Alex Bates,-0.3384,-2.0348,-2.3733
250,Alex Bossinakis,-0.1093,0.2597,0.1504
251,Alex Bruskotter,-0.6181,2.0292,1.4111
252,Alex Capitano,-0.0144,-0.2408,-0.2552
253,Alex Chaikin,-1.8365,5.4748,3.6383
254,Alex Condon,4.3713,6.2958,10.667
255,Alex Cotton,-2.3183,0.1764,-2.1419
256,Alex Crawford,-2.8712,-0.5977,-3.469
257,Alex Daniels,-0.5674,-0.4307,-0.9982
258,Alex Doyle,-4.5262,0.1375,-4.3887
259,Alex Ducas,3.1075,4.5977,7.7052
260,Alex Dupre,-0.5714,-0.7704,-1.3418
261,Alex Engro,-1.3106,-4.0604,-5.371
262,Alex Farley,-0.0343,0.0099,-0.0244
263,Alex Garcia,-1.777,-0.3441,-2.1212
264,Alex Hemenway,-2.3878,-0.1078,-2.4956
265,Alex Holt,-0.858,3.1559,2.2979
266,Alex Horiuk,-2.3795,-4.2869,-6.6665
267,Alex Huguet Carrasco,-0.6353,0.1174,-0.5179
268,Alex Huibregtse,-3.4262,7.6143,4.1882
269,Alex Karaban,1.3705,11.9931,13.3635
270,Alex Kazanecki,-3.5601,2.3903,-1.1698
271,Alex Klatsky,-0.516,-0.3838,-0.8997
272,Alex Koch,0.1247,-0.376,-0.2513
273,Alex Kotov,-0.8329,-4.6324,-5.4653
274,Alex Kovatchev,-0.8715,-1.0108,-1.8822
275,Alex Leiba,0.2841,-1.074,-0.7899
276,Alex Lloyd,-0.569,-1.3464,-1.9154
277,Alex Massung,-1.0019,0.347,-0.6548
278,Alex McFadden,-0.8904,0.5328,-0.3576
279,Alex Merkviladze,-0.133,4.3101,4.1771
280,Alex Molofeev,-2.7563,-2.7692,-5.5255
281,Alex Nokes,0.1434,0.1004,0.2438
282,Alex Nunnally,-0.5125,-0.4374,-0.95
283,Alex Odam,0.4379,-1.5258,-1.0879
284,Alex Olander,-0.0599,-0.176,-0.2359
285,Alex Raiford,-1.6888,0.781,-0.9078
286,Alex Schumacher,0.4092,2.2939,2.7031
287,Alex Sobel,0.7276,3.7278,4.4554
288,Alex Steen,-0.9111,4.4069,3.4958
289,Alex Tavares,0.0163,-0.2145,-0.1982
290,Alex Tchikou,-0.1253,-0.5454,-0.6707
291,Alex Tew,0.22,-0.9013,-0.6813
292,Alex Timmerman,0.0465,2.4032,2.4497
293,Alex Tsynkevich,-2.5074,-3.4824,-5.9898
294,Alex Vertus,0.0051,0.3824,0.3875
295,Alex Wade,0.2226,-1.2251,-1.0025
296,Alex Wilkins,-2.6664,3.4908,0.8244
297,Alex Williams,-3.6509,4.809,1.1581
298,Alex Woodring,-0.2261,-0.0367,-0.2628
299,Alexander Daushvili,-0.5152,-0.095,-0.6102
300,Alexander Lesburt,0.3081,3.7142,4.0223
301,Alexander Nwagha,0.0431,-3.1631,-3.1201
302,Alexander Payne,0.8942,1.0817,1.9759
303,Alexander Richardson,-1.6029,0.3195,-1.2834
304,Alexis Marmolejos,-0.0969,3.3631,3.2662
305,Alexis Reyes,-1.1319,0.5736,-0.5583
306,Alexis Yetna,-1.6401,0.5267,-1.1135
307,Alfred Worrell,-3.5599,2.1471,-1.4128
308,Alfredo Addesa,-1.6835,-1.232,-2.9155
309,Alfredo Boglio,0.2628,-3.5335,-3.2707
310,Ali Ali,-0.5942,3.3022,2.708
311,Ali Assran,-1.5172,-1.6003,-3.1175
312,Ali Dibba,-1.5342,5.0601,3.5259
313,Ali Ragab,0.3419,-1.0722,-0.7303
314,Alier Maluk,0.1882,-1.1037,-0.9155
315,Alijah Adem,-0.0363,-0.0493,-0.0855
316,Alijah Arenas,-0.6297,0.9348,0.3051
317,Alijah Curry,0.0964,-0.4549,-0.3585
318,Alijah Martin,0.8432,6.7224,7.5655
319,Alimamy Koroma,-0.7306,-1.1917,-1.9223
320,Aliou Cisse,-1.7817,-1.1663,-2.9479
321,All Wright,-2.4361,5.1067,2.6705
322,Allan Jeanne-Rose,-1.1094,3.0099,1.9005
323,Allen Betrand,-3.0836,3.96,0.8764
324,Allen David Mukeba,0.259,2.8357,3.0947
325,Allen Flanigan,1.073,3.731,4.8041
326,Allen Graves,0.2348,8.8231,9.0578
327,Allen Mukeba,0.839,3.2632,4.1022
328,Allen Myers,-0.2167,-0.181,-0.3977
329,Allen Powell,-2.2742,-0.488,-2.7622
330,Allen Strothers,-0.0978,0.4896,0.3918
331,Allen Udemadu,-1.4855,-3.512,-4.9975
332,Alliou Fall,3.0491,-2.8226,0.2266
333,Almar Atlason,-1.6957,2.5787,0.883
334,Alon Michaeli,-2.4231,2.357,-0.0661
335,Alonso Faure,-1.6282,-1.9047,-3.5329
336,Alonzo Dodd,-1.5216,4.1688,2.6472
337,Alonzo Gaffney,0.9,1.0503,1.9503
338,Alpha Chibambe,-1.9727,-0.05,-2.0227
339,Alphonzo Billups,-2.1056,1.7109,-0.3947
340,Alston Andrews,0.6341,-3.7375,-3.1034
341,Alston Mason,-1.0692,5.7257,4.6565
342,Alton Hamilton,-0.7786,4.5677,3.7891
343,Alvaro Cardenas,-1.0325,6.6605,5.628
344,Alvaro Folgueiras,1.6477,6.6816,8.3293
345,Alvin Loving,-0.402,0.1769,-0.2251
346,Alvin Stredic,-5.2187,-3.7557,-8.9745
347,Alvin Tumblin,-0.0143,0.003,-0.0113
348,Always Wright,-1.2861,-1.5132,-2.7993
349,Aly Khalifa,3.0432,5.771,8.8142
350,Aly Tounkara,2.3482,-0.6854,1.6629
351,Alyn Breed,0.8286,-0.135,0.6936
352,Ama Sow,-0.3912,-0.0719,-0.4631
353,Amaan Sandhu,0.013,-0.815,-0.802
354,Amadou Doumbia,0.5808,-0.4275,0.1532
355,Amael L'Etang,1.6573,3.3998,5.0571
356,Amahrie Simpkins,-1.3043,1.7867,0.4823
357,Amani Drummond,-1.0472,-1.4823,-2.5295
358,Amani Hansberry,2.0855,8.916,11.0015
359,Amani Lyles,-0.043,5.077,5.034
360,Amanze Ngumezi,0.1369,-3.067,-2.9301
361,Amar Amkou,-1.5458,4.0208,2.4751
362,Amar Augillard,-3.6231,1.3029,-2.3202
363,Amar Kuljuhovic,-2.1585,4.8836,2.7251
364,Amar'e Marshall,-3.399,3.8963,0.4974
365,Amarco Doyle,-0.006,0.5751,0.5691
366,Amare Allen,-2.1865,-4.9268,-7.1134
367,Amare Bynum,0.3262,4.8358,5.162
368,Amare Campbell,-0.1899,-1.3063,-1.4962
369,Amaree Abram,-0.196,2.2789,2.0829
370,Amaree Brown,-4.5564,-0.2953,-4.8517
371,Amari Allen,-0.0372,6.5477,6.5105
372,Amari Evans,3.0113,2.4026,5.4138
373,Amari Jedkins,-0.2386,-1.1641,-1.4027
374,Amari Kelly,0.5067,2.4582,2.9648
375,Amari McCottry,2.9029,0.6698,3.5727
376,Amari Reed,2.5617,0.4861,3.0478
377,Amari Stroud,0.9286,-1.6174,-0.6888
378,Amari Williams,4.5298,5.9245,10.4543
379,Amarion Dickerson,1.6129,1.7457,3.3586
380,Amarion Nimmers,-0.5887,-0.4711,-1.0598
381,Amarion Savage,-1.2127,-1.3341,-2.5468
382,Amarr Knox,-2.5629,5.2244,2.6615
383,Amarri Monroe,0.1604,5.7738,5.9342
384,Amdy Ndiaye,0.0275,-0.0827,-0.0552
385,Amere Brown,-1.1586,-0.6419,-1.8006
386,Ametri Moss,-1.4581,0.8927,-0.5654
387,Amier Ali,-0.4654,4.0517,3.5863
388,Amir Arrington,-0.6913,-0.4542,-1.1455
389,Amir Jenkins,-0.715,-0.7843,-1.4994
390,Amir Lindsey,-4.0643,4.285,0.2207
391,Amir Nesbitt,-2.5927,1.9299,-0.6628
392,Amir Shaheed,0.0254,0.0512,0.0766
393,Amir Taylor,1.9736,3.3849,5.3585
394,Amir Williams,0.6914,-0.3065,0.3849
395,Amire Robinson,-0.1099,-0.4637,-0.5735
396,Amiri Stewart,0.2324,2.8355,3.0679
397,Ammaar Balagam,-0.1937,-0.0143,-0.208
398,Amont'e Allen-Johnson,0.3527,-0.6588,-0.3061
399,Amoro Lado,-0.6514,-0.9968,-1.6482
400,Amsal Delalic,0.2465,0.8922,1.1387
401,Anakin Brown,-0.7222,-0.9487,-1.6709
402,Anastasios Rozakeas,-3.2247,-1.6688,-4.8935
403,Anderson Kopp,-1.3196,6.0448,4.7251
404,Anderson Mirambeaux,-1.8639,1.545,-0.3189
405,Andersson Garcia,3.582,8.4488,12.0309
406,Andre Curbelo,-0.4031,0.9792,0.5761
407,Andre Henry,0.562,4.5703,5.1323
408,Andre Johnson,-2.9401,-0.7512,-3.6913
409,Andre Lorentsson,-3.5702,3.9594,0.3891
410,Andre Mills,-1.4656,5.1684,3.7028
411,Andre Mulibea,-1.0382,0.3186,-0.7196
412,Andre Nunley,1.5439,0.9875,2.5313
413,Andre Screen,1.6172,1.1778,2.795
414,Andre Snoddy,-4.2586,3.6267,-0.6319
415,Andre Warren,-0.0888,-0.0355,-0.1243
416,Andre Washington,-1.9542,0.1297,-1.8245
417,Andre Weir,-0.693,-0.3881,-1.0812
418,Andre Young,-0.142,-2.7122,-2.8542
419,Andrea Holden,0.4246,-0.1139,0.3107
420,Andrei Savrasov,1.3062,1.2509,2.5572
421,Andrej Jakimovski,1.6485,5.9629,7.6114
422,Andrej Kostic,-3.0941,3.4497,0.3556
423,Andrej Shoshkikj,-0.712,0.238,-0.4741
424,Andrej Stojakovic,-1.3229,4.8324,3.5095
425,Andrell Burton,0.4778,0.2274,0.7052
426,Andreo Ash,-0.395,-0.637,-1.032
427,Andres Burney,-0.1467,2.7531,2.6065
428,Andres Fulgencio,0.4689,0.9933,1.4622
429,Andres Marrero,-2.3663,3.0999,0.7336
430,Andrew Akuchie,-0.7073,-0.4985,-1.2058
431,Andrew Alia,-1.3003,2.3169,1.0166
432,Andrew Austin,-2.1002,-1.3188,-3.4189
433,Andrew Bailey,-0.4159,-0.6599,-1.0757
434,Andrew Ball,-1.5249,3.0466,1.5218
435,Andrew Canda,-0.183,-0.2517,-0.4346
436,Andrew Carr,2.5783,8.9804,11.5587
437,Andrew Cook,-2.749,4.5458,1.7968
438,Andrew Crawford,0.0368,0.1776,0.2144
439,Andrew Henderson,-2.6946,4.3078,1.6133
440,Andrew Holifield,2.2397,5.0824,7.3221
441,Andrew Hurley,0.1942,-0.1422,0.052
442,Andrew King,-4.1994,2.8046,-1.3949
443,Andrew Laczkowski,-0.9032,2.5954,1.6922
444,Andrew Latiff,-0.6179,-0.5454,-1.1633
445,Andrew Mayock,-0.1128,-0.0102,-0.123
446,Andrew McConnell,-2.5032,-0.0222,-2.5253
447,Andrew McKeever,1.2752,3.7959,5.0711
448,Andrew McKenna,0.1016,-0.0491,0.0525
449,Andrew Meadow,-3.1574,6.7552,3.5979
450,Andrew Morgan,-1.5352,0.8343,-0.7009
451,Andrew Nagy,-1.9299,0.4371,-1.4927
452,Andrew Okafor,-0.3583,-0.1012,-0.4596
453,Andrew Osasuyi,1.998,1.5372,3.5352
454,Andrew Patnode,-0.0131,-1.0297,-1.0429
455,Andrew Phillips,-3.5115,2.6683,-0.8432
456,Andrew Rohde,-1.3366,3.2142,1.8776
457,Andrew Sineway,-0.185,0.3921,0.2071
458,Andrew Taylor,-0.3289,0.8607,0.5319
459,Andrew Welage,-0.8692,3.8321,2.9629
460,Andrew Wells,-0.6115,-0.6855,-1.297
461,Andrew Younan,-0.5323,0.2485,-0.2838
462,Andrija Bukumirovic,-3.4545,5.3302,1.8757
463,Andrija Grbovic,-0.343,1.4671,1.1241
464,Andrija Jelavic,0.2592,2.4908,2.75
465,Andrija Vukovic,-0.4945,2.7911,2.2966
466,Andrin Njock,-0.8264,0.7844,-0.042
467,Andy Barba,-0.3127,-0.7468,-1.0595
468,Andy Christos,-0.4676,-0.3276,-0.7951
469,Andy Johnson,-0.5094,2.8327,2.3233
470,Andy Sigiscar,1.0031,0.0407,1.0438
471,Andy Stefonowicz,-1.0887,5.5825,4.4938
472,Aneek Patil,-0.2017,0.051,-0.1507
473,Angel Montas,-3.0561,2.7253,-0.3308
474,Angelo Brizzi,-3.2574,4.2858,1.0285
475,Angelo Ciaravino,0.6896,4.6975,5.3871
476,Angelo Kambala,-3.6487,-1.4185,-5.0672
477,Angelo Stuart,-2.2896,-0.1792,-2.4688
478,Angelo Winkel,0.605,-2.0134,-1.4084
479,Angok Anyang,-1.9581,-1.3655,-3.3236
480,Anias Futrell,-2.2338,3.2933,1.0595
481,Aniwaniwa Tait-Jones,1.1865,9.1514,10.3379
482,Annor Boateng,0.0289,-1.8387,-1.8097
483,Anouar Mellouk,-4.0476,0.0794,-3.9683
484,Anquan Boldin,-1.804,-0.6309,-2.4349
485,Anquan Hill,-3.4516,4.5286,1.0771
486,Ansley Almonor,-3.3992,4.2663,0.8671
487,Anson Beard,-0.0562,0.0234,-0.0328
488,Ant Abraham,-0.8199,-0.1378,-0.9577
489,Antallah Sandlin'El,-1.5359,-0.528,-2.0639
490,Antavion Collum,-0.5543,0.436,-0.1183
491,Ante Beljan,-0.126,0.2237,0.0976
492,Ante Brzovic,-0.2331,5.1218,4.8887
493,Anthon McDermott,0.257,-0.1696,0.0874
494,Anthony Alston,0.4745,-0.4435,0.031
495,Anthony Arrington,-2.6962,-0.0403,-2.7366
496,Anthony Batson,0.5178,-2.3314,-1.8136
497,Anthony Benard,-3.9854,-1.6183,-5.6037
498,Anthony Bittar,-3.3465,-2.0971,-5.4436
499,Anthony Blunt,-0.9812,1.9651,0.9839
500,Anthony Clayton,-0.4096,-0.3292,-0.7388
501,Anthony Crump,-0.7226,-2.6211,-3.3437
502,Anthony Davis,-1.5514,-2.2532,-3.8045
503,Anthony Dell'Orso,-1.4512,7.7155,6.2644
504,Anthony Doppler,-1.6425,-1.301,-2.9435
505,Anthony Enoh,-2.3489,-1.4512,-3.8001
506,Anthony Finkley,0.5071,2.3162,2.8233
507,Anthony Gause,0.1256,-2.5029,-2.3773
508,Anthony Holland,-0.8698,2.3911,1.5213
509,Anthony Isaac,-4.5181,2.472,-2.0461
510,Anthony Johnson,-1.3377,3.5853,2.2476
511,Anthony Leal,4.8721,2.0735,6.9456
512,Anthony Martinez,-0.8237,-2.3136,-3.1374
513,Anthony Maxwell,0.4634,-1.7281,-1.2646
514,Anthony McCall,2.5901,1.0914,3.6816
515,Anthony McComb,-4.4473,1.2396,-3.2077
516,Anthony Morales,-0.5064,-0.2077,-0.7141
517,Anthony Nimani,-2.6441,3.0591,0.415
518,Anthony Peoples,0.3737,-0.0709,0.3028
519,Anthony Phillips,-0.9836,-0.3585,-1.3421
520,Anthony Pritchard,0.5768,0.4997,1.0765
521,Anthony Rise,-0.2117,-0.5155,-0.7272
522,Anthony Roberts,1.7166,1.1546,2.8712
523,Anthony Robinson,1.2757,3.1338,4.4095
524,Anthony Roy,-1.1519,8.0146,6.8627
525,Anthony Sciarroni,-0.5363,-0.6964,-1.2327
526,Anthony Selden,-3.5008,0.1907,-3.3101
527,Anthony Sellars,-0.7153,-2.4092,-3.1245
528,Anthony Smith lll,-2.9678,2.1355,-0.8323
529,Anthony Thomas,-1.2323,-2.2956,-3.5279
530,Anthony Walker,-0.4951,-0.855,-1.3501
531,Anthony Wrzeszcz,-3.2199,-1.0751,-4.295
532,Antoine Jacks,0.4321,-2.4193,-1.9872
533,Antoine Lorick,-4.0858,3.1431,-0.9426
534,Antoine Smith,-3.5954,1.5803,-2.0151
535,Anton Bonke,-1.5545,5.0627,3.5082
536,Anton Brookshire,-1.6103,-1.7005,-3.3108
537,Anton Strelnikov,-0.2205,0.8236,0.6031
538,Anton Watson,3.0338,7.2698,10.3036
539,Antoni Siewruk,-2.6098,1.3565,-1.2533
540,Antoni Vlogianitis,-0.3626,-0.5924,-0.955
541,"Antonio ""TJ"" Madlock",0.0011,3.3043,3.3054
542,Antonio Chandler,-0.4978,2.9291,2.4313
543,Antonio Chol,-3.5938,4.3581,0.7643
544,Antonio Dorn,-0.4084,1.1856,0.7772
545,Antonio Lisenbee,-1.9862,0.1282,-1.858
546,Antonio Reeves,-2.1289,10.5794,8.4505
547,Antonio Sisk,-4.1895,-4.1975,-8.387
548,Antonio Thomas,-1.7353,-0.7969,-2.5322
549,Antrell Charlton,1.4584,0.594,2.0525
550,Antwan Burnett,1.0189,2.0535,3.0724
551,Antwan Robinson,-3.2915,-1.3708,-4.6623
552,Antwan Wilson,-3.3556,-0.1542,-3.5098
553,Antwann Jones,0.3451,2.1756,2.5207
554,Antwaun Massey,-2.7527,-1.8743,-4.6271
555,Antwone Woolfolk,4.2283,0.4131,4.6414
556,Antwonne Holmes,-0.4281,-0.8258,-1.2539
557,Anwar Gill,-2.5202,1.2812,-1.2391
558,Apostolos Roumoglou,0.7688,0.8668,1.6356
559,Aquan Smart,-1.8491,-1.883,-3.7321
560,ArDarius Grayson,-0.5405,1.1223,0.5817
561,Aram Soqui Urbano,-1.6252,-0.7687,-2.3938
562,Arda Ozdogan,-0.854,-1.201,-2.055
563,Arden Conyers,-2.2229,2.4161,0.1932
564,Arecko Gipson,-4.4251,-2.492,-6.9171
565,Ari Fulton,-4.0681,2.4286,-1.6395
566,Ari Gooch,1.6803,-0.215,1.4653
567,Ari Seals,-0.2422,-0.7625,-1.0047
568,Aric Demings,-3.307,-4.7921,-8.0991
569,Ariel Bland,-0.026,1.8293,1.8033
570,Ariik Mawien,-0.2341,0.3026,0.0684
571,Arion Lewis,-0.6021,-1.2673,-1.8694
572,Arlan Masharaliyev,-0.0835,-0.071,-0.1545
573,Arlandus Keyes,0.8651,3.2727,4.1377
574,Arman Madi,-1.3761,1.5972,0.2211
575,Armandas Plintauskas,-0.4443,-4.4707,-4.9149
576,Armando Bacot,2.3783,6.7044,9.0827
577,Armani Harris,-0.9089,-1.5613,-2.4702
578,Armani Mighty,-3.0119,5.4683,2.4565
579,Armani Perkins,-0.3646,-0.2869,-0.6515
580,Armelo Boone,-0.1316,2.1213,1.9897
581,Armon Harried,-1.9902,0.3693,-1.6208
582,Armon Jarrard,-0.1121,-0.9542,-1.0663
583,Armoni Zeigler,-2.0893,2.1534,0.0641
584,Arnas Sakenis,1.5134,1.8944,3.4078
585,Arnaud Revaz,0.45,-2.7082,-2.2582
586,Arne Osojnik,-4.4384,2.9081,-1.5303
587,Arop Arop,-1.6188,-1.3196,-2.9384
588,Arrinten Page,1.0549,2.2996,3.3545
589,Artemios Gavalas,-0.7119,-0.0701,-0.782
590,Artese Stapleton,0.4943,-0.4576,0.0367
591,Arthur Kaluma,4.1235,5.5224,9.6459
592,Arthur Tate,-8.4653,-1.2365,-9.7018
593,Arturo Dean,3.0728,4.0251,7.0979
594,Aryan Arora,-1.539,0.1331,-1.4059
595,Asa Newell,0.8101,5.3906,6.2007
596,Asa Thomas,-2.1444,3.8143,1.6698
597,Asher Boney,-0.0067,-1.4347,-1.4414
598,Asher Woods,-2.8268,2.1662,-0.6607
599,Ashley Sims,-2.744,1.9003,-0.8437
600,Ashton Hardaway,-0.1973,0.493,0.2957
601,Ashton Reese,-1.9737,-0.806,-2.7797
602,Ashton Simmons,-1.05,-0.2255,-1.2755
603,Ashton Smith,-3.0181,-0.8053,-3.8234
604,Ashton Walker,0.1635,1.4989,1.6624
605,Ashton Williamson,-0.0557,-0.0317,-0.0874
606,Asier Miguel Torrero,-0.9405,-0.0104,-0.9509
607,Asim Jones,-1.6556,2.682,1.0264
608,Asjon Anderson,-4.7786,1.0409,-3.7377
609,Assane Diop,-0.781,-0.3921,-1.1731
610,Assane Mandian,0.881,-0.3166,0.5644
611,Assane Mbaye,-0.2474,-0.2946,-0.542
612,Atiba Taylor,-1.491,-1.9422,-3.4332
613,Atiki Ally Atiki,4.6749,-0.1577,4.5172
614,Atin Wright,0.4365,5.5677,6.0042
615,Atticus Schuler,-0.8271,0.3915,-0.4357
616,Aubin Gateretse,0.4497,5.4531,5.9028
617,August Mahoney,-2.685,4.7761,2.0911
618,Augustas Marciulionis,3.7694,5.4858,9.2552
619,Augustinas Kiudulas,-0.3787,2.8503,2.4716
620,Augustine Ekwe,0.3926,0.8023,1.195
621,Augusto Cassia,2.1692,1.1625,3.3317
622,Augustus Gerhart,-3.0283,1.4103,-1.6181
623,Aundre Hyatt,2.748,4.2102,6.9582
624,Aundre Polk,-0.4987,-0.4888,-0.9874
625,Austin Abrams,-1.0886,-0.5945,-1.6831
626,Austin Ball,-2.7622,0.5317,-2.2305
627,Austin Benigni,-3.2089,4.4609,1.2521
628,Austin Brooks,0.074,-0.2317,-0.1578
629,Austin Cross,-0.946,-1.081,-2.027
630,Austin Crowley,-0.7093,3.3391,2.6298
631,Austin Goode,-3.1221,1.223,-1.899
632,Austin Green,-2.1287,3.0034,0.8746
633,Austin Harvell,-1.099,-2.9524,-4.0514
634,Austin Herro,3.2922,1.9907,5.2829
635,Austin Hunt,-0.5237,2.3466,1.8229
636,Austin Inge,-0.6845,-2.3075,-2.992
637,Austin Johnson,-3.1897,-0.2016,-3.3912
638,Austin Maurer,2.3807,1.7659,4.1466
639,Austin Montgomery,-0.8579,0.685,-0.173
640,Austin Nunez,-2.6796,-1.7846,-4.4641
641,Austin Parks,-0.2235,3.3524,3.1288
642,Austin Patterson,-2.7785,3.9578,1.1793
643,Austin Rapp,0.6587,5.1618,5.8205
644,Austin Sacks,-0.0919,1.1219,1.03
645,Austin Swartz,-4.8123,3.2835,-1.5287
646,Austin Villarreal,-0.2012,-0.2686,-0.4698
647,Austin Williams,-0.9521,-0.6624,-1.6145
648,Austin Williford,-0.0058,2.8621,2.8564
649,Avantae Parker,-3.2815,1.7057,-1.5757
650,Avery Anderson,2.0065,-0.037,1.9695
651,Avery Brown,-4.173,0.5075,-3.6655
652,Avery Felts,-1.9895,0.3635,-1.626
653,Avery Thomas,0.3025,2.968,3.2705
654,Avery Wilson,-1.1185,-1.9101,-3.0286
655,Avishai Lowery,-0.0876,0.0566,-0.031
656,Avner Dror,-0.2396,-0.1791,-0.4187
657,Avontez Ledet,-0.1298,-0.5902,-0.72
658,Aydan Clinton,-0.0859,0.0706,-0.0153
659,Ayden Carter,-2.1044,1.4004,-0.704
660,Ayden Davis,-0.8062,-2.1993,-3.0054
661,Ayden Evans,-1.55,-2.2166,-3.7666
662,Ayden Kelley,-0.9486,-0.5271,-1.4756
663,Ayinde Hikim,-0.1229,0.9232,0.8003
664,Ayme Daguilh,-0.4561,-0.2519,-0.708
665,Ayodele Taiwo,0.3776,-4.7974,-4.4198
666,Ayomide Bamisile,-2.927,-2.6802,-5.6072
667,Ayouba Berthe,-2.3808,-2.3469,-4.7277
668,Ayuba Bryant,-0.6005,0.5724,-0.0281
669,Azavier Johnson,-0.4193,-0.5959,-1.0152
670,Azavier Robinson,1.4829,2.3266,3.8096
671,Aziz Bandaogo,3.3487,3.9731,7.3218
672,Azmar Abdullah,-3.8503,-0.2137,-4.064
673,B Artis White,-1.243,0.7614,-0.4816
674,BB Knight,-2.0082,1.4285,-0.5797
675,BJ Davis,2.5615,5.0204,7.5819
676,BJ Davis-Ray,-3.0198,1.4052,-1.6146
677,BJ Edwards,3.9481,6.5869,10.5351
678,BJ Fisher,0.0196,-0.7477,-0.7281
679,BJ Freeman,-1.9586,7.2245,5.2659
680,BJ Kolly,1.0816,-2.2853,-1.2037
681,BJ Mack,-1.3717,5.91,4.5383
682,BJ Marable,0.0235,-1.5368,-1.5133
683,BJ McLaurin,-3.9325,3.4122,-0.5203
684,BJ Omot,-0.8248,3.0032,2.1784
685,BJ Ward,-2.5279,3.5661,1.0382
686,Baba Miller,2.0992,7.8803,9.9796
687,Babacar Diallo,3.9115,0.0517,3.9632
688,Babacar Faye,4.0232,2.1229,6.1461
689,Babacar Mbengue,-0.3182,-3.3182,-3.6364
690,Babatunde Akingbola,1.1905,0.1643,1.3548
691,Babatunde Durodola,-2.3252,1.2864,-1.0388
692,Baboucarr Njie,-1.4404,1.6254,0.1851
693,Bahsil Laster,1.3392,1.0171,2.3562
694,Bailey Nunn,-3.0136,1.2533,-1.7603
695,Bangot Dak,0.3154,4.1406,4.456
696,Baraka Okojie,-1.5529,5.6267,4.0737
697,Baron Smith,-0.2678,-1.0729,-1.3408
698,Barrett Loer,-0.4909,-0.0549,-0.5458
699,Barrington Hargress,-3.1304,9.3854,6.2551
700,Barry Dunning,-0.5282,6.4044,5.8762
701,Barry Evans,-0.9837,5.1309,4.1473
702,Bas Leyte,0.9739,-0.1425,0.8314
703,Bash Wieland,-0.8198,4.8344,4.0146
704,Basheer Jihad,1.4969,4.0022,5.4991
705,Bashir N'Galang,-1.2989,-2.9651,-4.264
706,Bastien Rieber,-0.894,-1.6096,-2.5036
707,Bautista Giralt,-0.9938,-0.8258,-1.8195
708,Baye Fall,-1.1266,-2.2918,-3.4184
709,Baye Ndongo,1.8842,2.6543,4.5384
710,Baylor Hebb,-1.5308,-1.8517,-3.3825
711,Baylor Scheierman,2.3743,8.0484,10.4227
712,Beau Becker,-3.3274,3.3349,0.0075
713,Belal El Shakery,-1.7863,3.196,1.4097
714,Ben Bowen,-1.806,-0.6208,-2.4268
715,Ben Bradford,-2.8762,5.1844,2.3082
716,Ben Brown,-2.0494,-4.1631,-6.2125
717,Ben Burnham,0.044,4.5307,4.5747
718,Ben Callahan-Gold,-2.2551,2.3832,0.1281
719,Ben Capron,0.0535,-0.4894,-0.4359
720,Ben Carlson,-1.168,1.7867,0.6188
721,Ben Defty,-0.9679,2.9808,2.0129
722,Ben Egbo,-1.3653,-2.1974,-3.5627
723,Ben Eisendrath,-0.6731,-1.3666,-2.0397
724,Ben Estis,-0.5726,-0.4124,-0.9849
725,Ben Ezeagu,-0.5417,-2.3822,-2.9238
726,Ben Fox,-2.1548,1.1032,-1.0516
727,Ben Gold,-1.0938,5.6012,4.5073
728,Ben Gregg,0.1622,8.6663,8.8285
729,Ben Griscti,0.2305,-0.0295,0.201
730,Ben Hammond,0.363,3.7252,4.0882
731,Ben Hendriks,-0.0534,1.193,1.1396
732,Ben Humrichous,0.997,9.7587,10.7557
733,Ben Johnson,-4.4914,3.9013,-0.5901
734,Ben Knostman,2.2267,-0.2672,1.9595
735,Ben Krikke,-0.3011,4.7435,4.4424
736,Ben Krystkowiak,-1.591,-0.5159,-2.1069
737,Ben Michaels,-3.2969,-1.7158,-5.0127
738,Ben Middlebrooks,3.8474,3.542,7.3894
739,Ben Murphy,0.554,-0.1579,0.3961
740,Ben Nacey,-0.7013,-1.7654,-2.4667
741,Ben Nau,-1.4417,2.2296,0.7879
742,Ben Nicol,-0.1713,-0.2543,-0.4256
743,Ben Olesen,-0.1365,0.0147,-0.1218
744,Ben Oosterbaan,0.2169,4.2219,4.4388
745,Ben Palacios,-1.283,-2.7272,-4.0102
746,Ben Ponder,-0.6602,-0.5233,-1.1834
747,Ben Radford,-0.2566,-0.2545,-0.5111
748,Ben Roseborough,0.2042,0.5648,0.769
749,Ben Roy,-3.1401,1.1663,-1.9738
750,Ben Schwieger,0.5979,5.3916,5.9896
751,Ben Shtolzberg,0.2092,1.7287,1.9378
752,Ben Southerland,0.2367,-1.0205,-0.7838
753,Ben Tweedy,-3.8691,0.6971,-3.172
754,Ben Vander Wal,-2.1857,3.2527,1.067
755,Ben VanderWal,-0.0754,5.7019,5.6265
756,Ben Waller,-1.8661,-0.3279,-2.194
757,Ben Wesson,0.0729,-0.3395,-0.2666
758,Ben Wight,-0.6712,0.557,-0.1141
759,Ben Woodward,-0.1581,-0.3656,-0.5237
760,Bencao Vungo,0.5122,-1.5422,-1.03
761,Bendji Pierre,-3.2512,1.4834,-1.7677
762,Benjamin Ahmed,-1.6469,1.8456,0.1988
763,Benjamin Bayela,0.1466,-1.5735,-1.4269
764,Benjamin Bosmans-Verdonk,0.1553,0.0102,0.1656
765,Benjamin Winker,-1.2535,-0.1546,-1.4081
766,Bennett Andersen,-0.7621,-0.4984,-1.2605
767,Bennett Blackerby,0.0356,0.3386,0.3742
768,Bennett Kwiecinski,-1.8673,-0.9382,-2.8055
769,Bennett Stirtz,1.2849,12.3823,13.6672
770,Benny Gealer,0.6697,5.929,6.5987
771,Benny Schroder,-2.3973,-0.7646,-3.1619
772,Benny Williams,0.344,0.4929,0.837
773,Bensley Joseph,0.629,3.804,4.4329
774,Bent Leuchten,3.3198,7.3585,10.6784
775,Bentley Waller,-2.4957,-1.4507,-3.9464
776,Beon Riley,-1.3241,3.7643,2.4402
777,Beril Kabamba,-0.8314,-2.5546,-3.386
778,Berk Can Akin,0.8037,-2.9331,-2.1294
779,Berke Arslan,-0.3959,-0.5436,-0.9395
780,Berke Buyuktuncel,3.361,0.4839,3.8449
781,Bernard Pelote,-1.4429,2.8603,1.4174
782,Bernardo Da Silva,0.5855,4.5918,5.1773
783,Bernie Blunt,-1.7558,2.644,0.8882
784,Bessanty Saragba,-1.9061,-4.275,-6.1812
785,Bez Mbeng,2.5031,1.6429,4.146
786,Bhan Buom,-0.4801,0.5306,0.0505
787,Biggie Patterson,-1.2751,1.7806,0.5055
788,Bijan Cortes,-2.0615,-0.8858,-2.9473
789,Biko Johnson,-0.3233,1.2813,0.958
790,Bilal Abdur-Rahman,-2.2886,0.6577,-1.6309
791,Billy Rayer,-1.5914,-0.4841,-2.0755
792,Billy Richmond,0.7953,3.3803,4.1756
793,Billy Smith,-6.1277,4.3657,-1.762
794,Birgir Irving,-1.0784,-0.4581,-1.5365
795,Birima Seck,-2.5935,-0.429,-3.0225
796,Bishop Boswell,2.6071,2.6874,5.2945
797,Bismark Nsiah,-0.3811,1.7855,1.4044
798,Blair Thompson,-3.8258,3.0938,-0.732
799,Blaise Keita,0.6598,0.3701,1.0299
800,Blaise Threatt,-0.1936,6.2283,6.0348
801,Blaise Vespe,0.3597,-1.0341,-0.6745
802,Blaize Sagna,-1.3078,-2.1221,-3.4299
803,Blake Ammons,-0.3081,-1.0918,-1.3999
804,Blake Anderson,-0.5802,-0.6561,-1.2363
805,Blake Barker,-1.8805,-0.5979,-2.4784
806,Blake Barkley,-2.7273,3.7751,1.0479
807,Blake Brinkmeyer,-0.0336,-0.1719,-0.2056
808,Blake Buchanan,0.1027,2.7123,2.815
809,Blake Butler,-1.3605,1.421,0.0606
810,Blake Daberkow,-0.7115,3.5294,2.8179
811,Blake Fagbemi,-0.6755,-0.0537,-0.7292
812,Blake Fleming,0.2387,0.3396,0.5783
813,Blake Floyd,-0.7809,0.1573,-0.6236
814,Blake Forrest,-1.2588,-1.0237,-2.2825
815,Blake Goodman,-1.3713,-1.3926,-2.764
816,Blake Harper,-3.4989,3.8098,0.3109
817,Blake Hinson,-0.5651,5.1814,4.6162
818,Blake Jones,-2.9478,-0.1944,-3.1423
819,Blake Lampman,-0.7124,4.9103,4.198
820,Blake Lander,-2.0614,-0.2565,-2.3179
821,Blake Muschalek,-0.1444,-0.827,-0.9714
822,Blake Peters,-1.4236,3.3498,1.9262
823,Blake Preston,-0.0466,-0.292,-0.3386
824,Blake Smith,0.4617,-0.0802,0.3815
825,Blane St Clair,-0.7991,-1.2106,-2.0097
826,Blaze Angellotti,-0.1824,0.0012,-0.1811
827,Blondeau Tchoukuiegno,-1.6558,1.1824,-0.4734
828,Blue Cain,-0.9698,8.3801,7.4103
829,Bo Montgomery,-1.1737,3.2482,2.0745
830,Bo Myers,-0.3137,1.6333,1.3195
831,Bob Nunge,-0.0911,0.0701,-0.021
832,Bobby Durkin,-0.3807,5.3943,5.0136
833,Bobby Harvey,0.9368,1.5591,2.4959
834,Bobby Hurley,-1.0824,-0.9255,-2.0079
835,Bobby Montgomery,-0.2985,0.2564,-0.0421
836,Bobby Pettiford,-2.1019,3.3412,1.2393
837,Bobby Rosenberger,-4.9218,1.2799,-3.6418
838,Boden Kapke,-0.3644,1.983,1.6186
839,Boden Skunberg,-3.4384,2.7706,-0.6678
840,Bodey Howell,-0.7679,-0.7952,-1.5631
841,Bogdan Zimonjic,-2.2022,-0.6439,-2.8461
842,Bol Agu,-1.8835,0.336,-1.5475
843,Bol Dengdit,-3.0825,1.9854,-1.0972
844,Bol Kuir,-1.4562,-1.1438,-2.6
845,Bonke Maring,-1.4852,-0.0298,-1.515
846,Boo Buie,-0.2476,7.9496,7.702
847,Boogie Ellis,-1.0462,6.6829,5.6368
848,Boogie Fland,3.3007,5.2676,8.5683
849,Boopie Miller,-0.8851,7.81,6.9248
850,Boston Harker,0.7396,-0.4852,0.2543
851,Bostyn Holt,-1.7371,-0.1177,-1.8548
852,Boubacar Coulibaly,1.1957,1.7585,2.9542
853,Bouna Kebe,1.5255,-1.7468,-0.2213
854,Bourgeois Tshilobo,-0.5005,0.4954,-0.0051
855,Bowen Born,-2.6684,1.3963,-1.272
856,Bowen Hammer,-1.1855,0.4257,-0.7598
857,Bowen Hardman,-2.3094,3.4851,1.1758
858,Bowyn Beatty,-0.1793,-0.9477,-1.127
859,Braden Allen,-1.0581,-0.5235,-1.5817
860,Braden Appelhans,-0.6213,4.9236,4.3023
861,Braden Bostwick,-0.2002,-0.207,-0.4072
862,Braden East,-0.3881,2.3393,1.9512
863,Braden Frager,0.1402,7.1793,7.3196
864,Braden Grant,-0.0676,-0.4688,-0.5364
865,Braden Hausen,0.3397,2.0568,2.3964
866,Braden Housley,-2.144,1.8744,-0.2696
867,Braden Huff,1.2631,9.1458,10.4089
868,Braden Ilic,1.0612,-1.5043,-0.4431
869,Braden Lamar,-1.7141,-1.9661,-3.6802
870,Braden Norris,2.5421,4.6878,7.2299
871,Braden Pierce,-0.3158,-2.5468,-2.8626
872,Braden Smith,0.1563,11.1286,11.2849
873,Braden Sparks,-3.7103,2.6915,-1.0187
874,Bradey Henige,1.6247,0.8853,2.51
875,Bradley Colbert,-0.977,0.6922,-0.2848
876,Bradley Dean,-0.0962,-1.1755,-1.2718
877,Bradley Douglas,-3.7591,3.2566,-0.5025
878,Bradley Ezewiro,-0.9832,4.4574,3.4743
879,Brady Cook,0.0454,-0.1527,-0.1073
880,Brady Cummins,-3.1219,1.9041,-1.2178
881,Brady Danielson,-2.2429,1.678,-0.5649
882,Brady Dingess,-0.0868,0.0863,-0.0005
883,Brady Dunlap,-0.3841,4.4481,4.064
884,Brady Fitzgerald,0.1615,-0.1887,-0.0272
885,Brady Ganley,0.3474,0.9963,1.3437
886,Brady Hardewig,-1.0782,-0.9666,-2.0448
887,Brady Kester,-0.5527,-0.5476,-1.1003
888,Brady Koehler,0.1961,1.4274,1.6235
889,Brady Loughlin,-1.1969,0.3081,-0.8888
890,Brady Muller,-0.73,-2.218,-2.9479
891,Brady Ruggles,-0.1749,0.1656,-0.0093
892,Brady Shoulders,-1.5264,0.8261,-0.7003
893,Brady Smith,-0.6992,-0.5889,-1.288
894,Brady Stevens,-0.3137,-0.3026,-0.6163
895,Brady Swartz,-2.9128,2.1518,-0.761
896,Brady Uhl,-1.481,0.2914,-1.1896
897,Bradyn Foster,-0.875,-0.6826,-1.5576
898,Bradyn Hubbard,0.5716,4.3774,4.9489
899,Braedan Allen,-0.5644,0.0156,-0.5488
900,Braedan Lue,0.1409,3.9078,4.0487
901,Braeden Brenn,0.0113,-0.153,-0.1417
902,Braeden Carlsen,0.2207,0.5562,0.7768
903,Braeden Carrington,-1.6361,4.2383,2.6022
904,Braeden MacVicar,-1.0037,-1.0507,-2.0544
905,Braeden Moore,-0.8023,1.2927,0.4904
906,Braeden Shrewsberry,-3.8627,6.4455,2.5828
907,Braeden Smith,1.5664,4.6021,6.1686
908,Braeden Speed,-2.804,0.6152,-2.1889
909,Braelon Bush,-6.5193,2.5762,-3.943
910,Braelon Green,-2.1723,-0.7704,-2.9427
911,Bragi Gudmundsson,-0.8826,0.2679,-0.6147
912,Bralyn Smith,-3.2215,-4.5414,-7.763
913,Branden Carlson,1.6507,8.2693,9.9199
914,Brandin Cummings,-2.0887,4.5701,2.4814
915,Brandon Angel,-1.9839,5.3894,3.4054
916,Brandon Baffone,-1.8178,-0.2746,-2.0925
917,Brandon Benjamin,-2.3524,2.9814,0.629
918,Brandon Betson,-2.3883,0.921,-1.4673
919,Brandon Davis,-1.1666,4.5788,3.4122
920,Brandon Dwyer,-0.5254,-0.2524,-0.7779
921,Brandon Gardner,-0.0425,-1.3194,-1.3619
922,Brandon Garrison,-0.7922,1.8518,1.0596
923,Brandon Haddock,-0.7402,0.6291,-0.111
924,Brandon Hall,-0.7466,-0.8634,-1.61
925,Brandon Hardy,-1.7335,-0.0665,-1.8
926,Brandon Held,-0.0418,-0.491,-0.5329
927,Brandon Huntley-Hatfield,-0.6243,4.4688,3.8445
928,Brandon Jennings,1.7008,4.383,6.0838
929,Brandon Johnson,-0.7266,3.5494,2.8228
930,Brandon Klatsky,0.0612,-0.2509,-0.1897
931,Brandon Lee,-1.0261,-1.0769,-2.103
932,Brandon Legris,-0.022,-0.338,-0.36
933,Brandon Lieb,-0.1817,-3.3612,-3.5429
934,Brandon Love,1.5407,1.2569,2.7976
935,Brandon Maclin,0.8053,5.3398,6.1451
936,Brandon McCreesh,-1.6943,1.6896,-0.0046
937,Brandon Mitchell-Day,0.13,1.8065,1.9365
938,Brandon Morgan,-0.6616,-2.0299,-2.6915
939,Brandon Muntu,-2.5611,1.9445,-0.6166
940,Brandon Murray,0.0244,2.6138,2.6382
941,Brandon Newman,1.732,3.4882,5.2202
942,Brandon Noel,-4.8872,5.4175,0.5303
943,Brandon Rasmussen,-0.8006,-0.3849,-1.1855
944,Brandon Rechsteiner,-3.1042,5.6569,2.5527
945,Brandon Roy,-0.0784,0.3654,0.287
946,Brandon Rush,-2.0028,3.7943,1.7914
947,Brandon Scott,-2.0347,-0.3507,-2.3854
948,Brandon Stone,-1.042,-2.4764,-3.5184
949,Brandon Stores,-0.0679,-0.2412,-0.309
950,Brandon Stroud,0.9314,2.6658,3.5972
951,Brandon Suggs,-0.0559,0.4414,0.3855
952,Brandon Taylor,-1.2519,-1.1418,-2.3937
953,Brandon Walker,-2.1963,2.9868,0.7905
954,Brandon Weatherspoon,-0.2168,5.7483,5.5316
955,Brandon Weston,0.678,1.7991,2.4771
956,Brandon White,0.1119,-0.2411,-0.1292
957,Brandon Whitney,-0.8177,5.8006,4.9829
958,Brandon Williams,-2.6013,0.5961,-2.0051
959,Brandton Chatfield,0.2822,3.8576,4.1398
960,Brandyn Talbot,-1.7023,4.0185,2.3162
961,Branford Edmonds,0.1738,0.59,0.7638
962,Brant Byers,-3.6799,6.3758,2.696
963,Brantly Stevenson,-0.2863,0.0399,-0.2464
964,Brashon Hall,-0.743,0.0993,-0.6437
965,Braxton Bayless,-4.4,1.8694,-2.5306
966,Braxton Jones,-3.0423,-2.9303,-5.9727
967,Braxton Meah,2.4195,-1.4056,1.014
968,Braxton Stacker,1.0214,1.633,2.6543
969,Braxton Williams,-6.8588,4.9106,-1.9482
970,Brayden Barron,-0.9409,0.0294,-0.9115
971,Brayden Burries,3.5478,8.2454,11.7933
972,Brayden Crump,-1.7753,2.8784,1.103
973,Brayden Fagbemi,-1.5809,2.0414,0.4605
974,Brayden Jackson,-0.7384,-0.6055,-1.3438
975,Brayden Johnson,-0.3408,1.0027,0.6618
976,Brayden Maldonado,0.7102,4.716,5.4262
977,Brayden O'Connor,0.6044,3.3542,3.9587
978,Brayden Parker,1.2608,4.4633,5.7242
979,Brayden Reynolds,-2.0586,-0.3797,-2.4382
980,Brayden Shorter,-2.9575,2.0872,-0.8703
981,Brayden Wampler-Foust,0.0584,0.0142,0.0726
982,Brayden Young,-1.0935,-1.5257,-2.6192
983,Braydon Whitaker,-0.2231,0.2944,0.0713
984,Braylan Ritvo,-0.568,-1.0526,-1.6207
985,Braylen Blue,-1.8832,-0.4877,-2.3709
986,Braylen Bowman,0.1208,0.0166,0.1375
987,Braylen Nash,-0.073,0.0834,0.0104
988,Braylen Smith,-0.3832,-1.0256,-1.4089
989,Braylhan Thomas,-0.1693,-0.318,-0.4874
990,Braylon Jackson,-0.3334,0.1655,-0.1679
991,Braylon Mullins,2.2548,3.8184,6.0731
992,Brayon Freeman,-1.3496,0.5093,-0.8403
993,Brendan Coyle,-4.1946,3.4975,-0.6971
994,Brendan Hausen,-0.671,5.9251,5.2541
995,Brendan Johnson,-0.8813,-1.2022,-2.0835
996,Brendan Martin,-2.2594,0.0389,-2.2205
997,Brendan McGuire,-1.8461,-1.3565,-3.2026
998,Brendan Mykalcio,0.885,-0.1533,0.7317
999,Brendan Oliver,-2.879,-2.4633,-5.3423
1000,Brendan Reed,0.3249,-0.3904,-0.0655
1001,Brendan Rigsbee,-3.1949,-0.0014,-3.1964
1002,Brendan Scanlon,0.0669,0.3741,0.441
1003,Brendan Simmons,-0.8418,-0.2788,-1.1206
1004,Brendan Terry,-0.3364,3.5804,3.244
1005,Brendan Wenzel,0.2152,2.6638,2.879
1006,Brendan Yarusso,0.1243,-0.0804,0.0438
1007,Brenden Moss,-1.3225,0.1616,-1.161
1008,Brenden Tucker,-0.2848,-1.0321,-1.3169
1009,Brendon O'Keefe,-0.29,0.3666,0.0766
1010,Brenen Lorient,0.7634,2.603,3.3663
1011,Brennan Canada,-0.0328,-0.0392,-0.072
1012,Brennan Chatman,-0.4818,1.1856,0.7037
1013,Brennan Peterson,-3.896,1.5104,-2.3857
1014,Brennan Ramirez,-0.3566,0.5119,0.1553
1015,Brennan Rigsby,-0.3351,1.3576,1.0225
1016,Brennan Walton,-0.4353,0.0486,-0.3868
1017,Brennan Watkins,-4.9533,4.1765,-0.7767
1018,Brennen Burns,-2.809,0.0133,-2.7957
1019,Breno Silva,-1.2199,1.4785,0.2586
1020,Brent Bland,0.0889,3.2145,3.3033
1021,Brent Davis,2.6692,0.7985,3.4677
1022,Brent Moss,-2.9058,2.4164,-0.4894
1023,Brentay Noel,1.1269,-1.3623,-0.2354
1024,Brenton Knapper,1.5687,3.8595,5.4282
1025,Brenton Mills,-2.1961,-0.8468,-3.0429
1026,Breon Pass,-1.7417,1.5371,-0.2045
1027,Brett Decker,-4.6501,6.5708,1.9207
1028,Brett Rumpel,-1.1216,-2.5591,-3.6807
1029,Brett Thompson,-1.4893,3.8428,2.3534
1030,Brett White,-2.0738,4.8495,2.7757
1031,Brevyn Coleman,0.0281,-0.3744,-0.3463
1032,Brewer Carruth,-0.7932,-2.3037,-3.0969
1033,Breylin Garcia,-2.0604,1.6313,-0.4291
1034,Brian Amuneke,-2.084,0.7308,-1.3532
1035,Brian Geatens,-0.483,-0.9645,-1.4475
1036,Brian Goracke,-4.2418,2.5426,-1.6993
1037,Brian Gordon,-0.9087,-1.0203,-1.9291
1038,Brian Griffith,-3.9031,-0.043,-3.9461
1039,Brian Hawthorne,-1.8712,-1.3601,-3.2314
1040,Brian Mathews,-0.9798,-1.5282,-2.508
1041,Brian Moore,-2.7753,6.7579,3.9826
1042,Brian Myles,-1.158,0.9521,-0.2059
1043,Brian Nussbaum,-0.3043,-0.197,-0.5013
1044,Brian Sumpter,-3.6581,1.337,-2.3211
1045,Brian Taylor,-0.0521,4.6698,4.6177
1046,Brian Waddell,-3.5289,4.6083,1.0794
1047,Brice Williams,-2.2445,9.6299,7.3855
1048,Briggs McClain,-2.9546,-1.4693,-4.4239
1049,Briggs Ranstrom,0.3296,0.1487,0.4783
1050,Brigham Rogers,1.4369,1.4899,2.9268
1051,Brit Burden,-0.2074,-0.1203,-0.3278
1052,Brit Harris,-4.5408,4.8608,0.32
1053,Britton Berrett,-1.6409,3.7109,2.0699
1054,Broc Bidwell,-1.9,0.0588,-1.8411
1055,Brock Cunningham,2.6863,3.5233,6.2096
1056,Brock Felder,0.296,1.2856,1.5815
1057,Brock Harding,0.0273,3.3398,3.3671
1058,Brock Matheny,-0.235,0.9709,0.7359
1059,Brock Scholl,-2.7122,-1.6714,-4.3837
1060,Brock Vice,-0.5455,1.0983,0.5529
1061,Brock Wisne,1.1347,5.3051,6.4398
1062,Brody Boyer,-1.0868,0.1736,-0.9132
1063,Brody Fox,-4.6647,0.6718,-3.9929
1064,Brody Kozlowski,-0.1015,0.0279,-0.0736
1065,Brody Limric,-0.1846,1.9843,1.7997
1066,Brody Nunn,-0.4748,-0.7666,-1.2414
1067,Brody Peebles,-1.4626,3.6296,2.1669
1068,Brody Robinson,-5.2366,6.1234,0.8868
1069,Brody Rowbury,-4.2147,4.431,0.2163
1070,Brody Whitaker,-0.09,3.9205,3.8304
1071,Broek Ostrom,-0.2832,-0.3435,-0.6267
1072,Bronny James,-0.1429,0.3911,0.2482
1073,Brooklyn Hicks,-0.5842,3.2855,2.7014
1074,Brooklyn Vick,-1.2272,-2.5327,-3.7599
1075,Brooks Allen,1.6351,1.9978,3.6329
1076,Brooks Barnhizer,2.0111,4.992,7.003
1077,Bruce Carpenter,-0.6725,-0.0527,-0.7252
1078,Bruce Kanno,-0.0628,-0.1669,-0.2298
1079,Bruce Thornton,1.9436,11.6788,13.6223
1080,Bruce Zhang,-1.6407,-4.0041,-5.6448
1081,Bruno Alocen,-0.0814,2.9588,2.8774
1082,Bryan Antoine,-1.3667,3.4667,2.0999
1083,Bryan Etumnu,0.0208,-0.4838,-0.463
1084,Bryan Greenlee,-2.1694,0.4167,-1.7527
1085,Bryan Ndjonga,-3.5328,1.1754,-2.3574
1086,Bryant Greene,0.6227,-0.1911,0.4316
1087,Bryant Randleman,0.2326,-1.6479,-1.4153
1088,Bryant Selebangue,1.2572,3.4519,4.7091
1089,Bryce Baker,-1.9867,3.7963,1.8096
1090,Bryce Butler,-3.0499,1.5596,-1.4903
1091,Bryce Cash,0.552,2.3254,2.8774
1092,Bryce Cofield,-0.1169,1.7757,1.6588
1093,Bryce Cook,0.0416,-0.5162,-0.4746
1094,Bryce Darbyshire,1.083,-1.4752,-0.3922
1095,Bryce Dortch,1.5061,1.4952,3.0013
1096,Bryce Eaton,-2.6879,2.4258,-0.2621
1097,Bryce Ford,-2.7311,3.3529,0.6218
1098,Bryce Harris,-2.5102,6.9345,4.4243
1099,Bryce Heard,-2.6153,1.6189,-0.9963
1100,Bryce Hopkins,3.4514,4.9016,8.353
1101,Bryce Howard,0.0973,-0.3108,-0.2134
1102,Bryce Johnson,-2.4245,2.5238,0.0993
1103,Bryce Lausier,0.111,0.1329,0.2438
1104,Bryce Lindsay,-3.0097,6.8109,3.8012
1105,Bryce Monroe,-5.4077,-1.1745,-6.5822
1106,Bryce Okpoh,-1.5627,0.2412,-1.3215
1107,Bryce Pope,-4.0774,4.6306,0.5533
1108,Bryce Quinet,-2.1817,0.6672,-1.5145
1109,Bryce Roberts,-2.9432,-0.4469,-3.3901
1110,Bryce Slay,-0.5934,-0.2079,-0.8012
1111,Bryce Stokes,0.0174,-0.0313,-0.0139
1112,Bryce Thompson,0.8149,3.1691,3.984
1113,Bryce Walker,-0.8788,-0.0495,-0.9283
1114,Bryce Washington,3.0401,1.2744,4.3145
1115,Bryce Workman,1.2869,0.4405,1.7274
1116,Bryce Zephir,-3.0079,-1.8678,-4.8757
1117,Brycen Goodine,-1.8673,7.1731,5.3058
1118,Brycen Long,-1.0659,1.0849,0.0189
1119,Bryson Bultman,0.7114,0.957,1.6684
1120,Bryson Childress,1.0114,-1.1508,-0.1395
1121,Bryson Cokley,-3.5809,2.1905,-1.3904
1122,Bryson Dawkins,-2.3188,4.9089,2.5901
1123,Bryson Hall,-0.5137,-2.4107,-2.9244
1124,Bryson Langdon,-0.9351,0.4854,-0.4496
1125,Bryson McGlothin,-0.4235,-0.25,-0.6735
1126,Bryson Ogletree,-1.2102,0.3516,-0.8586
1127,Bryson Perry,0.1645,0.109,0.2735
1128,Bryson Spell,-2.4727,-0.6503,-3.123
1129,Bryson Tiller,2.3327,2.1235,4.4562
1130,Bryson Tucker,-0.0752,1.7687,1.6935
1131,Bryson Wilson,-2.6662,-1.9469,-4.6131
1132,Bube Momah,0.6729,-1.381,-0.7081
1133,Bubu Benjamin,-2.002,3.4838,1.4817
1134,Bubz Alvarez,-3.278,-0.4448,-3.7228
1135,Buddy Hammer,-0.1365,1.161,1.0245
1136,Bukky Oboye,-0.0083,1.2008,1.1925
1137,Burke Chebuhar,-1.0723,-0.0567,-1.129
1138,Burke Smith,-3.2523,-1.3034,-4.5556
1139,Byron Brown,-3.5808,-1.4654,-5.0462
1140,Byron Ireland,-1.0415,1.3933,0.3518
1141,Byron Joshua,-4.0391,2.1786,-1.8605
1142,CJ Anthony,-0.9545,3.428,2.4735
1143,CJ Beaumont,-0.4389,-0.1465,-0.5854
1144,CJ Booker,-1.7141,0.2036,-1.5105
1145,CJ Brown,1.0764,4.0705,5.1469
1146,CJ Cox,2.4617,8.3435,10.8052
1147,CJ Delancy,-0.6201,-5.4118,-6.0319
1148,CJ Evans,-3.8827,1.332,-2.5507
1149,CJ Felder,1.5643,1.7372,3.3015
1150,CJ Ford,-2.5007,-4.3732,-6.8739
1151,CJ Fredrick,-1.7741,2.1221,0.348
1152,CJ Fulton,-0.2305,4.5168,4.2863
1153,CJ Gunn,-1.4308,1.1813,-0.2495
1154,CJ Hall,-0.0377,-2.1612,-2.1988
1155,CJ Happy,-3.1726,-1.9744,-5.147
1156,CJ Hardy,-3.8702,2.1494,-1.7208
1157,CJ Hines,-4.1259,3.6829,-0.443
1158,CJ Huntley,-0.5497,3.6693,3.1196
1159,CJ Hyland,-3.2092,-2.3067,-5.5159
1160,CJ Ingram,-1.3163,0.142,-1.1743
1161,CJ Jackson,-1.7783,-1.6652,-3.4435
1162,CJ Jones,-3.5104,2.2148,-1.2957
1163,CJ Luster,-3.3262,5.4183,2.0921
1164,CJ McPherson,-1.5669,1.6641,0.0972
1165,CJ Moore,-0.8173,-1.537,-2.3543
1166,CJ Napier,-0.178,-0.1296,-0.3075
1167,CJ Noland,1.123,3.0071,4.1301
1168,CJ O'Hara,-2.4725,3.2221,0.7497
1169,CJ Parker,-0.078,-0.1146,-0.1926
1170,CJ Rich,-0.2265,-1.4596,-1.6861
1171,CJ Shaw,-2.5434,4.2125,1.6692
1172,CJ Smith,-1.0469,0.3292,-0.7177
1173,CJ Walker,-0.3705,1.7645,1.394
1174,CJ Wilcher,0.0654,4.6568,4.7222
1175,CJ Williams,-0.9426,-0.1656,-1.1083
1176,Cache Fields,0.6697,-0.1525,0.5172
1177,Cade Alger,-0.3664,-0.8633,-1.2297
1178,Cade Arbogast,0.0717,-0.3974,-0.3256
1179,Cade Bennett,0.0252,0.1451,0.1703
1180,Cade Brazier,-1.0102,0.6707,-0.3395
1181,Cade Gibbs,-0.4524,-1.0431,-1.4955
1182,Cade Hardtke,0.4603,0.4664,0.9268
1183,Cade Haskins,-1.2652,2.9928,1.7276
1184,Cade Higgins,-0.3637,-0.4111,-0.7748
1185,Cade Hornecker,-2.7147,-1.1858,-3.9005
1186,Cade Kelderman,-0.7976,1.2749,0.4773
1187,Cade Lomas,-0.2429,-0.159,-0.4019
1188,Cade Meyer,-1.6019,-1.7935,-3.3954
1189,Cade Norris,-2.1184,2.9607,0.8423
1190,Cade Orness,-0.2953,-0.5199,-0.8152
1191,Cade Pendleton,-1.3882,1.1587,-0.2295
1192,Cade Phillips,3.4559,2.3519,5.8079
1193,Cade Potter,-1.0213,0.4962,-0.5251
1194,Cade Stinnett,-0.6717,0.6192,-0.0525
1195,Cade Tyson,-1.9426,7.4215,5.4788
1196,Caden Bateman,-0.1502,0.4566,0.3064
1197,Caden Boser,-1.6941,0.8104,-0.8837
1198,Caden Diggs,-1.4195,1.1313,-0.2882
1199,Caden Hawkins,-0.7512,-0.151,-0.9022
1200,Caden Huttenlocker,-0.6966,-0.1887,-0.8852
1201,Caden Pierce,-0.1975,5.7079,5.5104
1202,Caden Powell,0.1752,5.1335,5.3086
1203,Caden Wilkins,-1.7305,2.371,0.6405
1204,Caedin Hamilton,0.646,-1.1212,-0.4751
1205,Cael Schmitt,-0.8277,-0.0387,-0.8664
1206,Caelum Swanton-Rodger,-0.3884,-2.4933,-2.8817
1207,Cahmai Crosby,-1.0279,-1.5948,-2.6227
1208,Cal Conroy,-0.2498,-0.9465,-1.1963
1209,Cal Furnish,-0.6155,-0.1893,-0.8048
1210,Cal Liston,-5.2364,-1.7232,-6.9596
1211,Cale Barclay,-2.6007,-1.5442,-4.1449
1212,Cale Jacobsen,2.9339,0.7208,3.6546
1213,Caleb Blackwell,-1.6,1.3328,-0.2672
1214,Caleb Burgess,-2.3376,-1.3207,-3.6583
1215,Caleb Carr,-1.2841,-1.9592,-3.2433
1216,Caleb Crawford,-1.6115,-2.9469,-4.5584
1217,Caleb Delzell,-0.3691,-0.5481,-0.9173
1218,Caleb Donaldson,-0.6124,-0.9,-1.5124
1219,Caleb Dorsey,-3.2421,0.3121,-2.93
1220,Caleb Ellison,-0.83,-0.6667,-1.4967
1221,Caleb Embeya,-1.6843,-1.5094,-3.1936
1222,Caleb Evans,0.0425,0.6499,0.6925
1223,Caleb Fields,-3.4155,4.8407,1.4252
1224,Caleb Foster,-2.0059,4.8131,2.8072
1225,Caleb Furst,1.5652,0.9735,2.5388
1226,Caleb Grill,0.6257,9.5943,10.22
1227,Caleb Hannah,-0.554,-1.3193,-1.8733
1228,Caleb Harrison,0.3019,1.2125,1.5145
1229,Caleb Hollenbeck,-3.0057,3.4767,0.471
1230,Caleb Hunter,-0.0915,-0.8367,-0.9282
1231,Caleb Johnson,2.226,0.3557,2.5817
1232,Caleb Jones,-6.2978,-0.7647,-7.0626
1233,Caleb Kenney,-2.5855,-0.009,-2.5945
1234,Caleb Kizer,-0.7257,-0.298,-1.0237
1235,Caleb Lohner,0.1216,0.3189,0.4405
1236,Caleb Love,0.6515,6.8825,7.534
1237,Caleb Mackrey,-0.81,-2.6891,-3.499
1238,Caleb McCarty,-0.4684,-0.2306,-0.699
1239,Caleb Middleton,-3.4001,0.6027,-2.7974
1240,Caleb Murphy,-1.2791,-1.463,-2.7421
1241,Caleb Pennyfeather,-4.5982,-2.0293,-6.6275
1242,Caleb Reese,-2.1338,-2.2544,-4.3883
1243,Caleb Robinson,1.7385,2.1902,3.9287
1244,Caleb Sanders,-0.8158,1.1056,0.2898
1245,Caleb Schoenrock,-0.1173,0.3548,0.2375
1246,Caleb Shaw,0.3474,2.169,2.5164
1247,Caleb Smith,-3.2106,-0.5263,-3.7369
1248,Caleb Stearman,0.2325,-0.0414,0.1911
1249,Caleb Steger,0.3806,-1.8041,-1.4235
1250,Caleb Stokes,-2.5097,-1.0796,-3.5894
1251,Caleb Stone-Carrawell,0.3835,0.8924,1.276
1252,Caleb Surgers,-0.3419,-0.6847,-1.0266
1253,Caleb Thompson,-1.1794,-0.1532,-1.3327
1254,Caleb Van De Griend,-1.8594,4.4219,2.5625
1255,Caleb Versher,-0.3949,-0.441,-0.8358
1256,Caleb Walker,-2.4696,0.346,-2.1236
1257,Caleb Williams,-3.9879,2.705,-1.2829
1258,Caleb Wilson,1.1265,7.7133,8.8398
1259,Caleb Zurliene,-0.2031,2.4894,2.2863
1260,Callum Richard,-0.0293,-0.5096,-0.5389
1261,Calum Rutherfurd,-0.939,-0.5979,-1.5369
1262,Calvin Robins,-1.0468,-0.6573,-1.704
1263,Calvin Russell,-0.0712,0.0217,-0.0495
1264,Calvin Solomon,3.3325,-0.9393,2.3932
1265,Cam Amboree,-2.219,1.0497,-1.1693
1266,Cam Brent,-0.2952,-0.752,-1.0472
1267,Cam Bryant,-2.6085,-0.6286,-3.2372
1268,Cam Campbell,-0.1472,-0.3034,-0.4506
1269,Cam Carroll,-2.0974,0.7686,-1.3288
1270,Cam Carter,0.2097,4.4519,4.6616
1271,Cam Christie,-1.8229,4.8473,3.0244
1272,Cam Christy,-0.9328,-1.2234,-2.1562
1273,Cam Cole,0.6327,-4.2046,-3.5719
1274,Cam Cormany,0.1055,-0.3338,-0.2283
1275,Cam Denson,-1.764,-4.3385,-6.1025
1276,Cam Estevez,-3.8209,2.7764,-1.0445
1277,Cam Gillus,-3.0587,-0.4275,-3.4862
1278,Cam Glover,-3.9981,-1.4017,-5.3998
1279,Cam Gregory,-2.6315,1.0419,-1.5896
1280,Cam Haffner,-1.9305,1.0496,-0.881
1281,Cam Hayes,-1.4798,-0.6748,-2.1546
1282,Cam Hutson,-0.3104,-0.8067,-1.1171
1283,Cam Lawin,-1.1229,-1.0195,-2.1424
1284,Cam Liggins,-0.3997,-0.5578,-0.9574
1285,Cam Malray,-0.1413,-1.683,-1.8243
1286,Cam Manyawu,3.1576,5.4721,8.6297
1287,Cam Martin,0.363,2.2117,2.5747
1288,Cam McDowell,-0.1922,3.3723,3.1801
1289,Cam Miles,-2.1004,-0.0258,-2.1263
1290,Cam Morris,-2.217,4.2138,1.9969
1291,Cam Palesse,-5.0991,3.5303,-1.5688
1292,Cam Polak,-2.1101,0.1723,-1.9378
1293,Cam Scott,-0.3397,-2.4449,-2.7845
1294,Cam Spencer,2.9436,8.6886,11.6321
1295,Cam Thomas,-0.973,-0.3124,-1.2853
1296,Cam Thrower,-0.7723,2.7314,1.9591
1297,Cam Wallace,-1.4757,-0.0931,-1.5688
1298,Cam Wilds,0.3147,0.8805,1.1951
1299,Cam'Ron Brown,-2.1017,-3.8727,-5.9744
1300,Cam'Ron Fletcher,-2.0763,5.2569,3.1806
1301,Camaren Sparrow,-0.0248,-1.7974,-1.8222
1302,Camaron Tongue,-1.0668,3.5498,2.483
1303,Camden Heide,-0.7976,3.9736,3.176
1304,Camden Karel,-0.5808,-0.7055,-1.2863
1305,Camden McCormick,-2.1109,-1.201,-3.312
1306,Camden Webster,-0.293,-0.0665,-0.3596
1307,Camerin James,-1.5383,-2.5371,-4.0753
1308,Cameron Bacote,-0.8527,0.2303,-0.6223
1309,Cameron Barnes,-0.0472,0.4644,0.4172
1310,Cameron Boone,-1.1578,-2.2188,-3.3765
1311,Cameron Boozer,5.0475,14.6934,19.7409
1312,Cameron Brennan,0.0846,-2.3471,-2.2624
1313,Cameron Brown,-3.2538,1.1379,-2.1159
1314,Cameron Butler,-0.3518,-1.8126,-2.1644
1315,Cameron Carr,0.3965,9.5511,9.9476
1316,Cameron Clark,-4.1965,-2.5771,-6.7736
1317,Cameron Corhen,-1.1004,4.8156,3.7151
1318,Cameron Crawford,-1.5021,1.3413,-0.1609
1319,Cameron Faas,-0.744,3.83,3.086
1320,Cameron Fens,-2.3878,4.1928,1.805
1321,Cameron Gehlhausen,-0.1905,-1.0695,-1.26
1322,Cameron Grant,0.2104,1.6215,1.832
1323,Cameron Haffner,0.353,-0.0728,0.2802
1324,Cameron Hiatt,-1.1249,0.6058,-0.5191
1325,Cameron Hildreth,1.4594,1.912,3.3714
1326,Cameron Huefner,-0.9373,0.8086,-0.1286
1327,Cameron Jackson,0.1512,0.2579,0.4091
1328,Cameron Jernigan,-0.8905,-2.4115,-3.3019
1329,Cameron Jones,0.5192,2.4305,2.9498
1330,Cameron Matthews,7.0749,6.119,13.1939
1331,Cameron McNamee,-1.3529,0.0299,-1.3231
1332,Cameron Merritt,-0.0622,0.2642,0.202
1333,Cameron O'Kelley,0.8433,1.9517,2.795
1334,Cameron Piggee,-2.6504,1.3569,-1.2935
1335,Cameron Sheffield,-0.2248,0.7591,0.5343
1336,Cameron Shockley-Okeke,-3.2727,3.4363,0.1635
1337,Cameron Simpson,-0.3927,0.2542,-0.1385
1338,Cameron Steele,-0.4263,0.4145,-0.0118
1339,Cameron Stitt,-3.6575,0.1507,-3.5068
1340,Cameron Tucker,-0.024,-0.216,-0.2399
1341,Cameron Tweedy,-2.7462,-0.4834,-3.2296
1342,Cameron Tyson,0.2739,8.5173,8.7912
1343,Cameron Wallace,-4.1022,2.4029,-1.6993
1344,Cameron Ward,1.1996,3.9272,5.1268
1345,Cameron Wilbon,-1.4849,0.1226,-1.3624
1346,Cameron Williams,-4.5489,1.2255,-3.3234
1347,Camian Shell,-2.7791,0.8115,-1.9676
1348,Camp Wagner,-2.7817,4.7996,2.0179
1349,Campbell Duncan,0.0569,-0.1464,-0.0895
1350,Camren Hunter,-1.3786,4.7191,3.3405
1351,Camren Little,-0.5594,-0.3449,-0.9043
1352,Camryn Weston,0.3707,2.0221,2.3928
1353,Canin Jefferson,-2.2927,-0.6132,-2.9059
1354,Cannon Richards,-0.3557,-2.1686,-2.5243
1355,Car'Ron Brown,-0.012,0.0092,-0.0028
1356,Cardell Bailey,-2.9377,3.2493,0.3116
1357,Carey Booth,-0.3145,5.3586,5.0441
1358,Carl Cherenfant,0.2599,0.6053,0.8653
1359,Carl Daughtery,-3.1793,3.0244,-0.1549
1360,Carl Parrish,-2.2836,1.7535,-0.53
1361,Carlos Coronado,-1.7027,1.759,0.0563
1362,Carlos Cortijo,-2.4755,0.1972,-2.2783
1363,Carlos Curry,-1.1087,-1.8406,-2.9493
1364,Carlos Fuentes,-0.2789,-0.1197,-0.3987
1365,Carlos Harris,-0.3523,0.3641,0.0118
1366,Carlos Hart,-0.0493,0.1289,0.0796
1367,Carlos Lopez,-4.1803,-1.1677,-5.348
1368,Carlos Marshall,-2.0678,4.8345,2.7667
1369,Carlos Paez,-0.0362,1.9707,1.9345
1370,Carlos Rosario,-2.1839,-0.0334,-2.2173
1371,Carlos Stewart,0.3936,3.6662,4.0598
1372,Carlous Williams,-1.1746,2.2277,1.0531
1373,Carlsheon Young,-0.3464,-0.1721,-0.5185
1374,Carlton Carrington,0.3221,5.3872,5.7093
1375,Carlton Linguard,-1.8446,5.6054,3.7608
1376,Carmelo Adkins,-3.1786,2.8401,-0.3385
1377,Carmelo Pacheco,-3.1564,4.716,1.5595
1378,Carnegie Johnson,-1.7874,-1.6851,-3.4725
1379,Carson Barrett,0.66,-0.3222,0.3378
1380,Carson Basham,0.1213,0.274,0.3953
1381,Carson Brown,-0.7214,0.0442,-0.6771
1382,Carson Cooper,3.9655,4.8741,8.8396
1383,Carson Johnson,-5.9519,7.8919,1.94
1384,Carson Mastin,-0.106,-0.458,-0.564
1385,Carson Prost,-0.9996,-0.9616,-1.9612
1386,Carson Rhodes,-0.1683,-0.021,-0.1894
1387,Carson Sager,-0.2776,-0.4571,-0.7347
1388,Carson Schwieger,-1.8875,2.3272,0.4397
1389,Carson Smith,-1.5105,-1.3025,-2.8131
1390,Carson Towt,0.3532,5.0574,5.4106
1391,Carson Vis,-2.7291,1.9385,-0.7906
1392,Carter Ash,-0.6724,0.173,-0.4994
1393,Carter Benton,-1.3651,-0.8842,-2.2493
1394,Carter Bjerke,-0.3596,8.4372,8.0776
1395,Carter Bryant,2.3545,4.9462,7.3006
1396,Carter Gilmore,2.5571,4.7475,7.3046
1397,Carter Hopoi,-0.3616,2.0341,1.6725
1398,Carter Kingsbury,-4.9261,0.3513,-4.5748
1399,Carter Lang,-1.0344,-2.0872,-3.1216
1400,Carter Murphy,-0.5831,-0.0627,-0.6458
1401,Carter Sobera,0.0036,-0.3862,-0.3826
1402,Carter Welling,1.5634,3.7723,5.3357
1403,Carter Whitt,-2.7149,1.1322,-1.5827
1404,Casey Jones,-2.0109,2.7582,0.7474
1405,Casey Morsell,0.4377,4.589,5.0267
1406,Casey O'Malley,-0.5074,-1.5837,-2.0911
1407,Casey Simmons,0.0717,1.5469,1.6186
1408,Cash McSweeney,-0.4339,-0.6016,-1.0354
1409,Casmir Chavis,-0.183,0.404,0.221
1410,Cason Collins,-0.4124,-0.0494,-0.4618
1411,Casper Pohto,-0.1232,-0.0726,-0.1958
1412,Cassius Bonjasky,-2.6216,-0.1475,-2.7691
1413,Cassius Brooks,-1.9281,-2.6149,-4.543
1414,Cavan Reilly,-3.0987,3.9008,0.8021
1415,Cavin Holden,0.6072,0.0087,0.6158
1416,Cayden Boozer,1.2204,4.7619,5.9823
1417,Cayden Charles,-2.2905,5.0966,2.8061
1418,Cayden Gehlhausen,-0.0766,-0.6345,-0.7112
1419,Cayden Vasko,-1.3187,2.9818,1.6631
1420,Cayden Ward,-5.0912,3.9566,-1.1346
1421,Cbo Newton,-2.8627,3.0687,0.206
1422,Cedric Coward,-0.3179,7.5503,7.2324
1423,Cedric Lath,0.1908,-1.8147,-1.6239
1424,Cesar Tchilombo,-2.2555,-2.7879,-5.0434
1425,Cesare Edwards,-0.9916,1.3976,0.406
1426,Chace Davis,-3.0159,-1.2409,-4.2569
1427,Chace Watley,-4.8187,-0.5796,-5.3983
1428,Chad Baker-Mazara,1.1042,10.004,11.1082
1429,Chad Moodie,-3.3266,-2.0833,-5.4099
1430,Chad Venning,0.9479,2.8574,3.8053
1431,Chadlyn Traylor,-0.9741,0.0119,-0.9622
1432,Cham Okey,-1.2756,-0.4903,-1.7659
1433,Chance Beard,-0.1048,-0.1344,-0.2392
1434,Chance Mallory,2.2541,6.1265,8.3806
1435,Chance McMillian,0.9122,10.424,11.3362
1436,Chance Moore,1.0341,3.2395,4.2736
1437,Chance Puryear,-1.2505,-0.2074,-1.4579
1438,Chance Stephens,-0.4849,-0.9373,-1.4222
1439,Chance Thacker,-0.3673,-0.7561,-1.1234
1440,Chance Trujillo,-3.1845,3.535,0.3504
1441,Chance Westry,-0.3541,6.6709,6.3169
1442,Chancellor White,-3.3457,1.4735,-1.8722
1443,Chandler Baker,-2.0735,3.1399,1.0664
1444,Chandler Bing,-1.6965,2.8559,1.1593
1445,Chandler Cuthrell,-1.6036,6.46,4.8564
1446,Chandler Jackson,0.9986,5.8786,6.8772
1447,Chandler Lawson,2.0614,0.7265,2.7879
1448,Chandler Leopard,-1.7535,0.9695,-0.784
1449,Chandler Pigge,-1.5245,4.219,2.6945
1450,Chandler Turner,-1.0686,1.774,0.7053
1451,Chane Bynum,-0.8325,0.2244,-0.6082
1452,Chaney Johnson,4.1654,4.4282,8.5937
1453,Chanler Montgomery,-0.0434,0.1354,0.092
1454,Chanse Perkins,-0.2429,0.0794,-0.1635
1455,Chansey Willis,-0.9843,1.9574,0.9731
1456,Charles Bediako,-0.4599,1.5972,1.1373
1457,Charles Chukwu,0.3557,-1.0377,-0.682
1458,Charles Coleman,-0.7552,-0.7164,-1.4716
1459,Charles Dunlap,-0.1307,-0.2885,-0.4192
1460,Charles Ireland,-0.449,-0.3305,-0.7794
1461,Charles Johnston,0.4308,5.2678,5.6985
1462,Charles Lampten,2.1215,-0.6202,1.5014
1463,Charles Lane,-1.9564,2.8654,0.909
1464,Charles Outlaw,-0.3986,-0.9634,-1.362
1465,Charles Pride,1.0242,5.0769,6.1011
1466,Charles Smith,-1.6467,2.9979,1.3512
1467,Charles Stone,-1.2551,-1.9488,-3.2038
1468,Charles Thompson,2.5243,1.5469,4.0712
1469,Charlie Diamantis,-0.7675,-1.2962,-2.0637
1470,Charlie Dortch,-0.5184,0.6473,0.1289
1471,Charlie Easley,0.9522,5.2105,6.1627
1472,Charlie May,-0.1647,-0.7094,-0.8742
1473,Charlie Miller,-1.0673,0.457,-0.6102
1474,Charlie OSullivan,-1.4092,1.5052,0.096
1475,Charlie Peterson,0.0776,-5.812,-5.7344
1476,Charlie Weisberg,-0.1878,0.0143,-0.1734
1477,Charlie Williams,-1.4652,1.3085,-0.1567
1478,Chas Kelley,-3.2452,0.4201,-2.8251
1479,Chas Lewless,-2.1035,-0.21,-2.3135
1480,Chas Stinson,-1.1316,0.7473,-0.3843
1481,Chase Adams,-2.5985,0.2018,-2.3968
1482,Chase Barrs,0.445,-1.1415,-0.6965
1483,Chase Beasley,-0.3308,-3.7018,-4.0326
1484,Chase Claxton,1.174,0.1788,1.3528
1485,Chase Clemmons,-0.043,-0.1872,-0.2302
1486,Chase Cormier,-1.5679,1.6655,0.0976
1487,Chase Courbat,0.5313,0.1196,0.6509
1488,Chase Courtney,-0.5938,-1.1623,-1.7561
1489,Chase Dawson,-6.4023,0.3166,-6.0857
1490,Chase Forte,0.7248,2.1444,2.8691
1491,Chase Henderson,-3.197,-2.9622,-6.1592
1492,Chase Hunter,0.3723,5.356,5.7283
1493,Chase Johnston,-1.2519,4.2611,3.0092
1494,Chase Kirkwood,0.264,-0.3212,-0.0572
1495,Chase Kuiper,-0.0966,-0.4922,-0.5888
1496,Chase Lowe,1.2546,6.8279,8.0825
1497,Chase Martin,-2.2866,-0.9225,-3.2091
1498,Chase McCarty,1.9702,2.4489,4.4192
1499,Chase McKey,-1.1632,-1.8342,-2.9974
1500,Chase Paar,1.3658,-1.7211,-0.3553
1501,Chase Rawlins,-0.7258,0.387,-0.3389
1502,Chase Robinson,-1.0565,2.1379,1.0815
1503,Chase Ross,2.8619,3.4405,6.3024
1504,Chase Sample,-0.2448,-0.0647,-0.3095
1505,Chase Thompson,1.5929,1.6265,3.2195
1506,Chase Tucker,-0.2825,-0.2426,-0.5251
1507,Chase Walker,1.6094,8.4116,10.021
1508,Chase Williams,-0.4088,-0.562,-0.9708
1509,Chaunce Jenkins,-1.4691,2.4201,0.951
1510,Chauncey Gibson,-3.2318,-0.6795,-3.9113
1511,Chauncey Wiggins,-0.5663,4.584,4.0177
1512,Chayce Polynice,-1.8235,-1.3815,-3.205
1513,Chaydon Stone,-0.1733,-0.7728,-0.9461
1514,Chaz Lanier,0.6712,7.7804,8.4516
1515,Chaz Watson,1.0063,2.0663,3.0726
1516,Chaze Harris,-0.6339,5.1467,4.5127
1517,Chazz Hutchison,0.1115,0.9063,1.0178
1518,Cheickna Sissoko,1.5383,-1.9807,-0.4424
1519,Cheikh Ndiaye,-1.7514,-1.5189,-3.2703
1520,Cheikh Sow,0.1053,0.3604,0.4656
1521,Chendall Weaver,-1.7684,7.4807,5.7123
1522,Chevalier Emery,-7.4977,2.4564,-5.0414
1523,Chiang Ring,0.3178,-0.1389,0.1789
1524,Chiante Tramble,-0.7118,0.129,-0.5828
1525,Chianti Clay,-0.2976,-0.6635,-0.9611
1526,Chibuzo Agbo,1.2766,7.5227,8.7994
1527,Chico Carter,-4.1192,1.9663,-2.1529
1528,Chico Johnson,-3.9451,-5.2493,-9.1945
1529,Chidi Umeh,-2.4349,-4.7842,-7.2191
1530,Chidube Ekwommadu,-2.0488,0.4872,-1.5616
1531,Chigozie Achara,-1.2956,-4.2515,-5.5471
1532,Chika Nduka,-0.2373,-1.1806,-1.4179
1533,Chike Ndefo,0.9819,-1.2087,-0.2267
1534,Chilaydrien Newton,-2.772,0.5637,-2.2083
1535,Chip Brunt,-0.2119,-2.2496,-2.4616
1536,Chisom Okpara,-2.2298,4.8623,2.6325
1537,Chol Machot,0.1298,1.2506,1.3803
1538,Chol Marial,1.1187,-6.3657,-5.247
1539,Chop Paljor,-2.7624,0.9424,-1.8201
1540,Chris Adlam,-1.9673,0.1015,-1.8659
1541,Chris Arcidiacono,0.102,-1.1868,-1.0848
1542,Chris Arias,-3.8037,2.2826,-1.5211
1543,Chris Arizin,-0.359,-0.0522,-0.4113
1544,Chris Ashby,-7.6649,3.1928,-4.4721
1545,Chris Austin,-4.4772,1.1196,-3.3576
1546,Chris Bell,-1.9723,4.5392,2.5669
1547,Chris Cain,-0.5502,-1.0926,-1.6428
1548,Chris Carter,-0.4686,-0.1706,-0.6391
1549,Chris Catchings,0.054,-0.1343,-0.0804
1550,Chris Cenac,0.8051,2.7303,3.5354
1551,Chris Chiles,-0.1087,-0.8035,-0.9121
1552,Chris Conway,-0.2674,2.3688,2.1015
1553,Chris Craig,0.5772,0.0452,0.6224
1554,Chris Cross,-2.8938,-1.0064,-3.9002
1555,Chris Daniels,-0.5742,-1.7747,-2.3489
1556,Chris Davis,-0.6362,2.2988,1.6626
1557,Chris Dockery,-4.1135,1.3209,-2.7926
1558,Chris Doherty,-2.6856,2.4647,-0.2209
1559,Chris Felix,-0.4035,-1.067,-1.4705
1560,Chris Fields,-2.9007,3.1631,0.2624
1561,Chris Ford,-0.9111,-1.5744,-2.4855
1562,Chris Gatty,-0.1573,-0.1446,-0.3018
1563,Chris Gleaton,0.285,-1.3341,-1.0491
1564,Chris Hodges,-0.4617,-0.6502,-1.112
1565,Chris Howell,3.9867,1.4748,5.4615
1566,Chris Johnson,-0.6228,3.994,3.3711
1567,Chris Komin,-2.8771,2.635,-0.2421
1568,Chris Kumu,-1.7409,-0.1589,-1.8998
1569,Chris Kuzemka,0.9259,-0.7498,0.1761
1570,Chris Ledlum,1.5113,3.7456,5.2569
1571,Chris Lockett,-1.1042,0.5491,-0.555
1572,Chris Loofe,1.5451,-0.8854,0.6597
1573,Chris Lotito,-0.3003,-0.0904,-0.3907
1574,Chris Maidoh,2.2516,3.6991,5.9506
1575,Chris Manon,2.2175,5.2024,7.42
1576,Chris McDermott,-0.46,1.6899,1.2299
1577,Chris Mitchell,0.4079,-0.6967,-0.2888
1578,Chris Moncrief,-2.0236,0.439,-1.5846
1579,Chris Moore,0.5247,-0.8539,-0.3292
1580,Chris Morgan,1.5072,-3.2037,-1.6965
1581,Chris Mpaka,-0.5158,-0.9486,-1.4644
1582,Chris Mubiru,-0.2859,-0.4631,-0.749
1583,Chris Nana,-0.1969,-0.2915,-0.4884
1584,Chris Nix,-0.7115,-1.0027,-1.7141
1585,Chris Payton,0.7903,3.5129,4.3032
1586,Chris Pryor,-2.1749,4.4577,2.2829
1587,Chris Riddle,0.7389,1.3905,2.1294
1588,Chris Rubayo,1.7061,-0.7264,0.9797
1589,Chris Sosnik,-0.2432,-0.5314,-0.7746
1590,Chris Tadjo,-0.9696,-0.7779,-1.7475
1591,Chris Terrell,-0.8118,1.0142,0.2024
1592,Chris Torres,-0.8502,-0.9586,-1.8088
1593,Chris Ubochi,0.9901,0.5371,1.5273
1594,Chris Walker,-1.6145,0.1554,-1.4592
1595,Chris Youngblood,1.5051,7.1342,8.6394
1596,Chrishawn Christmas,1.3775,1.9474,3.3248
1597,Christ Essandoko,1.154,0.3957,1.5496
1598,Christian Alston,-2.3029,-1.7861,-4.089
1599,Christian Anderson,0.4092,8.482,8.8912
1600,Christian Beam,-0.5677,-2.9507,-3.5184
1601,Christian Bliss,-2.8314,4.0656,1.2343
1602,Christian Brown,-2.6206,1.1074,-1.5132
1603,Christian Coleman,-1.9264,6.0655,4.139
1604,Christian Cook,-1.6188,5.3971,3.7783
1605,Christian Davis,-1.1488,4.5725,3.4238
1606,Christian Dedivanaj,0.2706,0.303,0.5736
1607,Christian Fermin,1.1113,0.0397,1.151
1608,Christian Foy,-0.2366,-0.3519,-0.5885
1609,Christian Fussell,-1.1603,-1.6095,-2.7698
1610,Christian Gamble,-0.3609,-5.6371,-5.998
1611,Christian Gurdak,2.4083,2.3986,4.8068
1612,Christian Hammond,-1.6193,4.7129,3.0936
1613,Christian Harmon,-1.5887,5.8949,4.3062
1614,Christian Henry,-0.4263,3.6807,3.2543
1615,Christian Horry,-0.1839,-0.4043,-0.5882
1616,Christian Hughes,-1.4481,-2.2729,-3.7209
1617,Christian Ings,-4.2865,3.7308,-0.5557
1618,Christian Jeffrey,1.4939,1.7516,3.2454
1619,Christian Jones,-2.829,2.1499,-0.6791
1620,Christian King,-2.5252,3.1206,0.5954
1621,Christian Kirkland,1.5709,-1.6353,-0.0645
1622,Christian Landry,-0.3586,0.1036,-0.2549
1623,Christian May,-2.6342,1.4442,-1.19
1624,Christian Moore,-4.4969,4.4289,-0.068
1625,Christian Nitu,0.8649,-1.8841,-1.0192
1626,Christian Oliver,-2.3835,-2.4801,-4.8636
1627,Christian Ray,-0.247,3.6194,3.3724
1628,Christian Reeves,-0.5911,3.3046,2.7135
1629,Christian Reid,0.9688,-1.0736,-0.1048
1630,Christian Rich,0.2763,-0.9084,-0.6321
1631,Christian Richardson,0.506,1.078,1.584
1632,Christian Shumate,0.1051,4.3723,4.4774
1633,Christian Tomasco,0.605,-0.158,0.4469
1634,Christian Tucker,-2.7629,2.119,-0.6439
1635,Christian Turner,0.6517,-0.9269,-0.2752
1636,Christian Villegas,0.0022,0.2619,0.2641
1637,Christian Watson,-1.1162,1.8853,0.7691
1638,Christian Williams,-2.0461,1.8726,-0.1735
1639,Christian Winborne,-1.7389,-1.0028,-2.7417
1640,Christian Wise,0.6697,-1.5358,-0.8661
1641,Christian Wright,-1.4184,0.3596,-1.0589
1642,Christoph Tilly,1.5654,6.1215,7.6869
1643,Christopher Baudreau,-0.2947,-0.5393,-0.834
1644,Christopher Biekeu,-0.0212,-0.2043,-0.2255
1645,Christopher Cox,-0.3314,0.1001,-0.2313
1646,Christopher Flippin,-3.649,-1.628,-5.277
1647,Christopher Green,-0.1376,-0.0226,-0.1603
1648,Christopher Jones,-1.0595,-1.3255,-2.385
1649,Christopher Mantis,-3.3166,3.0832,-0.2334
1650,Christopher Melis,1.1338,-0.9724,0.1614
1651,Christopher Nwuli,-0.2608,0.0823,-0.1785
1652,Christopher Skenderi,-0.2796,0.0484,-0.2312
1653,Christyon Eugene,-1.8325,5.1799,3.3474
1654,Chuck Bailey,-3.1301,2.1786,-0.9515
1655,Chuck Harris,-1.3877,7.0106,5.6229
1656,Chuck Love,-2.6742,1.427,-1.2472
1657,Chuck O'Bannon,-0.1188,3.0361,2.9172
1658,Chucky Hepburn,3.3252,6.3635,9.6888
1659,Chudi Dioramma,-0.3524,1.001,0.6486
1660,Chuks Isitua,-0.7726,-0.4217,-1.1943
1661,Churchill Abass,-1.2875,-1.695,-2.9826
1662,Churchilll Bounds,-0.3444,0.8309,0.4865
1663,Cian Medley,-2.9997,2.3327,-0.6671
1664,Cinque Lemon,-1.126,-1.1068,-2.2328
1665,Clance Crosby,-2.7718,-2.9508,-5.7226
1666,Clancy Bird,-0.1564,-0.0381,-0.1944
1667,"Clarence ""Monzy"" Jackson",-0.7627,0.292,-0.4707
1668,Clarence Cummings,-1.3748,-0.6759,-2.0507
1669,Clarence Daniels,0.0473,3.4662,3.5136
1670,Clarence Massamba,0.1021,-0.2787,-0.1766
1671,Clarence Rupert,0.6134,0.8825,1.4959
1672,Clark Slajchert,-2.4769,4.2065,1.7296
1673,Clash Peters,1.4802,-1.4926,-0.0123
1674,Claudell Harris,-1.0727,5.7207,4.648
1675,Clay Howard,0.0003,0.5298,0.5301
1676,Clayton Jackson,-0.8949,-0.7461,-1.6409
1677,Clayton Parker,-2.7885,-1.8209,-4.6094
1678,Clayton Southwick,-0.2012,-2.6189,-2.8201
1679,Clem Edomwonyin,0.076,-2.8091,-2.7331
1680,Cli'ron Hornbeak,-0.384,1.002,0.618
1681,Cliff Davis,-4.3563,6.0369,1.6805
1682,Clifford Omoruyi,4.9597,3.1038,8.0636
1683,Clinton Efinda,-4.3084,1.4369,-2.8715
1684,Clyde Bailey,0.4937,1.3505,1.8442
1685,Clyde Mauldin,0.1371,-0.2171,-0.08
1686,Cobe Williams,1.7664,2.8176,4.5841
1687,Cobey Harraway,-1.5483,-2.4342,-3.9825
1688,Cobi Campbell,-2.1642,1.6094,-0.5548
1689,Cobie Montgomery,-1.9818,2.6982,0.7164
1690,Cody Head,-2.4843,2.0734,-0.4109
1691,Cody Pennebaker,-4.1128,0.0586,-4.0542
1692,Cody Williams,-0.0002,3.8023,3.8021
1693,Coen Carr,-0.0869,5.9868,5.8999
1694,Colby Baumann,0.0265,-0.129,-0.1025
1695,Colby Brooks,-2.1427,0.2707,-1.872
1696,Colby Duggan,-2.1096,4.0588,1.9492
1697,Colby Garland,-2.2991,6.6436,4.3445
1698,Colby McAllister,-3.2321,1.0322,-2.1999
1699,Colby Rogers,-1.5181,4.2044,2.6863
1700,Colby Tanner,0.3812,0.5301,0.9113
1701,Cole Alexander,-0.831,-1.3067,-2.1377
1702,Cole Anderson,-3.6746,5.1728,1.4982
1703,Cole Andrews-Heitz,0.0859,-0.2315,-0.1456
1704,Cole Bajema,-1.1174,3.7528,2.6354
1705,Cole Bott,-0.3714,-0.7058,-1.0772
1706,Cole Bowser,-0.751,0.7495,-0.0015
1707,Cole Certa,-2.3186,7.2484,4.9297
1708,Cole Despie,-0.4522,0.1271,-0.3251
1709,Cole Farrell,-2.8008,-0.5263,-3.3271
1710,Cole Franklin,0.1539,-1.9121,-1.7582
1711,Cole Glasgow,-0.9373,-0.9968,-1.9341
1712,Cole Haller,-0.7086,-2.7495,-3.4581
1713,Cole Hargrove,0.4951,1.2169,1.712
1714,Cole Henry,-2.0323,1.0668,-0.9655
1715,Cole Kastner,0.1045,0.4253,0.5298
1716,Cole Kirouac,0.6603,-0.0807,0.5796
1717,Cole LaRue,-1.2542,-0.5049,-1.7591
1718,Cole Lake,-0.1619,-0.5221,-0.684
1719,Cole McCabe,-2.3714,-3.6081,-5.9794
1720,Cole McCormick,-4.2091,1.6791,-2.53
1721,Cole McGrath,-0.514,-0.3636,-0.8777
1722,Cole Paar,-0.1879,0.0809,-0.107
1723,Cole Pepe,-0.5498,-0.3539,-0.9037
1724,Cole Scherer,-1.3228,0.4481,-0.8747
1725,Cole Sherman,-1.1705,0.1818,-0.9888
1726,Coleman Hawkins,1.7367,9.1877,10.9244
1727,Coleman Lemke,-1.2443,-1.6417,-2.886
1728,Coleson Messer,-0.3895,-0.4989,-0.8885
1729,Coleton Benson,-3.7828,3.5338,-0.249
1730,Colin Ayers,-0.7072,0.0392,-0.6681
1731,Colin Chambers,-0.842,-0.0815,-0.9235
1732,Colin Coyne,-0.1881,-0.4208,-0.6089
1733,Colin Darby,0.2344,0.6873,0.9216
1734,Colin Granger,-3.9487,0.8304,-3.1183
1735,Colin Hawkins,-4.4485,-5.2764,-9.7249
1736,Colin McKenzie,-0.7389,-0.5546,-1.2935
1737,Colin Ndaw,-0.0609,-0.1934,-0.2543
1738,Colin O'Rourke,-0.079,-0.0536,-0.1325
1739,Colin Porter,-0.6354,5.1788,4.5435
1740,Colin Ruffin,-1.6715,-1.776,-3.4475
1741,Colin Smalls,-4.2648,1.5788,-2.686
1742,Colin Smith,-1.9555,5.2677,3.3122
1743,Colin Walton,-0.447,0.3161,-0.1309
1744,Colin White,0.3689,1.3521,1.721
1745,Collin Chandler,-1.4581,5.7094,4.2513
1746,Collin Cooper,-0.9413,1.4949,0.5535
1747,Collin Course,0.0102,0.0257,0.036
1748,Collin Holloway,-3.8787,2.1444,-1.7343
1749,Collin Kuhl,-1.5767,-0.3254,-1.9021
1750,Collin Metcalf,2.0378,-0.115,1.9228
1751,Collin Moore,1.1853,1.7418,2.9271
1752,Collin Mulholland,-2.5684,2.0395,-0.5289
1753,Collin Murray-Boyles,4.4451,8.6974,13.1425
1754,Collin O'Connor,-2.5537,-0.2851,-2.8387
1755,Collin O'Neal,-1.429,-0.8098,-2.2388
1756,Collin O'Toole,-0.0615,-0.0961,-0.1576
1757,Collin Tanner,-1.8016,1.147,-0.6546
1758,Collins Onyejiaka,-0.4085,-0.6359,-1.0443
1759,Colt Langdon,-0.8383,-0.774,-1.6123
1760,Colt Ness,-0.112,-0.866,-0.978
1761,Coltie Young,-6.0934,2.2741,-3.8193
1762,Comeh Emuobor,-3.7284,0.1914,-3.537
1763,Conner Groce,-0.0242,-0.505,-0.5292
1764,Conner Venable,-0.4027,-0.6104,-1.0131
1765,Connor Amundsen,-3.885,3.5461,-0.3389
1766,Connor Barrett,-0.8816,-0.9067,-1.7882
1767,Connor Braun,-0.1146,-0.2107,-0.3253
1768,Connor Christensen,-1.2394,-3.7202,-4.9596
1769,Connor Creech,-1.673,-1.6167,-3.2898
1770,Connor Dick,0.2556,-3.1132,-2.8576
1771,Connor Dillon,-0.9905,1.3676,0.3771
1772,Connor Dow,-2.389,3.4765,1.0875
1773,Connor Dubsky,-2.6125,1.1704,-1.4421
1774,Connor Essegian,-1.0817,5.3692,4.2875
1775,Connor Gal,-0.4596,0.1759,-0.2837
1776,Connor Hickman,-1.4248,3.6168,2.192
1777,Connor Hollenbeck,-5.2412,3.8265,-1.4147
1778,Connor Horan,-0.3788,-0.4201,-0.7989
1779,Connor Igoe,0.3327,3.7361,4.0688
1780,Connor Kochera,-0.9888,5.1461,4.1572
1781,Connor Linke,0.701,-0.9449,-0.2439
1782,Connor Loy,1.214,-0.5387,0.6753
1783,Connor Mancell,-0.9825,-0.8365,-1.819
1784,Connor Martin,-0.9484,-0.5763,-1.5247
1785,Connor Odom,-0.1185,-0.0415,-0.16
1786,Connor Serven,1.1389,0.3133,1.4522
1787,Connor Sevilla,-5.1861,2.2461,-2.94
1788,Connor Turnbull,2.603,1.7119,4.3149
1789,Connor Vanover,1.9599,1.7151,3.675
1790,Connor Withers,2.8027,3.6367,6.4394
1791,Conor Enright,0.087,4.4118,4.4988
1792,Conrad Hawley,-0.5216,-0.1891,-0.7107
1793,Conrad Martinez,-0.262,5.0452,4.7832
1794,Cooper Bean,-0.7997,-0.0936,-0.8932
1795,Cooper Bowser,-1.1179,3.3614,2.2435
1796,Cooper Campbell,-2.8676,7.1057,4.2381
1797,Cooper Church,-0.0296,-0.5398,-0.5694
1798,Cooper Craggs,-0.9736,0.9138,-0.0598
1799,Cooper Dewitt,-2.9135,-3.3232,-6.2367
1800,Cooper Flagg,6.217,9.5126,15.7296
1801,Cooper Haynes,-0.4866,-0.2821,-0.7687
1802,Cooper Jackson,-1.3919,-0.929,-2.3209
1803,Cooper Jones,-0.0342,0.4758,0.4416
1804,Cooper Josefsberg,-0.8546,-0.1599,-1.0145
1805,Cooper Koch,-0.4002,4.1396,3.7393
1806,Cooper Mueller,0.1256,0.5316,0.6572
1807,Cooper Nadler,-0.5619,-0.5855,-1.1473
1808,Cooper Noard,-4.8731,7.835,2.9619
1809,Cooper Schwieger,-0.8172,5.1477,4.3304
1810,Cooper Smith,-2.8411,-0.5405,-3.3816
1811,Cooper Vogel,-0.4317,-0.7169,-1.1486
1812,Cooper Wright,0.5273,-0.1722,0.3551
1813,Corbin Green,-0.0542,-1.9656,-2.0198
1814,Corbin Zentner,-2.3091,2.051,-0.2582
1815,Cord Stansberry,-3.9088,1.7215,-2.1873
1816,Corentin Efono,-1.1342,-1.8921,-3.0264
1817,Corey Boston,-0.8177,0.1268,-0.6909
1818,Corey Brown,-0.8283,-0.652,-1.4803
1819,Corey Camper,-1.1071,4.3938,3.2867
1820,Corey Caulker,-2.7579,1.0875,-1.6704
1821,Corey Chesley,-2.638,-2.179,-4.817
1822,Corey Chest,3.2749,1.9895,5.2644
1823,Corey Floyd,-1.2154,2.5713,1.3559
1824,Corey Hadnot,-1.524,3.8186,2.2946
1825,Corey Jones,-1.0789,-1.2022,-2.2811
1826,Corey McKeithan,0.0721,2.9915,3.0635
1827,Corey Miller,-1.7018,-1.2446,-2.9464
1828,Corey Perkins,-3.0146,-3.1885,-6.2031
1829,Corey Sawyer,-1.4392,1.1199,-0.3193
1830,Corey Stephenson,-2.0129,6.4263,4.4134
1831,Corey Thomas,2.177,3.3253,5.5023
1832,Corey Tripp,-0.6183,4.768,4.1497
1833,Corey Walker,-0.8278,2.123,1.2952
1834,Corey Washington,-0.2905,9.0895,8.7989
1835,Corleone Dandridge,-0.4283,0.2314,-0.1969
1836,Cormac Ryan,0.7131,5.0814,5.7945
1837,Corneilous Williams,-1.0788,3.2375,2.1587
1838,Cornelius Robinson,-3.2436,1.6552,-1.5884
1839,Cort Roberson,0.3012,0.5639,0.8651
1840,Cory Curtis,-0.2573,-0.5664,-0.8237
1841,Cory Wells,-1.3545,-1.0769,-2.4314
1842,Cougar Downing,-2.6292,1.5345,-1.0946
1843,Courtland Muldrew,0.0638,1.0032,1.067
1844,Courtney Anderson,-0.2489,2.2484,1.9995
1845,Courtney Brown,-0.9632,-0.1112,-1.0745
1846,Courtney Wallace,-0.4975,1.7295,1.232
1847,Covy Kelly,0.2023,0.2715,0.4738
1848,Cowandric Samuel,0.132,-1.2036,-1.0716
1849,Creed Williamson,0.0096,-0.5121,-0.5025
1850,Creighton Lebo,-0.035,-0.6339,-0.6689
1851,Creighton Thieneman,0.1231,0.048,0.1711
1852,Cris Carroll,-0.4496,3.2468,2.7971
1853,Crosby James,-0.9317,-0.3702,-1.3019
1854,Cruz Davis,-1.4583,4.8308,3.3726
1855,Curt Hopf,-4.3012,-2.4315,-6.7327
1856,Curt Lewis,-1.5908,2.1447,0.5539
1857,Curtis Blair,-0.1788,-1.2544,-1.4332
1858,Curtis Givens,-4.122,0.9025,-3.2195
1859,Curtis Jones,1.3398,6.1346,7.4744
1860,Curtis Stinson,0.1036,0.822,0.9256
1861,Curtis Williams,-3.9731,4.3853,0.4122
1862,Cyncier Harrison,-1.3567,-2.5901,-3.9468
1863,Cyprian Hyde,-0.3932,-0.9871,-1.3803
1864,Cyr Malonga,0.9504,-0.8254,0.125
1865,Cyril Arvanitis,0.395,0.3498,0.7448
1866,Cyril Franklin,-0.8508,1.204,0.3532
1867,Cyril Martynov,-1.878,-2.6591,-4.5371
1868,Cyrus Largie,-1.5668,2.3667,0.7999
1869,D'Andre Harrison,0.7406,-1.0602,-0.3196
1870,D'Angelo Minnis,-2.493,0.7474,-1.7456
1871,D'Angelo Stines,-2.9782,-0.96,-3.9382
1872,D'Ante Bass,2.01,0.5315,2.5415
1873,D'Ante Bell,1.2534,-1.8555,-0.6021
1874,D'Aundre Samuels,-1.0823,1.0508,-0.0315
1875,D'Auntray Pierce,1.2099,-1.0285,0.1814
1876,D'Marco Dunn,1.6619,3.7065,5.3684
1877,D'Maurian Williams,-2.4572,3.7973,1.3401
1878,D'Shay Wright,-1.4152,-0.7487,-2.1638
1879,DA Houston,-2.6053,-0.1134,-2.7187
1880,DJ Armstrong,-0.1235,3.4681,3.3446
1881,DJ Burns,-0.5046,5.317,4.8124
1882,DJ Campbell,-0.8888,2.414,1.5251
1883,DJ Davis,-0.7311,5.0134,4.2823
1884,DJ Dormu,-2.4606,-2.1975,-4.6581
1885,DJ Dudley,-3.4944,4.452,0.9576
1886,DJ Hall,-1.4512,5.6244,4.1731
1887,DJ Horne,1.6737,8.3501,10.0238
1888,DJ Hughes,0.458,-0.3005,0.1575
1889,DJ Jackson,-3.5356,2.0292,-1.5064
1890,DJ Jefferson,-1.1978,-0.2744,-1.4722
1891,DJ Jeffries,4.2603,3.8713,8.1317
1892,DJ Nix,-3.4406,-0.01,-3.4506
1893,DJ Nussbaum,0.2924,-1.2476,-0.9552
1894,DJ Patrick,-1.0269,1.0248,-0.0021
1895,DJ Richards,-1.2577,6.0494,4.7916
1896,DJ Rodman,0.7407,5.4855,6.2262
1897,DJ Shine,-1.475,2.4771,1.0021
1898,DJ Smith,-1.4229,4.6131,3.1902
1899,DJ Stickman,1.3383,0.4021,1.7403
1900,DJ Thomas,-0.8901,1.5049,0.6148
1901,DJ Victory,-0.3426,0.2946,-0.048
1902,DJ Wagner,-2.8511,3.9118,1.0606
1903,DK Thorn,-2.6766,2.791,0.1145
1904,DQ Cole,-0.2002,2.6303,2.4301
1905,DQ Nicholas,-0.5697,2.9003,2.3307
1906,Da'Sean Nelson,-2.65,2.323,-0.327
1907,Da'Shawn Phillip,0.084,-1.2651,-1.1811
1908,DaCannon Wickware,-0.8469,-0.6825,-1.5294
1909,DaJion Humphrey,-1.8379,-1.7139,-3.5518
1910,DaJohn Craig,-2.5408,2.139,-0.4018
1911,DaJuan Gordon,-0.0342,3.6458,3.6117
1912,DaMariee Jones,-3.1806,2.6926,-0.488
1913,DaMaryon Fishburn,-2.5387,1.7807,-0.758
1914,DaQuan Smith,-3.4567,3.4142,-0.0426
1915,DaRon Holmes,4.7099,5.7128,10.4227
1916,DaSean Stevens,-0.0947,3.5708,3.4761
1917,DaShawn Jackson,-0.231,1.0464,0.8154
1918,Dae Dae Grant,-0.8932,8.5286,7.6354
1919,Dae Dae Hunter,-1.792,0.5738,-1.2181
1920,DaeVeon Scott,0.1657,0.4805,0.6462
1921,Daemar Kelly,-4.379,-0.3089,-4.6878
1922,Daeshon Shepherd,-2.1019,2.8606,0.7587
1923,Daeshun Ruffin,-2.5478,5.3406,2.7928
1924,Dai Dai Ames,-0.7666,5.0592,4.2926
1925,Dailin Smith,-6.408,1.8001,-4.6079
1926,Dailliss Cox,-2.6871,-2.2246,-4.9117
1927,Dailyn Swain,2.6045,5.7881,8.3926
1928,Daimion Collins,-0.0408,2.5303,2.4895
1929,Dain Dainja,2.7983,2.6308,5.4291
1930,Daiquan Copeland,-0.1083,-0.3558,-0.4642
1931,Dajuan Harris,3.7758,3.8068,7.5826
1932,Dakota Candler,0.1333,-0.482,-0.3486
1933,Dakota Leffew,-0.4759,4.1568,3.6809
1934,Dakota Rivers,0.4843,-1.663,-1.1787
1935,Dale Bonner,2.8972,0.4755,3.3727
1936,Dalen Davis,-2.1784,1.9926,-0.1858
1937,Dalen Ridgnal,0.1095,3.9616,4.0711
1938,"Dallan ""Deebo"" Coleman",0.839,3.0386,3.8776
1939,Dallas Graziani,0.6215,1.9847,2.6062
1940,Dallas Hobbs,-3.2271,0.1933,-3.0338
1941,Dallas Howell,-2.5876,2.612,0.0244
1942,Dallas James,-0.6935,-5.1115,-5.805
1943,Dallas Thomas,-0.1541,2.6063,2.4522
1944,Dallas Washington,-2.6012,-3.7661,-6.3673
1945,Dallin Grant,-2.1251,-1.2591,-3.3842
1946,Dallin Hall,1.4514,7.6749,9.1264
1947,Dallion Johnson,-2.6054,2.4908,-0.1146
1948,Dalph Panopio,-1.2427,2.6572,1.4145
1949,Dalton Banks,-0.3136,3.8623,3.5487
1950,Dalton Knecht,1.5687,8.2392,9.8079
1951,Dalton Scantlebury,1.1975,1.5165,2.714
1952,Dalyn Brandon,-0.1627,-0.8609,-1.0236
1953,Daman Tate,-0.8308,1.6284,0.7976
1954,Damani Claxton,-0.3126,-1.9987,-2.3114
1955,Damani McEntire,3.5262,-1.8116,1.7146
1956,Damarco Minor,-1.1783,5.4006,4.2222
1957,Damari Monsanto,-0.1044,4.8573,4.7529
1958,Damari Wheeler-Thomas,-2.0776,0.7833,-1.2943
1959,Damarion Bonds,0.2838,2.3385,2.6222
1960,Damarion Dennis,-1.5188,7.6244,6.1056
1961,Damarion Walkup,-0.0971,-1.2483,-1.3454
1962,Damarius Owens,-1.167,0.5452,-0.6218
1963,Dame Adelekun,1.0547,3.1171,4.1718
1964,Dame Sarr,4.9904,1.5373,6.5277
1965,Damian Dunn,2.5443,1.6217,4.166
1966,Damian Forrest,-1.2235,2.7014,1.4779
1967,Damien King,2.0466,0.8161,2.8628
1968,Damien Mayo,0.4415,3.7628,4.2043
1969,Damien Mazil,0.049,0.0519,0.1009
1970,Damion Porter,0.2819,-1.1203,-0.8384
1971,Damon Friery,-0.8566,0.0441,-0.8125
1972,Damon Howard,2.9381,0.5541,3.4922
1973,Damon Nicholas,1.464,5.4115,6.8755
1974,Damon Strand,-2.1088,1.2638,-0.845
1975,Damon Wilkinson,-2.9376,4.2349,1.2974
1976,Damondre McKnight,-2.7624,-0.9865,-3.7489
1977,Damone King,-1.5481,-1.8721,-3.4201
1978,Damoni Harrison,-4.156,5.5595,1.4035
1979,Dan Conlan,-0.5387,-0.3782,-0.9168
1980,Dan Gherezgher,-6.5454,3.4589,-3.0865
1981,Dan Luers,-1.9889,0.1704,-1.8185
1982,Dan Mukuna,-0.712,0.7923,0.0802
1983,Dan Petcash,-0.807,1.6935,0.8865
1984,Dan Skillings,-1.4241,5.6002,4.1761
1985,Dane Erikstrup,1.2046,5.1787,6.3833
1986,Dani Pounds,-1.3476,0.1322,-1.2154
1987,Daniel Abreu,-0.1105,3.2997,3.1892
1988,Daniel Akitoby,-2.9704,3.426,0.4556
1989,Daniel Akoue,-0.0245,-1.0739,-1.0984
1990,Daniel Banister,-1.2724,1.5921,0.3197
1991,Daniel Batcho,1.9463,5.3229,7.2692
1992,Daniel Braster,-1.2786,-1.3847,-2.6634
1993,Daniel Bublil,-0.4073,0.0895,-0.3178
1994,Daniel Egbuniwe,-1.1178,1.4419,0.3241
1995,Daniel Foster,1.3413,1.9381,3.2795
1996,Daniel Freitag,-2.6483,6.8801,4.2318
1997,Daniel Guetta,-0.9486,-1.184,-2.1326
1998,Daniel Hackett,-0.4365,-0.3327,-0.7692
1999,Daniel Hankins-Sanford,-1.3077,3.7184,2.4108
2000,Daniel Helterhoff,-4.6251,-1.7117,-6.3368
2001,Daniel Hong,-0.3093,-0.7398,-1.0491
2002,Daniel Jacobsen,0.1653,2.3157,2.481
2003,Daniel Johnson,0.4742,3.2338,3.708
2004,Daniel Loos,-0.6903,-1.2076,-1.8979
2005,Daniel Macgregor,-2.9098,-3.0879,-5.9977
2006,Daniel Marcellinus,0.1481,-0.4313,-0.2832
2007,Daniel Nauseef,-0.7245,-0.3088,-1.0333
2008,Daniel Nixon,-0.099,0.5665,0.4675
2009,Daniel Ogunyemi,-0.6249,1.678,1.0531
2010,Daniel Ortiz,-3.1506,2.9516,-0.199
2011,Daniel Rivera,0.1729,1.7776,1.9505
2012,Daniel Rouzan,-4.6913,-0.234,-4.9253
2013,Daniel Schreier,-1.1727,-1.8003,-2.973
2014,Daniel Shao,-0.2012,-0.057,-0.2583
2015,Daniel Sofield,-2.1939,2.0004,-0.1935
2016,Daniel Tobiloba,-0.1366,-0.8556,-0.9922
2017,Daniel Umoh,-1.4662,-3.5789,-5.0451
2018,Daniil Glazkov,0.1562,-0.0583,0.0979
2019,Danilo Dozic,-1.9873,3.3673,1.38
2020,Danilo Jovanovich,-0.8354,3.6395,2.8041
2021,Daniss Jenkins,0.2291,6.8361,7.0652
2022,Danny Carbuccia,-3.9962,1.1404,-2.8557
2023,Danny Grajzl,-0.1575,-0.1925,-0.35
2024,Danny Murray,-0.3856,-0.6593,-1.0449
2025,Danny Stephens,-4.1589,-3.1241,-7.283
2026,Danny Washington,-3.1993,-1.6947,-4.894
2027,Danny Wolf,4.7165,4.9304,9.6469
2028,Danny Young,-0.3151,-0.8144,-1.1295
2029,Danquez Dawsey,-1.7695,-0.1878,-1.9573
2030,Dante Allen,1.0945,1.49,2.5845
2031,Dante Censori-Hercules,-0.0556,2.4682,2.4126
2032,Dante DePante,-0.181,0.2618,0.0808
2033,Dante Harris,-1.9585,2.0247,0.0662
2034,Dante Kearse,-4.5225,0.3248,-4.1977
2035,Dante Maddox,-1.6423,5.9348,4.2924
2036,Dante Mayo,-0.1252,0.0387,-0.0865
2037,Dante Oliver,-1.847,-2.4005,-4.2475
2038,Dante Sawyer,-5.0722,-0.0102,-5.0824
2039,Dante Wilcox,-0.7272,-0.7334,-1.4606
2040,Dantwan Grimes,0.0951,3.4858,3.5809
2041,Daquan Davis,0.6862,0.9132,1.5995
2042,DarKaun King,-2.5062,0.3356,-2.1705
2043,Darik Dissette,-2.4715,1.1482,-1.3233
2044,Darin Green,-0.1333,3.5566,3.4233
2045,Darin Smith,-0.5442,3.5975,3.0533
2046,Dario Domingos,-1.3608,1.3265,-0.0344
2047,Darius Acuff,-1.9096,6.103,4.1934
2048,Darius Adams,-3.1488,-0.1059,-3.2547
2049,Darius Beane,-4.152,-0.1284,-4.2804
2050,Darius Brown,1.2448,4.2277,5.4724
2051,Darius Burford,-1.0068,1.2624,0.2556
2052,Darius Dawson,-1.8672,1.0508,-0.8164
2053,Darius DeAveiro,-2.8653,0.8902,-1.9751
2054,Darius Duffy,-2.8861,3.6701,0.784
2055,Darius Ervin,-1.5292,-0.1323,-1.6615
2056,Darius Ford,-3.0074,-1.3989,-4.4062
2057,Darius Gakwasi,-0.5932,-0.0504,-0.6436
2058,Darius Hannah,3.1413,5.0189,8.1602
2059,Darius Johnson,1.89,6.5051,8.3951
2060,Darius Leonard,-0.8951,-0.9414,-1.8365
2061,Darius Livingston,-1.4776,1.1402,-0.3373
2062,Darius Maddox,-1.1888,5.994,4.8052
2063,Darius Osborne,-0.6168,-3.7952,-4.412
2064,Darius Robinson,-4.0473,2.6534,-1.3939
2065,Darius Washington,-0.4091,2.3338,1.9247
2066,Dariyus Woodson,-5.4028,0.1516,-5.2512
2067,Darlinstone Dubar,0.7247,5.6823,6.407
2068,Darnell Brodie,2.1855,3.1394,5.325
2069,Darnell Evans,1.4013,-1.9892,-0.5878
2070,Darnez Slater,-1.5936,-0.3155,-1.9091
2071,Darrae Goodwin,0.2279,-0.8911,-0.6631
2072,Darrell Reed,-1.0132,-3.5624,-4.5756
2073,Darren Buchanan,-1.5655,4.3817,2.8163
2074,Darren Harris,-0.5493,2.4073,1.858
2075,Darren Williams,-3.2996,0.5587,-2.7409
2076,Darrick Jones,-3.4968,1.6172,-1.8795
2077,Darrion Baker,-2.4826,0.8195,-1.6631
2078,Darrion Salery,-3.5554,-4.2572,-7.8125
2079,Darrion Sutton,-0.6774,0.4668,-0.2106
2080,Darrion Trammell,1.3226,3.7367,5.0592
2081,Darrion Williams,0.7295,8.8055,9.535
2082,Darrius Clark,-1.5785,-2.2518,-3.8303
2083,Darrius Miles,-1.297,-0.8725,-2.1696
2084,Darrius Washington,-1.881,-1.5091,-3.3901
2085,Darryl Simmons,-2.7602,6.654,3.8938
2086,Darryn Peterson,2.6285,6.5837,9.2123
2087,Darryon Prescott,-1.7541,-1.8828,-3.6369
2088,Darweshi Hunter,-1.4247,3.3586,1.9339
2089,Daryl Anderson,1.0003,0.3715,1.3718
2090,Daryl Banks,-0.5667,4.5344,3.9677
2091,Dasear Haskins,-0.6532,4.0037,3.3505
2092,Dashawn Davis,1.2314,1.5001,2.7315
2093,Dashon Gittens,-1.7768,4.4675,2.6907
2094,Dasonte Bowen,-0.9679,2.8338,1.8659
2095,Davante Dennis,-0.3787,0.5065,0.1278
2096,Dave Dickerson,0.0961,0.2862,0.3823
2097,Davi Remagen,1.1027,-0.9589,0.1439
2098,Davian Brown,-0.4228,4.8902,4.4674
2099,Davian Williams,-3.8687,-0.8137,-4.6824
2100,David Acosta,0.0894,-0.5511,-0.4617
2101,David Bolden,-3.6717,0.9865,-2.6852
2102,David Brown,-6.528,0.0905,-6.4375
2103,David Burnett,-0.6824,-1.1092,-1.7915
2104,David Castillo,-1.0527,0.0643,-0.9884
2105,David Coit,-4.9318,6.6879,1.7562
2106,David Craig,-1.5043,-2.1382,-3.6425
2107,David Dixon,2.106,2.5294,4.6354
2108,David Douglas,-1.5415,1.4014,-0.1401
2109,David Early,-2.0045,2.3277,0.3232
2110,David Elliott,-1.405,1.2362,-0.1688
2111,David Fonville,0.4278,-0.0418,0.3861
2112,David Fuchs,-4.0178,4.099,0.0812
2113,David Gabriel,-0.0213,-0.2914,-0.3127
2114,David Giddens,-2.4374,1.0266,-1.4108
2115,David Gomez,0.0925,0.1983,0.2908
2116,David Green,-1.5915,8.1335,6.542
2117,David Hansen,-0.2355,-0.1065,-0.3421
2118,David Hermes,-0.4319,-2.1547,-2.5867
2119,David Idada,1.6993,-2.7094,-1.01
2120,David Jones,-1.9934,4.9087,2.9153
2121,David Joplin,-0.4515,6.818,6.3665
2122,David Kamwanga,0.7072,-1.4061,-0.6989
2123,David Mack,0.2253,-0.0034,0.2219
2124,David Mager,-2.2427,0.5476,-1.6951
2125,David McDaniel,-1.0776,-0.1537,-1.2313
2126,David Meriwether,0.2557,-0.0321,0.2236
2127,David Mirkovic,0.9016,8.0906,8.9922
2128,David Murray,0.9449,-1.2005,-0.2556
2129,David N'Guessan,3.3867,5.5726,8.9593
2130,David Ogunleye,0.1491,-2.147,-1.9979
2131,David Onanina,-2.3125,-1.6937,-4.0062
2132,David Pickles,-0.6461,-0.8773,-1.5234
2133,David Punch,4.1509,2.6234,6.7743
2134,David Rochester,0.1391,-0.7808,-0.6418
2135,David Simon,-1.2814,-0.8303,-2.1117
2136,David Skogman,1.1963,2.435,3.6313
2137,David Terrell,0.4391,2.7804,3.2195
2138,David Thomas,-0.9904,4.7788,3.7884
2139,David Tubek,-1.6524,0.409,-1.2434
2140,David Vidor,-0.2553,0.81,0.5547
2141,David Ware,-1.1805,-0.3956,-1.5762
2142,David Wilkerson,0.3418,-0.1432,0.1986
2143,Davide Poser,-4.0431,0.2093,-3.8337
2144,Davidson Hubbard,-0.4956,0.0033,-0.4923
2145,Davin Cosby,-0.9753,2.5873,1.6121
2146,Davin Francis,0.5785,1.5645,2.143
2147,Davion Bailey,-3.563,6.6238,3.0608
2148,Davion Bradford,-2.9522,-3.0582,-6.0104
2149,Davion Cunningham,-3.2778,2.8811,-0.3967
2150,Davion Everett,-0.9398,2.3672,1.4274
2151,Davion Hannah,1.5627,0.7441,2.3068
2152,Davion Hill,-1.6624,4.1892,2.5268
2153,Davion Sykes,0.3259,2.9128,3.2388
2154,Davis Bynum,-3.1448,-0.6468,-3.7916
2155,Davis Fogle,1.382,5.7729,7.1549
2156,Davis Miller,-0.1505,-0.154,-0.3044
2157,Davis Molnar,1.0738,0.4573,1.5312
2158,Davis Smith,-0.4194,-0.6149,-1.0343
2159,Davis White,-3.3813,-1.6208,-5.002
2160,Davius Loury,0.0133,-1.9054,-1.8921
2161,Davon Barnes,0.5897,2.3921,2.9818
2162,Davon Ware,-0.5562,-1.4223,-1.9785
2163,Davontae Hall,-1.8381,1.8127,-0.0254
2164,Davonte Davis,-0.6842,0.5149,-0.1693
2165,Davonte Gaines,0.6439,1.9751,2.619
2166,Davonte Sweatman,-3.0235,-1.0564,-4.0799
2167,Davyn de Jongh,0.0044,-0.0387,-0.0343
2168,Dawson Baker,0.4416,4.6818,5.1234
2169,Dawson Carper,0.2899,-1.5574,-1.2675
2170,Dawson Fennema,0.4928,-0.1251,0.3678
2171,Dawson Garcia,1.256,6.6819,7.9379
2172,Day Day Thomas,2.0939,3.5373,5.6312
2173,Dayan Nessah,-2.3543,3.9273,1.573
2174,Dayjaun Anderson,1.0316,0.3642,1.3958
2175,Daylan Hamilton,0.2876,-0.4117,-0.1241
2176,Daylen Berry,-2.3255,3.283,0.9575
2177,Daylen Williams,-1.635,0.0096,-1.6254
2178,Daylon Dickerson,-2.9972,1.2478,-1.7494
2179,Dayne Prim,2.8603,1.6664,4.5267
2180,Dayon Polk,-0.3993,-2.2112,-2.6105
2181,Dayton Forsythe,-0.8162,3.2278,2.4116
2182,Dayvion McKnight,1.1264,4.8628,5.9893
2183,De'Ante Green,-1.9088,-0.9507,-2.8595
2184,De'Meiko Anderson,-0.0904,-0.289,-0.3794
2185,De'Sean Allen-Eikens,-2.7244,3.7072,0.9829
2186,De'Shayne Montgomery,0.4085,2.1602,2.5687
2187,De'Undrae Perteete,-1.5943,2.5717,0.9774
2188,De'Vion Lavergne,-1.4491,1.3473,-0.1019
2189,DeAndre Craig,-3.4196,4.9692,1.5497
2190,DeAndre Williams,-3.8205,-2.5929,-6.4134
2191,DeAnthony Tipler,-0.231,-0.4955,-0.7265
2192,DeAntoni Gordon,-2.5636,0.8917,-1.6719
2193,DeCorion Temple,-0.1138,0.1069,-0.0069
2194,DeJour Reaves,-3.177,3.7142,0.5372
2195,DeJuan Campbell,-0.5293,-0.0733,-0.6026
2196,DeJuan Clayton,-0.6428,0.2745,-0.3683
2197,DeMarco Johnson,-1.9194,1.7809,-0.1385
2198,DeMarion Yap,-0.9344,-0.3302,-1.2646
2199,DeMarr Langford,1.0637,1.7688,2.8325
2200,DeSean Goode,-2.5635,10.903,8.3396
2201,DeSean Woods,-0.194,0.0248,-0.1692
2202,DeShang Weaver,-0.5521,2.0753,1.5233
2203,DeShawn Goodwyn,-0.0306,-0.1901,-0.2207
2204,DeShawn Gory,-1.7468,3.9333,2.1865
2205,DeShawn Harris-Smith,0.4575,0.7165,1.174
2206,DeVante Jamison,-3.6032,-3.8138,-7.417
2207,DeWayne Brown,-0.3924,2.1033,1.7109
2208,Dean Gabrelcik,-1.4658,0.5606,-0.9052
2209,Dean Keeler,1.2664,2.3652,3.6316
2210,Dean Noll,-0.2522,-0.601,-0.8531
2211,Dean Reiber,-1.5462,-0.7598,-2.3061
2212,Dean Shepherd,0.0826,-0.3652,-0.2827
2213,Dean Wang,-0.4031,-0.242,-0.6451
2214,Deandre Jones,-0.5517,0.2481,-0.3036
2215,Deandre Smart,-3.2864,-1.0229,-4.3093
2216,Deangelo Elisee,-0.7738,0.93,0.1562
2217,Dearon Tucker,-1.1873,-2.607,-3.7943
2218,Declan Cutler,-1.2058,-0.1542,-1.36
2219,Declan Dillon,-1.1303,-1.0169,-2.1471
2220,Declan Duru,0.4578,0.6276,1.0854
2221,Declan McIntyre,-0.5355,-0.1704,-0.7058
2222,Declan Peterson,-0.1937,-1.9884,-2.1821
2223,Declan Ryan,-2.6693,-2.2653,-4.9347
2224,Declan Wucherpfennig,-1.2028,4.2227,3.0199
2225,Dedan Thomas,-0.8786,7.6772,6.7986
2226,DeeJuan Pruitt,-1.4891,-1.2085,-2.6976
2227,Deivon Smith,2.685,5.7342,8.4192
2228,Deke Thompson,-0.387,-0.3565,-0.7434
2229,Del Jones,-3.2187,-0.1239,-3.3426
2230,Del'Jayvien Harried,-0.5592,1.4271,0.868
2231,Delaney Heard,-1.2474,-1.7564,-3.0038
2232,Delang Muon,1.0361,-1.0674,-0.0312
2233,Dellquan Warren,0.6728,-1.838,-1.1652
2234,Delonnie Hunt,-1.3849,3.0629,1.678
2235,Delrecco Gillespie,1.1122,6.7589,7.871
2236,Delyle Williams,-1.5342,-4.2238,-5.758
2237,Demajion Topps,-2.8073,-1.7806,-4.5879
2238,Demarco Bethea,-3.0281,0.69,-2.3381
2239,Demarcus Sharp,1.1442,2.1218,3.266
2240,Demari Williams,-2.6334,1.8611,-0.7723
2241,Demarien Yates,0.2175,0.0057,0.2231
2242,Demarion Burch,-1.1487,2.4925,1.3438
2243,Demarion Watson,3.1958,-0.6675,2.5284
2244,Demarshay Johnson,-0.5469,-3.3679,-3.9148
2245,Demetrius Davis,0.5701,0.9663,1.5363
2246,Demetrius Lilley,-1.7376,0.168,-1.5696
2247,Demetrus Johnson,-2.4852,-2.6594,-5.1446
2248,Demitri Gardner,-1.4856,2.6476,1.162
2249,Demond Robinson,-0.8461,4.6463,3.8002
2250,Deng Garang,-4.6919,3.3153,-1.3765
2251,Deng Majak,0.5629,-2.6644,-2.1016
2252,Deng Mayar,-3.2645,1.169,-2.0955
2253,Denham Wojcik,-1.0338,-1.1764,-2.2102
2254,Denijay Harris,-2.0516,1.4909,-0.5607
2255,Denim Dawson,-0.5217,-2.348,-2.8698
2256,Denis Badalau,-2.2314,-0.7788,-3.0102
2257,Dennis Asoro,-3.0324,-3.1032,-6.1356
2258,Dennis Evans,1.8513,-0.697,1.1543
2259,Dennis Parker,0.2671,0.501,0.7681
2260,Denver Anglin,-2.9933,2.1652,-0.8282
2261,Denver Jones,3.0481,5.9055,8.9536
2262,Denzel Aberdeen,-0.3895,5.7853,5.3958
2263,Denzel Hines,-3.5717,0.5527,-3.019
2264,Deon Perry,-2.2129,2.4712,0.2583
2265,Deon Stroud,-2.9139,-0.198,-3.1119
2266,Deonte Williams,-0.7958,-1.1951,-1.991
2267,Derek Dixon,-1.9028,4.2395,2.3367
2268,Derek Fountain,1.0134,2.2742,3.2876
2269,Derek Petersen,-0.0766,-0.3327,-0.4093
2270,Derek Sangster,0.4204,1.1554,1.5758
2271,Derek Simpson,1.0092,2.3668,3.376
2272,Derek Vorst,-1.2861,-1.0676,-2.3537
2273,Derick Hamilton,0.1273,1.3814,1.5087
2274,Dericko Williams,-1.2734,-1.9571,-3.2306
2275,Derik Pranger,-0.7377,1.204,0.4664
2276,Derik Queen,4.2894,6.1237,10.4131
2277,Derin Saran,0.3869,3.0071,3.3941
2278,Derrian Ford,-5.567,7.0352,1.4682
2279,Derrick Anderson,-0.4467,0.6239,0.1772
2280,Derrick Brown,-1.2954,-1.3169,-2.6123
2281,Derrick Butler,-2.006,0.9534,-1.0526
2282,Derrick Carter-Hollinger,-2.9742,2.16,-0.8142
2283,Derrick Green,-2.6957,-1.3249,-4.0205
2284,Derrick Harris,-2.3307,-1.4832,-3.814
2285,Derrick Michael Xzavierro,0.3428,0.048,0.3908
2286,Derrick Talton,-0.3045,2.7752,2.4707
2287,Derrick Tezeno,-0.954,2.6436,1.6896
2288,Derrin Boyd,-3.2638,2.3053,-0.9585
2289,Derrion Reid,-1.6823,3.9848,2.3024
2290,Derrius Ward,-1.4291,0.4284,-1.0007
2291,Des Watson,0.582,3.2788,3.8609
2292,Desai Lopez,-0.8414,-1.0094,-1.8508
2293,Deshaun Jackson,1.0493,2.3536,3.4029
2294,Deshawn Jean-Charles,-0.5604,-1.358,-1.9184
2295,Desmond Claude,0.4311,5.4167,5.8478
2296,Desmond Polk,0.0528,-2.413,-2.3602
2297,Desmond Roberts,-0.4749,-0.5668,-1.0416
2298,Desmond Williams,-1.8574,-1.7197,-3.5771
2299,Destin Whitaker,-0.0732,0.1455,0.0723
2300,Detalian Brown,-0.8588,-0.9154,-1.7742
2301,Deuce Jones,-1.9284,3.0853,1.1569
2302,Deuce Roberts,-0.4639,-0.163,-0.627
2303,Deuce Turner,-6.563,4.5706,-1.9924
2304,Devan Cambridge,0.8984,3.8585,4.7568
2305,Devan Sapp,-3.0149,-0.3014,-3.3163
2306,Devean Williams,0.2051,-2.6531,-2.4479
2307,Deven Dahlke,-2.3612,0.1352,-2.226
2308,Devin Askew,-1.7646,5.3513,3.5867
2309,Devin Booker,-1.3644,-1.6194,-2.9838
2310,Devin Brafford,1.4801,-0.9445,0.5355
2311,Devin Brown,1.043,-0.1627,0.8803
2312,Devin Butler,-3.4793,-1.9054,-5.3847
2313,Devin Carney,-0.3456,0.9824,0.6368
2314,Devin Carter,4.2924,7.2041,11.4965
2315,Devin Ceaser,-2.1344,1.4048,-0.7296
2316,Devin Curtis,-0.4372,-1.6958,-2.133
2317,Devin Dinkins,-5.7542,4.7375,-1.0167
2318,Devin Gordon,-0.8152,-0.1169,-0.9322
2319,Devin Haid,-0.805,5.1331,4.3281
2320,Devin Hines,-4.6694,1.6926,-2.9768
2321,Devin McGlockton,2.1815,8.3779,10.5595
2322,Devin Ree,-2.0422,0.5758,-1.4664
2323,Devin Royal,0.1041,5.4725,5.5766
2324,Devin Tillis,0.5169,9.0202,9.5371
2325,Devin Vanterpool,0.6261,2.7809,3.407
2326,Devin Williams,0.96,2.4822,3.4423
2327,Devon Arlington,-2.9382,-2.4705,-5.4086
2328,Devon Barnes,-1.2736,5.6273,4.3537
2329,Devon Ellis,-2.038,-0.9598,-2.9978
2330,Devon Hancock,-0.0982,-1.0751,-1.1733
2331,Devon Malcolm,1.9106,0.1075,2.0181
2332,Devon Pryor,-1.0961,1.2385,0.1424
2333,Devon Savage,-2.1572,1.9478,-0.2094
2334,Devontae Blanton,-2.2999,4.3725,2.0727
2335,Dexter Akanno,-0.4771,2.82,2.3429
2336,Deyton Albury,0.3469,4.8611,5.2079
2337,Deywilk Tavarez,-1.5663,3.5919,2.0256
2338,Dez White,-2.4784,5.8204,3.342
2339,Dezayne Mingo,-2.6807,6.598,3.9173
2340,Dezdrick Lindsay,0.9073,2.9351,3.8424
2341,Dezi Jones,-2.3978,3.1836,0.7858
2342,Dezmon Briscoe,0.599,-3.1425,-2.5435
2343,Dezmond McKinney,-1.357,-1.6507,-3.0077
2344,Dhashon Dyson,-3.4842,0.9832,-2.501
2345,Dhiaukuei Manyiel Dut,-0.1768,-1.7593,-1.9362
2346,Di'Andre Howell-South,1.4532,-2.7083,-1.2551
2347,Dian Wright-Forde,0.1426,4.535,4.6776
2348,Diante Smith,-0.0133,3.8658,3.8526
2349,Diante Wood,-2.1493,-2.1355,-4.2849
2350,Didier Maleng,-0.7437,0.0894,-0.6543
2351,Diego Campisano,-5.1748,3.6351,-1.5396
2352,Dieonte Miles,1.7879,-2.2922,-0.5043
2353,Dietrich Richardson,-0.5409,-1.8997,-2.4406
2354,Dilen Miller,1.1373,-3.0925,-1.9553
2355,Dillan Baker,-1.2618,-1.0522,-2.314
2356,Dillan Shaw,1.8627,5.1648,7.0274
2357,Dillon Bailey,-3.9474,4.1002,0.1528
2358,Dillon Battie,1.2951,1.9823,3.2774
2359,Dillon Hunter,3.3316,4.0075,7.3391
2360,Dillon Jones,1.5003,6.5073,8.0075
2361,Dillon Mitchell,4.6563,6.2253,10.8816
2362,Dillon Tingler,0.1839,1.4285,1.6124
2363,Dillon Wilhite,-0.437,-0.98,-1.417
2364,Dimingus Stevens,-0.1256,0.0856,-0.0401
2365,Dimitri Clerc,-0.7908,-1.3612,-2.1519
2366,Dimitrije Vukicevic,-0.8558,-1.4861,-2.3419
2367,Dimp Pernell,-0.3878,1.5615,1.1737
2368,Dio Blakely,-0.1876,-0.1817,-0.3693
2369,Diogo Seixas,-5.4852,-3.2939,-8.7791
2370,Dion Brown,-1.291,5.7997,4.5087
2371,Dionjahe Thomas,-0.558,-1.1049,-1.6629
2372,Dionte Bostick,1.2194,2.1704,3.3897
2373,Dionte Johnson,-1.6326,0.6789,-0.9537
2374,Dior Conners,-2.7574,-0.1155,-2.873
2375,Dior Davis,0.1834,-1.6184,-1.4349
2376,Dior Johnson,-4.0694,8.0226,3.9532
2377,Dischon Thomas,0.8426,3.2728,4.1154
2378,Dishon Jackson,0.9135,2.8502,3.7637
2379,Divine Ugochukwu,-2.2717,1.9051,-0.3665
2380,Djahi Binet,-1.739,1.2257,-0.5133
2381,Dji Bailey,2.1964,4.011,6.2074
2382,Djordje Curcic,-0.6371,-0.1056,-0.7426
2383,Doctor Bradley,-0.8875,0.3963,-0.4912
2384,Dok Muordar,0.9912,-0.4948,0.4965
2385,Dola Adebayo,0.6303,3.805,4.4352
2386,Dom Aekins,-2.3387,-1.2355,-3.5742
2387,Dom Campbell,-2.0148,-2.8928,-4.9076
2388,Dom Martinelli,-2.2298,-0.2538,-2.4836
2389,Dom Payne,0.2448,-0.2447,0.0001
2390,Domas Kauzonas,-1.4495,-1.7573,-3.2068
2391,Domenic Malvey,-0.188,-0.171,-0.359
2392,Dominic Brewton,0.1105,2.9049,3.0154
2393,Dominic Capriotti,-5.1317,-0.8517,-5.9834
2394,Dominic Commisso,-2.837,-0.9346,-3.7716
2395,Dominic Gooden,0.2627,-1.1859,-0.9233
2396,Dominic Ham,-0.4118,-0.4519,-0.8636
2397,Dominic Muncey,-1.1896,-3.3931,-4.5826
2398,Dominic Pangonis,-2.5278,2.7773,0.2494
2399,Dominic Parolin,0.0465,4.8122,4.8587
2400,Dominick Harris,-2.2101,3.2132,1.0032
2401,Dominick Nelson,-0.1028,1.8121,1.7093
2402,Dominick Stewart,-1.9537,1.7741,-0.1796
2403,Dominique Daniels,-2.4362,9.0964,6.6603
2404,Dominique Diomande,2.5594,0.1288,2.6882
2405,Dominique Ford,-1.2197,4.9418,3.7221
2406,Dominykas Butka,0.4746,-0.0289,0.4457
2407,Dominykas Pleta,1.2826,2.7019,3.9845
2408,Don Don Ferguson,0.8261,0.0658,0.8918
2409,Don Douglass,0.196,0.0943,0.2903
2410,Don McHenry,-3.0538,6.9801,3.9264
2411,Donald Hand,-5.5931,3.7085,-1.8846
2412,Donald Whitehead,-2.1485,2.7728,0.6242
2413,Donavan Yap,-3.7346,3.8101,0.0755
2414,Donavin Young,-0.4789,0.863,0.3841
2415,Dondre Watson,-0.7097,-0.4414,-1.151
2416,Donnie Freeman,0.1786,3.4829,3.6615
2417,Donovan Atwell,0.5849,10.0078,10.5927
2418,Donovan Brown,-2.8568,-1.6961,-4.5529
2419,Donovan Clay,1.0232,3.0599,4.0831
2420,Donovan Clingan,5.6662,8.5745,14.2407
2421,Donovan Dent,0.1301,8.8306,8.9607
2422,Donovan Draper,-2.2081,3.8702,1.6621
2423,Donovan Grant,0.4399,0.1597,0.5996
2424,Donovan Gregory,1.9304,2.5729,4.5033
2425,Donovan Hunter,-1.4535,-1.1577,-2.6112
2426,Donovan Ivory,-0.2256,5.0338,4.8082
2427,Donovan Newby,-0.3412,6.4988,6.1576
2428,Donovan Oday,-0.4037,8.1128,7.7091
2429,Donovan Rakotonanahary,-0.9417,0.5961,-0.3456
2430,Donovan Raymond,-1.5262,-3.064,-4.5902
2431,Donovan Rivers,-1.7522,-1.8976,-3.6498
2432,Donovan Sanders,-6.7901,-1.8949,-8.685
2433,Donovan Santoro,-0.5179,-1.1051,-1.623
2434,Donovan Williams,-2.395,0.1848,-2.2101
2435,Donovann Toatley,-3.0944,-1.847,-4.9414
2436,Donta Scott,0.5371,4.4637,5.0008
2437,Dontae Horne,-2.8937,2.8861,-0.0076
2438,Dontae Walker,-1.9537,-1.2087,-3.1624
2439,Dontaie Allen,-0.1369,3.5959,3.459
2440,Donte Bacchus,-2.1825,3.2725,1.09
2441,Dontrell Hewlett,-1.2726,-1.1315,-2.4041
2442,Dontrez Styles,-2.8334,4.9183,2.0848
2443,Dontrez Williams,-0.634,0.4885,-0.1455
2444,Dorian Booker,-1.4748,1.0317,-0.4431
2445,Dorian Finister,-3.9647,4.7011,0.7363
2446,Dorian Hayes,-5.2144,-1.1928,-6.4072
2447,Dorian Hill,-1.0231,-0.6166,-1.6397
2448,Dorian James,-2.1627,0.8415,-1.3213
2449,Dorian McMillian,-6.4506,0.5099,-5.9407
2450,Dorin Buca,3.0548,-1.9649,1.0899
2451,Dorion Staples,0.784,-0.3687,0.4153
2452,Doryan Onwuchekwa,0.3891,-1.0753,-0.6862
2453,Doug Edert,-1.6986,1.2164,-0.4822
2454,Doug Young,-2.6836,-0.2438,-2.9274
2455,Douglas Langford,-0.9314,-0.4062,-1.3376
2456,Dovydas Butka,-1.1937,4.195,3.0013
2457,Dozie Onyirimba,-0.5792,-0.2219,-0.8011
2458,Dra Gibbs-Lawhorn,-1.8126,5.1418,3.3291
2459,Dragos Lungu,1.177,-1.1115,0.0655
2460,Drake Allen,-0.4356,5.6906,5.255
2461,Drake Cardwell,-0.4369,0.1646,-0.2723
2462,Drake Dobbs,-2.583,5.502,2.919
2463,Drake James,-0.5429,-0.1851,-0.728
2464,Drake Muller,0.3413,0.1459,0.4872
2465,Drake Powell,2.8303,3.9756,6.8059
2466,Dramane Camara,0.4677,-0.3066,0.1611
2467,Dravon Mangum,-0.2435,0.4621,0.2186
2468,Drayton Jones,0.2909,4.1009,4.3918
2469,Dre Bullock,-0.752,2.4948,1.7429
2470,Dre Davis,4.3185,5.4605,9.779
2471,Dre Fuller,-2.1219,1.7282,-0.3936
2472,Dre Kindell,-0.2453,2.3656,2.1203
2473,Dre'Shawn Allen,-2.1624,-0.9551,-3.1175
2474,Drew Ardouin,-0.1515,-0.1392,-0.2906
2475,Drew Barbee,0.1854,1.8748,2.0602
2476,Drew Bessette,-0.2936,-0.1399,-0.4335
2477,Drew Carter,-1.5649,-0.8835,-2.4484
2478,Drew Cisse,2.6093,3.9699,6.5792
2479,Drew Daniel,0.1556,0.0214,0.177
2480,Drew Fielder,0.5246,4.5602,5.0848
2481,Drew Fuquay,-1.8529,1.506,-0.3468
2482,Drew Grimes,-1.4967,-0.1618,-1.6585
2483,Drew Hollifield,-0.6721,-0.2612,-0.9333
2484,Drew Huffman,-0.4447,0.4206,-0.024
2485,Drew Kania,0.8164,-0.534,0.2824
2486,Drew Larson,-2.2274,-0.8165,-3.0439
2487,Drew Lowder,-2.9734,0.7966,-2.1769
2488,Drew McElroy,-0.0247,-0.1212,-0.1459
2489,Drew McKenna,-1.9236,-1.6012,-3.5248
2490,Drew Pember,3.3084,10.0443,13.3527
2491,Drew Perry,-0.332,-0.3369,-0.6689
2492,Drew Scharnowski,-1.1574,4.393,3.2356
2493,Drew Snively,-0.4578,-0.4154,-0.8732
2494,Drew Stack,-0.1042,-0.2307,-0.3349
2495,Drew Steffe,-0.0953,3.546,3.4507
2496,Drew Thelwell,-1.7572,4.9458,3.1886
2497,Drey Carter,-2.6252,1.6088,-1.0165
2498,Drissa Traore,1.1469,-2.9486,-1.8017
2499,Drue Drinnon,-2.4023,1.3732,-1.0291
2500,Duane Posey,-1.9882,1.7147,-0.2735
2501,Duane Rogers,-0.0939,-0.3206,-0.4145
2502,Duane Thompson,-0.0096,-0.9757,-0.9853
2503,Duce Paschal,0.7895,-0.3923,0.3972
2504,Dug McDaniel,-0.4606,5.6169,5.1563
2505,Duke Brennan,2.3984,5.1565,7.5549
2506,Duke Deen,-0.1301,6.6037,6.4736
2507,Duke Miles,0.4691,8.4964,8.9655
2508,Duncan Powell,-3.6124,4.216,0.6036
2509,Duncan Reid,-1.4951,1.2841,-0.2109
2510,Dupree Fletcher,-0.0256,-0.4589,-0.4845
2511,Dusan Mahorcic,-0.153,0.9778,0.8248
2512,Dusan Neskovic,-4.3032,3.6221,-0.6811
2513,Dusty Stromer,0.0028,2.9719,2.9747
2514,Dutch Dowdell,-2.6115,-2.0916,-4.7031
2515,Duwe Farris,-0.0476,-0.114,-0.1616
2516,Dwayne Aristode,2.9522,3.6249,6.5771
2517,Dwayne Koroma,-2.1738,2.9897,0.8159
2518,Dwayne Perkins,-0.0336,-0.0395,-0.0732
2519,Dwayne Pierce,-4.4788,-2.1928,-6.6716
2520,Dwayne Williams,-1.9386,1.0286,-0.91
2521,Dwayne Wimbley,-0.9119,0.8144,-0.0975
2522,Dwon Odom,0.2,7.6632,7.8632
2523,Dylan Addae-Wusu,0.7244,4.6804,5.4048
2524,Dylan Anderson,-0.868,-0.9785,-1.8465
2525,Dylan Andrews,-2.8394,5.1589,2.3195
2526,Dylan Arnett,-1.8835,3.1097,1.2262
2527,Dylan Blair,-1.7576,-3.3313,-5.0888
2528,Dylan Branson,-2.3693,-0.1663,-2.5357
2529,Dylan Brumfield,-2.4471,1.2416,-1.2054
2530,Dylan Canoville,-0.6835,-0.4649,-1.1484
2531,Dylan Cardwell,4.9787,8.8974,13.8761
2532,Dylan Darling,2.3808,5.607,7.9878
2533,Dylan Dawson,-1.4769,0.2445,-1.2324
2534,Dylan Diaz,-2.1297,0.4977,-1.632
2535,Dylan Disu,4.0565,7.275,11.3315
2536,Dylan Ducommun,-2.0942,-1.5004,-3.5946
2537,Dylan Faulkner,0.0103,5.9818,5.9922
2538,Dylan Godfrey,-3.9951,-0.2404,-4.2355
2539,Dylan Grant,-1.798,3.2539,1.456
2540,Dylan Harper,0.393,8.313,8.706
2541,Dylan Hayman,-1.6096,4.5551,2.9455
2542,Dylan James,1.8046,2.0896,3.8942
2543,Dylan Jones,-5.0708,4.644,-0.4268
2544,Dylan Lakatos,-0.0885,0.4618,0.3733
2545,Dylan Mansour,-0.0543,-0.5934,-0.6477
2546,Dylan Mclean,-3.2782,1.0972,-2.181
2547,Dylan Murans,-0.3099,-1.0043,-1.3142
2548,Dylan Purnell,-2.4205,-1.1515,-3.5721
2549,Dylan Ritter,-0.7132,-0.4902,-1.2034
2550,Dylan Saunders,-2.6662,-0.588,-3.2542
2551,Dylan Thoerner,-0.5467,0.6921,0.1453
2552,Dylan Veillette,0.8193,-2.4027,-1.5834
2553,Dylan Warlick,-0.3788,-1.2225,-1.6013
2554,Dylan Williams,-3.2635,-1.9897,-5.2532
2555,Dylan Williamson,-2.9976,5.9972,2.9996
2556,Dyondre Dominguez,-1.7571,4.5275,2.7704
2557,Dyson Koehler,-1.2909,3.8763,2.5854
2558,EJ Avelar,0.3649,-0.4182,-0.0533
2559,EJ Bellinger,-0.8155,2.9234,2.1079
2560,EJ Farmer,0.6373,3.7056,4.3429
2561,EJ Horton,0.1397,-1.4772,-1.3375
2562,EJ Mosley,-2.2921,-0.0818,-2.3738
2563,EJ Neal,0.0732,1.5575,1.6308
2564,EJ Paymon,-1.0305,-0.4583,-1.4888
2565,EJ Ryans,-3.4753,0.9396,-2.5357
2566,EJ Spillman,-1.1621,-1.097,-2.2591
2567,EJ Walker,-0.5979,-1.5604,-2.1584
2568,EJ Williams,-2.5381,-2.2305,-4.7686
2569,EJay Greer,0.603,-1.6692,-1.0662
2570,Earl Timberlake,1.5764,4.4735,6.0499
2571,Earnest Ofremu,-0.3042,0.1534,-0.1508
2572,Easton Foster,0.2917,-0.1992,0.0925
2573,Ebby Asamoah,-0.8144,3.1666,2.3521
2574,Ebenezer Dowuona,-1.1622,-2.5983,-3.7605
2575,Ebenezer Ogoh,0.1625,0.1632,0.3257
2576,Ebo Wilson,-1.5589,-5.113,-6.6719
2577,Ebrahim Kaba,-1.7609,1.2133,-0.5476
2578,Ebrima Dibba,-0.7535,-1.3308,-2.0844
2579,Ebuka Okorie,0.0908,10.8072,10.898
2580,Ed Holland,-0.5416,-0.5628,-1.1044
2581,Eddie Cooke,-0.8307,0.8881,0.0574
2582,Eddie Jallow Hedqvist,0.2916,-0.0361,0.2555
2583,Eddie Lampkin,-0.6064,5.0987,4.4923
2584,Eddie Ricks,-1.4436,2.1592,0.7155
2585,Eddie Turner,-0.4562,1.4679,1.0117
2586,Eddiean Tirado,-1.9435,-1.0624,-3.0058
2587,Eddrin Bronson,-1.2599,-0.6112,-1.8711
2588,Edoardo Del Cadia,-3.3364,-2.4723,-5.8087
2589,Edouard Benoit,-2.9886,-2.0418,-5.0304
2590,Edrick Quezada,-0.1153,-0.0556,-0.1709
2591,Eduardo Andre,2.3748,-0.2755,2.0993
2592,Eduardo Klafke,1.2917,5.5485,6.8402
2593,Eduardo Placer,-1.2663,-1.3569,-2.6232
2594,Edward Nnamoko,0.7045,0.3092,1.0137
2595,Edwin Bai,-0.1115,-0.0545,-0.166
2596,Edwin Daniel,1.9128,-1.4709,0.4419
2597,Edwin Litolff,-0.5962,0.0634,-0.5327
2598,Edwin Suarez,-2.0563,2.0797,0.0234
2599,Eemeli Yalaho,-3.1878,4.1086,0.9208
2600,Efe Demirel,1.209,0.4032,1.6122
2601,Efe Gucoglu,-0.0084,0.048,0.0396
2602,Efe Tahmaz,0.4517,0.5528,1.0045
2603,Efe Vatan,-0.1868,-0.2775,-0.4643
2604,Efeosa Oliogu-Elabor,-0.0045,-0.3963,-0.4007
2605,Efrem Johnson,-0.9656,3.778,2.8124
2606,Efstratios Kalliontzis,-3.0829,0.1958,-2.8871
2607,Efton Reid,2.2799,5.0112,7.2911
2608,Egan Shields,-0.9933,0.9753,-0.018
2609,Ege Demir,-0.3706,-0.4386,-0.8092
2610,Egor Demin,0.183,5.89,6.073
2611,Eian Elmer,0.3025,6.2519,6.5545
2612,El Ellis,-2.5171,1.1318,-1.3853
2613,Eli Beard,-2.8685,1.96,-0.9086
2614,Eli Bennett,-0.1165,-0.0473,-0.1638
2615,Eli DeLaurier,-1.4606,-2.7927,-4.2533
2616,Eli Djordjevic,-1.1532,-0.2798,-1.433
2617,Eli Ellis,-1.9637,3.6462,1.6825
2618,Eli King,-1.4872,7.2175,5.7303
2619,Eli Lawrence,0.3074,-2.1333,-1.8259
2620,Eli Rice,-0.917,2.5232,1.6062
2621,Eli Roberts,-1.6168,-0.2256,-1.8425
2622,Eli Robinson,-3.0206,-2.7504,-5.771
2623,Eli Shetlar,-0.496,5.4823,4.9863
2624,Eli Sparkman,0.041,-0.1759,-0.1349
2625,Eli Wilborn,-1.3788,2.6912,1.3124
2626,Eli Yofan,-1.4047,0.3682,-1.0364
2627,Elia Bongiorno,-0.1558,-0.301,-0.4568
2628,Elias Cato,-3.1488,0.3338,-2.8151
2629,Elias King,-2.3158,1.9439,-0.3719
2630,Elias Ralph,-1.0158,7.2798,6.264
2631,Elias Rapieque,0.5931,1.0851,1.6783
2632,Elias Walker,-0.2107,-0.0307,-0.2414
2633,Elijah Brooks,-2.5577,-1.6411,-4.1988
2634,Elijah Buchanan,-2.1202,0.2981,-1.8221
2635,Elijah Charles,-0.5697,-0.5925,-1.1621
2636,Elijah Chol,0.9745,2.9699,3.9444
2637,Elijah Crawford,0.667,4.2165,4.8834
2638,Elijah Davis,-1.7295,-1.5163,-3.2457
2639,Elijah Duval,-3.9763,2.1764,-1.7998
2640,Elijah Elliott,-2.0518,4.4231,2.3713
2641,Elijah Espinosa,-0.8023,-1.0923,-1.8946
2642,Elijah Fisher,-1.2178,0.5279,-0.6898
2643,Elijah Gertrude,1.6746,-1.4319,0.2427
2644,Elijah Gray,-4.9984,1.5931,-3.4053
2645,Elijah Hawkins,2.0368,5.9505,7.9872
2646,Elijah Hulsewe,-2.1464,-2.6512,-4.7976
2647,Elijah Hutchins-Everett,0.1306,1.7074,1.838
2648,Elijah Jamison,-4.3512,1.5565,-2.7946
2649,Elijah Jointer,-0.3878,0.0173,-0.3705
2650,Elijah Jones,-2.1049,5.1669,3.062
2651,Elijah Kennedy,1.7414,1.0254,2.7669
2652,Elijah Lawrence,0.0719,1.2435,1.3154
2653,Elijah Lewis,-0.7112,2.1753,1.4641
2654,Elijah Mahi,-0.107,7.2897,7.1827
2655,Elijah Malone,1.5088,2.6546,4.1634
2656,Elijah Moore,0.4292,1.5015,1.9307
2657,Elijah Morgan,-0.6047,3.4555,2.8508
2658,Elijah Ormiston,-2.2837,4.5792,2.2955
2659,Elijah Pepper,0.2045,7.0354,7.2399
2660,Elijah Perkins,-0.1518,-3.9917,-4.1434
2661,Elijah Perryman,1.5212,0.2197,1.7409
2662,Elijah Price,1.7755,5.5868,7.3623
2663,Elijah Saunders,-1.4671,3.1854,1.7184
2664,Elijah Stephens,-2.8903,3.1234,0.2331
2665,Elijah Strong,-3.5433,4.3561,0.8128
2666,Elijah Tate,0.1269,-1.7277,-1.6008
2667,Elijah Terry,-2.2007,-3.8858,-6.0866
2668,Elijah Thomas,-2.9744,-0.6576,-3.632
2669,Elijah Tucker,-1.4058,0.2598,-1.146
2670,Elijah Walsh,-2.5873,2.6853,0.0981
2671,Elijah Williams,-4.2277,-0.8939,-5.1217
2672,Elijah Wilson,-1.2449,-1.4495,-2.6944
2673,Elijah Wood,1.2477,0.3258,1.5736
2674,Elliot Cadeau,2.7281,5.6493,8.3774
2675,Elliot Lowndes,0.6014,0.7706,1.372
2676,Elliott Black,-1.0929,-1.1645,-2.2574
2677,Elliott Taite,0.0538,0.7587,0.8125
2678,Ellis Magnuson,-1.8048,0.0061,-1.7986
2679,Elmarko Jackson,-0.1133,1.9306,1.8173
2680,Elmir Dzafic,-1.3043,-0.7495,-2.0538
2681,Elmore James,-4.3031,-0.0201,-4.3232
2682,Elvin Edmonds,-1.1724,0.0665,-1.1059
2683,Elyjah Freeman,0.8996,4.9355,5.835
2684,Elzie Harrington,0.2364,1.8454,2.0818
2685,Emanuel Miller,0.543,8.7176,9.2605
2686,Emanuel Prospere,0.1717,3.4381,3.6098
2687,Emanuel Richards,0.0192,-0.4571,-0.4379
2688,Emanuel Sharp,2.5572,7.4023,9.9595
2689,Emareyon McDonald,-0.4566,-0.2887,-0.7453
2690,Emarion Ellis,-0.1315,-0.5462,-0.6778
2691,Emeka Nnaji,-0.866,0.7844,-0.0816
2692,Emeka Opurum,0.3252,0.961,1.2862
2693,Emil Skytta,-0.2617,-0.8847,-1.1465
2694,Emir Buyukhanli,-0.1358,-1.4184,-1.5542
2695,Emmanuel Callas,0.5784,-6.143,-5.5646
2696,Emmanuel Clarton,-0.0793,-1.163,-1.2423
2697,Emmanuel Dowuona,-1.1879,-2.469,-3.6569
2698,Emmanuel Innocenti,3.3005,5.9724,9.2729
2699,Emmanuel Izunabor,-0.6611,2.306,1.6449
2700,Emmanuel Kanga,0.2681,3.3712,3.6393
2701,Emmanuel Koveos,-0.2819,-0.2232,-0.5051
2702,Emmanuel Kuac,-1.057,-2.7465,-3.8035
2703,Emmanuel Manyuon,0.3589,-0.0907,0.2683
2704,Emmanuel Ogbole,-0.9707,1.1273,0.1566
2705,Emmanuel Okorafor,-0.4659,-0.7544,-1.2202
2706,Emmanuel Okpomo,1.0689,-2.115,-1.0461
2707,Emmanuel Stephen,0.3363,-2.6164,-2.2801
2708,Emmanuel Tshimanga,1.4044,-2.1824,-0.778
2709,Emmanuel Ugbo,-0.467,-0.7197,-1.1867
2710,Emmer Nichols,0.4135,-0.261,0.1525
2711,Emmett Marquardt,-2.5065,5.217,2.7105
2712,Emmitt Byther,-0.0066,-0.4071,-0.4137
2713,Emondrek Erkins-Ford,-1.2688,3.2631,1.9943
2714,Emory Lanier,0.7564,-0.4087,0.3476
2715,Enel St Bernard,0.714,2.5907,3.3047
2716,Enoch Boakye,0.1943,2.5954,2.7897
2717,Enoch Cheeks,0.0384,5.253,5.2914
2718,Enoch Kalambay,0.826,0.6209,1.4468
2719,Enrico Borio,-2.2343,-1.1051,-3.3394
2720,Enrique Freeman,3.3096,7.9506,11.2602
2721,Eoin Dillon,-1.4711,6.9851,5.514
2722,Eoin Nelson,-2.4302,-1.5573,-3.9875
2723,Ephraim Acquah,-0.7416,-1.1819,-1.9235
2724,Eren Banks,-1.1166,2.6174,1.5008
2725,Eren Karakaya,-0.6883,0.2543,-0.434
2726,Erez Poran,-0.8249,-0.0168,-0.8416
2727,Eric Acker,-4.47,0.8659,-3.6041
2728,Eric Brown,-0.3196,0.0352,-0.2844
2729,Eric Chatfield,-1.7847,0.7571,-1.0277
2730,Eric Coleman,-0.0638,-2.6936,-2.7574
2731,Eric Dailey,1.2332,8.5126,9.7458
2732,Eric Dibami,1.3018,0.0901,1.3919
2733,Eric Dixon,1.5721,12.7528,14.3249
2734,Eric Freeny,1.6528,1.1589,2.8117
2735,Eric Gaines,-0.0264,2.4502,2.4239
2736,Eric Holland,-0.547,-1.5759,-2.1229
2737,Eric Lee,-0.0776,-1.0391,-1.1167
2738,Eric Mahaffey,0.2286,6.0786,6.3072
2739,Eric Mejia,-1.8796,-2.1097,-3.9893
2740,Eric Michaels,-0.5624,-1.7634,-2.3258
2741,Eric Morgan,-2.7267,1.5691,-1.1576
2742,Eric Mulder,-1.5779,3.2392,1.6613
2743,Eric Northweather,-0.7469,0.0362,-0.7107
2744,Eric Parnell,-3.6645,1.2743,-2.3903
2745,Eric Reibe,0.7585,2.5502,3.3086
2746,Eric Sondberg,-1.5038,0.3651,-1.1386
2747,Eric Van Der Heijden,0.4943,1.0814,1.5756
2748,Eric Zheng,-0.1001,0.0171,-0.083
2749,Erich Harding,-1.4804,-1.6529,-3.1333
2750,Erick Reader,-0.3978,-0.4778,-0.8756
2751,Erik Oliver,-1.2941,-0.9895,-2.2836
2752,Erik Oliver-Bush,-0.5489,-2.6039,-3.1528
2753,Erik Pratt,-3.755,5.0832,1.3282
2754,Erik Reynolds,0.1843,5.8622,6.0465
2755,Erik Taylor,-2.6732,0.9718,-1.7014
2756,Erik Timko,-4.5798,3.8484,-0.7314
2757,Erik Villarreal,-0.5376,0.225,-0.3127
2758,Ernest Minton,-1.0395,-4.652,-5.6916
2759,Ernest Ross,-2.291,-1.4622,-3.7532
2760,Ernest Shelton,-4.1469,3.3022,-0.8447
2761,Ernest Udeh,2.5018,6.3136,8.8154
2762,Errol White,0.6672,0.8243,1.4915
2763,Essam Mostafa,-0.0707,5.1008,5.0301
2764,Esyah Pippa-White,-2.395,0.1393,-2.2557
2765,Eternity Eguagie,-1.7538,0.2856,-1.4682
2766,Ethan Anderson,-4.063,-0.7798,-4.8428
2767,Ethan Anish,-0.0661,-0.4801,-0.5462
2768,Ethan Brittain-Watts,-4.3538,0.6764,-3.6773
2769,Ethan Burg,2.5547,1.0918,3.6466
2770,Ethan Butler,-2.3954,-0.9783,-3.3738
2771,Ethan Croley,-1.0616,-0.2677,-1.3293
2772,Ethan Elliott,-0.8196,-0.7521,-1.5718
2773,Ethan Greenberg,-2.8186,0.3862,-2.4324
2774,Ethan Kitch,-0.2238,0.0471,-0.1766
2775,Ethan Kizer,-1.805,-0.2543,-2.0592
2776,Ethan Lathan,-0.4297,0.2937,-0.136
2777,Ethan Lynch,-0.2346,0.0203,-0.2143
2778,Ethan Mayes,-1.0262,1.1473,0.1211
2779,Ethan McComb,-0.1154,0.9614,0.8459
2780,Ethan Menzies,-1.5471,-1.7646,-3.3116
2781,Ethan Meuser,-0.6056,1.9636,1.358
2782,Ethan Morton,1.4475,3.0814,4.5289
2783,Ethan Okwuosa,-3.3535,0.2388,-3.1147
2784,Ethan Pickett,-1.4133,1.221,-0.1923
2785,Ethan Potter,-0.7613,7.0664,6.3051
2786,Ethan Price,-0.7287,4.2942,3.5656
2787,Ethan Riggs Abner,-0.2781,-0.2295,-0.5076
2788,Ethan Roberts,-4.3609,6.0069,1.646
2789,Ethan Simmon,-1.3656,0.4137,-0.9518
2790,Ethan Soares,-0.02,-0.0874,-0.1074
2791,Ethan Taylor,-3.6222,4.5654,0.9432
2792,Ethan Thomas,-1.035,-1.9176,-2.9526
2793,Ethan Wright,-0.2047,0.1968,-0.008
2794,Ethan Yancy,3.3041,-1.3886,1.9155
2795,Ethane Bourgade,-0.6894,-0.4865,-1.1759
2796,Ethyn Brown,-0.1263,-0.2024,-0.3287
2797,Etienne Strothers,-0.2939,3.4921,3.1982
2798,Eugene Brown,-2.2062,3.3488,1.1426
2799,Eunique Rink,-3.6335,-3.1854,-6.8189
2800,Evan Anderson,-1.8945,-0.4147,-2.3092
2801,Evan Ashe,-3.3038,-0.5173,-3.8211
2802,Evan Boisdur,-0.9743,-2.2688,-3.2431
2803,Evan Chatman,-0.2343,1.5097,1.2754
2804,Evan Cochran,-0.6764,-0.0416,-0.7179
2805,Evan Dickey,-0.5224,-0.1814,-0.7038
2806,Evan Eursher,-1.3569,-4.2213,-5.5781
2807,Evan Griffin,-0.2439,-1.5515,-1.7954
2808,Evan Haber,-0.0133,-0.0077,-0.0211
2809,Evan Haywood,-1.6172,2.9258,1.3086
2810,Evan Ipsaro,-1.5455,3.9428,2.3973
2811,Evan Johnson,-3.7552,1.1185,-2.6366
2812,Evan Joyner,-2.48,-1.4782,-3.9582
2813,Evan Kilminster,-1.9317,-3.0139,-4.9456
2814,Evan Mahaffey,0.7304,5.6164,6.3468
2815,Evan Montanari,-0.1854,-0.2346,-0.42
2816,Evan Nelson,-2.4256,1.1303,-1.2953
2817,Evan Otten,-1.9227,1.5054,-0.4172
2818,Evan Phelps,-3.1435,-2.3085,-5.452
2819,Evan Santos,-0.1899,-0.1289,-0.3188
2820,Evan Smith,-0.3385,0.4897,0.1512
2821,Evan Solomon,-0.0377,0.1691,0.1314
2822,Evan Stinson,-0.2133,-0.7804,-0.9937
2823,Evan Taylor,-0.3998,0.1644,-0.2353
2824,Evan Williams,-1.7299,-1.2368,-2.9667
2825,Evan Wilson,-1.6468,-1.9086,-3.5554
2826,Evan van der Plas,-4.3924,-5.6299,-10.0223
2827,Evans Kipruto,1.9568,-0.7706,1.1862
2828,Even Brauns,-0.0151,2.5945,2.5795
2829,Ewan Steele,-0.3071,0.8508,0.5436
2830,Eyal Harel,-0.1087,0.335,0.2263
2831,Eyal Nankin,-0.2163,-0.8525,-1.0688
2832,Eze Wali,-1.1972,-2.6278,-3.8249
2833,Ezra Ausar,0.3861,3.2901,3.6762
2834,Ezra Manjon,-2.2063,4.3599,2.1535
2835,Ezra McKenna,-2.3349,1.0951,-1.2398
2836,Fabian Flores,2.7171,1.6371,4.3542
2837,Fabio Basili,-1.022,0.4711,-0.5509
2838,Fadi Mougharbel,-0.5109,-1.0053,-1.5161
2839,Faizon Fields,-0.0768,1.3129,1.2361
2840,Fallou Diagne,-1.997,-1.7045,-3.7014
2841,Fallou Gueye,-3.5905,-1.3888,-4.9792
2842,Fardaws Aimaq,-0.6771,2.6353,1.9582
2843,Fatt Hill,-0.814,0.9892,0.1752
2844,Favour Aire,-2.2322,-3.224,-5.4562
2845,"Fawaz ""Tacko"" Ifaola",0.3625,1.0122,1.3747
2846,Federiko Federiko,4.724,3.6102,8.3342
2847,Fedor Zugic,-0.9381,1.3154,0.3773
2848,Felipe Palazzo,-0.0907,-0.036,-0.1267
2849,Felipe Patino,-0.6969,-1.1594,-1.8563
2850,Felix Brostrom,-1.5293,-0.3385,-1.8678
2851,Felix Kloman,-1.2905,-0.3066,-1.5971
2852,Felix Kossaras,-0.9993,3.593,2.5937
2853,Felix Okpara,1.1702,3.2798,4.45
2854,Femi Odukale,2.7447,1.1239,3.8686
2855,Festus Ndumanya,-0.8625,-2.5787,-3.4411
2856,Fidelis Okereke,-0.2472,-1.5056,-1.7528
2857,Filip Borovicanin,2.6129,5.9682,8.5811
2858,Filip Jovic,-0.0621,4.702,4.6398
2859,Filip Petkovski,-0.5496,-0.7223,-1.2719
2860,Filip Radakovic,-0.2288,2.2749,2.046
2861,Filip Skobalj,0.2451,4.7907,5.0358
2862,Finley Bizjack,-2.6371,7.2053,4.5682
2863,Finley Sheridan,-1.9431,0.0839,-1.8592
2864,Finley Woodward,-4.3575,4.1771,-0.1803
2865,Finn Lally,-1.5766,2.1524,0.5758
2866,Fischer Brown,-0.2274,0.6644,0.437
2867,Fiston Ipassou,-1.742,-0.5453,-2.2873
2868,Flash Burton,-5.0677,2.1313,-2.9365
2869,Fletcher Abee,-0.9048,3.5434,2.6386
2870,Fletcher Boatright,-0.1928,-0.6961,-0.8889
2871,Fletcher Loyer,1.5653,8.0923,9.6575
2872,Florian Tenebay,-0.729,-1.2563,-1.9853
2873,Flory Bidunga,6.612,7.1546,13.7666
2874,Floyd Rideau,-3.2999,4.3506,1.0506
2875,Folabomi Fayemi,-1.4531,-1.8232,-3.2763
2876,Ford Cooper,0.156,-3.1892,-3.0332
2877,Foster Wonders,-4.2362,0.6029,-3.6333
2878,Fotis Konstantinidis,-0.5069,0.0518,-0.4551
2879,Fousseyni Drame,1.0697,5.2165,6.2862
2880,Fousseyni Traore,-0.1021,6.5704,6.4683
2881,Francesco Borra,-1.3516,-0.7988,-2.1504
2882,Francis Chukwudebelu,0.6616,1.9719,2.6335
2883,Francis Folefac,1.223,0.9412,2.1642
2884,Francis Nwaokorie,-0.932,3.0043,2.0723
2885,Francis Okwuosah,-2.4888,2.1028,-0.386
2886,Francisco Caffaro,1.7609,0.1871,1.9481
2887,Francisco Farabello,0.4716,-0.0997,0.3719
2888,Franck Emmou,-4.2775,4.2067,-0.0708
2889,Franck Kepnang,3.036,2.247,5.2831
2890,Franco Miller,-2.1374,-1.0819,-3.2193
2891,Frank Anselem-Ibe,1.7936,0.6361,2.4297
2892,Frank Champion,0.1095,4.1793,4.2888
2893,Frank Mitchell,-2.2079,4.255,2.0471
2894,Frank Staine,-0.6594,3.9306,3.2712
2895,Frankie Collins,2.3713,1.8491,4.2204
2896,Frankie Fidler,-0.4756,4.8474,4.3718
2897,Frankie Mannino,1.0424,0.7909,1.8333
2898,Frankie Policelli,-1.5324,4.99,3.4575
2899,Frankie Vassalluzzo,-0.6257,0.3593,-0.2663
2900,Frankquon Sherman,0.3336,4.0184,4.352
2901,Frantisek Barton,-1.8719,-1.738,-3.6098
2902,Fraser Roxburgh,-4.1138,2.8173,-1.2965
2903,Fred Cleveland,-0.5828,4.1503,3.5675
2904,Fred Payne,0.7947,3.547,4.3417
2905,Freddie Cooper,0.1991,-1.6883,-1.4892
2906,Freddie Dilione V,-2.0962,5.8642,3.768
2907,Freddy Hicks,-0.538,3.9121,3.374
2908,Frederiks Meinarts,0.5935,-0.2095,0.384
2909,Fredrick King,-2.9869,6.2787,3.2918
2910,Freds Pauls Bagatskis,-1.2228,1.9942,0.7714
2911,Fredy-Salam Sylla,-1.5167,0.9938,-0.5229
2912,Gabe Beny Til,-0.221,-0.0286,-0.2496
2913,Gabe Cupps,-0.8668,0.8822,0.0154
2914,Gabe Dorsey,-2.4959,6.1292,3.6333
2915,Gabe Dynes,4.2901,2.0231,6.3132
2916,Gabe Hernandez,-0.5669,-0.5958,-1.1627
2917,Gabe Madsen,0.8204,6.3026,7.123
2918,Gabe McGlothan,2.0337,5.8484,7.8821
2919,Gabe Moss,-2.0227,-1.0112,-3.0338
2920,Gabe Newhof,-2.026,1.8084,-0.2177
2921,Gabe Oldham,-2.4056,3.0674,0.6618
2922,Gabe Pickens,-0.5524,-0.896,-1.4484
2923,Gabe Reichle,-0.7359,0.0175,-0.7184
2924,Gabe Sisk,-0.1631,0.8317,0.6686
2925,Gabe Spinelli,-4.5381,-2.5707,-7.1087
2926,Gabe Stewart,-2.3791,-0.7653,-3.1444
2927,Gabe Warren,-2.3489,0.9248,-1.4241
2928,Gabe Wiznitzer,-1.4951,-0.7935,-2.2886
2929,Gabriel McKay,-1.1735,-2.7705,-3.9439
2930,Gabriel Pozzato,-1.7315,1.9264,0.1949
2931,Gaddis Heath,-1.6608,-3.1808,-4.8416
2932,Gael Dalmau Torresola,-0.6098,0.6324,0.0226
2933,Gage Bobe,-0.1662,1.8495,1.6833
2934,Gage Gomez,-1.4162,1.9803,0.564
2935,Gai Chol,-0.5406,-0.807,-1.3476
2936,Garfield Turner,1.2741,3.2339,4.508
2937,Garrett Anderson,-3.0882,-0.4762,-3.5644
2938,Garrett Brennan,-0.7871,-2.4424,-3.2295
2939,Garrett Hicks,-1.1933,2.1627,0.9694
2940,Garrett Hien,0.7093,1.5229,2.2322
2941,Garrett Johnson,-3.3885,4.9318,1.5434
2942,Garrett Levesque,0.0095,0.0237,0.0332
2943,Garrett Nuckolls,-0.8623,1.6595,0.7972
2944,Garrett Sever,-0.3316,0.5961,0.2645
2945,Garrett Spielman,0.1328,-0.136,-0.0032
2946,Garrett Sundra,2.373,2.1364,4.5094
2947,Garrett Tipton,-3.5404,0.5118,-3.0286
2948,Garrison Keeslar,0.3999,4.9561,5.356
2949,Garry Clark,0.7035,7.5733,8.2768
2950,Garwey Dual,1.6023,1.6819,3.2842
2951,Gasper Kocevar,-0.2296,0.0756,-0.154
2952,Gavin Davis,-0.693,-0.8993,-1.5924
2953,Gavin Doty,-1.6338,4.9425,3.3087
2954,Gavin Gilstrap,0.1091,-1.4875,-1.3784
2955,Gavin Gores,-0.4206,2.4857,2.0651
2956,Gavin Griffiths,1.7855,0.7206,2.5061
2957,Gavin Hightower,1.665,-0.2212,1.4438
2958,Gavin Marrs,-0.7622,-1.3814,-2.1436
2959,Gavin Muse,-0.1587,0.2723,0.1136
2960,Gavin Paull,-0.0272,-0.3267,-0.3539
2961,Gavin Pendergast,0.0192,0.3215,0.3407
2962,Gavin Perryman,0.917,-0.8639,0.0531
2963,Gavin Ripp,-1.4587,0.4732,-0.9855
2964,Gavin Sykes,-2.8802,5.8651,2.9849
2965,Gavin Walsh,1.0511,2.3701,3.4212
2966,Gavyn Elkamil,-2.7893,0.0596,-2.7297
2967,Gediminas Mokseckas,-3.152,-1.5246,-4.6766
2968,Gehrig Normand,-0.1502,0.1802,0.03
2969,Geoff Sprouse,-6.3149,1.84,-4.475
2970,Geon Hutchins,1.3388,-1.0789,0.2599
2971,George Beale,-2.1787,4.8928,2.7141
2972,George Ivory,-4.1648,-6.7561,-10.9208
2973,George Kimble,-0.4566,2.969,2.5124
2974,George Marshall,-2.5121,5.5351,3.023
2975,George Natsvishvili,-3.8663,-2.8061,-6.6723
2976,George Natsvlishvili,-2.2325,0.8892,-1.3433
2977,George Perkins,0.1128,0.1163,0.2292
2978,George Pridgett,0.4866,3.4175,3.9041
2979,George Smith,-1.2995,2.4547,1.1552
2980,George Tinsley,-1.8398,-1.2268,-3.0666
2981,George Tupy,0.1592,-0.2595,-0.1003
2982,George Turkson,-1.5867,1.1932,-0.3935
2983,George Washington,-2.0149,-2.7997,-4.8146
2984,Gerald Drumgoole,-3.6516,2.9798,-0.6718
2985,Gerald Jones,-0.0066,-0.3074,-0.314
2986,Gerard O'Keefe,-4.4875,4.3023,-0.1852
2987,German Plotnikov,2.6457,3.3556,6.0013
2988,Geronimo Rubio De La Rosa,0.2813,7.0151,7.2965
2989,Gestin Liberis,-4.3026,-3.1602,-7.4628
2990,Gevonte Ware,-0.6492,-0.9703,-1.6195
2991,Gezim Bajrami,-2.1743,-3.4369,-5.6112
2992,GianCarlo Valdez,0.7942,1.4412,2.2354
2993,Giancarlo Bastianoni,-2.372,-0.8412,-3.2132
2994,Giancarlo Rosado,0.2936,0.9373,1.2309
2995,Gianni Cobb,-1.5871,-0.2154,-1.8025
2996,Gianni Hunt,-0.8706,-0.228,-1.0986
2997,Gianni Thompson,-4.0556,-2.0825,-6.1381
2998,Giannos Xanthopoulos,-0.1654,-2.1882,-2.3536
2999,Gibraltar Coleman,-0.3016,-0.1663,-0.4679
3000,Gibson Jimerson,-3.6508,5.6468,1.996
3001,Gicarri Harris,0.4878,2.4398,2.9276
3002,Gilbert Brown,0.0051,1.2087,1.2138
3003,Ginika Ojiako,0.5994,4.8478,5.4471
3004,Gio Sanford,-2.3077,-1.9171,-4.2248
3005,Gioacchino Panzini,-3.0888,1.1366,-1.9522
3006,Gionn Swann,-0.1058,-0.0915,-0.1973
3007,Giordan Williams,0.3157,-2.8723,-2.5567
3008,Giovanni Emejuru,-3.5792,3.6156,0.0364
3009,Giovanni Santiago,1.2829,2.6273,3.9102
3010,Glen McClintock,0.745,-1.084,-0.3391
3011,Glenn Taylor,1.393,6.1406,7.5336
3012,Gloire Goma,0.0921,0.1651,0.2572
3013,Goanar Biliew,-3.9596,-3.2395,-7.1991
3014,Goap Kodi,-0.1416,-0.1656,-0.3072
3015,Gob Gob,0.3951,0.0928,0.4879
3016,Godslove Nwabude,-0.797,0.2144,-0.5826
3017,Godswill Erheriene,0.4945,-2.966,-2.4714
3018,Golden Dike,-1.4633,0.1278,-1.3355
3019,Gora Niang,-0.647,-0.1473,-0.7943
3020,Goran Miladinovic,0.0948,0.2016,0.2964
3021,Grady Lewis,-4.3429,0.9087,-3.4343
3022,Grady Whitt,-0.5818,-0.8089,-1.3906
3023,Graham Calton,-0.5059,-1.3718,-1.8777
3024,Graham Eikenberry,-0.0375,-0.0989,-0.1364
3025,Graham Ike,1.166,9.8614,11.0274
3026,Grant Asman,0.2805,2.9383,3.2188
3027,Grant Clayton,-0.3639,0.3696,0.0057
3028,Grant Darbyshire,-0.2755,-0.6625,-0.938
3029,Grant Gondrezick,-2.1607,-1.6644,-3.8252
3030,Grant Huffman,2.0713,2.0136,4.0849
3031,Grant Hurst,-0.1079,-0.8135,-0.9215
3032,Grant Kemp,-1.2839,-0.3991,-1.683
3033,Grant Kepley,-1.0094,-0.6956,-1.705
3034,Grant Martin,-0.2536,-0.2178,-0.4714
3035,Grant Moore,-0.0808,-0.0952,-0.176
3036,Grant Nelson,0.179,7.0783,7.2573
3037,Grant Newell,0.2323,4.9201,5.1523
3038,Grant Polk,-1.5112,1.9091,0.3979
3039,Grant Randall,-4.259,0.9726,-3.2865
3040,Grant Slatten,-4.5955,1.9797,-2.6158
3041,Grant Smith,-0.5039,-0.4836,-0.9875
3042,Grant Strong,-3.1902,-3.6997,-6.8899
3043,Grant Stubblefield,-1.0108,-2.4933,-3.5041
3044,Grant Weitman,0.9058,0.757,1.6628
3045,Grant Welch,-0.0401,0.6473,0.6072
3046,Grant Whitaker,-5.125,-5.4087,-10.5337
3047,Graydon Lemke,-0.7634,0.0452,-0.7182
3048,Grayson Allo,0.3006,-0.3255,-0.0249
3049,Grayson Carper,0.6698,3.1245,3.7943
3050,Grayson Carter,0.2256,-1.5525,-1.3269
3051,Grayson Collins,-0.2084,0.0783,-0.1301
3052,Grayson Gaddis,-0.5394,-0.0459,-0.5853
3053,Grayson Grove,3.0768,1.5655,4.6422
3054,Grayson Walters,-1.7582,-0.246,-2.0042
3055,Great Osobor,1.5578,4.5496,6.1074
3056,Greedy Williams,-0.9856,4.2834,3.2978
3057,Greg Cooper,0.1554,-0.8312,-0.6758
3058,Greg Dolan,0.3766,0.7074,1.084
3059,Greg Gantt,0.1943,-0.6235,-0.4292
3060,Greg Gazarian,-1.0702,-0.7624,-1.8326
3061,Greg Gerhardt,-0.6176,-0.4727,-1.0903
3062,Greg Gordon,-2.7487,5.5389,2.7902
3063,Greg Guidinger,-0.0613,-0.2293,-0.2906
3064,Greg Jones,-2.2416,2.6923,0.4507
3065,Greg Moore,-2.3531,0.8347,-1.5184
3066,Greg Outlaw,-3.0911,-1.5699,-4.661
3067,Greg Spate,-2.1734,-1.1716,-3.345
3068,Greg Spurgin,-0.9763,-1.6416,-2.6178
3069,Greg Spurlock,-2.8123,-2.453,-5.2653
3070,Greg Tribble,1.3491,0.5558,1.9049
3071,Gregg Glenn,0.9477,0.7613,1.709
3072,Gregory Lawson,-1.0828,1.5352,0.4523
3073,Grey Garrison,0.0482,-0.048,0.0001
3074,Greydon Edwards,-0.5505,-0.6305,-1.181
3075,Greyson Uelmen,-3.5819,3.1527,-0.4292
3076,Grgur Brcic,-2.3417,-2.104,-4.4458
3077,Griff Lamb,-0.0211,0.0123,-0.0087
3078,Griffen Goodbary,0.5676,1.9414,2.509
3079,Griffin Barrouk,-3.0458,2.1724,-0.8734
3080,Gui Tesch,-0.6232,-2.6036,-3.2269
3081,Guillermo Del Pino,0.0718,0.51,0.5817
3082,Guillermo Diaz Graham,1.0045,5.431,6.4355
3083,Gunnar Lewis,0.0249,0.4833,0.5082
3084,Gus Etchison,-2.5167,3.4161,0.8994
3085,Gus Hurlburt,-0.5837,-0.1132,-0.6969
3086,Gus Larson,-1.2522,-0.1972,-1.4494
3087,Gus Rugaard,-0.271,0.3201,0.0492
3088,Gus Salem,0.0888,-0.363,-0.2743
3089,Gus Yalden,-2.439,3.7483,1.3094
3090,Gustav Winther,-3.8048,1.5789,-2.2259
3091,Guy Fauntleroy,-0.5071,-1.1639,-1.671
3092,Guy Ragland,-1.2906,4.7577,3.4671
3093,Guzman Vasilic,-0.4883,1.9009,1.4125
3094,Gyasi Powell,-0.2437,2.5887,2.345
3095,Gytis Nemeiksa,-0.8909,5.0087,4.1177
3096,Hagan Preston,-1.3316,-0.5393,-1.8709
3097,Hakim Byrd,-3.5575,0.7552,-2.8023
3098,Hakim Hart,3.4249,2.8251,6.25
3099,Halil Barre,-0.0411,0.6321,0.591
3100,Halon Rawlins,-1.5553,-0.2417,-1.797
3101,Halvine Dzellat,0.3711,-0.6774,-0.3063
3102,Hamad Mousa,-2.3186,5.9921,3.6734
3103,Hamed Olayinka,1.0247,3.1922,4.217
3104,Hampton Dauparas,-0.0169,0.0978,0.0809
3105,Hampton Sanders,-0.9855,1.8627,0.8772
3106,Hamza Asadallah,-0.2069,0.1126,-0.0943
3107,Handje Tamba,0.7107,-0.6026,0.1081
3108,Handy Toussaint,-0.0276,0.0526,0.025
3109,Hank Alvey,-1.6346,0.1799,-1.4547
3110,Hank Hutcheson,-0.7135,-0.1071,-0.8206
3111,Hannes Steinbach,1.1964,9.331,10.5275
3112,Hansel Enmanuel,-0.9696,1.6473,0.6778
3113,Hantz Louis Jeune,-0.568,0.5212,-0.0467
3114,Hantz Louis-Jeune,-1.4805,-1.5042,-2.9847
3115,Haris Elezovic,-2.4029,-1.2957,-3.6986
3116,Harlan Obioha,1.7319,0.4829,2.2149
3117,Harlond Beverly,0.6784,0.7607,1.4391
3118,Harold Woods,-2.0857,2.974,0.8883
3119,Harouna Sissoko,-0.0657,-0.647,-0.7127
3120,Harrison Alexander,-1.5003,-0.9007,-2.401
3121,Harrison Black,-0.1685,-0.2174,-0.386
3122,Harrison Carrington,-1.6579,1.7642,0.1064
3123,Harrison Hochberg,-0.1936,-0.4433,-0.6369
3124,Harrison Hornery,0.1113,0.0901,0.2014
3125,Harrison Ingram,2.2095,5.8652,8.0747
3126,Harrison Reede,-3.9426,-0.1061,-4.0488
3127,Harry Rouhliadeff,-1.1583,3.0797,1.9214
3128,Harry Wessels,2.7763,2.4765,5.2528
3129,Harun Zrno,-2.1443,2.1741,0.0298
3130,Harvin Ibarguen,-2.153,-0.5821,-2.7351
3131,Hasan Abdul Hakim,-0.9073,1.9443,1.037
3132,Hashem Asadallah,-0.3863,-0.4059,-0.7922
3133,Hason Ward,4.5798,3.5979,8.1776
3134,Hassan Diarra,2.3267,7.2767,9.6034
3135,Hassan Drame,-0.1359,-0.1771,-0.313
3136,Hassan Perkins,-4.6984,0.6275,-4.0709
3137,Hassan Washington,-0.709,-4.3019,-5.011
3138,Haston Alexander,-0.012,-0.0777,-0.0897
3139,Hayden Assemian,0.5514,1.3785,1.9299
3140,Hayden Curtiss,0.2241,1.7091,1.9332
3141,Hayden Franson,0.036,-0.0052,0.0308
3142,Hayden Gray,2.6163,5.4944,8.1107
3143,Hayden Hefner,1.3886,1.2175,2.6062
3144,Hayden Jones,-0.7149,0.2787,-0.4362
3145,Hayden Jory,-1.2848,-2.0359,-3.3206
3146,Hayden Ledbetter,-0.9676,-1.2737,-2.2413
3147,Hayden Tibbits,-2.4082,3.9649,1.5567
3148,Hayden Verdin,-0.2651,-0.1328,-0.3979
3149,Hayden Welling,-4.0852,-0.0606,-4.1458
3150,Henderson Williams,-0.3757,0.2343,-0.1414
3151,Henri Adiassa,-0.5484,-4.4746,-5.023
3152,Henri Veesaar,4.8874,10.9253,15.8126
3153,Henry Abraham,-0.276,-1.1032,-1.3792
3154,Henry Burt,-0.048,-0.3371,-0.3852
3155,Henry Coleman,1.6307,5.2237,6.8544
3156,Henry Harrison,-0.6752,-0.0536,-0.7288
3157,Henry Hartwell,-0.5183,-0.5577,-1.076
3158,Henry Sisemore,-0.022,-0.0549,-0.0769
3159,Henry Thengvall,0.1613,0.331,0.4923
3160,Henry Thole,-0.6051,0.0333,-0.5718
3161,Hercy Miller,-2.0347,-2.1833,-4.218
3162,Hermann Koffi,-4.9004,2.9214,-1.979
3163,Heru Bligen,-1.5029,-1.609,-3.1118
3164,Hikaru Awata,-0.2139,-0.2134,-0.4273
3165,Hobert Grayson,-0.9638,-0.0445,-1.0083
3166,Holden Pierre-Louis,-0.97,-1.2861,-2.2561
3167,Hollman Smith,-0.6996,-1.3564,-2.056
3168,Honor Huff,-2.7558,9.5789,6.8231
3169,Horace Simmons,-2.5856,-1.4011,-3.9866
3170,Hosana Kitenge,0.1475,3.1961,3.3436
3171,Houran Dan,1.687,-0.5288,1.1583
3172,Houston Emory,-1.3197,-3.0074,-4.3271
3173,Houston Holland,-1.5277,2.4724,0.9447
3174,Houston Jones,0.6766,0.9042,1.5808
3175,Houston Mallette,-0.6163,7.9435,7.3273
3176,Howard Eisley,-0.0331,-0.2539,-0.2869
3177,Howie Fleming,-0.743,5.5007,4.7577
3178,Howie Keene,-0.6803,1.7497,1.0694
3179,Hubertas Pivorius,-1.3,0.2778,-1.0222
3180,Hudson Greer,0.3214,0.0243,0.3458
3181,Hudson Mayes,0.1725,2.9609,3.1334
3182,Hudson Ward,-1.0397,0.074,-0.9657
3183,Hugh Hargett,-0.1736,0.5724,0.3988
3184,Hunter Adam,-1.388,3.4912,2.1032
3185,Hunter Caldwell,-1.3865,1.4921,0.1056
3186,Hunter Carter,-0.4598,-0.1974,-0.6572
3187,Hunter Castleberry,-0.384,0.4765,0.0925
3188,Hunter Cattoor,1.4441,4.8223,6.2664
3189,Hunter Dean,0.0271,4.8613,4.8884
3190,Hunter Dickinson,4.1022,9.4322,13.5344
3191,Hunter Erickson,-0.1469,3.8078,3.6609
3192,Hunter Goodrick,-0.4352,1.2467,0.8115
3193,Hunter Harding,-0.9058,-1.7296,-2.6354
3194,Hunter Jack Madden,-1.5288,2.8508,1.322
3195,Hunter Jacobson,-0.8925,-1.3109,-2.2034
3196,Hunter McIntosh,-1.8659,1.4979,-0.368
3197,Hunter Sallis,1.1302,6.365,7.4953
3198,Hunter Schenck,-0.2701,-1.4723,-1.7424
3199,Hunter Woods,-1.5064,-3.1121,-4.6185
3200,Hutch Ward,-0.6427,-0.6278,-1.2706
3201,Hysier Miller,-0.2559,2.2392,1.9833
3202,IJ Ezuma,-0.7698,-1.293,-2.0629
3203,Ian Burns,-0.7672,-0.6285,-1.3958
3204,Ian Granja,-3.6227,-1.8319,-5.4546
3205,Ian Imegwu,-2.0979,4.8478,2.75
3206,Ian Inman,-1.2483,1.4137,0.1653
3207,Ian Jackson,-3.2529,4.3495,1.0966
3208,Ian Martinez,-2.1562,6.3413,4.1851
3209,Ian Motta,-0.4402,-1.3402,-1.7804
3210,Ian Platteeuw,-0.8589,1.4487,0.5898
3211,Ian Sabourin,-1.1495,1.0815,-0.068
3212,Ian Schieffelin,1.3893,9.0025,10.3918
3213,Ian Scott,-0.7644,5.4985,4.7341
3214,Ian Smikle,0.0878,-1.2169,-1.129
3215,Ian Stephens,-0.2302,0.2198,-0.0104
3216,Iaroslav Niagu,0.2471,-1.3147,-1.0676
3217,Ibbe Klintman,-2.4798,-2.0523,-4.5321
3218,Ibrahim Olajuwon,-2.8374,1.4653,-1.3721
3219,Ibrahim Souare,2.6612,-0.7373,1.9239
3220,Ibrahima Diallo,3.0223,1.3998,4.4222
3221,Ibrahima Sacko,1.3483,-1.8626,-0.5143
3222,Ibrahima Traore,2.1437,0.5876,2.7313
3223,Ibu Yamazaki,-2.0808,3.2022,1.1214
3224,Ice Emery,-1.434,1.9078,0.4738
3225,Idan Tretout,-1.2111,1.6153,0.4042
3226,Ife West-Ingram,-1.3362,2.2664,0.9302
3227,Ifeanyi Ufochukwu,-0.6335,0.6891,0.0556
3228,Ifiok Peter,-1.9485,-1.5168,-3.4653
3229,Ignacio Campoy Galvez,0.0945,0.0319,0.1265
3230,Igor Milicic,3.1857,7.0196,10.2053
3231,Ike Cornish,-1.0947,-0.5206,-1.6153
3232,Iker Garmendia,-0.7185,-1.0168,-1.7353
3233,Ilane Fibleuil,0.4083,0.1959,0.6042
3234,Ileri Ayo-Faleye,1.0515,3.888,4.9395
3235,Ilia Ermakov,1.2713,-0.9919,0.2794
3236,Ilias Kamardine,-1.9502,3.0098,1.0596
3237,Ilija Milijasevic,-0.4877,1.2077,0.72
3238,Imanuel Zorgvol,1.9818,-0.2074,1.7744
3239,Immanuel Allen,-0.6567,-0.0511,-0.7077
3240,Immanuel Lewis,-1.2081,0.4625,-0.7456
3241,Imo Essien,-0.9685,-1.0591,-2.0276
3242,Isa Silva,-0.888,-1.5852,-2.4733
3243,Isaac Abidde,-1.6635,3.7384,2.0749
3244,Isaac Asuma,0.1247,4.5042,4.6289
3245,Isaac Bonilla,-0.4817,-2.2136,-2.6953
3246,Isaac Brice,0.2427,-0.0338,0.209
3247,Isaac Bruns,-4.6573,7.6985,3.0412
3248,Isaac Carr,-1.0954,1.5446,0.4492
3249,Isaac Celiscar,-1.8689,9.7154,7.8465
3250,Isaac Davis,-1.1842,4.9687,3.7845
3251,Isaac Dye,-2.4491,-0.2935,-2.7426
3252,Isaac Finlinson,-1.7648,0.9307,-0.8341
3253,Isaac Gard,-0.824,-0.1176,-0.9416
3254,Isaac Garrett,-1.8756,4.2541,2.3785
3255,Isaac Haney,-4.2303,3.6287,-0.6016
3256,Isaac Harrell,-6.1141,3.4739,-2.6401
3257,Isaac Hawkins,0.9797,2.664,3.6437
3258,Isaac Hester,-1.0416,0.9685,-0.0731
3259,Isaac Holmes,-0.381,-1.1246,-1.5056
3260,Isaac Hymes,0.0156,-0.1395,-0.1239
3261,Isaac Jack,-1.8261,3.541,1.715
3262,Isaac Jessup,0.0984,6.8989,6.9973
3263,Isaac Johnson,1.6316,5.9725,7.6042
3264,Isaac Jones,-0.1177,3.0746,2.9569
3265,Isaac Lindsey,-2.0783,-1.7077,-3.786
3266,Isaac McKneely,-0.3379,6.6038,6.2659
3267,Isaac Munkadi,0.6759,0.0301,0.706
3268,Isaac Mushila,0.463,1.7379,2.2009
3269,Isaac Nyakundi,-1.9747,-1.6869,-3.6616
3270,Isaac Ondekane,1.3528,-0.5281,0.8247
3271,Isaac Parson,-4.8787,1.0472,-3.8314
3272,Isaac Shingange,-0.5924,-0.3291,-0.9215
3273,Isaac Spainhour,-0.1245,-0.3377,-0.4622
3274,Isaac Spears,-2.0907,-3.8495,-5.9402
3275,Isaac Stansbury,-0.5243,-0.4953,-1.0197
3276,Isaac Taveras,0.9963,2.5006,3.4969
3277,Isaac Traudt,0.3015,3.7761,4.0776
3278,Isaac Varghese,-0.1193,-0.3078,-0.4271
3279,Isaac Williams,-3.4082,4.6903,1.2821
3280,Isaia Howard,1.6135,4.9082,6.5216
3281,Isaiah Abraham,-0.7042,2.6363,1.9322
3282,Isaiah Adams,-2.3952,1.0652,-1.33
3283,Isaiah Addo-Ankrah,-2.9254,2.4049,-0.5205
3284,Isaiah Barganier,-1.1285,-2.2142,-3.3428
3285,Isaiah Barnes,-3.249,0.1095,-3.1395
3286,Isaiah Bigelow,1.0681,2.7838,3.8519
3287,Isaiah Brickner,0.6624,1.3205,1.9829
3288,Isaiah Bronson,0.1236,-0.2169,-0.0933
3289,Isaiah Brown,0.3343,3.8821,4.2164
3290,Isaiah Caldwell,-1.0564,-4.808,-5.8644
3291,Isaiah Campbell-Finch,-1.9653,-0.4303,-2.3956
3292,Isaiah Carr,0.6474,-0.7396,-0.0922
3293,Isaiah Carrillo,-0.2495,0.5295,0.28
3294,Isaiah Chappell,-0.9639,-0.1396,-1.1035
3295,Isaiah Coleman,-0.9821,3.0346,2.0525
3296,Isaiah Collier,-0.5179,5.0809,4.563
3297,Isaiah Cottrell,-0.5513,-1.3637,-1.915
3298,Isaiah Cozart,0.1141,1.6831,1.7972
3299,Isaiah Crawford,3.726,5.2242,8.9502
3300,Isaiah Denis,-0.2075,0.4618,0.2543
3301,Isaiah Dorceus,-4.023,0.4915,-3.5315
3302,Isaiah Elohim,-1.5749,3.1908,1.6159
3303,Isaiah Evans,1.2054,9.8644,11.0698
3304,Isaiah Folkes,0.4449,-1.6086,-1.1637
3305,Isaiah Gaines,-0.4573,1.9183,1.4611
3306,Isaiah Gray,1.0344,3.9396,4.974
3307,Isaiah Griffin,-3.913,2.6625,-1.2506
3308,Isaiah Gross,-0.4354,-2.0015,-2.4368
3309,Isaiah Hawthorne,-0.8014,4.1314,3.3299
3310,Isaiah Henderson,-3.8678,-1.8343,-5.7022
3311,Isaiah Hill,-2.3116,3.1801,0.8686
3312,Isaiah Ihnen,0.8762,2.1086,2.9849
3313,Isaiah Jackson,2.4876,-0.7537,1.7339
3314,Isaiah Johnson,-0.0387,6.2324,6.1937
3315,Isaiah Johnson-Arigu,-1.2186,2.6684,1.4499
3316,Isaiah Jones,1.6514,4.9355,6.5869
3317,Isaiah Kai,-2.5037,-2.5372,-5.0409
3318,Isaiah Kerr,0.8696,0.0416,0.9113
3319,Isaiah Langham,-3.7945,-0.0877,-3.8822
3320,Isaiah Lewis,-1.6345,-0.2563,-1.8908
3321,Isaiah Manning,-0.2537,1.7975,1.5438
3322,Isaiah Mbeng,-2.1716,0.23,-1.9415
3323,Isaiah Miranda,-1.3591,-2.9195,-4.2786
3324,Isaiah Moses,-3.3399,6.7529,3.4129
3325,Isaiah Placide,-4.0604,3.0326,-1.0278
3326,Isaiah Pope,-1.3137,0.2005,-1.1132
3327,Isaiah Range,-1.9087,-4.2722,-6.1809
3328,Isaiah Richards,0.3044,4.8323,5.1367
3329,Isaiah Rivera,-0.341,4.2414,3.9003
3330,Isaiah Salter,-0.7344,0.3205,-0.4139
3331,Isaiah Sealy,-0.4069,-0.1497,-0.5566
3332,Isaiah Shaw,-2.9201,1.9991,-0.9209
3333,Isaiah Sherrard,-0.8699,-2.5986,-3.4685
3334,Isaiah Skinner,-0.9743,-0.2074,-1.1817
3335,Isaiah Somers,-0.2277,-0.2876,-0.5153
3336,Isaiah Stafford,-0.3852,2.5557,2.1705
3337,Isaiah Stevens,-0.0412,7.562,7.5208
3338,Isaiah Stewart,-0.9416,0.4848,-0.4567
3339,Isaiah Sulack,-0.6731,-0.2031,-0.8762
3340,Isaiah Sutherland,-2.4077,0.7822,-1.6255
3341,Isaiah Swope,-1.597,1.6697,0.0727
3342,Isaiah Sy,-2.986,3.9244,0.9383
3343,Isaiah Thompson,-3.149,3.7485,0.5995
3344,Isaiah Walker,-2.3497,4.0909,1.7412
3345,Isaiah Washington,-1.2408,-0.8702,-2.111
3346,Isaiah Watts,0.4155,2.8443,3.2598
3347,Isaiah West,-0.7235,-0.351,-1.0745
3348,Isaiah Williams,0.3332,-2.0702,-1.7371
3349,Isaiah Wilson,-1.2265,-2.0494,-3.2759
3350,Isaiah Wyatt,-2.6602,3.4892,0.829
3351,Ishan Sharma,1.5458,8.0325,9.5783
3352,Ishmael Leggett,3.1881,5.7484,8.9365
3353,Isiah Gaiter,-2.9766,1.5012,-1.4754
3354,Isiah Harwell,2.5732,1.4235,3.9967
3355,Isiah Kirby,-3.8473,-0.8313,-4.6786
3356,Isiah Lightsy,-0.2995,-0.6691,-0.9686
3357,Isiah Warfield,-2.0626,0.8164,-1.2462
3358,Ismael Diouf,-1.606,-0.8095,-2.4155
3359,Ismael Massoud,-1.5289,-0.972,-2.5008
3360,Ismael Plet,-1.1733,1.5411,0.3678
3361,Ismail Habib,-3.5684,1.8928,-1.6757
3362,Ismaila Diagne,3.432,0.06,3.492
3363,Israel Hart,-2.7151,1.3086,-1.4065
3364,Israel Jenrette,-0.5387,-3.9178,-4.4565
3365,Israel Yaw,-1.4992,0.2146,-1.2846
3366,Issa Muhammad,-0.143,0.6902,0.5473
3367,Issac McBride,-4.8911,6.3921,1.5011
3368,Issac Williamson,-1.2764,-1.1085,-2.3849
3369,Issakha Niang,-0.2641,0.2148,-0.0493
3370,Ithiel Horton,-0.151,1.5187,1.3676
3371,Ivan Juric,-3.7708,4.6861,0.9154
3372,Ivan Kharchenkov,2.6923,5.6108,8.3032
3373,Ivan Matlekovic,0.0826,0.4016,0.4842
3374,Ivan Njegovan,1.2889,0.8145,2.1034
3375,Ivan Reynolds,-0.1895,1.6331,1.4436
3376,Ivan Spirov,-3.2968,0.1233,-3.1735
3377,Iverson King,-1.0688,-2.0206,-3.0893
3378,Iwo Baganc,-1.1331,0.3899,-0.7432
3379,Izaiah Pasha,-3.0287,1.8622,-1.1665
3380,Izaiah Robinson,-1.8122,-2.3472,-4.1594
3381,Izaiyah Nelson,0.7437,8.8823,9.626
3382,Izzy Miles,-1.9354,-0.4018,-2.3372
3383,J'Quan Ewing,-2.0432,-1.6296,-3.6728
3384,J'Raan Brooks,-0.1843,-1.1369,-1.3212
3385,J'Vonne Hadley,0.5765,8.0192,8.5957
3386,J'Wan Roberts,1.7821,8.0062,9.7883
3387,JB Frankel,-2.2945,2.5522,0.2577
3388,JC Brooks,-1.1482,-1.7097,-2.8579
3389,JC Harris,0.2678,-1.1403,-0.8725
3390,JC Riley,-2.0768,-2.08,-4.1568
3391,JC Shirer,-0.5291,1.4148,0.8856
3392,JD Plough,-0.1823,-0.2003,-0.3826
3393,JD Roberts,-0.6578,0.5005,-0.1573
3394,JD Thomas,-0.0633,0.0582,-0.0051
3395,JJ Chaikovsky,0.1019,-0.7276,-0.6257
3396,JJ Harper,0.0562,3.4524,3.5086
3397,JJ Howard,-2.3593,2.4829,0.1236
3398,JJ Kalakon,1.6263,2.7906,4.4169
3399,JJ Kelly,-1.0639,1.5804,0.5166
3400,JJ Mandaquit,0.8829,-0.3613,0.5216
3401,JJ Starling,-1.3301,3.111,1.781
3402,JJ Taylor,-0.8615,0.5354,-0.3261
3403,JJ Traynor,-2.9583,1.9795,-0.9788
3404,JJ Wheat,0.7369,-0.6365,0.1004
3405,JJ White,-0.5124,5.426,4.9136
3406,JP Dragas,-2.5548,-1.5635,-4.1183
3407,JP Estrella,-0.0479,5.7636,5.7158
3408,JP Pegues,-0.7132,5.8966,5.1833
3409,JR Jacobs,-4.2086,-2.1765,-6.3851
3410,JR Konieczny,1.3025,2.427,3.7295
3411,JT Amundsen,0.1301,0.0774,0.2075
3412,JT Dougherty,-0.759,-0.408,-1.167
3413,JT Elder,-0.3488,-0.5656,-0.9144
3414,JT Kelly,0.3145,-0.3798,-0.0653
3415,JT Pettigrew,-0.9697,2.9418,1.9721
3416,JT Rock,2.0236,3.442,5.4656
3417,JT Tan,0.0446,-0.0923,-0.0477
3418,JT Toppin,3.2086,8.6139,11.8225
3419,JT Warren,-2.7047,-0.4058,-3.1105
3420,JV Brown,-0.2451,-0.2106,-0.4557
3421,JV Seat,-1.0217,-1.6926,-2.7143
3422,JZ Zaher,0.1665,-0.2241,-0.0576
3423,Ja'Borri McGhee,-1.7305,2.7784,1.0478
3424,Ja'Darius Harris,0.1379,0.8687,1.0066
3425,Ja'Derryus Eatmon,-2.0592,-0.3596,-2.4188
3426,Ja'Heim Hudson,-0.3811,3.1298,2.7488
3427,Ja'Juan Carr,-4.543,2.9879,-1.5551
3428,Ja'Kair Sanchez,-2.525,1.1159,-1.4091
3429,Ja'Kobe Walter,0.6564,6.1336,6.79
3430,Ja'Kobi Gillespie,0.8542,13.9941,14.8483
3431,Ja'Monta Black,-2.8884,3.9646,1.0762
3432,Ja'Quavian Florence,-1.4726,0.5644,-0.9082
3433,Ja'Quavis Williford,-1.1399,0.4503,-0.6896
3434,Ja'Sean Glover,-3.3443,4.1115,0.7672
3435,Ja'Sean Jackson,0.2919,2.1813,2.4732
3436,Ja'Shonte Wright-Mcleish,0.0796,-1.1779,-1.0983
3437,Ja'Vier Francis,6.238,1.3718,7.6098
3438,Ja'Von Benson,1.9116,1.6918,3.6033
3439,JaCobi Wood,-3.3034,4.3526,1.0492
3440,JaDun Michael,-1.5445,-1.5464,-3.0909
3441,JaJuan Nicholls,-3.3461,5.1165,1.7704
3442,JaKobe Coles,0.2388,5.0593,5.2981
3443,"JaQualon ""JQ"" Roberts",-0.0762,1.7128,1.6366
3444,JaVar Daniel,0.5711,0.6269,1.198
3445,JaVaughn Hannah,-1.5597,3.1469,1.5871
3446,Jabari West,-0.3703,-0.0772,-0.4475
3447,Jabari Williams,0.3541,-0.8193,-0.4652
3448,Jabe Mullins,0.9345,2.2566,3.1911
3449,Jabez Jenkins,1.3124,2.2809,3.5932
3450,Jabri Abdur-Rahim,2.0417,4.5141,6.5559
3451,Jabrion Spikes,0.3313,-2.7725,-2.4413
3452,Jac Mani,0.246,0.7566,1.0027
3453,Jacari Brim,-0.0839,0.103,0.0191
3454,Jacari Lane,-1.2459,8.2218,6.9759
3455,Jacari White,-1.0314,6.9772,5.9457
3456,Jacco Fritz,-0.1802,-2.1103,-2.2905
3457,Jace Carter,-2.0762,2.2029,0.1268
3458,Jace Howard,-0.528,-1.355,-1.883
3459,Jace Posey,-0.1964,2.6121,2.4157
3460,Jace Rayl,-0.4579,-0.6294,-1.0873
3461,Jace Roquemore,-0.3264,0.8403,0.5139
3462,Jace Whiting,0.5784,3.7528,4.3312
3463,Jace Winkleman,-0.352,0.7361,0.3842
3464,Jacen Holloway,-3.0751,0.1426,-2.9325
3465,Jack Anderson,-2.7666,-1.5961,-4.3628
3466,Jack Benter,0.4004,4.252,4.6524
3467,Jack Brown,-2.3291,-2.1851,-4.5142
3468,Jack Campion,-0.3388,1.2432,0.9044
3469,Jack Clark,2.0462,6.4884,8.5346
3470,Jack Collins,-1.478,5.6093,4.1313
3471,Jack Daugherty,-0.6261,4.3997,3.7736
3472,Jack DeRose,-0.1863,-0.4559,-0.6422
3473,Jack DiDonna,-0.0863,-0.2034,-0.2897
3474,Jack Doumbia,2.0478,1.9845,4.0322
3475,Jack Edelen,-0.4217,-1.2263,-1.6479
3476,Jack Fagan,0.0086,-0.0359,-0.0274
3477,Jack Forrest,-3.9489,2.7448,-1.204
3478,Jack Francis,-0.9025,-0.6989,-1.6014
3479,Jack Futa,-0.6016,0.1772,-0.4244
3480,Jack Gohlke,-0.6016,5.8474,5.2458
3481,Jack Graham,-2.7203,-1.5316,-4.252
3482,Jack Hastreiter,0.4754,0.4941,0.9695
3483,Jack Hatten,-0.3878,-0.0238,-0.4116
3484,Jack Holmstrom,-1.9184,1.1568,-0.7616
3485,Jack Hoth,-0.7981,-1.9522,-2.7503
3486,Jack Ingold,-0.2218,-0.4666,-0.6883
3487,Jack Janicki,1.0417,1.6114,2.6532
3488,Jack Johnson,-0.5163,-1.1533,-1.6696
3489,Jack Jubenville,-0.3431,-1.4013,-1.7444
3490,Jack Karasinski,-4.8801,7.5342,2.654
3491,Jack Kostel,-2.1656,2.1974,0.0318
3492,Jack Leahy,-1.8787,-1.5264,-3.4051
3493,Jack Lusk,-0.3991,-0.3674,-0.7664
3494,Jack Margoupis,-1.4479,3.1613,1.7134
3495,Jack May,-0.192,-0.2457,-0.4376
3496,Jack McCaffery,-0.4477,-0.5029,-0.9506
3497,Jack McCloskey,-0.2253,-0.2252,-0.4505
3498,Jack McFadden,0.4299,0.2139,0.6438
3499,Jack Medalie,1.2281,0.964,2.1921
3500,Jack Mielke,-3.161,3.2153,0.0543
3501,Jack Miller,-1.852,-1.6456,-3.4976
3502,Jack Molloy,-1.1129,-0.5119,-1.6249
3503,Jack Payne,-0.6838,3.9065,3.2227
3504,Jack Pease,-0.2545,-0.3774,-0.6318
3505,Jack Reddick,-2.3427,-1.8742,-4.2169
3506,Jack Riley,-0.7596,-0.8717,-1.6313
3507,Jack Robison,-1.3461,0.6485,-0.6977
3508,Jack Sauer,-0.2536,-0.3899,-0.6436
3509,Jack Sawyer,-1.7092,-1.9951,-3.7043
3510,Jack Scott,-1.4947,-0.3159,-1.8106
3511,Jack Seidler,0.0319,-1.1273,-1.0954
3512,Jack Smiley,-1.543,5.3924,3.8494
3513,Jack Stanton,-0.2449,3.7387,3.4938
3514,Jack Stefanski,-1.2659,-0.8223,-2.0882
3515,Jack Sullivan,0.666,-1.0785,-0.4126
3516,Jack Tauer,-0.5275,0.0918,-0.4357
3517,Jack Turner,-4.2479,-0.5641,-4.8121
3518,Jack Walter,-0.0674,-0.3028,-0.3701
3519,Jack Whitbourn,-1.6831,0.2265,-1.4567
3520,Jack Williams,-0.8197,-0.2228,-1.0425
3521,Jack Wilson,-1.2742,0.4606,-0.8137
3522,Jack Wistrcill,-2.8753,-1.6827,-4.558
3523,Jack d'Entremont,0.1807,0.9502,1.1308
3524,Jackie Johnson,-2.533,4.7182,2.1852
3525,Jacksen Moni,-0.7972,9.1032,8.306
3526,"Jackson ""BB"" Washington",-0.3332,0.0104,-0.3228
3527,Jackson Benigni,-6.3739,2.2169,-4.157
3528,Jackson Connor,-0.8608,-0.5716,-1.4324
3529,Jackson Cook,-0.6243,-0.5918,-1.2161
3530,Jackson Creel,0.0094,0.0715,0.0809
3531,Jackson Cronin,-0.1236,-0.137,-0.2606
3532,Jackson Delaney,-0.963,-0.4802,-1.4432
3533,Jackson Fazande,-0.2536,0.5293,0.2758
3534,Jackson Fields,1.84,2.3089,4.1489
3535,Jackson Francois,-0.8215,-0.5528,-1.3743
3536,Jackson Gaffney,-1.2383,-0.8789,-2.1172
3537,Jackson Grant,-0.4578,-0.3843,-0.8422
3538,Jackson Greene,0.904,1.9089,2.813
3539,Jackson Hicke,-2.642,6.1589,3.5169
3540,Jackson Holcombe,1.8206,7.1808,9.0014
3541,Jackson Holt,-2.4793,1.8201,-0.6591
3542,Jackson Huxtable,-1.1878,-0.0351,-1.2229
3543,Jackson Keil,0.1646,-0.4393,-0.2747
3544,Jackson Keith,0.1063,0.4055,0.5118
3545,Jackson Kotecki,-1.3293,0.2006,-1.1287
3546,Jackson Last,-0.5326,-2.1356,-2.6682
3547,Jackson Mayo,-1.5394,-0.0105,-1.55
3548,Jackson McAndrew,1.5663,2.2649,3.8312
3549,Jackson Mosley,-2.1573,1.0042,-1.153
3550,Jackson Munro,-2.3784,3.5219,1.1435
3551,Jackson Noble,0.0022,-0.0315,-0.0293
3552,Jackson Paveletzke,-4.72,3.1089,-1.6111
3553,Jackson Peakes,-0.1513,-0.5696,-0.721
3554,Jackson Porch,-0.753,-0.7939,-1.547
3555,Jackson Price,0.6581,0.5153,1.1733
3556,Jackson Prince,-0.2355,-0.1428,-0.3784
3557,Jackson Purcell,-0.1356,-0.228,-0.3635
3558,Jackson Rasmussen,-0.3042,3.9536,3.6493
3559,Jackson Roberts,-0.3819,-0.2401,-0.622
3560,Jackson Rogers,-0.4294,0.4278,-0.0016
3561,Jackson Seale,-0.3427,-0.6937,-1.0365
3562,Jackson Selvala,-0.1752,-0.0995,-0.2747
3563,Jackson Shelstad,-0.3738,7.0402,6.6664
3564,Jackson Sivills,-2.1667,4.1835,2.0167
3565,Jackson Skipper,-2.6156,2.4119,-0.2038
3566,Jackson Sowards,-0.0325,0.0402,0.0077
3567,Jackson Threadgill,-0.5572,-0.5952,-1.1524
3568,Jackson Young,-0.3039,0.3736,0.0697
3569,Jacksun Hamilton,-1.06,-0.5418,-1.6017
3570,Jacob Adair,-0.0841,-0.1343,-0.2184
3571,Jacob Antchak,-0.2192,-0.8381,-1.0573
3572,Jacob Bannarbie,-0.9822,2.8269,1.8448
3573,Jacob Beccles,-3.8611,3.712,-0.1491
3574,Jacob Cofie,2.5755,3.6746,6.2502
3575,Jacob Conner,0.3511,1.3266,1.6777
3576,Jacob Crews,-3.1813,10.8233,7.642
3577,Jacob Dar,-2.7879,4.324,1.5361
3578,Jacob Furphy,-0.5702,-1.0084,-1.5786
3579,Jacob Germany,-0.3524,-1.1055,-1.458
3580,Jacob Groves,0.2932,2.8083,3.1016
3581,Jacob Hammond,-2.0064,-1.4544,-3.4608
3582,Jacob Hogarth,-3.8166,-3.0922,-6.9088
3583,Jacob Holt,-1.4994,4.255,2.7556
3584,Jacob Hudson,-4.4682,-0.162,-4.6302
3585,Jacob Huggins,-2.1045,0.482,-1.6224
3586,Jacob Hutson,-2.0361,2.3777,0.3416
3587,Jacob Johnson,-0.766,0.1487,-0.6173
3588,Jacob Koch,-1.1165,0.4002,-0.7163
3589,Jacob Martin,-0.2486,0.0311,-0.2175
3590,Jacob McFarland,0.0252,-0.1962,-0.171
3591,Jacob Meyer,-4.3688,5.3721,1.0033
3592,Jacob Morales,0.0153,-0.1053,-0.0901
3593,Jacob O'Connell,1.288,0.5334,1.8214
3594,Jacob Ognacevic,-1.0084,5.7509,4.7425
3595,Jacob Patrick,0.4235,1.4885,1.912
3596,Jacob St Clair,-0.4942,-0.5139,-1.0081
3597,Jacob Theodosiou,-2.4758,0.472,-2.0038
3598,Jacob Tsai,-0.2156,-0.2918,-0.5075
3599,Jacob Walker,-2.9022,3.8113,0.9091
3600,Jacob Warren,-3.1359,0.4079,-2.728
3601,Jacob Wilson,-1.7857,1.3719,-0.4138
3602,Jacobe Coleman,-2.0257,2.1584,0.1327
3603,Jacobe Whitted,-1.239,0.9171,-0.3219
3604,Jacobi Sebock,-2.6285,0.4573,-2.1712
3605,Jacobi Wright,0.2246,1.3643,1.5889
3606,Jacoby Hill,-0.6357,2.6002,1.9645
3607,Jacoi Hutchinson,-1.8658,1.581,-0.2848
3608,Jacolb Fredson-Cole,-1.1216,-0.0128,-1.1343
3609,Jacopo Van der Knaap,0.0198,-0.0036,0.0161
3610,Jadarius Townes,0.0191,-0.1142,-0.0951
3611,Jade Tse,0.0292,-1.545,-1.5158
3612,Jaden Akins,3.2714,5.4387,8.7101
3613,Jaden Alexander,-3.212,4.3384,1.1264
3614,Jaden Bediako,1.7329,4.4371,6.1701
3615,Jaden Bobbett,-0.0774,-0.2177,-0.295
3616,Jaden Bradley,4.2983,7.469,11.7673
3617,Jaden Brownell,0.209,6.1312,6.3402
3618,Jaden Campbell,2.1618,7.2916,9.4534
3619,Jaden Clayton,1.2015,3.4692,4.6707
3620,Jaden Cooper,-0.0338,0.1685,0.1347
3621,Jaden Daughtry,0.2849,3.7824,4.0673
3622,Jaden Ellis,-1.7267,-0.4916,-2.2183
3623,Jaden Geron,-2.6434,-2.2862,-4.9296
3624,Jaden Goodall,0.1243,-0.1351,-0.0108
3625,Jaden Grant,-0.6219,-0.0335,-0.6555
3626,Jaden Harris,-0.8067,2.1865,1.3799
3627,Jaden Henderson,-2.038,2.1795,0.1414
3628,Jaden Henley,0.8683,6.0302,6.8985
3629,Jaden House,-3.2104,3.7281,0.5178
3630,Jaden Jackson,0.3059,3.6283,3.9342
3631,Jaden Johnson,-2.7291,-1.0535,-3.7826
3632,Jaden Karuletwa,-1.2818,-0.8088,-2.0906
3633,Jaden Kempson,-3.1015,0.2273,-2.8742
3634,Jaden Kirkwood,0.3684,-1.8697,-1.5013
3635,Jaden Martin,-1.3264,-0.9244,-2.2508
3636,Jaden McClanahan,-0.7129,-2.1817,-2.8946
3637,Jaden Newell,0.0909,-0.5347,-0.4438
3638,Jaden Ray,0.8084,-0.5055,0.3029
3639,Jaden Rogers,-1.5103,-1.2145,-2.7248
3640,Jaden Schertz,0.741,-1.4943,-0.7534
3641,Jaden Schutt,-1.8659,4.3901,2.5242
3642,Jaden Seymour,-0.6769,2.1758,1.499
3643,Jaden Slaughter,-3.0331,-1.5519,-4.585
3644,Jaden Smith,-1.5936,-1.9093,-3.503
3645,Jaden Steppe,-1.3279,0.5545,-0.7734
3646,Jaden Toombs,-0.66,3.01,2.35
3647,Jaden Vance,1.0558,-0.2585,0.7973
3648,Jaden Walker,-1.5514,-0.1254,-1.6768
3649,Jaden Webb,0.5322,-1.3924,-0.8602
3650,Jaden Wells,-2.0506,2.8804,0.8298
3651,Jaden Winston,-3.9025,2.855,-1.0475
3652,Jaden Zimmerman,-1.4555,0.7041,-0.7514
3653,Jadin Booth,-4.1963,7.0136,2.8172
3654,Jadin Collins-Roberts,-0.3665,1.2705,0.904
3655,Jadis Jones,-0.6317,3.9158,3.2842
3656,Jadon Jones,1.6531,5.2903,6.9433
3657,Jadrian Tracey,0.6834,5.4698,6.1532
3658,Jadyn Cascio Jensen,0.1726,0.2726,0.4452
3659,Jadyn Parker,-0.565,-0.5939,-1.1589
3660,Jadyn Shider,-0.1488,-1.9683,-2.1171
3661,Jae Slack,-5.9655,0.0841,-5.8814
3662,Jae'Coby Osborne,-0.6155,4.1384,3.523
3663,Jae'Lyn Withers,2.9861,5.0113,7.9974
3664,Jaeden Marshall,-5.6606,3.016,-2.6446
3665,Jaeden Mustaf,0.4576,1.8489,2.3066
3666,Jaeden Roberts,-0.5905,3.1359,2.5453
3667,Jaeden Zackery,3.0886,4.8952,7.9838
3668,Jaedon LeDee,0.2287,4.6749,4.9036
3669,Jaedyn Brown,-0.121,0.9796,0.8586
3670,Jaehshon Thomas,-4.9121,2.5691,-2.343
3671,Jael Martin,-0.0488,1.0238,0.975
3672,Jaelen House,3.3003,5.0761,8.3763
3673,Jaelen McGlone,1.2459,-0.4863,0.7596
3674,Jaelin Llewellyn,-1.2637,-1.0315,-2.2952
3675,Jaelyn Lee,0.0672,-0.1142,-0.0471
3676,Jaemyn Brakefield,-0.5182,7.0236,6.5054
3677,Jagger Bascombe,-0.0402,-0.0293,-0.0695
3678,Jah Nze,-2.0767,1.1303,-0.9464
3679,Jah Quinones,-2.0167,-0.4233,-2.4399
3680,Jah Short,-4.2042,1.6022,-2.602
3681,Jah'Kim Payne,-4.3379,-0.3813,-4.7192
3682,Jah'Likai King,-2.8726,1.4663,-1.4063
3683,Jahari Long,-1.7229,4.2553,2.5324
3684,Jahari Williamson,-2.3894,5.3311,2.9417
3685,Jaheem Webber,1.934,-1.1744,0.7596
3686,Jaheim Nyam,-0.3585,-0.2821,-0.6406
3687,Jahki Gupton,-0.7853,-0.4096,-1.1949
3688,Jahki Howard,-0.5748,1.1319,0.5571
3689,Jahlil White,-1.1009,0.9258,-0.1752
3690,Jahmai Mashack,3.9261,3.3319,7.258
3691,Jahmar Young,-1.2127,-1.9134,-3.1261
3692,Jahmere Tripp,2.1417,4.8295,6.9712
3693,Jahmir Young,2.6595,6.9518,9.6113
3694,Jahmyl Telfort,1.0429,7.4242,8.467
3695,Jahnathan Lamothe,-2.0907,-1.2858,-3.3765
3696,Jahni Summers,-4.741,2.3609,-2.38
3697,Jahsean Corbett,-2.9376,4.5646,1.627
3698,Jahseem Felton,-1.5058,-2.0813,-3.5871
3699,Jahvin Carter,-2.1987,3.518,1.3194
3700,Jai Anthoni Bearden,1.3097,1.5549,2.8646
3701,Jai Chisolm,1.3097,-1.1074,0.2023
3702,Jaiden Cole,-0.6079,0.0608,-0.5472
3703,Jaiden Feroah,-2.3006,5.2552,2.9546
3704,Jaiden Glover,-1.3252,1.2355,-0.0897
3705,Jaiden Glover-Toscano,-2.0887,5.3558,3.2671
3706,Jaiden Haynes,-2.4798,0.8594,-1.6204
3707,Jaiden Lawrence,-1.6853,-1.2648,-2.9501
3708,Jaiden Lee,-0.1257,-0.3533,-0.4791
3709,Jaiden Thompson,-1.9818,-2.597,-4.5788
3710,Jaidon Lipscomb,-3.2394,7.02,3.7806
3711,Jailen Bedford,-4.1133,4.527,0.4137
3712,Jailen Daniel-Dalton,-2.0701,1.1155,-0.9546
3713,Jaion Pitt,-0.3975,1.2374,0.8399
3714,Jair Horton,-5.2435,-3.0118,-8.2553
3715,Jaiun Simon,1.1399,0.0333,1.1732
3716,Jakai Newton,-0.3086,0.5374,0.2288
3717,Jakai Robinson,-2.3208,0.9584,-1.3624
3718,Jakai Sanders,-3.3438,0.2219,-3.1219
3719,Jakari Spence,0.1373,1.7864,1.9237
3720,Jake Arnold,-0.3607,-1.3426,-1.7034
3721,Jake Auer,-0.3469,2.1414,1.7945
3722,Jake Blackburn,-3.3873,0.8071,-2.5802
3723,Jake Brack,-4.1143,1.3181,-2.7962
3724,Jake Ciardo,-0.0005,-0.4275,-0.4279
3725,Jake Cioe,-0.6419,-0.8417,-1.4836
3726,Jake Davis,-2.3153,5.2711,2.9558
3727,Jake DiMichele,-0.6171,-0.098,-0.7151
3728,Jake Dykstra,-0.8281,-0.8262,-1.6544
3729,Jake Edwards,-0.2164,0.0084,-0.208
3730,Jake Ensminger,2.7144,8.9103,11.6247
3731,Jake Evans,-0.3041,-0.3297,-0.6337
3732,Jake Fiegen,-1.9407,8.7038,6.7631
3733,Jake Goldberg,-2.9001,-3.7269,-6.627
3734,Jake Hall,-0.3082,8.1977,7.8895
3735,Jake Hansen,-0.1479,0.0196,-0.1283
3736,Jake Harbatkin,-0.2562,-0.198,-0.4542
3737,Jake Heidbreder,0.6935,4.0523,4.7458
3738,Jake Hsu,-0.7122,-0.0949,-0.8072
3739,Jake Johnston,-0.4442,-0.2233,-0.6674
3740,Jake Kyman,-2.1176,4.5939,2.4763
3741,Jake Lemelman,-3.2951,2.5029,-0.7923
3742,Jake Moser,-0.7448,-0.3091,-1.0539
3743,Jake Murphy,-0.7643,0.3037,-0.4606
3744,Jake O'Neil,-0.6967,2.5227,1.8259
3745,Jake Pike,-0.4889,-0.9933,-1.4823
3746,Jake Shannon,0.5107,0.4817,0.9924
3747,Jake Shapiro,-1.1951,0.707,-0.4882
3748,Jake Snyder,-0.0179,-0.04,-0.0579
3749,Jake Stout,-0.6807,-0.3908,-1.0715
3750,Jake Sussberg,-1.3608,-0.0094,-1.3702
3751,Jake Tavroff,-2.1165,0.1299,-1.9866
3752,Jake TenBerge,-0.306,-0.6238,-0.9299
3753,Jake Wahlin,-0.035,4.7847,4.7497
3754,Jake West,1.1034,3.0497,4.1531
3755,Jake Wilkins,0.6559,2.1629,2.8188
3756,Jake Wolfe,1.2543,-0.7901,0.4642
3757,Jake van der Heijden,-1.126,1.495,0.369
3758,Jakevion Buckley,0.7662,3.1079,3.8741
3759,Jakob Blakley,-4.4598,-1.736,-6.1958
3760,Jakob Gibbs,-0.2753,-0.6665,-0.9418
3761,Jakobi Heady,-3.569,8.3254,4.7563
3762,Jakorie Smith,-1.4605,3.6577,2.1972
3763,Jakub Necas,1.7617,2.947,4.7087
3764,Jalal McKie,-3.0067,-1.4327,-4.4395
3765,Jaland Lowe,-1.4169,7.0767,5.6598
3766,Jaland Whitehead,-0.7648,-0.1098,-0.8746
3767,Jalani Bell,-1.472,-2.3529,-3.8249
3768,Jalen Barbee,-0.0746,1.2752,1.2007
3769,Jalen Barr,2.2116,-3.1949,-0.9833
3770,Jalen Benjamin,-2.5096,-0.8279,-3.3376
3771,Jalen Blackmon,-4.9618,6.3058,1.344
3772,Jalen Bolden,-2.1732,1.4601,-0.7131
3773,Jalen Bouknight,0.9318,-0.8725,0.0592
3774,Jalen Breath,-2.1785,-0.4698,-2.6484
3775,Jalen Breazeale,-3.4383,0.2203,-3.218
3776,Jalen Bridges,1.2064,8.4864,9.6928
3777,Jalen Brown,-4.6075,-0.0929,-4.7004
3778,Jalen Celestine,1.512,7.9222,9.4342
3779,Jalen Cobb,0.2445,2.1233,2.3677
3780,Jalen Cone,-2.9094,3.8173,0.9079
3781,Jalen Cook,0.6023,3.4419,4.0443
3782,Jalen Cooper,-0.2277,0.0659,-0.1618
3783,Jalen Cox,-0.2105,3.8632,3.6528
3784,Jalen Crawford,-0.6221,-0.5199,-1.142
3785,Jalen Cunningham,0.3127,0.4561,0.7688
3786,Jalen DeLoach,-0.9313,0.623,-0.3083
3787,Jalen Dollar,-0.5395,0.639,0.0995
3788,Jalen Forrest,-3.55,1.9433,-1.6067
3789,Jalen Foy,-1.037,-1.2395,-2.2765
3790,Jalen Gaffney,0.8567,4.3344,5.1911
3791,Jalen Graham,1.8722,1.0529,2.9251
3792,Jalen Griffith,-5.6765,4.3671,-1.3094
3793,Jalen Hampton,-0.9989,3.3279,2.329
3794,Jalen Haralson,-0.8811,2.4,1.5189
3795,Jalen Harper,-1.4046,-2.4732,-3.8778
3796,Jalen Hawkins,-1.9959,-0.6058,-2.6017
3797,Jalen Hayes,0.2274,-0.2567,-0.0294
3798,Jalen Haynes,2.3162,3.5828,5.899
3799,Jalen Hill,-0.0336,0.1125,0.0789
3800,Jalen Jackson,-2.2395,5.077,2.8375
3801,Jalen Johnson,-2.5125,-0.969,-3.4814
3802,Jalen Jordan,-1.9917,-0.5788,-2.5705
3803,Jalen Kampen,-0.8901,-2.3323,-3.2224
3804,Jalen Keago,-3.2034,-0.6065,-3.8099
3805,Jalen Lake,-0.8543,3.1622,2.3079
3806,Jalen Leach,-0.6346,7.1693,6.5347
3807,Jalen Lee,-3.1202,0.0463,-3.0739
3808,Jalen Miller,-3.4488,0.1114,-3.3374
3809,Jalen Myers,-2.6907,2.8418,0.1511
3810,Jalen Page,-1.5108,-0.5882,-2.099
3811,Jalen Pitre,0.0012,1.2612,1.2624
3812,Jalen Quinn,-2.4578,4.6337,2.1759
3813,Jalen Reece,-1.4409,2.453,1.0121
3814,Jalen Reed,1.8493,3.0059,4.8553
3815,Jalen Reynolds,1.5677,-2.6596,-1.0919
3816,Jalen Robinson,-1.9182,-0.2931,-2.2113
3817,Jalen Rucker,-3.0754,3.7204,0.6451
3818,Jalen Shelley,1.2356,2.9275,4.1631
3819,Jalen Smith,-4.1051,3.2614,-0.8438
3820,Jalen Speer,-3.6451,3.9313,0.2862
3821,Jalen Stokes,-1.1596,1.0355,-0.1241
3822,Jalen Sullinger,-4.2804,6.9876,2.7072
3823,Jalen Tatum,-2.6145,-1.9323,-4.5468
3824,Jalen Terry,-3.368,4.7465,1.3785
3825,Jalen Thomas,0.6647,2.1957,2.8604
3826,Jalen Tot,-1.5194,2.6087,1.0893
3827,Jalen Ware,-1.0625,-2.7412,-3.8038
3828,Jalen Warley,4.1283,4.7808,8.9091
3829,Jalen Washington,0.5902,4.9005,5.4907
3830,Jalen Weaver,-1.8197,2.1755,0.3558
3831,Jalen White,-3.3892,0.5313,-2.8579
3832,Jalen Windham,0.4048,-0.1302,0.2746
3833,Jalil Beaubrun,1.4117,-0.1303,1.2814
3834,Jalil Bethea,-4.3979,1.4632,-2.9347
3835,Jalin Anderson,-1.643,4.1883,2.5453
3836,Jalin Billingsley,-2.6345,-0.6642,-3.2987
3837,Jalin Holland,-0.2404,1.2316,0.9912
3838,Jalin Rice,-1.3419,-0.44,-1.7819
3839,Jalin Sinclair,-2.0241,-1.79,-3.8141
3840,Jalon Moore,0.7351,4.1698,4.9048
3841,Jalun Trent,2.1176,-0.0329,2.0847
3842,Jalyke Gaines-Wyatt,-6.3542,1.5188,-4.8354
3843,Jalyn McCreary,-0.8087,4.2098,3.4012
3844,Jamaal Unuakhalu,-1.1903,-0.5106,-1.7009
3845,Jamahri Harvey,-3.6068,-0.7373,-4.3441
3846,Jamai Felt,1.3011,-1.4272,-0.1261
3847,Jamail Pink,-2.9612,-6.7898,-9.751
3848,Jamaine Mann,-2.3565,0.9166,-1.4399
3849,Jamal Albritton,-0.6245,-2.7757,-3.4002
3850,Jamal Ambrose,-1.8724,-3.0451,-4.9175
3851,Jamal Fuller,-1.1153,4.7539,3.6386
3852,Jamal Mashburn,-2.8861,5.1768,2.2906
3853,Jamal Miles,-3.7502,-1.6735,-5.4237
3854,Jamal Shead,6.5142,8.5367,15.0509
3855,Jamal Sumlin,2.5716,0.1113,2.6829
3856,Jamal West,-1.5291,4.1017,2.5726
3857,Jamar Brown,-1.6116,6.4018,4.7902
3858,Jamar Franklin,-0.5392,3.649,3.1099
3859,Jamar Livingston,0.0936,-4.2414,-4.1477
3860,Jamari McDowell,1.4693,3.2767,4.746
3861,Jamari Phillips,-1.8136,-0.8214,-2.635
3862,Jamari Sibley,-1.7873,1.4752,-0.3121
3863,Jamaria Clark,-2.7568,-3.3482,-6.105
3864,Jamarii Thomas,-0.8818,4.7916,3.9097
3865,Jamarion Batemon,0.4986,3.2393,3.738
3866,Jamarion Davis-Fleming,-0.5532,0.3678,-0.1854
3867,Jamarion Sharp,2.5612,0.8386,3.3998
3868,Jamarques Lawrence,0.8923,2.6394,3.5317
3869,Jameel Brown,-0.0886,2.5841,2.4954
3870,Jameel Morris,-1.5931,-1.3432,-2.9363
3871,Jameel Rideout,-0.6038,-1.4401,-2.0439
3872,Jameer Nelson,2.4341,5.0263,7.4604
3873,Jamel King,-0.4964,-3.3389,-3.8353
3874,"James ""Pop"" Weathers",-0.521,-3.1942,-3.7153
3875,James Bishop,-4.6084,3.899,-0.7094
3876,James Bodily,-1.3622,0.682,-0.6801
3877,James Brown,-1.3746,-1.4932,-2.8678
3878,James Cooper,-0.6477,-1.0546,-1.7023
3879,James Dent,-1.2826,2.865,1.5824
3880,James Dyson-Merwe,0.4985,-2.8685,-2.3701
3881,James Evans,-0.0912,0.9164,0.8251
3882,James Flippin,-1.564,-2.1955,-3.7596
3883,James Glisson,-1.565,-0.7715,-2.3366
3884,James Goodis,-0.0861,-0.1241,-0.2102
3885,James Graham,0.0135,-3.0232,-3.0097
3886,James Henderson,1.1679,-3.6461,-2.4782
3887,James Johns,-1.9267,-2.9384,-4.8651
3888,James Jones,-2.5539,1.3864,-1.1675
3889,James Keefe,2.0794,-0.3451,1.7343
3890,James Mayor,-0.2493,-0.3886,-0.6378
3891,James Morrow,-3.5118,-3.2745,-6.7863
3892,James Nnaji,0.3867,-0.9256,-0.5389
3893,James O'Donnell,-0.7057,-0.2367,-0.9424
3894,James Okonkwo,-0.7767,3.2211,2.4444
3895,James Patterson,-1.8113,-0.7341,-2.5454
3896,James Scott,2.9582,4.4696,7.4278
3897,James Thomas,-0.6072,-4.2152,-4.8224
3898,James White,-3.0697,0.3134,-2.7563
3899,Jameson Heck,-0.2212,-0.7948,-1.016
3900,Jameson O'Toole,-0.4978,-0.8899,-1.3877
3901,Jameson Smith,-0.0875,0.0484,-0.0391
3902,Jamichael Davis,1.3832,3.7913,5.1745
3903,Jamichael Stillwell,1.9601,5.7941,7.7542
3904,Jamie Bergens,-3.5042,0.5805,-2.9237
3905,Jamie Kaiser,1.4218,2.2842,3.7059
3906,Jamie Phillips,-7.1,2.0425,-5.0575
3907,Jamie Vinson,-0.2507,1.4532,1.2025
3908,Jamier Jones,0.139,4.8694,5.0084
3909,Jamil Miller,0.4009,0.1155,0.5164
3910,Jamil Muttilib,-0.8143,2.6035,1.7893
3911,Jamil Riggins,-0.2686,0.2362,-0.0324
3912,Jamil Safieddine,-0.8981,-1.0993,-1.9974
3913,Jamille Reynolds,0.1625,-0.0175,0.145
3914,Jamine Charles,-0.476,0.2263,-0.2498
3915,Jamir Chaplin,-2.1574,6.7314,4.574
3916,Jamir McNeil,-2.2825,-1.4097,-3.6922
3917,Jamir Simpson,-5.0375,3.3401,-1.6975
3918,Jamir Watkins,-0.0099,5.8981,5.8882
3919,Jamison Battle,-0.8007,5.9914,5.1907
3920,Jamison Epps,-2.4993,-2.8777,-5.3771
3921,Jamison Guerra,-3.3189,3.7174,0.3985
3922,Jamiya Neal,1.8815,3.339,5.2205
3923,Jamon Battle,-0.1438,-1.2824,-1.4261
3924,Jamond Vincent,-3.4982,3.0341,-0.4641
3925,Jamyron Keller,-1.2195,1.9572,0.7377
3926,Jan Vide,-1.2316,1.8475,0.6159
3927,Jan Zidek,-2.838,5.8036,2.9656
3928,Janko Bulajic,0.0644,-0.7797,-0.7153
3929,Jao Ituka,-0.9847,4.9036,3.9189
3930,Japhet Medor,-2.6323,4.7358,2.1034
3931,Japhet Moupadele,-2.1149,-0.1238,-2.2387
3932,Jaqai Murray,-1.2927,-0.0761,-1.3689
3933,Jaqari Miles,-0.4044,0.1902,-0.2142
3934,Jaquan Carlos,0.1056,2.9079,3.0135
3935,Jaquan Johnson,0.38,7.0238,7.4038
3936,Jaquan Sanders,-1.5338,-1.3189,-2.8528
3937,Jaquan Scott,-2.8036,0.2179,-2.5856
3938,Jaquan Womack,1.1427,0.5955,1.7382
3939,Jaquel Morris,-0.0865,-1.2789,-1.3654
3940,Jared Barnett,-1.0489,-2.8647,-3.9136
3941,Jared Billups,6.2105,0.4889,6.6993
3942,Jared Bynum,-1.5654,0.8943,-0.6711
3943,Jared Coleman-Jones,-1.2231,0.9912,-0.2319
3944,Jared Cross,-1.8186,-3.4513,-5.2699
3945,Jared Frey,-3.4336,0.0868,-3.3468
3946,Jared Garcia,-0.2433,0.0024,-0.241
3947,Jared Harris,0.2277,0.4997,0.7275
3948,Jared Lary,-2.0664,-0.8067,-2.8731
3949,Jared McCain,0.366,6.547,6.9129
3950,Jared McGregor,-0.6471,-0.7818,-1.429
3951,Jared Turner,-1.1955,4.663,3.4675
3952,Jared Washington,-0.566,0.9529,0.3869
3953,Jaren Johnson,-3.7431,0.8879,-2.8552
3954,Jaren Marshall,-0.4917,-0.5684,-1.0602
3955,Jaren Morton,0.1488,0.2559,0.4046
3956,Jaret Valencia,-1.1334,1.4902,0.3567
3957,Jarin Stevenson,1.5487,5.4257,6.9744
3958,Jarius Cook,-1.8196,-0.6575,-2.4771
3959,Jarius Hicklen,-2.1892,0.6028,-1.5864
3960,Jariyon Wilkens,-0.13,-1.3094,-1.4395
3961,Jarne Elouna Eyenga,-0.1236,-0.822,-0.9456
3962,Jarod Lucas,-0.3839,7.8362,7.4523
3963,Jaron Pierre,-3.6294,8.7306,5.1012
3964,Jaron Rillie,-2.1265,5.328,3.2015
3965,Jaronn Wilkens,-2.4828,-2.6689,-5.1517
3966,Jarred Hall,-0.8001,-1.074,-1.8741
3967,Jarred Hyder,-4.6487,2.1064,-2.5424
3968,Jarrell Love,-1.8438,-1.4019,-3.2457
3969,Jarrell Pope,-0.5898,-1.3234,-1.9132
3970,Jarren Cook,-1.4114,0.2498,-1.1617
3971,Jarrett Hensley,-1.3443,1.7793,0.435
3972,Jarron Coleman,-0.1446,-1.4037,-1.5483
3973,Jarvis Moss,-1.3124,3.9735,2.6611
3974,Jarvis Walker,-6.0173,0.4628,-5.5545
3975,Jasai Miles,-4.9624,2.9844,-1.9779
3976,Jase Butler,-0.1382,5.0474,4.9092
3977,Jase Richardson,3.8976,7.1667,11.0643
3978,Jasen Brooks,-1.2494,1.3373,0.0879
3979,Jasen Green,1.5441,5.1306,6.6746
3980,Jasin Sinani,-1.8772,4.2925,2.4153
3981,Jasir Rencher,0.1126,0.2795,0.3921
3982,Jasir Tremble,-1.6275,0.5109,-1.1166
3983,Jasman Sangha,-3.5826,0.2448,-3.3378
3984,Jason Amador,-1.4383,0.0102,-1.4281
3985,Jason Asemota,-0.156,1.1967,1.0407
3986,Jason Clarke,-3.4256,0.0557,-3.3699
3987,Jason Drake,-1.911,1.8628,-0.0482
3988,Jason Edwards,-2.4047,5.9648,3.5602
3989,Jason Fontenet,-0.4456,2.6699,2.2243
3990,Jason Hart,-1.9471,-1.0208,-2.9678
3991,Jason Jackson,-0.2749,-0.6042,-0.8791
3992,Jason Jakstys,0.1813,1.4697,1.651
3993,Jason Jitoboh,1.4399,1.7135,3.1534
3994,Jason Kimbrough,1.3036,1.8951,3.1987
3995,Jason Malbrue,0.6578,-1.1815,-0.5238
3996,Jason Montgomery,-0.4265,0.2612,-0.1654
3997,Jason Murphy,-0.6701,0.5157,-0.1544
3998,Jason Nelson,-1.2239,2.194,0.97
3999,Jason Rivera-Torres,1.608,4.1334,5.7414
4000,Jason Roche,-1.2031,0.5826,-0.6205
4001,Jason Schofield,-0.4587,1.4733,1.0146
4002,Jason Scott,-0.3651,0.2729,-0.0922
4003,Jason Sepe,-0.4477,-0.1587,-0.6063
4004,Jason Simpson,-0.6647,-0.9864,-1.6511
4005,Jason Spurgin,-0.1899,1.8115,1.6216
4006,Jason Steele,-2.1911,-1.8313,-4.0224
4007,Jason Umosella,-1.0971,-0.4914,-1.5885
4008,Jason Wade,0.3738,0.2457,0.6195
4009,Jasper Floyd,4.483,4.7035,9.1865
4010,Jasper Johnson,-1.688,2.1349,0.4469
4011,Jasteven Walker,-1.9456,-4.1185,-6.0642
4012,Javan Buchanan,1.2685,6.5189,7.7874
4013,Javan Simmons,-3.6553,6.2715,2.6162
4014,Javantae Randle,-2.3406,-2.1942,-4.5348
4015,Javante Edwards,-2.4831,-3.1274,-5.6105
4016,Javar Daniel,1.4316,0.6888,2.1204
4017,Javarzia Belton,-1.1773,-1.1322,-2.3095
4018,Javaunte Hawkins,-3.8343,1.3784,-2.4559
4019,Javen Colbert,-0.0821,-0.7262,-0.8083
4020,Javian Davis,-1.3974,2.3954,0.998
4021,Javian McCollum,0.7259,4.9673,5.6931
4022,Javier Ezquerra,-1.5364,-0.4249,-1.9613
4023,Javion Guy-King,-1.3128,0.366,-0.9468
4024,Javius Moore,-1.4751,-2.1923,-3.6673
4025,Javohn Garcia,1.0575,6.8216,7.8791
4026,Javon Bennett,-0.0922,7.6854,7.5932
4027,Javon Cooley,-1.981,2.6392,0.6583
4028,Javon Ervin,-0.937,-3.5944,-4.5314
4029,Javon Jackson,-2.0296,3.4552,1.4256
4030,Javon Ruffin,-2.4899,2.2548,-0.235
4031,Javon Small,2.2007,9.5833,11.784
4032,Javontae Campbell,-0.2128,5.9335,5.7207
4033,Javontae Hopkins,-5.5921,0.3204,-5.2717
4034,Javonte Brown,-0.1606,1.7138,1.5532
4035,Javonte Johnson,-1.5579,1.1526,-0.4054
4036,Javoy Thompson,-1.9891,-0.6775,-2.6666
4037,Jawarie Hamelin,-0.365,-3.4738,-3.8389
4038,Jax Abalos,-1.9868,2.3688,0.382
4039,Jax Allen,0.2109,0.0385,0.2494
4040,Jax Kerr,-0.4203,0.1708,-0.2495
4041,Jaxon Brenchley,-2.3657,4.6319,2.2662
4042,Jaxon Edwards,-1.5772,0.9741,-0.6031
4043,Jaxon Ellingsworth,-4.9082,2.9081,-2.0
4044,Jaxon Hartman,0.0896,-0.2012,-0.1116
4045,Jaxon Kohler,2.7656,10.0028,12.7684
4046,Jaxon Nap,-2.4069,-1.205,-3.6119
4047,Jaxon Olvera,-4.9153,2.9422,-1.9731
4048,Jaxon Pardon,-0.2316,-0.2718,-0.5035
4049,Jaxon Pollard,-1.2727,1.3106,0.0379
4050,Jaxon Prunty,-0.953,2.6496,1.6967
4051,Jaxon Smith,-0.4911,0.2702,-0.2209
4052,Jaxson Baker,-0.0188,3.8173,3.7985
4053,Jaxson Bell,-1.1363,-0.0931,-1.2294
4054,Jaxson Ford,-0.9952,-2.2293,-3.2245
4055,Jaxson Jones,-0.1783,-0.5922,-0.7704
4056,Jaxson Robinson,-0.15,6.6578,6.5078
4057,Jaxson Whitaker,-5.0818,-1.1264,-6.2082
4058,Jaxton Bobik,-0.0761,-0.1095,-0.1857
4059,Jay Alvarez,-5.8167,0.2578,-5.559
4060,Jay Heath,-1.9255,2.4921,0.5666
4061,Jay Jones,1.8729,-0.5609,1.312
4062,Jay Joseph,-0.9405,-0.1377,-1.0782
4063,Jay Pal,3.117,1.5445,4.6615
4064,Jay Reynolds,-1.0274,-1.937,-2.9644
4065,Jay Rodgers,-3.7725,2.5679,-1.2046
4066,Jay'Den Turner,-0.4718,-0.0646,-0.5363
4067,Jayan Walker,0.3717,-0.7138,-0.3421
4068,Jayce Depron,-1.0236,-0.284,-1.3076
4069,Jayce Nathaniel,-1.3837,2.6823,1.2986
4070,Jayce Willingham,1.9774,1.918,3.8954
4071,Jayden Barrs,0.1475,-2.7335,-2.586
4072,Jayden Brewer,-1.5139,3.3694,1.8555
4073,Jayden Brown,-1.4675,1.9981,0.5307
4074,Jayden Cooper,-3.2107,1.3478,-1.863
4075,Jayden Dawson,1.11,4.2544,5.3644
4076,Jayden Doyle,-1.2062,-3.2773,-4.4835
4077,Jayden Epps,-3.8904,4.5944,0.704
4078,Jayden Forsythe,-0.2554,-0.3674,-0.6228
4079,Jayden Fort,-0.6879,1.2947,0.6068
4080,Jayden Hastings,4.3352,1.5056,5.8409
4081,Jayden Henriquez,-0.1044,-0.0123,-0.1167
4082,Jayden Jackson,-3.0938,3.4726,0.3787
4083,Jayden Johnson,-2.6032,2.2977,-0.3056
4084,Jayden Jones,-0.4124,-0.6978,-1.1102
4085,Jayden Karapetian,-0.1774,-0.3023,-0.4797
4086,Jayden Kelsey,-0.4589,-1.4339,-1.8928
4087,Jayden Lemond,-2.4785,-4.032,-6.5105
4088,Jayden Leverett,-0.4276,1.7692,1.3416
4089,Jayden Mojica,-0.4084,-0.4557,-0.8641
4090,Jayden Mott,-0.0818,-5.6561,-5.7379
4091,Jayden Ndjigue,2.3256,3.4112,5.7368
4092,Jayden Nunn,0.8793,7.9213,8.8006
4093,Jayden Pierre,0.3332,5.9272,6.2604
4094,Jayden Quaintance,5.4787,1.7484,7.2271
4095,Jayden Reid,-2.5441,4.8048,2.2607
4096,Jayden Ross,1.6836,4.6986,6.3822
4097,Jayden Smoot,-0.7391,0.18,-0.5591
4098,Jayden Stevens,-2.1121,0.9969,-1.1152
4099,Jayden Stone,-3.6399,8.6233,4.9833
4100,Jayden Taylor,-2.9121,4.4211,1.509
4101,Jayden Teat,-2.5267,0.6849,-1.8418
4102,Jayden Tyler,-2.889,1.2228,-1.6662
4103,Jayden Williams,-2.4974,3.9608,1.4634
4104,Jaydon Cole,-0.045,1.0847,1.0397
4105,Jaydon Young,-1.8049,0.6935,-1.1115
4106,Jaye Nash,-1.9395,0.5417,-1.3978
4107,Jayhlon Young,4.9791,-0.8379,4.1412
4108,Jaylan Gainey,1.4266,-0.5099,0.9166
4109,Jaylan Ouwinga,-2.0221,-0.1061,-2.1282
4110,Jayland Randall,-1.5877,4.2371,2.6494
4111,Jaylani Darden,3.4355,3.3025,6.738
4112,Jaylen Bates,0.0035,0.8489,0.8524
4113,Jaylen Benard,-2.2904,0.6688,-1.6217
4114,Jaylen Blakes,1.1146,4.6472,5.7618
4115,Jaylen Carey,1.06,2.3368,3.3968
4116,Jaylen Colon,-4.7729,0.9815,-3.7914
4117,Jaylen Crocker-Johnson,0.3366,5.1053,5.4419
4118,Jaylen Cross,-0.5783,0.27,-0.3083
4119,Jaylen Curry,-1.7192,3.4132,1.694
4120,Jaylen Dorsey,-0.6192,-1.1479,-1.7671
4121,Jaylen Fenner,1.5981,-0.712,0.8861
4122,Jaylen Forbes,-1.4595,2.1882,0.7287
4123,Jaylen Harrell,-0.4587,1.2173,0.7586
4124,Jaylen Jenkins,-2.7588,-1.6155,-4.3743
4125,Jaylen Jones,-3.0688,3.0739,0.005
4126,Jaylen Lawal,-1.5484,5.0859,3.5375
4127,Jaylen Murphy,-0.3854,-0.4899,-0.8753
4128,Jaylen Murray,0.046,5.1368,5.1828
4129,Jaylen Pazon,-1.7295,-1.6621,-3.3917
4130,Jaylen Peterson,-1.4592,2.11,0.6507
4131,Jaylen Petty,1.5287,3.595,5.1237
4132,Jaylen Robinson,-1.1062,-1.0938,-2.2
4133,Jaylen Searles,-1.3699,0.9535,-0.4164
4134,Jaylen Smith,-1.919,4.0904,2.1715
4135,Jaylen Stinson,-1.1705,-3.7279,-4.8984
4136,Jaylen Thompson,-0.4556,1.9328,1.4773
4137,Jaylen Washington,0.021,0.4853,0.5064
4138,Jaylen Wells,1.0119,6.2672,7.2791
4139,Jaylen Wharton,-1.7132,-1.859,-3.5721
4140,Jaylen Wysinger,-2.5404,1.4127,-1.1277
4141,Jaylin Gibson,1.2899,-1.63,-0.3401
4142,Jaylin Henderson,-0.9837,4.019,3.0353
4143,Jaylin Hunter,-0.0515,4.6837,4.6322
4144,Jaylin Jackson-Posey,-1.7372,-1.8495,-3.5867
4145,Jaylin Sellers,-1.8249,7.6667,5.8418
4146,Jaylin Stewart,1.1363,3.8827,5.019
4147,Jaylin Williams,2.8632,5.3264,8.1896
4148,Jaylon Dean-Vines,0.048,0.354,0.402
4149,Jaylon Gibson,0.3,-1.1295,-0.8295
4150,Jaylon Johnson,-3.3118,3.7102,0.3983
4151,Jaylon McDaniel,-2.4043,-1.534,-3.9383
4152,Jaylon Sanders,-0.0045,0.1124,0.1079
4153,Jaylon Tyson,1.4651,5.6832,7.1483
4154,Jayme Mitchell,-2.3421,1.5863,-0.7558
4155,Jaymen Townsend,-0.5083,0.2962,-0.2121
4156,Jaymien Aponte,0.2767,-0.2281,0.0486
4157,Jayshayne Woodard,1.3405,0.3586,1.6991
4158,Jayshen Saigal,-0.6263,-1.121,-1.7474
4159,Jayson Kent,-0.8173,6.0311,5.2138
4160,Jayson Matthews,0.3354,-0.2836,0.0518
4161,Jayson Morgan,-0.0046,-0.5935,-0.5981
4162,Jayson Petty,-0.7926,1.7017,0.9092
4163,Jayson Williams-Johnson,-0.3103,-0.1412,-0.4515
4164,Jayson Woodrich,-0.0829,0.8332,0.7502
4165,Jayvis Harvey,-1.9023,2.2644,0.3621
4166,Jayvon Maughmer,2.9317,0.6957,3.6274
4167,Jazz Gardner,-0.9392,-1.0583,-1.9975
4168,Jazz Henderson,0.9507,0.357,1.3076
4169,Je'Shawn Stevenson,0.947,6.5078,7.4548
4170,Je'kel Cotton,-1.426,-1.0897,-2.5157
4171,Jean Aranguren,-0.2844,6.1993,5.9149
4172,Jean Yvens Lafleur,-0.074,-0.0788,-0.1528
4173,Jeannot Basima,-0.2649,-0.5604,-0.8253
4174,Jed Miller,0.6278,6.9299,7.5577
4175,Jedy Cordilia,-0.8237,-0.1632,-0.9869
4176,Jeff Grace,-1.0152,-0.3468,-1.362
4177,Jeff Ngandu,-0.6927,-0.7087,-1.4015
4178,Jeff Nwankwo,-0.954,0.0464,-0.9076
4179,Jeff Planutis,-5.1771,3.9531,-1.2239
4180,Jeff Sims,-0.1463,-0.0881,-0.2344
4181,Jeff Woodward,-0.5945,3.0791,2.4846
4182,Jefferson De La Cruz Monegro,-0.3755,4.2182,3.8426
4183,Jefferson Koulibaly,-2.1747,0.7194,-1.4553
4184,Jeffery Armstrong,-0.2828,-2.3696,-2.6524
4185,Jeffrey Akintolu,-1.9763,0.3784,-1.5979
4186,Jeffrey Langston,-0.1852,0.4178,0.2326
4187,Jeffrey Mills,-1.1166,2.5572,1.4405
4188,Jeffrey Yan,-0.0439,0.1384,0.0945
4189,Jelani Hamilton,-2.5736,6.5506,3.977
4190,Jelani Williams,0.5846,-0.3426,0.242
4191,Jemal Davis,-1.1699,-0.6655,-1.8354
4192,Jemarl Baker,2.5953,1.2355,3.8308
4193,Jemel Jones,-1.2527,9.1573,7.9046
4194,Jensen Bradtke,-1.5894,-0.6441,-2.2335
4195,Jerald Colonel,3.2992,2.677,5.9762
4196,Jeramiah Israel,-0.2023,-0.2911,-0.4934
4197,"Jeremiah ""Bear"" Cherry",1.2838,0.9674,2.2512
4198,Jeremiah Bembry,-1.3803,-1.959,-3.3393
4199,Jeremiah Burke,-5.23,5.7771,0.5471
4200,Jeremiah Cherry,1.0582,1.3928,2.4509
4201,Jeremiah Dargan,-0.5975,0.3641,-0.2334
4202,Jeremiah Davenport,-1.3792,2.2774,0.8982
4203,Jeremiah Davis,-0.5713,3.3545,2.7832
4204,Jeremiah Evans,0.4272,-3.1167,-2.6895
4205,Jeremiah Fears,0.3119,7.0259,7.3377
4206,Jeremiah Gambrell,-3.8164,5.8522,2.0358
4207,Jeremiah Green,-1.2774,0.2254,-1.052
4208,Jeremiah Hernandez,-1.6909,4.0546,2.3637
4209,Jeremiah Jacobs,-0.0146,0.1485,0.1339
4210,Jeremiah Jenkins,-0.952,0.2952,-0.6568
4211,Jeremiah Johnson,-3.3081,3.9709,0.6627
4212,Jeremiah Kendall,-2.1153,5.7092,3.5939
4213,Jeremiah Littlejohn,-0.051,-0.5142,-0.5652
4214,Jeremiah Nyarko,-1.3618,-1.0458,-2.4077
4215,Jeremiah Oden,-3.5292,0.3151,-3.2141
4216,Jeremiah Quigley,-5.8675,3.5002,-2.3673
4217,Jeremiah Talton,-0.0677,2.3518,2.2842
4218,Jeremiah Wilkinson,-2.6862,7.3099,4.6238
4219,Jeremiah Williams,-1.1974,2.4575,1.2601
4220,Jeremy Burr,-0.2297,0.0077,-0.2221
4221,Jeremy Clayville,-2.4492,0.0344,-2.4148
4222,Jeremy Dent-Smith,-1.5476,2.944,1.3963
4223,Jeremy Elyzee,-0.7912,1.8147,1.0236
4224,Jeremy Fears,4.3686,5.5719,9.9405
4225,Jeremy Foumena,-1.4447,2.8165,1.3719
4226,Jeremy Lorenz,0.9124,2.5059,3.4183
4227,Jeremy Roach,2.6204,4.5819,7.2023
4228,Jeremy Robinson,-4.7977,-1.0791,-5.8768
4229,Jeremy Sanchez,-0.1497,-0.2308,-0.3804
4230,Jeriah Coleman,0.1213,1.0245,1.1457
4231,Jermahri Hill,-1.9857,1.2429,-0.7428
4232,Jermaine Ballisager Webb,-2.8089,3.5819,0.7731
4233,Jermaine Coleman,-4.7377,-0.4953,-5.233
4234,Jermaine Couisnard,-0.484,6.5454,6.0614
4235,Jermaine Hamlin,-0.2821,-2.1545,-2.4366
4236,Jermaine Marshall,0.1927,2.1551,2.3478
4237,Jermaine O'Neal,-0.922,1.1679,0.2459
4238,Jermaine Washington,-2.8548,3.6283,0.7735
4239,Jermaurhiyun Anderson,0.7226,-1.3387,-0.6161
4240,Jerome Beya,-1.6401,-1.2894,-2.9295
4241,Jerome Brewer,-0.2828,0.825,0.5423
4242,Jerome Hunter,-0.1655,0.9749,0.8094
4243,Jerome Palm,-2.6013,-1.0037,-3.605
4244,Jerone Morton,-1.8934,5.0917,3.1983
4245,Jerrell Barron,-0.112,-0.0589,-0.1709
4246,Jerrell Bellamy,-0.2539,1.7308,1.4769
4247,Jerrell Colbert,2.6253,0.067,2.6923
4248,Jerrell Roberson,-0.5166,-0.3876,-0.9042
4249,Jerry Deng,-2.4066,5.4179,3.0113
4250,Jerry Easter,-1.9202,1.4672,-0.453
4251,Jerry Huang,-0.3931,-0.3053,-0.6985
4252,Jerry Ngopot,-2.6679,0.4541,-2.2138
4253,Jesaiah McWright,-1.7397,-4.4561,-6.1958
4254,Jesiah West,-0.3904,0.9442,0.5539
4255,Jesper Granlund,0.3453,1.3861,1.7315
4256,Jess Esso Essis,-1.4211,-0.3344,-1.7555
4257,Jesse Burris,-1.7823,-0.2592,-2.0415
4258,Jesse Edwards,0.1693,3.6824,3.8517
4259,Jesse Jones,-0.7949,-0.9708,-1.7657
4260,Jesse McCulloch,0.4577,0.2211,0.6788
4261,Jesse Mcintosh,-2.7031,1.4392,-1.2639
4262,Jesse Zarzuela,-0.6251,0.1333,-0.4917
4263,Jestin Porter,0.2055,6.1957,6.4012
4264,Jesus Carralero Martin,0.5196,1.4751,1.9947
4265,Jett Montgomery,-2.106,0.8127,-1.2933
4266,Jevin Muniz,-2.2925,5.888,3.5955
4267,Jevon Hill,-1.0027,2.04,1.0373
4268,Jevon Porter,0.1385,0.8947,1.0332
4269,Jhamir Brickus,-2.8346,5.6818,2.8472
4270,Jhaylon Martinez,-2.9999,-1.8975,-4.8974
4271,Jhei-R Jones,-0.5023,0.2203,-0.282
4272,Jikari Johnson,-1.9731,2.7614,0.7884
4273,Jimel Cofer,-0.9887,2.8366,1.8479
4274,Jimel Lane,-2.6489,-2.1832,-4.8321
4275,Jimmie Williams,-1.8717,6.0647,4.1931
4276,Jimmy Ball,-0.0654,-0.1811,-0.2466
4277,Jimmy Bell,2.1347,1.108,3.2426
4278,Jimmy Clark,2.8379,3.4568,6.2947
4279,Jimmy Nichols,-0.4378,0.1614,-0.2763
4280,Jimmy Oladokun,-0.2263,0.2165,-0.0099
4281,Jinup Dobuol,0.2573,0.5472,0.8045
4282,Jinwoo Kim,-1.4173,0.896,-0.5212
4283,Jizzle James,0.8544,5.9361,6.7905
4284,Jlynn Counter,-2.8938,4.6926,1.7988
4285,Jo Valrie,-0.1826,1.7642,1.5816
4286,Jo Van Buggenhout,-2.9692,-0.0892,-3.0584
4287,Jo'el Emanuel,-2.9891,3.6167,0.6276
4288,JoJo Fullwood,0.1909,-0.4192,-0.2283
4289,JoJo Moore,-1.9743,2.7418,0.7675
4290,JoJo Wallace,-1.7269,-1.1762,-2.9032
4291,Joah Chappelle,-2.5955,0.7213,-1.8742
4292,Joao Das Chagas,-0.1088,-0.1254,-0.2342
4293,Joaquim ArauzMoore,0.3257,0.0964,0.4221
4294,Jocobi Hendricks,-0.5837,2.3709,1.7872
4295,Joe Anderson,-0.4698,7.2805,6.8108
4296,Joe Bamisile,1.032,2.8965,3.9285
4297,Joe Charles,0.6814,6.1213,6.8027
4298,Joe Few,-2.0115,-1.5863,-3.5978
4299,Joe French,-4.9762,2.7966,-2.1796
4300,Joe Ganton,0.0187,-0.0201,-0.0014
4301,Joe Hurlburt,-0.8494,-3.0145,-3.864
4302,Joe Jones,-0.1252,-0.1238,-0.249
4303,Joe Manning,-1.0844,-0.2334,-1.3178
4304,Joe Munden,-2.2066,-0.6553,-2.8619
4305,Joe Nugent,-4.9474,5.2332,0.2858
4306,Joe Octave,-5.9695,1.721,-4.2485
4307,Joe Ostrowsky,2.0147,-0.4828,1.5319
4308,Joe Palmer,0.3084,2.1268,2.4352
4309,Joe Petrakis,0.5459,-1.7883,-1.2424
4310,Joe Pridgen,-1.4923,3.7311,2.2388
4311,Joe Sayler,-3.9235,3.4725,-0.451
4312,Joe Sedora,-0.1215,-0.1481,-0.2696
4313,Joe Spinelli,-2.6087,-1.5544,-4.1631
4314,Joe Toussaint,1.9414,2.9918,4.9332
4315,Joe Vick,-0.6289,-0.4913,-1.1202
4316,Joel Armotrading,0.5226,0.7839,1.3065
4317,Joel Brown,0.9938,0.1727,1.1665
4318,Joel Foxwell,-2.7015,6.2424,3.5409
4319,Joel Scott,2.2248,5.0019,7.2267
4320,Joel Soriano,0.6029,7.8127,8.4156
4321,Joey Brown,-1.166,-3.1588,-4.3249
4322,Joey Chammaa,-5.602,2.7567,-2.8452
4323,Joey Hart,-0.5459,0.7727,0.2268
4324,Joey Kahn,0.2697,0.3292,0.5989
4325,Joey Madimba,-2.3009,0.0173,-2.2836
4326,Joey Matteoni,-0.3929,0.2144,-0.1785
4327,Joey Reilly,-2.3719,3.9054,1.5335
4328,Joey Scarpitti,-0.9859,-0.843,-1.8289
4329,Johan Munch,-0.546,-0.7712,-1.3172
4330,Johan Nziemi,-0.6983,2.9341,2.2358
4331,Johann Grunloh,0.7186,3.2711,3.9897
4332,Johannes Kirsipuu,-4.0622,-2.1469,-6.2091
4333,John Adams,-3.4128,0.1701,-3.2427
4334,John Berbano,-0.6349,-0.372,-1.0069
4335,John Blackwell,0.6013,10.4883,11.0896
4336,John Bol,1.2394,3.574,4.8133
4337,John Broom,-0.511,3.5488,3.0378
4338,John Buggs,-2.0965,5.2407,3.1442
4339,John Camden,-1.5971,10.3364,8.7393
4340,John Christofilis,-2.1672,4.0293,1.8621
4341,John Clemmons,-1.7706,-1.5652,-3.3358
4342,John Egbuta,-4.2897,-1.6799,-5.9696
4343,John Hardy,-0.7704,-0.7542,-1.5246
4344,John Holbrook,-0.4575,0.6041,0.1466
4345,John Hugley,-0.8583,1.6122,0.7539
4346,John Kelly,-4.3083,-1.5249,-5.8332
4347,John Laboy,-0.168,0.1576,-0.0104
4348,John Lovelace,-1.2092,2.523,1.3138
4349,John McCrear,0.2366,-0.1471,0.0895
4350,John McGriff,-0.783,-1.1377,-1.9207
4351,John Mikey Square,-0.8266,2.845,2.0185
4352,John Miller,-0.4341,0.1957,-0.2385
4353,John Mobley,-1.4774,7.5979,6.1205
4354,John Newman,1.8147,3.7136,5.5282
4355,John Nowland,-0.4245,-0.3997,-0.8243
4356,John Olmsted,-1.0636,1.0483,-0.0153
4357,John Poulakidas,-2.5156,8.9766,6.461
4358,John Seay-Oliver,-0.8286,-0.162,-0.9906
4359,John Shannon,-0.6817,0.3386,-0.3431
4360,John Shanu,-1.2399,-1.4468,-2.6867
4361,John Shea,-0.0018,0.0783,0.0765
4362,John Simcoe,-0.5143,-0.3069,-0.8212
4363,John Squire,-2.4835,-1.4197,-3.9032
4364,John Tonje,1.9859,6.9136,8.8995
4365,John Ukomadu,-0.434,-0.3783,-0.8123
4366,John Wade,-0.2331,-1.976,-2.2091
4367,John-Michael Mulloy,-0.3779,-0.1292,-0.5071
4368,John-Michael Wright,-1.2391,1.3981,0.159
4369,John-Paul Ricks,-3.0509,-0.4645,-3.5154
4370,Johnathan DeJurnett,0.8786,0.6346,1.5133
4371,Johnathan Lawson,-3.1969,3.7831,0.5862
4372,Johnathan Massie,-0.2121,3.423,3.2109
4373,Johnathan Pace,-2.4558,-0.9717,-3.4275
4374,Johnell Davis,1.9336,6.5643,8.4979
4375,Johni Broome,4.4255,11.0297,15.4552
4376,Johnnie Walter,-0.6012,-0.1168,-0.718
4377,Johnny Furphy,0.6497,5.1688,5.8185
4378,Johnny Kinziger,-1.0993,6.0171,4.9177
4379,Johnny O'Neil,0.1009,3.5437,3.6446
4380,Johnny Radford,-0.7017,2.9248,2.2231
4381,Johnny Semany,-0.4259,0.1736,-0.2524
4382,Jojo Anderson,-3.3525,2.4957,-0.8568
4383,Jojo McIver,-0.3816,-1.2666,-1.6483
4384,Jojo Murphy,0.9474,1.3488,2.2963
4385,Jon Brantley,0.8053,-1.9354,-1.1301
4386,Jon Carroll,-3.8524,5.4255,1.5731
4387,Jon Coleman,-0.162,0.0635,-0.0985
4388,Jon Dos Anjos,-0.9284,0.5058,-0.4225
4389,Jon Kazor,-0.044,0.0245,-0.0195
4390,Jon Mani,0.7836,0.1989,0.9825
4391,Jon Mekonnen,-0.6946,-0.8129,-1.5074
4392,Jon O'Neill,-2.5386,0.7201,-1.8185
4393,Jon Sanders,-3.5251,1.4399,-2.0852
4394,Jonah Butler,0.543,1.8308,2.3738
4395,Jonah Drezner,0.1926,0.8406,1.0331
4396,Jonah Goorin,-0.1736,-0.0905,-0.2641
4397,Jonah Hinton,-1.385,0.5703,-0.8147
4398,Jonah Long,-0.371,-0.4891,-0.8601
4399,Jonah Lucas,-0.6141,-1.6062,-2.2204
4400,Jonah Pierce,-2.8637,1.3756,-1.4881
4401,Jonas Aidoo,2.5735,3.5283,6.1018
4402,Jonas Sirtautas,-1.83,-0.6014,-2.4314
4403,Jonathan Aku,-0.9062,-3.2072,-4.1135
4404,Jonathan Alexandre,-0.0769,-0.0897,-0.1666
4405,Jonathan Ammori,0.0012,0.2363,0.2374
4406,Jonathan Aybar,0.3069,-0.7979,-0.491
4407,Jonathan Beagle,0.8839,2.1838,3.0676
4408,Jonathan Cisse,-3.1123,4.1236,1.0113
4409,Jonathan Dunn,-5.1896,-3.6869,-8.8765
4410,Jonathan Griman,2.0976,-1.2143,0.8833
4411,Jonathan Kanyanga,0.8807,-0.9192,-0.0384
4412,Jonathan Mogbo,2.8737,7.9018,10.7755
4413,Jonathan Nash,0.1049,-0.0788,0.0261
4414,Jonathan Noudjihidi,0.0583,-0.4922,-0.4339
4415,Jonathan Ogunfuye,-0.1429,-0.0988,-0.2417
4416,Jonathan Pierre,-0.7938,3.5318,2.738
4417,Jonathan Powell,0.5014,3.0472,3.5485
4418,Jonathan Tchamwa Tchatchoua,-0.0942,0.8972,0.803
4419,Jonnivius Smith,-0.3442,3.1304,2.7862
4420,Jordan Atkins,-0.1926,0.2245,0.0318
4421,Jordan Battle,-2.3682,4.4717,2.1035
4422,Jordan Brathwaite,-1.3254,3.455,2.1297
4423,Jordan Brinson,-0.4701,0.4466,-0.0235
4424,Jordan Burks,-2.307,6.5609,4.2539
4425,Jordan Butler,0.2872,1.0116,1.2988
4426,Jordan Chatman,-4.1738,1.702,-2.4718
4427,Jordan Clayton,1.1309,0.3607,1.4916
4428,Jordan Crawford,-3.5001,3.9653,0.4651
4429,Jordan Davis,-1.8893,-0.9514,-2.8407
4430,Jordan Derkack,-0.2606,3.4952,3.2346
4431,Jordan Dingle,0.2557,5.1562,5.4119
4432,Jordan Fisher,-0.0058,-0.5543,-0.5601
4433,Jordan Frison,-2.686,3.8637,1.1777
4434,Jordan Gabriel,0.1961,-0.2976,-0.1015
4435,Jordan Gainey,2.2393,6.0471,8.2864
4436,Jordan Geronimo,2.802,1.2288,4.0308
4437,Jordan Hairston,-1.1512,1.5057,0.3545
4438,Jordan Hamilton,-0.7104,-2.0356,-2.746
4439,Jordan Hansen,-0.0355,-0.6791,-0.7145
4440,Jordan Hernandez,-0.2213,-0.5552,-0.7765
4441,Jordan Ivy-Curry,-1.3527,7.3755,6.0228
4442,Jordan Jefferson,-1.3608,1.6926,0.3318
4443,Jordan Johnson,-3.3984,4.1098,0.7114
4444,Jordan Jones,-1.321,3.6106,2.2895
4445,Jordan King,1.8892,4.0376,5.9267
4446,Jordan Lathon,0.3181,4.8776,5.1956
4447,Jordan Leaks,0.1759,-0.6695,-0.4936
4448,Jordan Longino,-0.2166,3.3669,3.1503
4449,Jordan Lowery,0.5582,-0.2247,0.3335
4450,Jordan Malmlov,-0.3076,-0.4138,-0.7215
4451,Jordan Marsh,-2.2299,5.9718,3.7419
4452,Jordan Martin,0.072,0.2278,0.2998
4453,Jordan Mason,-0.9959,4.9058,3.9099
4454,Jordan McCullum,1.3082,1.6515,2.9597
4455,Jordan McKoy,1.7587,-0.2764,1.4823
4456,Jordan Meka,-2.3553,-0.5698,-2.9251
4457,Jordan Minor,2.2743,0.54,2.8143
4458,Jordan Mitchell,-1.7097,-2.7933,-4.503
4459,Jordan Mizell,1.073,-0.5279,0.545
4460,Jordan Muller,-1.67,1.907,0.237
4461,Jordan Nesbitt,-1.4049,1.3221,-0.0828
4462,Jordan O'Neal,-1.5937,4.2753,2.6816
4463,Jordan Pennick,-4.0677,-0.3654,-4.4332
4464,Jordan Pickett,-0.7656,1.2639,0.4984
4465,Jordan Pope,-2.3957,7.4775,5.0818
4466,Jordan Pyke,-1.8311,4.7652,2.9341
4467,Jordan Rawls,-3.6014,1.0044,-2.5969
4468,Jordan Rayford,-0.1421,0.0643,-0.0778
4469,Jordan Riley,-1.1136,5.3077,4.1941
4470,Jordan Roberts,-2.9667,3.5358,0.5691
4471,Jordan Rogers,-1.0155,-1.4295,-2.445
4472,Jordan Ross,-0.9682,3.0232,2.055
4473,Jordan Scott,2.469,5.0323,7.5013
4474,Jordan Sears,1.0567,5.9198,6.9765
4475,Jordan Simpson,-1.4327,-1.1473,-2.5799
4476,Jordan Snell,-0.9147,-0.8407,-1.7554
4477,Jordan Stiemke,-4.2277,2.5895,-1.6382
4478,Jordan Thompson,-0.0916,0.1928,0.1012
4479,Jordan Tillery,0.0576,1.8628,1.9204
4480,Jordan Tillmon,-4.0292,-0.7343,-4.7634
4481,Jordan Turner,0.2722,-0.7464,-0.4741
4482,Jordan Wildy,-0.2269,-2.7535,-2.9805
4483,Jordan Williams,-2.3997,-2.7112,-5.1109
4484,Jordan Wilmore,-0.194,-2.0434,-2.2374
4485,Jordan Wood,-3.0637,2.7094,-0.3543
4486,Jordan Wright,1.2616,5.7523,7.0139
4487,Jordann Dumont,1.1506,1.5625,2.7131
4488,Jorden Brooks,-1.1242,-1.0819,-2.206
4489,Jordi Rodriguez,-0.2181,-1.2097,-1.4279
4490,Jordon Marshall,-0.3665,-0.6314,-0.9979
4491,Jordon Nevill,0.2399,2.6837,2.9237
4492,Jordy Barnes,0.2179,1.5286,1.7465
4493,Jordyn Kee,-0.6916,-1.1013,-1.7929
4494,Jordyn Surratt,-1.1156,-2.7287,-3.8443
4495,Jorell Saterfield,-0.264,1.2351,0.9711
4496,Jorge Diaz Graham,0.5226,5.248,5.7706
4497,Jorge Moreno,-0.336,1.7658,1.4297
4498,Jorge Ochoa,-2.422,-0.7195,-3.1415
4499,Jorn Everson,-3.9253,1.4931,-2.4322
4500,Joryam Saizonou,-4.2107,0.7374,-3.4733
4501,Josaphat Bilau,0.8146,1.345,2.1596
4502,Jose Benitez,-0.4969,-1.8195,-2.3164
4503,Jose Cuello,-2.6268,-3.0573,-5.684
4504,Jose Perez,-0.2344,3.1092,2.8747
4505,Jose Placer,-2.2913,0.3801,-1.9111
4506,Jose Roberto Tanchyn,-0.3227,1.8443,1.5217
4507,Joseph Barrio,-0.6212,0.0759,-0.5452
4508,Joseph Carter,0.3427,-0.2661,0.0766
4509,Joseph Girard,-0.5375,6.3804,5.8429
4510,Joseph Grahovac,-0.2538,2.4309,2.1771
4511,Joseph Green,-0.9206,-1.5342,-2.4548
4512,Joseph Martinez,-1.6468,-1.0854,-2.7323
4513,Joseph Pinion,0.6254,7.5518,8.1772
4514,Joseph Quartey,-0.0404,-0.6881,-0.7286
4515,Joseph Scott,-3.0495,-0.5638,-3.6133
4516,Joseph Teich,-1.0835,-0.1681,-1.2516
4517,Joseph Thomas,-0.9661,-0.0373,-1.0034
4518,Joseph Tugler,8.0752,8.1154,16.1906
4519,Joseph Venzant,1.3119,1.0927,2.4046
4520,Joseph Yesufu,0.0207,1.7023,1.7229
4521,Josh Adoh,1.6662,-1.0988,0.5673
4522,Josh Ahayere,0.5853,-0.312,0.2734
4523,Josh Akpovwa,-1.0649,-4.3182,-5.3831
4524,Josh Baker,-0.9268,1.0488,0.122
4525,Josh Baldwin,-0.8256,3.1411,2.3156
4526,Josh Banks,-3.8506,5.512,1.6613
4527,Josh Bascoe,-3.1357,3.6593,0.5236
4528,Josh Bowman,-0.5624,-2.3861,-2.9484
4529,Josh Clark,0.5069,0.4617,0.9685
4530,Josh Cohen,0.247,4.5001,4.7471
4531,Josh Corbin,-3.0533,3.3329,0.2796
4532,Josh Davis,-0.2747,-0.2811,-0.5559
4533,Josh Dilling,-2.4818,4.1939,1.7122
4534,Josh Dix,-1.1288,7.8411,6.7123
4535,Josh Dixon,-5.3213,1.3617,-3.9595
4536,Josh Earley,-3.5442,1.303,-2.2412
4537,Josh Farmer,0.1281,-4.3023,-4.1743
4538,Josh Fulton,-0.8146,-1.6162,-2.4308
4539,Josh Furst,0.2427,-0.2782,-0.0355
4540,Josh Gatete,-1.2193,-0.6805,-1.8997
4541,Josh Gray,2.6318,1.9112,4.543
4542,Josh Harris,-3.1301,3.5523,0.4222
4543,Josh Hayes,-1.703,2.0382,0.3353
4544,Josh Hecht,-0.9247,-4.3128,-5.2375
4545,Josh Hill,-2.6047,-1.5915,-4.1961
4546,Josh Hines,0.3721,0.6821,1.0542
4547,Josh Holloway,-0.1868,4.6375,4.4507
4548,Josh Hubbard,-1.1449,10.2241,9.0792
4549,Josh Ibukunoluwa,-0.9209,1.373,0.4521
4550,Josh Ijeh,-1.9764,0.0687,-1.9077
4551,Josh Jones,0.5253,1.6962,2.2215
4552,Josh Kunen,1.0757,-2.8439,-1.7682
4553,Josh Lee,-1.3109,1.368,0.0571
4554,Josh Massey,-3.8434,1.1803,-2.6631
4555,Josh Meo,-2.6359,0.2462,-2.3897
4556,Josh Michigan,-0.3489,-0.7017,-1.0506
4557,Josh Mitchell,-0.1301,-1.9463,-2.0764
4558,Josh Morgan,-3.1026,0.4155,-2.687
4559,Josh Nickelberry,-0.3523,-1.9665,-2.3188
4560,Josh Odunowo,-2.3387,4.3446,2.006
4561,Josh Oduro,3.2224,5.8636,9.0859
4562,Josh Ogundele,-0.9139,1.55,0.6361
4563,Josh Ojianwuna,2.1029,5.0585,7.1614
4564,Josh Omojafo,-0.1755,2.4925,2.317
4565,Josh Ozabor,-1.3554,-0.2683,-1.6236
4566,Josh Pascarelli,-1.5751,3.2474,1.6723
4567,Josh Pickett,-2.9519,0.0455,-2.9064
4568,Josh Pierre-Louis,-1.6312,2.8407,1.2095
4569,Josh Reed,-0.4216,4.2992,3.8776
4570,Josh Rivera,-1.3834,1.4077,0.0243
4571,Josh Scovens,-2.9209,6.8829,3.9621
4572,Josh Smith,-2.6542,4.3548,1.7006
4573,Josh Taylor,-2.3923,-0.1833,-2.5756
4574,Josh Thomas,-1.1593,-1.4044,-2.5637
4575,Josh Townley-Thomas,-0.4119,-0.5091,-0.921
4576,Josh Uduje,-0.9745,4.9519,3.9775
4577,Josh Vazquez,1.8099,3.9989,5.8088
4578,Josh Ward,-0.5978,4.26,3.6622
4579,Joshua Aaron Reaves,0.6821,0.5365,1.2186
4580,Joshua Beadle,-0.8631,2.7449,1.8819
4581,Joshua Bonga,-0.9382,-0.3882,-1.3263
4582,Joshua Dalton,-1.9421,0.7838,-1.1583
4583,Joshua DeCady,0.3009,1.5834,1.8843
4584,Joshua Dent,0.9896,6.4628,7.4524
4585,Joshua Eli,-1.8729,-0.5395,-2.4124
4586,Joshua Hughes,-2.6113,2.8156,0.2044
4587,Joshua Hughley,-0.5886,-0.0631,-0.6516
4588,Joshua Ingram,-1.2454,3.2619,2.0165
4589,Joshua Jefferson,4.2977,9.5096,13.8073
4590,Joshua Lewis,-1.7796,0.0498,-1.7298
4591,Joshua Lusane,-1.4758,0.7026,-0.7732
4592,Joshua Morgan,1.8228,1.6597,3.4824
4593,Joshua O'Garro,0.32,7.1764,7.4964
4594,Joshua Ola-Joseph,-3.5151,0.9316,-2.5834
4595,Joshua Olaosebikan,0.0663,0.1748,0.241
4596,Joshua Reaves,-3.3501,2.3773,-0.9728
4597,Joshua Streit,-0.4904,1.9331,1.4427
4598,Joshua Strong,-2.1307,0.2366,-1.8942
4599,Joshua Wyche,0.1076,-3.6264,-3.5188
4600,Josiah Allick,1.6519,1.8232,3.4751
4601,Josiah Cunningham,-0.8917,-1.4324,-2.3241
4602,Josiah Davis,-4.1939,3.1951,-0.9988
4603,Josiah Dotzler,0.0766,-0.9648,-0.8882
4604,Josiah Dunham,-2.7232,0.8347,-1.8885
4605,Josiah Francis,-0.8736,-2.9952,-3.8687
4606,Josiah Fulcher,-0.8518,-1.0839,-1.9357
4607,Josiah Hammons,-4.1146,3.5416,-0.573
4608,Josiah Harris,-3.3942,5.1419,1.7477
4609,Josiah Lake,0.8639,5.6553,6.5192
4610,Josiah LeGree,-1.6085,2.827,1.2185
4611,Josiah Moore,-0.2467,0.0063,-0.2405
4612,Josiah Moseley,0.6939,1.6208,2.3146
4613,Josiah Parker,-1.4448,2.5953,1.1505
4614,Josiah Sabino,-1.7054,0.2595,-1.4459
4615,Josiah Sanders,-2.1149,3.0869,0.972
4616,Josiah Shackelford,-1.8952,3.5246,1.6294
4617,Josiah Shackleford,0.2999,-1.1957,-0.8958
4618,Josiah Strong,0.8571,1.8234,2.6806
4619,Josiah-Jordan James,3.9459,4.8878,8.8337
4620,Joson Sanon,-2.083,4.4535,2.3705
4621,Josue Gil-Silva,-0.0551,0.0227,-0.0324
4622,Josue Grullon,-3.1267,2.321,-0.8057
4623,Joul Karram,-0.3769,0.4119,0.035
4624,Jourdan Smith,-2.4638,1.0482,-1.4156
4625,Jovan Blacksher,-1.027,3.5565,2.5295
4626,Jovan Jester,0.9997,1.1583,2.158
4627,Jovan Milicevic,-2.6261,6.2018,3.5756
4628,Jovan Ristic,-0.5217,-0.4223,-0.944
4629,Jovan Stulic,-0.4672,0.9119,0.4447
4630,Jovon McClanahan,-0.3037,-0.6798,-0.9835
4631,Jovone Cater,-0.0814,-0.7523,-0.8337
4632,Joy Ighovodja,1.0561,-0.3713,0.6848
4633,Juan Cranford,-3.0434,4.8236,1.7802
4634,Juan Munoz,-0.8841,5.4708,4.5867
4635,Juan Reyna,-1.5151,0.2408,-1.2743
4636,Juanse Gorosito,-2.3335,4.4829,2.1493
4637,Judah Brown,-2.8566,0.0506,-2.806
4638,Judah Mintz,1.1669,5.1978,6.3647
4639,Jude Harris,-1.1603,-1.1262,-2.2865
4640,Judson Bjornstad,-3.8022,-2.5643,-6.3665
4641,Judson Martindale,-3.941,0.7832,-3.1579
4642,Juhlawnei Stone,-0.3216,-0.4529,-0.7745
4643,Juju Ramirez,-1.1219,-0.7653,-1.8872
4644,Juke Harris,-0.2715,6.5076,6.2361
4645,Julen Iturbe,-2.466,0.2589,-2.2071
4646,Julian Bowie,0.8496,1.1043,1.954
4647,Julian Brown,-1.1296,1.8942,0.7646
4648,Julian Clarke,-1.0616,-4.4394,-5.501
4649,Julian Gabbidon,-0.0972,-0.0533,-0.1505
4650,Julian Hammond,0.8598,3.486,4.3458
4651,Julian Larry,1.5413,5.0865,6.6279
4652,Julian Lewis,-0.247,-0.6178,-0.8648
4653,Julian Lual,-0.4932,1.1332,0.64
4654,Julian Mackey,-5.6729,4.5386,-1.1343
4655,Julian Margrave,-1.6949,4.0807,2.3859
4656,Julian Reese,3.7966,4.3516,8.1482
4657,Julian Rishwain,2.5557,2.5844,5.1401
4658,Julian Roper,3.6647,-0.3335,3.3312
4659,Julian Scott,-0.6934,0.9376,0.2441
4660,Julian Steinfeld,-0.1208,-0.0529,-0.1738
4661,Julian Vaughns,-2.3136,0.3146,-1.999
4662,Julien Soumaoro,-3.165,3.4607,0.2957
4663,Julien Wooden,-0.1043,4.6268,4.5225
4664,Julius Ellerbe,-4.766,-0.7489,-5.5149
4665,Julius Halaifonua,-0.9467,2.8468,1.9001
4666,Julius Mims,-1.7278,3.5041,1.7763
4667,Julius Reese,0.0032,0.3463,0.3495
4668,Julius Rollins,-4.9385,2.3543,-2.5841
4669,Julius Thedford,-0.7857,5.0587,4.2731
4670,Jun Seok Yeo,-0.8641,-0.1028,-0.9669
4671,Junior Sileu,0.1599,-0.0183,0.1416
4672,Junjie Wang,-0.321,2.0079,1.6869
4673,Jurian Dixon,-0.5289,4.9588,4.4299
4674,Jurica Zagorsak,0.0587,-0.0173,0.0415
4675,Jurrell Baldwin,0.0195,0.1518,0.1713
4676,Jusaun Holt,-2.7722,2.7166,-0.0556
4677,Juslin Bodo Bodo,1.4159,4.0955,5.5115
4678,Justas Stonkus,-0.4272,-2.6161,-3.0433
4679,Justice Ajogbor,3.4487,0.5792,4.028
4680,Justice Hill,-3.3645,3.7766,0.4121
4681,Justice Shoats,-2.8865,3.6068,0.7203
4682,Justice Smith,-0.3092,0.212,-0.0972
4683,Justice Williams,-5.1292,4.6858,-0.4434
4684,Justin Abson,2.8153,3.0389,5.8542
4685,Justin Allen,-4.4605,5.065,0.6045
4686,Justin Amadi,-0.6072,1.4256,0.8184
4687,Justin Anderson,-0.8753,0.2518,-0.6235
4688,Justin Archer,-1.1468,2.7688,1.622
4689,Justin Bailey,0.331,4.7565,5.0875
4690,Justin Begg,-1.0738,1.7271,0.6533
4691,Justin Bieker,-2.5795,2.111,-0.4686
4692,Justin Bolis,0.0344,-0.7262,-0.6918
4693,Justin Bufford,1.0126,-0.3574,0.6552
4694,Justin Cross,-0.5811,-0.2175,-0.7986
4695,Justin DeGraaf,-2.2646,0.1257,-2.1389
4696,Justin Edwards,-1.9613,4.029,2.0677
4697,Justin Graham,-0.4082,-0.3677,-0.7759
4698,Justin Harmon,0.1064,4.8488,4.9552
4699,Justin Hawkins,-3.4,0.4993,-2.9007
4700,Justin Hill,-1.5773,2.6596,1.0823
4701,Justin Hinds,-1.5511,-2.7276,-4.2787
4702,Justin Hohn,-0.3275,2.7056,2.3781
4703,Justin Houser,-1.0438,-0.8839,-1.9277
4704,Justin Johnson,-2.3526,2.0772,-0.2754
4705,Justin Kirby,-1.2184,1.788,0.5696
4706,Justin McBride,-1.9513,3.9283,1.977
4707,Justin McKoy,-1.9519,5.7557,3.8038
4708,Justin Menard,-1.6722,2.6108,0.9385
4709,Justin Mitchell,0.398,0.8859,1.2839
4710,Justin Moore,-4.197,2.3477,-1.8494
4711,Justin Morgan,2.228,2.0678,4.2958
4712,Justin Mullins,1.2415,2.5264,3.7679
4713,Justin Neely,-3.4958,6.2549,2.7591
4714,Justin Nimmer,-1.4189,0.4287,-0.9902
4715,Justin Page,-5.9838,0.3566,-5.6272
4716,Justin Pippen,1.6233,2.9719,4.5952
4717,Justin Ray,-1.6265,1.7757,0.1491
4718,Justin Redmond,-3.9056,-1.1748,-5.0804
4719,Justin Rochelin,0.7053,2.8453,3.5505
4720,Justin Taylor,-0.2768,0.7044,0.4276
4721,Justin Thomas,0.9055,2.3299,3.2354
4722,Justin Vander Baan,1.3049,0.6601,1.9651
4723,Justin Webster,-1.7758,3.4579,1.6821
4724,Justin Williams,-1.9642,-0.8623,-2.8265
4725,Justin Wilson,1.1327,1.8692,3.0019
4726,Justin Winston,-3.1251,0.0497,-3.0754
4727,Justin Wright,-3.1602,4.0407,0.8805
4728,Justus Jackson,-4.2782,1.0681,-3.2101
4729,Justus McNair,-1.4369,3.7701,2.3332
4730,Justyn Fernandez,-3.6462,2.8009,-0.8453
4731,Juwan Gary,2.4059,8.5092,10.9151
4732,Juwan Maxey,-1.4192,1.0321,-0.3871
4733,Juwan Perdue,1.3361,0.9103,2.2463
4734,Jyare Davis,-0.0986,5.0924,4.9939
4735,Jyre McCloud,-1.7624,-0.1352,-1.8976
4736,K'Jei Parker,-4.8818,-0.2404,-5.1221
4737,K'mani Doughty,-0.8979,4.0765,3.1786
4738,KC Ibekwe,1.6682,-1.2236,0.4446
4739,KC Ugwuakazi,1.0037,1.5858,2.5895
4740,KD Johnson,0.814,0.9805,1.7944
4741,KJ Adams,3.3424,4.9453,8.2877
4742,KJ Allen,-0.1624,3.9325,3.7701
4743,KJ Cochran,-3.0669,2.6293,-0.4377
4744,KJ Cunningham,-1.9765,1.9423,-0.0342
4745,KJ Debrick,1.6897,1.4246,3.1143
4746,KJ Doucet,-1.3158,5.6142,4.2985
4747,KJ Greene,-1.393,1.0054,-0.3877
4748,KJ Hymes,2.0801,-1.5875,0.4926
4749,KJ Jenkins,-3.1321,5.1528,2.0207
4750,KJ Johnson,-4.9328,1.4985,-3.4343
4751,KJ Keatts,-0.4006,-0.76,-1.1605
4752,KJ Lee,-1.6613,-0.1006,-1.7619
4753,KJ Lewis,1.6163,6.1761,7.7925
4754,KJ Marshall,-0.9845,0.0443,-0.9402
4755,KJ Martin,-1.2658,2.5271,1.2613
4756,KJ McClurg,-0.3608,2.0579,1.6972
4757,KJ Oduor,-0.2258,-3.6646,-3.8904
4758,KJ Satterfield,-0.1342,-0.1658,-0.3
4759,KJ Simpson,3.5731,9.3846,12.9577
4760,KJ Swain,-1.9931,-0.4117,-2.4048
4761,KJ Tenner,1.1299,0.0462,1.1761
4762,KJ Thomas,0.8024,-1.3285,-0.526
4763,KJ Windham,3.2573,1.7164,4.9738
4764,KJ Younger,-3.9241,3.3189,-0.6053
4765,KK Curry,-1.9341,0.1439,-1.7902
4766,KK Robinson,0.2955,2.3761,2.6716
4767,KT Raimey,-2.796,3.0179,0.222
4768,Kaan Yarkut,-0.0889,0.0135,-0.0754
4769,Kabeya Tshibangu,-1.724,0.0903,-1.6337
4770,Kachi Nzeh,-2.7176,-0.1379,-2.8555
4771,Kacper Klaczek,-0.0372,4.5338,4.4965
4772,Kadar Waller,-2.3947,-1.9211,-4.3158
4773,Kadary Richmond,5.0791,6.5835,11.6627
4774,Kade Douglas,-2.6694,1.3568,-1.3125
4775,Kade Madsen,0.1233,0.6336,0.757
4776,Kade Rice,0.1505,0.0322,0.1828
4777,Kade Ruegsegger,-3.7746,1.4837,-2.2909
4778,Kade Unseld,-0.8978,-1.2198,-2.1176
4779,Kaden Brown,-4.767,-2.6929,-7.4599
4780,Kaden Cooper,2.4601,2.5214,4.9815
4781,Kaden Gumbs,-1.8738,1.2237,-0.65
4782,Kaden Magwood,-1.303,1.7428,0.4398
4783,Kaden Metheny,-2.3279,7.1757,4.8478
4784,Kaden Powers,-0.7192,1.4151,0.6959
4785,Kaden Rickard,-1.5687,-0.2877,-1.8564
4786,Kaden Stuckey,-1.8885,-3.2789,-5.1674
4787,Kadin Shedrick,1.6045,4.2256,5.8301
4788,Kadyn Betts,-1.3808,-1.2392,-2.62
4789,Kael Combs,1.1641,2.9706,4.1348
4790,Kael Robinson,-0.9288,3.4881,2.5593
4791,Kaelin Thomas,-1.1051,-0.6182,-1.7232
4792,Kahlil Singleton,-3.9209,3.9354,0.0145
4793,Kahmare Holmes,-2.4663,3.9791,1.5128
4794,Kai Burdick,-2.1192,1.9225,-0.1967
4795,Kai Johnson,-0.4395,4.3486,3.9091
4796,Kai Rogers,-0.9421,0.0224,-0.9196
4797,Kai Shinholster,0.5434,-1.2705,-0.7271
4798,Kai Spears,-0.416,0.7506,0.3346
4799,Kai Yu,-1.0753,-1.0135,-2.0888
4800,Kaia Berridge,-1.3677,-2.605,-3.9728
4801,Kaia Isaac,-0.9769,2.0872,1.1103
4802,Kaiden Space,-0.963,-1.9071,-2.8702
4803,Kaiden White,-0.6584,-1.9486,-2.607
4804,Kaidon Rayfield,-0.404,-1.144,-1.548
4805,Kailon Nicholls,-1.9479,-4.3864,-6.3343
4806,Kaine McColley,-2.2304,-0.1221,-2.3524
4807,Kaiyem Cleary,-1.2672,2.711,1.4438
4808,Kajus Kublickas,-1.2293,-1.696,-2.9253
4809,Kaleb Banks,-1.5505,2.7256,1.1752
4810,Kaleb Brown,-1.824,-1.2298,-3.0538
4811,Kaleb Glenn,-1.3208,1.5847,0.2639
4812,Kaleb Higgins,-1.3959,4.7849,3.3891
4813,Kaleb Jenkins,-1.2235,-1.9991,-3.2227
4814,Kaleb Lowery,0.2538,4.651,4.9047
4815,Kaleb McCloud,-0.092,0.0149,-0.0772
4816,Kaleb Scott,-1.3329,-1.6268,-2.9598
4817,Kaleb Smith,-3.2477,-0.824,-4.0717
4818,Kaleb Spencer,-0.6566,1.3456,0.6891
4819,Kaleb Stewart,-7.4389,4.0723,-3.3666
4820,Kaleb Thornton,0.1594,-0.4732,-0.3139
4821,Kaleb Washington,-1.7544,-2.9596,-4.714
4822,Kalen Etzler,-0.2483,-0.3975,-0.6459
4823,Kalen Garry,-2.11,4.5285,2.4185
4824,Kalen Williams,-3.5866,3.417,-0.1696
4825,Kalib Boone,2.0629,3.3875,5.4504
4826,Kalib Clinton,0.3847,-3.6504,-3.2657
4827,Kalib LaCount,-0.1683,-0.1306,-0.2989
4828,Kalib Mathews,-4.0704,3.1602,-0.9102
4829,Kalifa Sakho,0.6002,2.2834,2.8836
4830,Kalil Camara,-1.1429,1.3744,0.2315
4831,Kalil Thomas,-0.9249,3.9227,2.9978
4832,Kalu Anya,0.1373,0.8617,0.999
4833,Kam Burton,-3.0345,4.2933,1.2588
4834,Kam Craft,-4.0816,4.2079,0.1263
4835,Kam Farris,-3.6824,0.1122,-3.5702
4836,Kam Johnson,-0.7504,0.5648,-0.1856
4837,Kam Jones,3.0956,11.4259,14.5215
4838,Kam Martin,-4.514,2.0767,-2.4373
4839,Kam O'Connor,-1.2064,-1.6328,-2.8392
4840,Kam Parker,0.9497,-0.3117,0.638
4841,Kam Roberts,-1.0172,-2.2825,-3.2997
4842,Kam Sanders,-3.0947,1.5366,-1.5581
4843,Kam Summers,-1.75,-0.7714,-2.5214
4844,Kam Williams,1.8478,5.7376,7.5854
4845,Kam Woods,-2.6019,2.2191,-0.3828
4846,Kamar Robertson,-0.4077,-1.424,-1.8318
4847,Kamari Jones,-3.7103,0.3163,-3.3941
4848,Kamari Lands,-2.3241,3.7654,1.4414
4849,Kamari McGee,4.0251,4.1793,8.2043
4850,Kamdyn Curfman,-3.4357,-0.7221,-4.1578
4851,Kameren Wright,0.3488,0.9242,1.273
4852,Kameron Foman,2.3604,-0.5485,1.8119
4853,Kameron Hobbs,-3.7923,3.9416,0.1493
4854,Kameron Johnson,-3.1593,0.7865,-2.3729
4855,Kameron Mayhan,-4.6434,-3.7189,-8.3623
4856,Kameron Taylor,-1.9581,3.8737,1.9156
4857,Kameron Tinsley,-3.5149,1.1522,-2.3627
4858,Kameryn Mitchell,-0.7618,-0.883,-1.6449
4859,Kamrin Oriol,-6.1229,4.7473,-1.3756
4860,Kamryn Thomas,-1.4661,3.4584,1.9923
4861,Kanaan Carlyle,-1.0346,2.3978,1.3633
4862,Kane Milling,-0.8977,3.016,2.1183
4863,Kani Topuz,-0.5225,-0.7094,-1.2319
4864,Kanon Catchings,0.2361,5.6354,5.8716
4865,Kanon Gipson,0.0296,-0.0719,-0.0423
4866,Kany Tchanda,-1.3673,-2.5389,-3.9062
4867,Kanye Clary,-1.3528,6.1119,4.7592
4868,Kanye Jones,-2.6474,-2.3136,-4.961
4869,Kaosi Ezeagu,-3.2743,1.4889,-1.7854
4870,Kareem Rozier,-0.007,3.1103,3.1032
4871,Kareem Stagg,0.5928,2.5831,3.1759
4872,Kareem Thomas,-3.1504,2.0971,-1.0532
4873,Kareem Thompson,-0.7209,1.3693,0.6484
4874,Kareem Watkins,-0.1181,-0.4145,-0.5326
4875,Kareem Watson,-2.8178,-1.1708,-3.9887
4876,Karim Elgizawy,-0.9749,-1.9618,-2.9367
4877,Kario Oquendo,-0.9857,3.797,2.8113
4878,Karl Jones,1.4322,-0.4303,1.0019
4879,Karl Poom,-2.7234,3.0176,0.2942
4880,Karlin Hardy,-2.3376,-0.3722,-2.7098
4881,Karmani Gregory,-4.6509,1.7669,-2.8841
4882,Karmello Branch,-6.025,-0.2467,-6.2717
4883,Karon Boyd,1.8838,3.0959,4.9797
4884,Karris Bilal,-1.8472,-1.1303,-2.9775
4885,Karson Ouse,-0.9456,-1.8978,-2.8433
4886,Karson Templin,1.3172,5.4555,6.7728
4887,Karter Knox,1.631,4.619,6.25
4888,Karyiek Dixon,-1.6925,0.7178,-0.9748
4889,Kase Wynott,-2.0286,-1.7465,-3.775
4890,Kasean Pryor,3.9157,3.9432,7.8588
4891,Kaseem Watson,-3.4276,5.14,1.7124
4892,Kasen Carpenter,-0.8215,-0.1529,-0.9743
4893,Kasen Harrison,-0.7045,5.4951,4.7906
4894,Kasen Jennings,-1.2867,1.1759,-0.1108
4895,Kash Polk,-0.3199,-0.0836,-0.4036
4896,Kasheem Grady,-2.7683,1.7471,-1.0213
4897,Kashie Natt,0.8249,6.597,7.4218
4898,Kaspar Sepp,-3.8083,-0.4529,-4.2612
4899,Kasparas Jakucionis,1.5916,5.4504,7.042
4900,Kavien Jones,-2.7267,0.3579,-2.3688
4901,Kavion McClain,-2.7896,4.1599,1.3703
4902,Kavon Bradford,-1.7272,-2.2393,-3.9664
4903,Kayde Dotson,-3.8365,3.2767,-0.5598
4904,Kayden Carter,-2.0268,0.3084,-1.7184
4905,Kayden Edwards,-1.0701,-0.1851,-1.2552
4906,Kayden Fish,-1.2346,-2.2181,-3.4528
4907,Kayden Mingo,-2.9006,4.2899,1.3892
4908,Kayden Nation,-0.7788,0.1963,-0.5825
4909,Kaylan Makan,-0.0352,-0.0771,-0.1123
4910,Kayvaun Mulready,0.2987,1.6269,1.9256
4911,KeShawn Murphy,-0.3891,6.1972,5.8081
4912,Kean Webb,-2.0801,0.2132,-1.8669
4913,Keanu Dawes,-1.7794,5.9572,4.1778
4914,Keaston Willis,-3.4543,3.6877,0.2334
4915,Keaton Dukes,-0.3488,-0.6967,-1.0455
4916,Keaton Frisch,0.0107,0.0675,0.0782
4917,Keaton Kutcher,-0.1672,-0.5439,-0.7111
4918,Keaton Norris,-0.9897,2.3249,1.3352
4919,Keaton Wagler,1.6492,11.9158,13.5651
4920,Keba Keita,2.771,5.5165,8.2875
4921,Kebba Njie,2.9022,-0.1037,2.7985
4922,Kedrick Green,-2.2289,-2.458,-4.6869
4923,Keean Lloyd,-0.3134,0.1306,-0.1828
4924,Keegan Harvey,-4.3758,0.8722,-3.5036
4925,Keegan Records,0.394,2.5678,2.9619
4926,Keegan Rowell,-0.1899,0.2937,0.1038
4927,Keegan Van Kauwenberg,-1.122,0.2599,-0.862
4928,Keelan Steele,-1.7366,-1.3175,-3.0541
4929,Keenan Bey,-1.5163,-2.1895,-3.7059
4930,Keenan Emmanuel,-1.242,-0.6639,-1.9059
4931,Keenan Fitzmorris,-1.5072,3.1026,1.5955
4932,Keenan Garner,-3.7246,1.6381,-2.0865
4933,Keenan Wilkins,-3.6542,-1.9504,-5.6046
4934,Keenon Cole,-4.8415,1.9934,-2.8481
4935,Keeshawn Barthelemy,1.5988,7.024,8.6227
4936,Keeshawn Kellman,-0.9454,4.3431,3.3977
4937,Keeyan Itejere,0.7888,1.0917,1.8805
4938,Kehlin Farooq,1.3238,0.1626,1.4864
4939,Keijuan Johnson,0.6892,-2.3756,-1.6865
4940,Keion Brooks,-0.6132,9.4153,8.8021
4941,Keionte Cornelius,-5.7257,1.7052,-4.0206
4942,Keisei Tominaga,0.688,5.6493,6.3373
4943,Keishawn Davidson,-3.0647,-0.4958,-3.5604
4944,Keishon Porter,-3.1827,1.9589,-1.2238
4945,Keitenn Bristow,0.9862,-1.273,-0.2868
4946,Keith Haymon,-2.807,0.0725,-2.7345
4947,Keith Higgins,-0.6057,4.9052,4.2996
4948,Keith Lamar,-2.351,-2.9543,-5.3053
4949,Keith McKnight,-1.1911,2.3114,1.1202
4950,Keith Palek,-2.1757,4.2888,2.1131
4951,Keith Richard,-5.8608,-2.499,-8.3597
4952,Keith Robbins,-1.981,0.1864,-1.7946
4953,Keiveon Hunt,1.1081,-0.4995,0.6085
4954,Kel'el Ware,2.7113,6.1556,8.8668
4955,Kelcy Phipps,1.261,-1.2131,0.0479
4956,Kelechi Okworogwo,-1.5512,2.1563,0.6051
4957,Keli Leaupepe,1.3395,0.7473,2.0868
4958,Kellan Boylan,-0.6142,-0.3698,-0.9839
4959,Kellan Lewis,-1.0578,-0.3442,-1.402
4960,Kellen Amos,-1.2225,2.4693,1.2468
4961,Kellen Hampton,-0.0112,-0.0699,-0.0811
4962,Kellen Pickett,-0.0908,3.486,3.3952
4963,Kellen Thames,0.1897,4.3836,4.5733
4964,Kellen Tynes,3.3514,1.5817,4.933
4965,Kellen Welch,-0.236,-0.3392,-0.5752
4966,Keller Boothby,-0.958,4.8654,3.9073
4967,Kelson Gebbers,-0.5226,-0.9186,-1.4412
4968,Kelton Talford,-3.3648,7.4772,4.1124
4969,Kelton Williams,-0.8655,-0.9304,-1.7959
4970,Kelvin Odih,-0.3854,-0.5754,-0.9608
4971,Ken Evans,-1.8149,2.3866,0.5716
4972,Kenan Blackshear,3.5712,4.781,8.3522
4973,Kenan Parrish,-0.2949,-1.4985,-1.7933
4974,Kendal Coleman,-2.7291,2.6035,-0.1256
4975,Kendal Parker,-2.966,-0.4326,-3.3985
4976,Kendall Blue,-1.791,4.0302,2.2392
4977,Kendall Campbell,-2.3593,-3.2465,-5.6058
4978,Kendall Hailey,0.3007,-5.1323,-4.8316
4979,Kendall Lewis,0.0506,0.6932,0.7439
4980,Kendall Munson,0.4528,0.8267,1.2795
4981,Kendall Taylor,-1.4013,-3.0339,-4.4352
4982,Kendell Cave,-0.1557,-0.0966,-0.2523
4983,Kendrick De Luna,-1.7596,-3.4688,-5.2284
4984,Kendyl Sanders,-1.4175,1.7144,0.2969
4985,Kennard Davis,-1.8735,4.6297,2.7562
4986,Kennedy Brown,-0.8119,-0.5957,-1.4076
4987,Kenneth Nwuba,1.1229,-1.7791,-0.6562
4988,Kenny Foster,-0.6402,-0.3017,-0.9419
4989,Kenny Hunter,-1.3722,-1.6331,-3.0053
4990,Kenny Noland,-2.9097,7.1622,4.2525
4991,Kenny Pohto,0.8369,3.0174,3.8543
4992,Kenny Strawbridge,-1.1138,1.0968,-0.017
4993,Kenny White,-1.5212,2.6978,1.1766
4994,Kent Jackson,-3.5895,0.3309,-3.2586
4995,Kentrell Garnett,-2.7103,2.4694,-0.2409
4996,Kentrell Pullian,-0.3859,4.7852,4.3993
4997,Kenyon Aguino,0.3406,1.9493,2.2899
4998,Kenyon Giles,-1.3014,7.4997,6.1983
4999,Kenyon Goodin,-4.9535,4.2409,-0.7126
5000,Keon Ambrose-Hylton,1.8705,5.1692,7.0397
5001,Keon Thompson,-1.425,2.3594,0.9344
5002,Keonte Jones,3.7419,4.0781,7.8201
5003,Keonte Kennedy,0.7719,1.0429,1.8149
5004,Kerem Konan,-0.4138,1.1729,0.7591
5005,Kernan Bundy,1.7384,-1.3139,0.4245
5006,Kerr Kriisa,-1.403,1.8933,0.4903
5007,Kerrington Kiel,-0.1116,-1.1532,-1.2648
5008,Kerwin Prince,-0.189,0.0644,-0.1246
5009,Kerwin Walton,-1.6595,5.8431,4.1836
5010,Kesean Shillingford,-0.2886,-1.2979,-1.5865
5011,Keshad Johnson,1.9982,5.3018,7.3
5012,Keshaun Saunders,-1.7356,-1.5187,-3.2543
5013,Keshawn Brown,-0.3221,-0.1395,-0.4616
5014,Keshawn Fisher,0.0805,0.3995,0.4799
5015,Keshawn McNeill,-0.0815,-0.2522,-0.3337
5016,Keshawn Williams,-0.6133,-1.4962,-2.1096
5017,Keshon Gilbert,4.4103,4.0312,8.4414
5018,Ketron Shaw,-4.7211,2.527,-2.1942
5019,Kevair Kennedy,-1.1211,3.3767,2.2556
5020,Kevin Anthony,-1.3538,-1.4225,-2.7763
5021,Kevin Carney,-0.3453,-1.4838,-1.8291
5022,Kevin Cross,-1.501,5.7451,4.2441
5023,Kevin Dunn,-0.4492,-0.3862,-0.8354
5024,Kevin Easley,-1.4414,1.3826,-0.0588
5025,Kevin Firle,-0.215,-0.0546,-0.2696
5026,Kevin Gad,-0.0784,2.3594,2.281
5027,Kevin Kalu,-0.0428,-1.883,-1.9258
5028,Kevin Kearney,-2.3002,-0.3603,-2.6605
5029,Kevin Kogbara,-0.8132,-2.99,-3.8032
5030,Kevin McCarthy,-3.264,1.3872,-1.8768
5031,Kevin McCullar,1.0273,6.1968,7.224
5032,Kevin McGaskey,-1.8119,-4.2388,-6.0508
5033,Kevin Overton,-0.6055,4.4409,3.8354
5034,Kevin Patton,0.4489,2.3829,2.8318
5035,Kevin Pazmino,-2.0205,-0.5452,-2.5657
5036,Kevin de Kovachich,-2.8569,0.0494,-2.8075
5037,Kevin-David Rice,-0.7955,-1.1836,-1.9791
5038,Kevo StHilaire,0.2417,0.5225,0.7643
5039,Kevon Vanderhorst,-1.0847,-1.2701,-2.3549
5040,Kevon Voyles,-1.4676,1.9062,0.4386
5041,Kevon Wiggins,-0.8211,-0.8957,-1.7168
5042,Keyishon Miller,-1.2227,-0.9249,-2.1475
5043,Keylan Boone,2.464,6.4281,8.8921
5044,Keylon Dorsey,-0.8381,-2.3443,-3.1824
5045,Keynan Davis,-3.6749,-0.2603,-3.9352
5046,Keyon Kensie,-0.2582,0.8336,0.5754
5047,Keyon Menifield,-2.6007,1.0348,-1.5659
5048,Keyon Webb,-0.8301,-0.2454,-1.0755
5049,Keyondre Young,-0.094,0.8761,0.7821
5050,Keyontae Lewis,1.7716,-1.8011,-0.0294
5051,Keyshaun Langley,-0.9067,6.2132,5.3066
5052,Keyshawn Hall,-3.0068,8.6416,5.6349
5053,Keyshawn Mitchell,-2.0931,1.5598,-0.5332
5054,Keyshuan Tillery,0.6383,0.0873,0.7256
5055,Keziah Ekissi,-1.9025,0.137,-1.7655
5056,Kezza Giffa,-3.4695,7.858,4.3885
5057,Khaafiq Myers,-1.2579,0.1228,-1.1351
5058,Khaden Bennett,1.0539,3.4616,4.5155
5059,Khadim Mboup,2.6972,2.3055,5.0027
5060,Khai Lockwood,-0.4434,0.3035,-0.1399
5061,Khaleb Wilson-Rouse,-2.2248,0.2528,-1.972
5062,Khaled Khaled,-0.0656,0.3656,0.3
5063,Khali Horton,-5.1723,0.5804,-4.5919
5064,Khalif Battle,2.0847,4.9707,7.0555
5065,Khalil Badru,-2.2274,1.0314,-1.196
5066,Khalil Brantley,-0.2695,3.2643,2.9948
5067,Khalil Farmer,-4.3344,-1.7277,-6.0621
5068,Khalil London,-2.6913,-2.2832,-4.9745
5069,Khalil Williams,-3.8205,-4.0883,-7.9089
5070,Khaliq Abdul-Mateen,-3.7844,-1.0742,-4.8585
5071,Khaman Maker,-0.4342,-1.3285,-1.7627
5072,Khaman Maluach,2.5158,7.4018,9.9177
5073,Khamani Cooper,-4.0478,0.0587,-3.9891
5074,Khamari McGriff,0.1256,5.6041,5.7297
5075,Khani Rooths,1.7471,1.3314,3.0785
5076,Khayri Dunn,-3.6311,-0.7101,-4.3413
5077,Kheni Briggs,-1.5343,-2.2895,-3.8239
5078,Khoi Thurmon,-1.4654,-1.3213,-2.7867
5079,Khouri Carvey,-3.9403,1.3792,-2.5611
5080,Khristian Lander,2.0294,0.7935,2.8229
5081,Khristion Courseault,-0.4335,1.1814,0.7479
5082,Khydarius Smith,-1.0831,0.6913,-0.3918
5083,Khyrie Staten,-1.2208,-3.5833,-4.8041
5084,KiAndre Gaddy,-0.9274,3.6988,2.7714
5085,KiJan Robinson,-4.6972,0.917,-3.7803
5086,Kian Scroggins,-0.5229,1.3612,0.8383
5087,Kiani Saxon,0.4649,-1.0486,-0.5836
5088,Kidtrell Blocker,-4.9512,-0.816,-5.7672
5089,Kieran Elliott,-1.8783,-2.2255,-4.1038
5090,Kieran Mullen,-1.135,-1.6488,-2.7839
5091,Kieran O'Haire,0.1933,-0.006,0.1872
5092,Kiir Kiir Chol Deng,-0.1467,-0.391,-0.5376
5093,Kiir Kuany,-1.9483,-0.4299,-2.3782
5094,Kijani Wright,0.8984,2.5198,3.4182
5095,Kilian Brockhoff,-1.7182,1.1842,-0.534
5096,Killian Gribben,-1.2027,-2.6866,-3.8893
5097,Killyan Toure,2.8032,3.8291,6.6322
5098,Kimahri Wilson,1.7905,-0.9921,0.7984
5099,Kimani Hamilton,-0.8469,6.7255,5.8786
5100,Kimo Ferrari,1.0439,1.016,2.0599
5101,King Grace,-1.4496,0.5164,-0.9332
5102,King Ijeoma,-1.3317,-2.0724,-3.4041
5103,Kingston Flemings,1.994,10.2257,12.2197
5104,Kingston Price,0.2058,-0.5621,-0.3563
5105,Kino Lilly,-4.1642,5.9027,1.7386
5106,Kintavious Dozier,-2.9322,4.5685,1.6363
5107,Kinyon Hodges,0.8096,4.2733,5.083
5108,Kiran Oliver,-2.0324,1.5638,-0.4686
5109,Kirby Mooney,-0.2245,-0.5352,-0.7598
5110,Kiree Huie,-3.9172,0.7162,-3.201
5111,Kirill Elatontsev,0.9544,4.0852,5.0396
5112,Kirk Cole,-1.2671,-0.2406,-1.5077
5113,Kiwane Garris,-1.1356,3.4464,2.3109
5114,Kiyan Anthony,-2.275,0.3177,-1.9573
5115,Kiyron Powell,-0.0688,-3.2292,-3.298
5116,Kjay Bradley,1.1337,1.1742,2.3079
5117,Kjell de Graaf,-0.5523,1.5937,1.0413
5118,Klark James,0.0086,-0.0359,-0.0274
5119,Klemen Vuga,-3.9394,-5.0122,-8.9516
5120,Knute Wood,-2.6001,1.4021,-1.198
5121,Koa Peat,2.9205,5.6289,8.5494
5122,Koat Keat Tong,1.5155,0.9343,2.4498
5123,Kobe Clark,-0.1905,-1.0252,-1.2157
5124,Kobe Elvis,0.0981,2.0922,2.1903
5125,Kobe George,-1.4824,-0.681,-2.1634
5126,Kobe Jerome,-1.2065,-1.1865,-2.393
5127,Kobe Johnson,1.1796,5.4632,6.6428
5128,Kobe Julien,1.6014,3.0034,4.6048
5129,Kobe Knox,-1.0124,3.7042,2.6918
5130,Kobe Langley,0.4515,2.8311,3.2826
5131,Kobe MaGee,-1.94,5.8906,3.9506
5132,Kobe Newton,-1.2237,1.5346,0.3109
5133,Kobe Rodgers,2.5468,3.2716,5.8184
5134,Kobe Sanders,-1.1037,7.7052,6.6015
5135,Kobe Stewart,-1.0244,5.5035,4.4792
5136,Kobe Williamson,0.1417,1.2224,1.364
5137,Kobe Young,-1.5495,-0.7743,-2.3237
5138,Kobi Bowles,-1.0671,-0.9093,-1.9763
5139,Kobi Williams,-2.7852,4.5861,1.8009
5140,Koby Brea,-0.0929,9.9817,9.8888
5141,Koby Jeffries,0.2051,0.7657,0.9709
5142,Kody Clancy,1.0204,0.7368,1.7572
5143,Kody Clouet,-5.0827,4.8966,-0.1862
5144,Kody Williams,-2.9917,-2.4087,-5.4004
5145,Kohen Rowbatham,-3.5988,-1.0199,-4.6188
5146,Kohl Rosario,0.9523,0.8136,1.766
5147,Kolby Gilles,-2.9933,-2.1986,-5.1919
5148,Kolby Granger,0.2321,2.2459,2.478
5149,Kolby King,-1.3898,5.0055,3.6157
5150,Kole Williams,-1.5464,-2.5667,-4.1131
5151,Kolten Griffin,-4.7358,-1.3346,-6.0704
5152,Kolton Mitchell,-3.6575,6.5976,2.9401
5153,Kon Knueppel,2.9408,8.804,11.7448
5154,Konner Baroni,-0.124,0.3946,0.2706
5155,Kooper Jacobi,-3.6924,4.3662,0.6738
5156,Kordel Jefferson,-0.0628,-0.059,-0.1218
5157,Kordelius Jefferson,0.1916,-2.7659,-2.5743
5158,Kordell Lewis,0.0984,-0.0289,0.0695
5159,Koree Cotton,2.9107,0.2248,3.1355
5160,Koren Johnson,1.5941,5.357,6.9512
5161,Koron Davis,-3.7951,1.9156,-1.8795
5162,Kory Mincy,-0.8082,8.2707,7.4625
5163,Kose Egbule,-0.4004,-1.0573,-1.4578
5164,Kosy Akametu,-2.7326,1.2765,-1.4561
5165,Kowacie Reeves,-2.1397,4.4787,2.339
5166,Kris Keinys,-0.9513,0.4701,-0.4812
5167,Kris Mickens,0.3215,-0.0967,0.2248
5168,Kris Parker,-1.2108,0.375,-0.8358
5169,Kristers Skrinda,-0.0581,-0.1752,-0.2333
5170,Kristian Gonzalez,-3.6169,3.216,-0.4009
5171,Kristians Feierbergs,-2.4152,-2.5897,-5.0048
5172,Kristiyan Popov,-0.8799,-2.3772,-3.257
5173,Kristupas Kepezinskas,-0.7913,-2.213,-3.0043
5174,Kruz McClure,-0.1329,-1.9906,-2.1235
5175,Krystian Lewis,-6.5232,2.1781,-4.3451
5176,Kuany Kuany,2.1528,1.4954,3.6482
5177,Kuluel Mading,-1.4866,0.5728,-0.9139
5178,Kuol Atak,-2.7469,4.6923,1.9454
5179,Kur Teng,1.2956,5.5056,6.8012
5180,Kvonn Cramer,-0.6613,2.0844,1.4231
5181,Kwabena Davis,-0.0965,-3.3427,-3.4392
5182,Kwame Evans,3.0921,5.5419,8.6339
5183,Kwame Tanic,-0.3826,-0.0215,-0.4041
5184,Kwane Marble,-1.815,0.5922,-1.2228
5185,Kwo Agwa,-2.0708,2.9552,0.8843
5186,Ky Pernell,-1.0742,-0.6984,-1.7726
5187,KyKy Tandy,-0.9534,5.3044,4.3511
5188,Kyan Evans,1.7041,2.825,4.5291
5189,Kycen Pruett,-0.2399,0.6449,0.405
5190,Kye Dickson,0.2386,0.7878,1.0263
5191,KyeRon Lindsay,1.4646,0.0743,1.5389
5192,KyeRon Lindsay-Martin,-1.9337,4.4414,2.5077
5193,Kylan Blackmon,-2.9598,1.2001,-1.7597
5194,Kylan Boswell,0.1859,6.6071,6.793
5195,Kylan Howze,1.5351,-1.0052,0.5299
5196,Kyle Braun,0.3958,-1.9276,-1.5319
5197,Kyle Brown,-6.1677,-0.395,-6.5627
5198,Kyle Burns,-0.9323,-1.5402,-2.4726
5199,Kyle Carlesimo,-1.9338,2.2972,0.3634
5200,Kyle Counts,-0.5129,-0.0245,-0.5374
5201,Kyle Cuffe,-1.904,1.5053,-0.3987
5202,Kyle Duke,-2.1791,-0.954,-3.1331
5203,Kyle Edison,-0.8957,0.427,-0.4687
5204,Kyle Evans,2.6604,5.1438,7.8042
5205,Kyle Filipowski,2.7645,8.0901,10.8546
5206,Kyle Frazier,-3.5078,0.4591,-3.0488
5207,Kyle Frelow,1.3709,0.2834,1.6543
5208,Kyle Haughy,-0.4009,-0.15,-0.5509
5209,Kyle Jenkins,-1.5908,-0.2413,-1.832
5210,Kyle Johnson,-2.7156,-0.7452,-3.4608
5211,Kyle Jones,-0.2629,0.1579,-0.1051
5212,Kyle Jorgensen,-0.1685,6.0233,5.8548
5213,Kyle Layton,-2.9863,-0.8023,-3.7886
5214,Kyle LeGreair,-0.4657,1.2826,0.8169
5215,Kyle Marshall,-0.1478,-1.54,-1.6878
5216,Kyle McGee,-3.5136,2.5062,-1.0074
5217,Kyle Owens,-0.9332,0.2418,-0.6915
5218,Kyle Pock,0.3299,-0.7331,-0.4032
5219,Kyle Pulliam,-2.9187,1.8528,-1.0659
5220,Kyle Riemenschneider,-0.1396,-0.2236,-0.3632
5221,Kyle Rode,-0.4953,4.4304,3.935
5222,Kyle Rose,3.4432,3.9123,7.3556
5223,Kyle Sturdivant,-0.0342,4.8073,4.7731
5224,Kyle Thomas,-0.8391,-0.6329,-1.472
5225,Kyle Waltz,0.0012,2.9716,2.9728
5226,Kyle Winters,-2.2212,-2.2567,-4.4779
5227,Kylen Milton,-1.5981,3.1568,1.5586
5228,Kyler D'Augustino,-4.6167,4.4674,-0.1493
5229,Kyler Filewich,-1.1595,6.2042,5.0447
5230,Kyler VanderJagt,-2.939,1.2068,-1.7322
5231,Kylin Green,-2.7742,-0.1925,-2.9667
5232,Kymany Houinsou,-1.2558,1.8401,0.5844
5233,Kyndall Davis,-0.7109,1.4947,0.7838
5234,Kyonte Thomas,-1.0437,-0.7443,-1.7881
5235,Kyran Ratliff,-1.6757,-1.1025,-2.7782
5236,Kyrell Luc,0.5164,0.6869,1.2032
5237,Kyrell Shaw,-3.7633,2.6419,-1.1214
5238,Kyrese Mullen,-3.3339,0.1502,-3.1837
5239,Kyric Davis,-2.8834,-1.5957,-4.4792
5240,Kyron Gibson,1.3611,2.8255,4.1866
5241,Kyrone Alexander,0.2392,1.1855,1.4247
5242,Kyshawn George,4.2526,1.2312,5.4838
5243,Kyson Rose,-3.6088,0.2461,-3.3628
5244,LA Hayes,1.6118,-0.7621,0.8497
5245,LA Pratt,-3.5922,1.2596,-2.3326
5246,LJ Brown,-0.807,-0.36,-1.167
5247,LJ Cason,0.5728,2.3729,2.9457
5248,LJ Cryer,2.7122,9.6347,12.3469
5249,LJ Hackman,0.7074,3.0609,3.7683
5250,LJ Thomas,-4.5942,3.8844,-0.7098
5251,LJ Wells,-0.3171,3.667,3.3499
5252,LaQuill Hardnett,-0.0168,0.661,0.6442
5253,Labaron Philon,0.0815,9.7852,9.8666
5254,Lachlan Brewer,-4.2766,4.1896,-0.087
5255,Lachlan Smith,0.0904,-0.1181,-0.0277
5256,Lachlan Thompson,0.0721,-0.1284,-0.0563
5257,Ladji Dembele,-0.5863,-2.6357,-3.222
5258,Ladji Kante,-1.7596,0.1896,-1.57
5259,Lado Laku,1.1797,0.1092,1.2889
5260,Ladontae Felton,-0.6381,-0.033,-0.6711
5261,Lahat Thioune,-2.9473,1.2633,-1.684
5262,Lajae Jones,1.4438,4.9993,6.4431
5263,Lamaj Lewis,-0.4029,0.2277,-0.1752
5264,Lamar Oden,-0.4673,-0.0196,-0.4869
5265,Lamar Washington,-2.3358,3.2185,0.8827
5266,Lamar Wilkerson,-2.1134,10.679,8.5656
5267,Lamar Wright,-1.5319,0.9327,-0.5992
5268,Lamin Sabally,-2.6856,3.3878,0.7022
5269,Lamine Niang,-0.629,-1.2512,-1.8802
5270,Lamont Butler,3.4216,6.8038,10.2254
5271,Lamont Evans,-1.1669,0.4411,-0.7258
5272,Lance Carr,0.6188,-0.0317,0.5871
5273,Lance Erving,-1.5226,0.2278,-1.2948
5274,Lance Jones,3.8911,3.1619,7.053
5275,Lance Stone,-3.2017,1.3086,-1.8931
5276,Lance Terry,-0.6846,3.4845,2.8
5277,Lance Waddles,-3.6098,2.262,-1.3478
5278,Lance Ware,0.3282,-0.179,0.1492
5279,Lance-Amir Paul,-3.1217,-1.7078,-4.8295
5280,Landen Babusiak,0.0206,-0.3175,-0.2969
5281,Landen Birley,-1.3392,-0.5942,-1.9334
5282,Landen Joseph,-1.5451,4.488,2.9429
5283,Landen Long,0.2398,-0.1411,0.0987
5284,Landin Hacker,-2.171,-1.2021,-3.3731
5285,Landon Brenchley,-0.7679,-0.341,-1.109
5286,Landon Clark,-2.6925,1.4758,-1.2168
5287,Landon Glasper,-5.304,6.7611,1.4572
5288,Landon Johnson,-0.3445,-0.7616,-1.106
5289,Landon King,-1.6866,-1.2755,-2.9621
5290,Landon Lewis,-0.7621,2.1222,1.3601
5291,Landon Moore,-1.1321,2.1603,1.0282
5292,Landon Seaman,-3.7868,5.079,1.2922
5293,Landon Vanderwarker,-1.6637,-0.7029,-2.3666
5294,Landon Williams,-2.0597,0.3,-1.7597
5295,Landon Wolf,-0.6256,5.7809,5.1553
5296,Landren Blocker,1.1337,-1.1648,-0.031
5297,Landyn Jumawan,-1.432,0.2681,-1.1639
5298,Lane Sparks,-0.2913,0.373,0.0817
5299,Langdon Hatton,-1.028,-0.8161,-1.8441
5300,Langston Bailey,-0.6365,-0.0836,-0.7201
5301,Langston Binns,-1.3594,0.3536,-1.0058
5302,Langston Love,-2.8745,6.7014,3.8269
5303,Langston Redfield,1.8021,-1.0554,0.7467
5304,Langston Reynolds,-1.0396,1.9365,0.8969
5305,Langston Wilson,-2.156,1.3292,-0.8268
5306,Laolu Oke,-0.9361,6.1065,5.1705
5307,Laquan Hunt,-0.0243,0.8765,0.8522
5308,Larry Hughes,-2.9833,2.7234,-0.2599
5309,Lars Thiemann,0.4475,0.2693,0.7168
5310,Lase Olalere,-1.3674,-2.5046,-3.872
5311,Lassina Traore,-1.082,4.3287,3.2467
5312,Lathan Sommerville,-0.7819,-1.3821,-2.164
5313,Latif Diouf,0.0895,-2.2249,-2.1354
5314,Latrell Davis,-2.3126,4.056,1.7433
5315,Latrell Jossell,-1.7366,2.791,1.0544
5316,Latrell Reid,-0.2912,-0.9236,-1.2147
5317,Latrell Wrightsell,2.3144,8.4687,10.7831
5318,Laurynas Vaistaras,-1.2159,1.8973,0.6814
5319,Lav Cvetkovic',-1.1338,-0.6344,-1.7682
5320,Lavell Brodnex,-5.7842,5.0084,-0.7758
5321,Lawrence Foreman,-0.8903,-0.2854,-1.1757
5322,Lawrent Rice,0.2064,0.9644,1.1708
5323,Lawson Blake,0.099,-0.3196,-0.2205
5324,Lawson Lovering,4.2149,1.9592,6.1741
5325,Layden Blocker,0.7916,2.0143,2.8058
5326,Layne Taylor,-2.1733,5.856,3.6827
5327,Lazar Djokovic,0.6819,3.2743,3.9562
5328,Lazar Grbovic,-0.0727,-3.058,-3.1307
5329,Lazar Milosevic,-0.1428,0.5314,0.3886
5330,Lazar Stefanovic,3.0792,5.6625,8.7417
5331,Laziz Talipov,-0.3732,-0.3205,-0.6937
5332,Le'Tre Darthard,-0.4757,2.1388,1.6631
5333,LeBron Thomas,-2.7781,-0.3898,-3.1679
5334,LeJuan Watts,-3.8798,6.461,2.5812
5335,Learic Davis,1.2613,1.0778,2.3391
5336,Lee Dort,2.8456,0.1299,2.9755
5337,Leeroy Odiahi,-0.3557,-2.2274,-2.5831
5338,Lefteris Liotopoulos,0.36,0.6479,1.0079
5339,Lefteris Mantzoukas,-0.6645,-0.9318,-1.5962
5340,Legend Geeter,-3.571,1.727,-1.844
5341,Legend Smiley,-0.6503,3.5045,2.8542
5342,Leif Moeller,-5.075,2.1412,-2.9338
5343,Leigh Rickwood-Pitt,-1.2155,-1.5241,-2.7396
5344,Leland Coleman,-2.3458,0.0948,-2.251
5345,Leland Walker,-3.5608,5.869,2.3082
5346,Lenard Taylor,-1.3306,-0.4448,-1.7754
5347,Lennart Weber,-2.2505,-1.0113,-3.2617
5348,Leo Amari,-0.1209,-0.4607,-0.5815
5349,Leo Beath,0.256,2.0909,2.3469
5350,Leo Byrne,-0.3023,-0.9831,-1.2854
5351,Leo Colimerio,-0.3169,2.8213,2.5044
5352,Leo Curtis,-0.507,-0.5482,-1.0552
5353,Leo DeBruhl,0.0943,-1.0514,-0.9571
5354,Leo Nordberg,0.1953,0.3776,0.5729
5355,Leo O'Boyle,0.0226,-0.6674,-0.6448
5356,Leo Ricketts,-1.4431,-0.4994,-1.9424
5357,Leo Torbor,1.9162,-2.7515,-0.8353
5358,Leon Bond,-0.45,4.417,3.967
5359,Leon Horner,1.2856,1.6938,2.9793
5360,Leon Nahar,-2.0935,2.077,-0.0165
5361,Leon Sifferlin,-0.7026,0.6094,-0.0932
5362,Leonardo Bettiol,1.2866,4.6985,5.9851
5363,Leopold Levillain,-0.2061,-0.4221,-0.6281
5364,Leroy Blyden,-1.0697,4.8205,3.7508
5365,Leroy Kelly,-0.3291,2.8356,2.5066
5366,Leslie Nkereuwem,-0.6323,0.367,-0.2653
5367,Lesown Hallums,-2.8594,-1.3235,-4.1829
5368,Levi Birkholz,-1.7518,-0.2301,-1.9818
5369,Levi Brown,-0.2528,-0.2557,-0.5085
5370,Levi Lawal,-2.6155,-4.2863,-6.9019
5371,Lewis Rowe,-0.1261,-0.665,-0.7911
5372,Lewis Walker,-5.1692,6.6361,1.4669
5373,Liam Campbell,1.6547,3.0443,4.699
5374,Liam Carney,-0.4076,-0.2169,-0.6245
5375,Liam Dagostino,-0.1097,0.1561,0.0464
5376,Liam Dayco-Green,-0.2121,0.5488,0.3367
5377,Liam Koelsch,-1.2395,0.0048,-1.2347
5378,Liam Lloyd,-1.0845,-3.2501,-4.3347
5379,Liam McChesney,-0.6768,-0.1663,-0.8431
5380,Liam McNeeley,1.6512,3.0647,4.7159
5381,Liam Murphy,-3.3005,6.7918,3.4913
5382,Liam Price,-0.1694,-0.232,-0.4015
5383,Liam Vitters,-0.5869,0.1222,-0.4647
5384,Liam Weaver,-0.2872,-0.1229,-0.4101
5385,Lieb Yat,-0.2848,0.7663,0.4815
5386,Lilian Marville,-5.5972,1.5477,-4.0495
5387,Lincoln Ball,-0.4125,2.0342,1.6217
5388,Lincoln Meister,-0.1948,0.0118,-0.183
5389,Lincoln Palbicki,-0.5478,-0.0291,-0.577
5390,Lino Mark,-0.7842,3.1558,2.3716
5391,Linus Holmstrom,-3.3487,4.215,0.8663
5392,Lior Berman,0.193,0.4653,0.6583
5393,Liutauras Lelevicius,0.118,5.8401,5.958
5394,Lloyd McVeigh,-1.7765,0.1984,-1.5781
5395,LoLo Rudolph,-2.4903,-3.7863,-6.2766
5396,Loch Cunningham,0.2571,-0.0918,0.1653
5397,Logan Applegate,-2.5432,3.3852,0.842
5398,Logan Bourgeois,-0.2693,-0.0029,-0.2723
5399,Logan Carey,-0.8448,0.3146,-0.5303
5400,Logan Cremonesi,-0.1656,0.0663,-0.0993
5401,Logan Duncomb,-2.0614,4.9822,2.9207
5402,Logan Epes,-0.4617,1.7566,1.2949
5403,Logan Imes,-0.0408,-0.1169,-0.1577
5404,Logan Kinsey,-2.6857,5.0963,2.4106
5405,Logan McIntire,-3.6796,4.4855,0.8059
5406,Logan McLaughlin,0.0025,-0.8666,-0.8641
5407,Logan Menefee,-0.6543,-1.047,-1.7013
5408,Logan Myers,-0.2327,-0.194,-0.4267
5409,Logan Padgett,0.3778,-3.1995,-2.8217
5410,Logan Robeson,-0.2318,-0.4215,-0.6533
5411,Logan Schayes,-0.391,-0.3595,-0.7505
5412,Logan Stephens,0.3241,-0.7041,-0.38
5413,Logan Suber,1.9337,-2.4485,-0.5148
5414,Logan Threatt,-0.2332,0.0704,-0.1628
5415,Logan Woods,-1.2936,2.4728,1.1792
5416,Lok Wur,1.4036,3.8957,5.2992
5417,Londan Coleman,0.3128,0.9946,1.3074
5418,London Fields,-2.9818,-0.1725,-3.1543
5419,London Jemison,0.814,2.9893,3.8033
5420,London Maiden,-2.337,-0.4045,-2.7415
5421,London Praytor,-1.5136,0.2342,-1.2794
5422,London Riley,-2.3427,0.6102,-1.7325
5423,Lonnell Martin,-3.1067,1.1353,-1.9714
5424,Lorenzo Abellar,-1.4464,-1.9749,-3.4213
5425,Lorenzo Donadio,-2.7755,2.3914,-0.3842
5426,Lorenzo Downey,-2.135,-1.5357,-3.6706
5427,Lorenzo Washington,0.0942,-0.8418,-0.7476
5428,Louie Jordan,-3.1439,1.7404,-1.4036
5429,Louie Semona,-5.4529,1.8098,-3.6431
5430,Louis Bleechmore,-5.2244,-0.1315,-5.3559
5431,Louis Bond,-1.2004,0.5903,-0.6101
5432,Louis Daoust,-0.2134,-0.9041,-1.1175
5433,Louis Hutchinson,-2.7256,-1.858,-4.5836
5434,Louis Lesmond,-1.1014,-0.061,-1.1624
5435,Louth Coulibaly,-1.407,0.3059,-1.1011
5436,Love Bettis,-1.745,0.2891,-1.4559
5437,Lu'cye Patterson,-1.476,4.2017,2.7257
5438,Luc Laketa,-0.0984,-0.4955,-0.594
5439,Luca Ace-Nasteski,-1.0077,-2.0315,-3.0391
5440,Luca Colceag,-1.0253,0.8511,-0.1742
5441,Luca Soroa,-0.7593,-4.4895,-5.2488
5442,Luca Soroa Schaller,-1.344,1.4083,0.0643
5443,Lucas Burton,-1.0133,0.4511,-0.5622
5444,Lucas Denault,0.0,0.0062,0.0062
5445,Lucas Gibb,-0.6042,-0.4911,-1.0953
5446,Lucas Hobin,-5.875,1.14,-4.735
5447,Lucas Langarita,-1.5067,-1.2121,-2.7188
5448,Lucas Lorenzen,-6.4218,1.8122,-4.6095
5449,Lucas Mari,-1.7196,-1.6251,-3.3446
5450,Lucas Mercandino,0.4381,0.301,0.7391
5451,Lucas Monroe,-0.0046,1.1438,1.1392
5452,Lucas Orchard,-0.9742,-0.5439,-1.5181
5453,Lucas Perusek,-0.0576,-0.1398,-0.1974
5454,Lucas Prolla,-0.387,-1.0459,-1.4329
5455,Lucas Scroggins,-0.2136,5.0401,4.8265
5456,Lucas Stieber,0.5756,1.1315,1.7072
5457,Lucas Taylor,-0.4475,3.111,2.6636
5458,Lucas Williams,-0.3167,-0.1212,-0.4379
5459,Lucas-Allan Lueth,0.9978,0.1358,1.1336
5460,Lucius Gibson-Savadel,-0.4761,-1.1979,-1.674
5461,Lue Williams,-1.3464,2.3024,0.956
5462,Luis Kortright,-1.2953,2.3193,1.0241
5463,Luis Rodriguez,1.8272,4.4356,6.2628
5464,Luka Bogavac,-0.2526,2.708,2.4554
5465,Luka Damjanac,-4.0406,0.9151,-3.1255
5466,Luka Gogic,-0.1687,-0.394,-0.5627
5467,Luka Jovanovic,-0.4803,0.8959,0.4155
5468,Luka Krajnovic,-0.6207,-0.766,-1.3866
5469,Luka Sakota,-3.402,2.6284,-0.7736
5470,Luka Savicevic,-2.2209,-0.1617,-2.3826
5471,Luka Tarlac,-2.8554,-0.7598,-3.6152
5472,Luka Tekavcic,-0.9137,-3.5615,-4.4752
5473,Luka Toews,-0.5844,-0.0192,-0.6036
5474,Luka Vudragovic,-2.7703,-1.2719,-4.0422
5475,Lukas Platauna,-0.4759,-0.0687,-0.5447
5476,Lukas Prongos,0.0491,-0.1316,-0.0825
5477,Lukas Sotell,0.1853,-0.3272,-0.1419
5478,Lukas Walls,-1.1176,0.8532,-0.2644
5479,Luke Allison,-0.191,-0.1504,-0.3414
5480,Luke Almodovar,-2.411,5.2012,2.7902
5481,Luke Anderson,-1.0477,-2.9639,-4.0117
5482,Luke Appel,-3.3737,-0.3302,-3.7039
5483,Luke Bamgboye,4.7537,1.2454,5.9991
5484,Luke Barrett,2.9969,4.9165,7.9134
5485,Luke Benson,-0.5995,-0.8004,-1.3999
5486,Luke Bumbalough,-4.3588,2.1015,-2.2573
5487,Luke Butler,-0.0084,-0.3653,-0.3737
5488,Luke Carter,0.0711,1.0836,1.1547
5489,Luke Cecchi,-0.201,-0.1119,-0.3129
5490,Luke Champion,-0.2361,-0.0485,-0.2846
5491,Luke Cronin,-0.3866,-0.1693,-0.5559
5492,Luke Davidson,-0.4279,0.1435,-0.2844
5493,Luke Davis,-1.6666,1.1867,-0.4799
5494,Luke Fennell,-0.1252,-0.9446,-1.0699
5495,Luke Flynn,-2.1414,3.3156,1.1742
5496,Luke Fonts,0.0965,-0.1215,-0.0249
5497,Luke Goode,0.9635,5.3937,6.3572
5498,Luke Gray,-2.4557,2.4365,-0.0192
5499,Luke Haertle,-0.8791,-0.0159,-0.895
5500,Luke Haupt,2.3425,2.4368,4.7793
5501,Luke House,-0.6458,4.5401,3.8943
5502,Luke Hunger,-0.5393,1.3783,0.839
5503,Luke Johnson,-1.1931,0.1068,-1.0863
5504,Luke Jungers,-2.1326,1.6269,-0.5057
5505,Luke Kasubke,-2.1795,0.7168,-1.4628
5506,Luke Kearney,-4.0721,1.2987,-2.7733
5507,Luke Keller,0.1753,-0.1348,0.0404
5508,Luke Kinkade,-1.3583,0.1207,-1.2375
5509,Luke Kolaja,-0.2356,-0.1536,-0.3892
5510,Luke Krawczyk,-0.4171,0.313,-0.1041
5511,Luke Ladner,0.0173,-0.062,-0.0448
5512,Luke Ledford,0.6951,0.0516,0.7467
5513,Luke Light,-0.6223,0.0007,-0.6216
5514,Luke McEldon,-1.4287,0.6614,-0.7673
5515,Luke Murphy,-0.2589,-0.8414,-1.1003
5516,Luke Naser,-0.0943,0.0146,-0.0797
5517,Luke Northweather,0.0756,2.7475,2.8231
5518,Luke O'Brien,0.3989,3.8528,4.2517
5519,Luke Paragon,-2.1642,4.3016,2.1374
5520,Luke Rasmussen,0.3238,-1.3226,-0.9989
5521,Luke Skaljac,-2.8403,5.3185,2.4782
5522,Luke Stansbury,-0.0748,0.5868,0.512
5523,Luke Sutherland,-3.8872,4.671,0.7838
5524,Luke Turner,-3.2548,-2.3923,-5.647
5525,Luke Wilson,0.0479,2.8416,2.8895
5526,Luke Zimmerman,-0.0732,-0.2961,-0.3693
5527,Luke Zuffelato,-0.1591,-1.0004,-1.1595
5528,Lureon Walker,-1.9575,0.4906,-1.4669
5529,Luther Smith,-1.2199,-1.197,-2.4168
5530,Lyndel Erold,0.248,0.0712,0.3192
5531,Lynn Greer,-0.44,1.0545,0.6145
5532,Lynn Kidd,-0.1891,4.9094,4.7204
5533,Lysander Rehnstrom,-1.9939,-0.0716,-2.0655
5534,MJ Collins,-0.5567,6.5777,6.0211
5535,MJ Rice,-0.2792,-0.4918,-0.771
5536,MJ Russell,-3.6919,2.9116,-0.7802
5537,MJ Thomas,-3.3362,4.048,0.7118
5538,MJ Yeager,-0.711,-0.4755,-1.1865
5539,Ma'Kye Taylor,-2.9518,-2.2542,-5.206
5540,Ma'Shy Hill,-0.2068,-2.9828,-3.1896
5541,Ma'Syn Howell,-0.7594,-0.2599,-1.0193
5542,Maban Jabriel,-3.5898,3.9193,0.3294
5543,Mabor Majak,-0.5041,-2.0569,-2.561
5544,Mac Etienne,-0.6014,1.2885,0.6871
5545,Mac MacDonald,-3.2186,1.3518,-1.8668
5546,Mac Riniker,1.6646,-0.7271,0.9375
5547,Mac Wrecke,-3.7112,-1.5317,-5.2429
5548,Macaleab Rich,0.4165,0.5071,0.9236
5549,Macari Moore,0.7549,-0.2795,0.4753
5550,Mack Wall,-0.1362,-0.245,-0.3812
5551,Mackenzie Mgbako,-1.5821,6.0618,4.4797
5552,Macon Emory,-1.7688,-0.7371,-2.5059
5553,Maddox Monson,-1.093,0.0889,-1.0041
5554,Maddux Bodenhamer,0.4666,-1.962,-1.4954
5555,Madiba Owona,-1.693,0.4695,-1.2235
5556,Madison Durr,-1.7418,3.1675,1.4258
5557,Mady Sissoko,0.3067,2.8334,3.1401
5558,Mady Traore,-1.2396,-1.3837,-2.6233
5559,Magnus Entenmann,-0.7999,1.6318,0.8319
5560,Magoon Gwath,3.9884,1.9776,5.9659
5561,Maguire Mitchell,-3.1419,3.8144,0.6725
5562,Mahamadou Diawara,0.1925,-1.0477,-0.8552
5563,Mahmoud Fofana,-1.3433,3.59,2.2467
5564,Majer Sullivan,-0.3873,-0.0281,-0.4155
5565,Maji David-Maji,0.1266,-0.8499,-0.7233
5566,Major Freeman,-3.5994,1.6697,-1.9297
5567,Mak Manciel,-4.4978,-1.2424,-5.7402
5568,Makai Grant,-0.7165,-0.0615,-0.7781
5569,Makai Kvamme,-3.7876,-1.7201,-5.5077
5570,Makai Richards,-2.4131,-0.4782,-2.8913
5571,Makai Willis,-2.3495,1.2793,-1.0702
5572,Makaih Williams,0.8014,2.9592,3.7606
5573,Makel Smith,-0.6722,0.1125,-0.5597
5574,Makhai Valentine,-4.4525,4.245,-0.2075
5575,Makhan Diouf,0.2889,-2.0466,-1.7577
5576,Makhel Mitchell,1.3244,1.1589,2.4833
5577,Makhi Leach,0.2545,0.3818,0.6363
5578,Makhi Mitchell,-0.5812,4.5063,3.9251
5579,Makhi Myles,-0.0491,-0.177,-0.226
5580,Maki Johnson,-0.9953,4.6425,3.6472
5581,Makoa Surigao,-0.5398,-0.662,-1.2018
5582,Makoi Mabor,-0.5465,-1.148,-1.6945
5583,Makoi Mabor Makoi,-1.7451,-1.4734,-3.2185
5584,Maks Klanjscek,-0.0048,-0.3466,-0.3514
5585,Makuei Riek,-1.5274,-2.0694,-3.5967
5586,Malachi Arrington,-1.9258,-2.6069,-4.5327
5587,Malachi Brown,-2.59,2.1025,-0.4875
5588,Malachi Davis,-2.7097,2.2772,-0.4325
5589,Malachi Douyon,-0.1309,-0.4315,-0.5624
5590,Malachi McReed,-0.2898,0.0135,-0.2762
5591,Malachi Moreno,2.4954,5.3831,7.8785
5592,Malachi Ndur,0.7614,-0.6384,0.123
5593,Malachi Palmer,2.6465,2.9935,5.64
5594,Malachi Poindexter,-5.5042,3.7315,-1.7728
5595,Malachi Smith,-0.2249,3.4756,3.2507
5596,Malang Athian,-1.1907,-1.6291,-2.8198
5597,Malcolm Chimezie,-2.8502,-0.5122,-3.3624
5598,Malcolm Christie,-5.5658,1.1555,-4.4103
5599,Malcolm Dread,-2.121,-0.9315,-3.0525
5600,Malcolm Flaggs,-1.1709,-0.0849,-1.2559
5601,Malcolm Noel,-2.778,-1.0429,-3.8208
5602,Malcolm Thomas,-1.4778,0.848,-0.6298
5603,Malcolm Wilson,1.7684,-1.1886,0.5798
5604,Malcolm Wrisby-Jefferson,-0.4765,-0.902,-1.3785
5605,Malcom Stute,-0.1467,-0.5936,-0.7403
5606,Maleeck Harden-Hayes,-3.4148,2.1233,-1.2915
5607,Maleek Arington,-0.0715,2.8575,2.786
5608,Malek Abdelgowad,-1.2522,0.4131,-0.8391
5609,Malek Archie,0.4261,0.6687,1.0948
5610,Malek Gomma,-1.6111,4.9365,3.3255
5611,Malevy Leons,2.1279,5.2746,7.4025
5612,Malick Diallo,1.176,-3.1979,-2.0219
5613,Malick Kordel,0.0199,0.1127,0.1325
5614,Malik Abdullahi,-1.0239,0.001,-1.0229
5615,Malik Battle,-1.7643,-1.2567,-3.021
5616,Malik Dia,1.4802,3.1265,4.6068
5617,Malik Edmead,-0.8642,-3.1484,-4.0126
5618,Malik Edwards,-0.0043,0.0914,0.0871
5619,Malik Ferguson,-3.5822,1.0607,-2.5215
5620,Malik Hall,1.2639,3.6923,4.9563
5621,Malik Henry,0.6613,3.0689,3.7303
5622,Malik Lamin,-0.2759,-3.3919,-3.6678
5623,Malik Mack,-1.2178,5.9248,4.707
5624,Malik Messina-Moore,-1.684,2.5661,0.8821
5625,Malik Moore,-1.615,3.323,1.708
5626,Malik Olafioye,-2.7658,-3.8397,-6.6054
5627,Malik Presley,-0.954,-0.0512,-1.0053
5628,Malik Rasul,-1.1847,-0.4912,-1.6759
5629,Malik Reneau,0.0471,7.9035,7.9506
5630,Malik Sheppard,-0.3675,-0.3787,-0.7462
5631,Malik Thomas,-0.1389,6.3064,6.1675
5632,Malik Tidwell,0.0843,0.0151,0.0994
5633,Malik Wade,1.0864,-3.3955,-2.3091
5634,Maliq Brown,3.4832,5.6152,9.0984
5635,Malique Ewin,1.2476,9.6583,10.9059
5636,Mambourou Mara,0.5278,-1.1224,-0.5946
5637,Mandela Tarke,0.0101,0.3032,0.3133
5638,Manie Joses,3.0673,2.2592,5.3265
5639,Manny Hill,-1.728,0.2883,-1.4397
5640,Manny Obaseki,-0.027,2.6414,2.6144
5641,Mantas Juzenas,-0.123,1.3925,1.2695
5642,Mantas Kocanas,-0.862,-1.5797,-2.4417
5643,Marcel Bryant,-4.1641,-1.9498,-6.1139
5644,Marcel Gardner,-0.1744,0.2369,0.0625
5645,Marcell McCreary,-0.2106,5.6423,5.4317
5646,Marcellus Brigham,-1.7454,2.1487,0.4033
5647,Marchelus Avery,-1.8737,6.7521,4.8784
5648,Marco Foster,-0.2797,-0.0758,-0.3555
5649,Marcos Gonzales,-4.4284,-2.8503,-7.2787
5650,Marcos San Miguel,0.1064,-0.419,-0.3126
5651,Marcus Adams,0.4948,7.6169,8.1117
5652,Marcus Allen,1.2635,0.7297,1.9932
5653,Marcus Banks,-4.335,7.0661,2.7311
5654,Marcus Boykin,0.3513,3.7805,4.1318
5655,Marcus Dockery,-5.2784,5.2958,0.0174
5656,Marcus Domask,-0.7675,8.2886,7.5211
5657,Marcus Filien,-0.1591,-1.0993,-1.2584
5658,Marcus Fitzgerald,-3.655,0.6221,-3.0328
5659,Marcus Foster,0.3905,4.6006,4.9911
5660,Marcus Friend,0.3584,0.6491,1.0075
5661,Marcus Glover,-1.5922,-2.5049,-4.0972
5662,Marcus Golden,-0.1892,-0.207,-0.3961
5663,Marcus Greene,-2.1578,4.0762,1.9184
5664,Marcus Hall,-4.3126,5.1404,0.8278
5665,Marcus Hill,-0.4294,5.446,5.0166
5666,Marcus Jackson,-1.0177,0.1856,-0.8321
5667,Marcus Johnson,-2.9125,3.7525,0.84
5668,Marcus Kell,-4.3302,4.5975,0.2673
5669,Marcus Millender,-2.3772,8.49,6.1128
5670,Marcus Niblack,-1.0818,-2.666,-3.7478
5671,Marcus Overstreet,-1.725,0.9232,-0.8019
5672,Marcus Pigram,-5.2688,-3.4196,-8.6884
5673,Marcus Randolph,-2.3433,0.9754,-1.3679
5674,Marcus Rigsby,-0.5407,-2.243,-2.7837
5675,Marcus Tankersley,-7.8459,0.962,-6.8839
5676,Marcus Tsohonis,-1.6271,5.4722,3.8451
5677,Marcus Watson,-1.3326,-1.2232,-2.5558
5678,Marcus Whitlock,0.1187,3.4815,3.6002
5679,Marcus Williams,0.9508,4.8362,5.787
5680,Marcus Wilson,-0.5857,4.5991,4.0134
5681,Mari Jordan,-0.8838,2.7227,1.8389
5682,Marial Akuentok,-1.3269,-0.378,-1.7049
5683,Marino Dubravcic,-0.4634,-0.1606,-0.6241
5684,Mario Andrews,-3.6746,-1.6254,-5.3
5685,Mario Brunetto,-0.26,0.0034,-0.2566
5686,Mario Davis,-0.9327,-1.3285,-2.2612
5687,Mario Saint-Supery,2.9864,3.8947,6.8811
5688,Mario Tatum,-4.3138,2.6261,-1.6877
5689,Marion Humphrey,1.8552,1.007,2.8622
5690,Mark Armstrong,2.2224,1.9604,4.1829
5691,Mark Brown,-0.1004,-1.5667,-1.667
5692,Mark Butler,-4.6236,1.334,-3.2896
5693,Mark Drone,-2.0228,1.9399,-0.0829
5694,Mark Freeman,-3.946,5.3808,1.4348
5695,Mark Lavrenov,-2.4717,0.793,-1.6787
5696,Mark Mitchell,2.3706,9.3004,11.671
5697,Mark Sears,-0.2726,9.3672,9.0946
5698,Mark Zackery,-0.0873,0.1269,0.0396
5699,Markeese Hastings,-0.9051,2.253,1.3478
5700,Markeith Browning,-2.5487,-1.5058,-4.0545
5701,Markel Jennings,-0.0011,-0.0932,-0.0943
5702,Markell Petro,-4.7154,-3.5137,-8.2291
5703,Markhi Strickland,-1.844,3.0674,1.2234
5704,Marko Ljubicic,-4.2622,-0.9903,-5.2525
5705,Marko Maletic,-5.2146,4.6891,-0.5255
5706,Marko Radunovic,0.5541,-3.0891,-2.535
5707,Marko Sarenac,-0.3168,-0.209,-0.5258
5708,Markus Blackwell,-3.0296,0.9493,-2.0803
5709,Markus Burton,2.0532,5.0289,7.0821
5710,Markus Harding,1.1108,-0.2943,0.8165
5711,Markus Ilver,0.0013,-0.3366,-0.3353
5712,Markus Rouse,0.0471,0.0,0.0471
5713,Marland Harris,-2.2671,-3.2805,-5.5476
5714,Marley Curtis,-1.4557,-0.8143,-2.27
5715,Marlon Barnes,-0.1686,0.5707,0.4021
5716,Marlon Short,-3.388,0.3016,-3.0863
5717,Marqueas Bell,-3.3466,3.3476,0.001
5718,Marquel Sutton,-3.5593,5.6849,2.1257
5719,Marques Gates,-0.0225,-0.8996,-0.9221
5720,Marques Warrick,-2.3973,7.3259,4.9286
5721,Marquese Josephs,-1.2309,1.8682,0.6373
5722,Marqui Worthy,-3.2166,3.3577,0.1412
5723,Marquis Barnett,0.9719,4.3921,5.3641
5724,Marquis Hargrove,-0.7424,-0.7554,-1.4978
5725,Marquise Kennedy,1.9929,-0.4005,1.5924
5726,Marqus Marion,1.0533,1.1905,2.2438
5727,Marsalis Roberson,0.0736,-0.1876,-0.114
5728,Marshal Destremau,0.9364,0.3981,1.3345
5729,Marshall Kearing,1.1062,-0.7785,0.3277
5730,Martavious Russell,-3.0768,-1.2767,-4.3535
5731,Martaz Robinson,-2.7252,3.0822,0.357
5732,Martel Williams,-0.7404,2.8555,2.1151
5733,Martin Carrere,-1.1344,-0.4347,-1.569
5734,Martin Kalu,-1.6829,-0.2736,-1.9565
5735,Martin Kawa,-0.7223,-3.5769,-4.2992
5736,Martin Kheil,-2.9134,3.0468,0.1334
5737,Martin Somerville,-0.4496,5.2027,4.7532
5738,Martin de Laporterie,-2.558,-3.7546,-6.3127
5739,Martins Kilups,-3.1193,0.9446,-2.1747
5740,Marty Silvera,1.1954,-1.7198,-0.5243
5741,Maruan Cicic,-1.5725,-0.7686,-2.3411
5742,Marvin Brimage,-0.6805,-2.5264,-3.2069
5743,Marvin McGhee,-1.8121,2.2329,0.4208
5744,Marvin Musiime-Kamali,-0.0886,-0.1004,-0.1889
5745,Masai Olowokere,-1.8788,1.8701,-0.0086
5746,Masai Troutman,-1.6933,1.6508,-0.0425
5747,Masen Miller,-1.4532,4.2736,2.8204
5748,Masiah Gilyard,-3.0353,3.9225,0.8873
5749,Mason Blackwood,-2.9327,0.3125,-2.6202
5750,Mason Courtney,-4.1806,-2.0868,-6.2674
5751,Mason Dorsey,-0.2973,-1.6398,-1.9372
5752,Mason Ellison,-2.832,-2.9134,-5.7454
5753,Mason Falslev,0.5061,9.9888,10.4949
5754,Mason Forbes,1.1519,3.5023,4.6542
5755,Mason Gillis,2.9263,6.8162,9.7425
5756,Mason Grant,0.1672,-2.4182,-2.251
5757,Mason Hagedorn,-0.2727,-0.4109,-0.6836
5758,Mason Hanback,0.807,-3.105,-2.2981
5759,Mason Johnson,0.3356,0.9793,1.3149
5760,Mason Jones,0.26,0.4135,0.6735
5761,Mason Klabo,-0.5682,3.1087,2.5405
5762,Mason Lawson,-0.5257,0.1167,-0.409
5763,Mason Lee,-2.8246,-2.4712,-5.2959
5764,Mason Madsen,-1.4817,3.1805,1.6988
5765,Mason Matthews,-0.5737,-0.4365,-1.0101
5766,Mason McBride,1.1371,-2.3058,-1.1687
5767,Mason Miller,-0.9097,5.8286,4.9189
5768,Mason Moses,-0.351,-0.1094,-0.4604
5769,Mason Nicholson,0.3927,5.1631,5.5558
5770,Mason Ritter,-1.8835,-0.1644,-2.0479
5771,Mason Shrout,-0.4623,0.4786,0.0163
5772,Mason Shubert,0.1211,-0.2159,-0.0948
5773,Mason Smith,-1.9939,1.6944,-0.2995
5774,Mason So,-2.1623,-1.8329,-3.9951
5775,Mason Walters,-1.1926,2.4445,1.2519
5776,Mason Whittaker,-0.4537,-4.0522,-4.5059
5777,Mason Williams,-4.115,2.1253,-1.9897
5778,Massal Diouf,-0.0667,-3.3617,-3.4284
5779,Massamba Diop,2.1975,4.7111,6.9086
5780,Masud Stewart,-0.4574,-0.0797,-0.5371
5781,Matai Baptiste,-0.4252,-0.785,-1.2102
5782,Matar Diop,-3.7936,-2.7866,-6.5802
5783,Matar Wade,-1.6532,-2.5715,-4.2247
5784,Matas Buteliauskas,-0.6178,-0.3549,-0.9727
5785,Matas Deniusas,-0.1273,4.4766,4.3493
5786,Matas Vokietaitis,-1.7316,5.5063,3.7746
5787,Mate Okros,0.531,2.6653,3.1963
5788,Mateen Rafiq,-1.2064,5.6641,4.4577
5789,Matej Bosnjak,-1.1229,-2.1636,-3.2865
5790,Mateo Esmeraldo,-0.605,3.149,2.544
5791,Matheo Coffi,-2.4204,1.8175,-0.6029
5792,Mathieu Grujicic,-0.3659,0.0819,-0.284
5793,Mathis Courbon,-1.3952,3.2171,1.8219
5794,Mathok Majok,-0.0319,-1.1399,-1.1718
5795,Matias Rissanen,0.0161,-0.2411,-0.2249
5796,Matija Belic,-0.8797,0.0628,-0.8169
5797,Matija Samar,-1.9408,1.1837,-0.7571
5798,Matija Svetozarevic,-0.368,-0.4025,-0.7705
5799,Matija Zuzic,-2.3832,0.4136,-1.9696
5800,Matt Able,-1.5187,4.7203,3.2017
5801,Matt Allocco,-0.6564,7.2338,6.5774
5802,Matt Balanc,-0.727,4.0289,3.302
5803,Matt Becht,-1.7193,0.9345,-0.7848
5804,Matt Brown,0.2306,-0.8432,-0.6126
5805,Matt Compas,-3.7584,-0.2172,-3.9756
5806,Matt Cross,2.9666,8.193,11.1597
5807,Matt Curtis,-3.3026,0.0572,-3.2454
5808,Matt Dann,0.6121,1.2256,1.8377
5809,Matt Davis,0.0391,-0.0942,-0.0551
5810,Matt Desler,-0.1905,-0.3494,-0.5399
5811,Matt Dove,0.9932,-0.7491,0.2441
5812,Matt Filipowski,-0.2775,0.1843,-0.0932
5813,Matt Gray,-1.2112,-0.4908,-1.702
5814,Matt Hain,-0.2383,-0.245,-0.4833
5815,Matt Hayman,-3.0388,3.8466,0.8078
5816,Matt Hodge,-0.1684,3.4335,3.2651
5817,Matt Kelly,-0.6467,-0.3513,-0.998
5818,Matt Knowling,2.6928,3.9034,6.5962
5819,Matt Krass,-1.1396,-1.8673,-3.0069
5820,Matt Mayers,-1.7646,1.5119,-0.2527
5821,Matt Mayock,-2.0056,1.1197,-0.8859
5822,Matt McCool,-0.6979,-1.7756,-2.4734
5823,Matt Mims,-0.2291,1.0191,0.79
5824,Matt Reed,-2.0355,-0.7717,-2.8072
5825,Matt Rogers,-1.7851,5.9964,4.2113
5826,Matt Van Komen,1.7286,2.5144,4.2431
5827,Matt Veretto,1.3697,2.563,3.9327
5828,Matt Zona,0.0665,1.539,1.6055
5829,Matteo Picarelli,-1.4883,0.6447,-0.8436
5830,Matteo Porto,-0.5523,-0.8624,-1.4147
5831,Matteus Case,-1.5263,-0.5427,-2.069
5832,Matthew Bothun,-2.3923,-0.4672,-2.8595
5833,Matthew Cleveland,-2.6581,7.1376,4.4796
5834,Matthew Lee,-2.7291,-1.1706,-3.8997
5835,Matthew Levis,0.6114,-1.0517,-0.4402
5836,Matthew MacLellan,-0.2938,0.3089,0.0151
5837,Matthew Marsh,0.3846,-1.3803,-0.9957
5838,Matthew Moore,0.3105,0.1004,0.4109
5839,Matthew Mors,-0.1829,4.3826,4.1997
5840,Matthew Mortenson,-0.2961,0.2772,-0.019
5841,Matthew Murrell,-0.5693,9.361,8.7917
5842,Matthew Nicholson,5.5253,2.3387,7.8641
5843,Matthew Quinlan,-0.6239,0.3495,-0.2743
5844,Matthew Reed,-1.3382,-0.9582,-2.2965
5845,Matthew Robinson,-3.1809,-1.5801,-4.7609
5846,Matthew Sells,-2.0839,2.05,-0.0339
5847,Matthew Spears,-1.7495,-0.5467,-2.2962
5848,Matthew Stone,0.849,0.0571,0.9061
5849,Matthew Van Komen,1.6647,0.6393,2.304
5850,Matthew Webster,1.0477,-1.2445,-0.1968
5851,Matthew Zobrist,-0.607,-0.8097,-1.4167
5852,Matthew-Alexander Moncrieffe,0.9375,-0.5902,0.3473
5853,Matthue Cotton,0.0408,0.5422,0.5829
5854,Matus Hronsky,-0.7695,1.8722,1.1027
5855,Matyas Vrabel,-0.6575,-1.7019,-2.3594
5856,Maurice Odum,-1.2639,4.4377,3.1738
5857,Maurice Thomas,-0.4651,-0.1638,-0.6289
5858,Maurice Vassel,-2.7353,-2.2586,-4.9939
5859,Maurice Wright,-1.4946,-2.415,-3.9096
5860,Maurio Hanson,-2.2114,0.5818,-1.6297
5861,Maurizio D'Alessandro,-0.0582,0.3196,0.2614
5862,Mawot Mag,1.6538,4.8907,6.5445
5863,Max Abmas,-0.967,6.7854,5.8185
5864,Max Agbonkpolo,-0.7223,1.2115,0.4892
5865,Max Allen,0.5132,-0.6225,-0.1093
5866,Max Bowman,-0.2892,-0.098,-0.3872
5867,Max Brackmann,-1.0106,-1.3047,-2.3153
5868,Max Brooks,0.5427,6.4576,7.0002
5869,Max Burchill,-2.2615,2.8023,0.5408
5870,Max Burton,-1.9133,1.1661,-0.7472
5871,Max Davis,0.3716,0.4873,0.8589
5872,Max Fiedler,-0.3383,3.0846,2.7463
5873,Max Fradkin,-0.0291,0.0069,-0.0222
5874,Max Frazier,-0.9396,-0.3594,-1.299
5875,Max Green,-2.6323,4.4662,1.8339
5876,Max Hrdlicka,-1.2018,2.6387,1.4369
5877,Max Hyman,-0.037,-0.0875,-0.1245
5878,Max Jones,0.8882,1.5327,2.4209
5879,Max Jusianiec,-2.214,-1.7416,-3.9556
5880,Max Klesmit,0.2011,4.7461,4.9472
5881,Max Langenfeld,-1.4581,0.2608,-1.1973
5882,Max Laskey,-1.0234,0.2158,-0.8076
5883,Max Lipacis,-0.3311,-0.6874,-1.0185
5884,Max Lorca-Lloyd,1.3131,-4.3372,-3.0241
5885,Max Mackinnon,-2.8817,6.939,4.0572
5886,Max Majerle,-2.6483,-1.4985,-4.1468
5887,Max Miller,-0.1517,-0.6515,-0.8032
5888,Max Murrell,1.0011,0.2435,1.2446
5889,Max Pearcy,-0.3601,-0.9849,-1.345
5890,Max Pikaar,1.0409,-1.4189,-0.3779
5891,Max Rice,2.4114,3.1433,5.5547
5892,Max Scharnowski,-0.6936,0.6083,-0.0853
5893,Max Sheldon,-0.8899,-1.1338,-2.0238
5894,Max Sheridan,-0.3501,0.0206,-0.3295
5895,Max Shulga,2.2479,9.8644,12.1123
5896,Max Sims,-0.3539,-0.328,-0.6819
5897,Max Smith,-0.03,-0.2852,-0.3151
5898,Max Thorpe,-0.0104,-0.2215,-0.2319
5899,Max Triplett,-0.1349,-0.1641,-0.299
5900,Max Watson,-1.3134,0.2395,-1.0739
5901,Max Weisbrod,-0.2775,1.5668,1.2893
5902,Max Williams,-0.462,-0.5739,-1.0358
5903,Max Zegarowski,-1.8379,-0.8677,-2.7056
5904,Maxim Logue,0.0832,3.4997,3.5829
5905,Maxime Raynaud,-1.8083,6.3721,4.5638
5906,Maximo Milovich,-0.2047,1.2238,1.0191
5907,Maximo Ortega,-3.3838,0.2994,-3.0843
5908,Maximus Edwards,-0.1455,1.8969,1.7513
5909,Maximus Fuentes,-1.278,0.0033,-1.2746
5910,Maximus Gizzi,-0.0333,-1.2606,-1.2939
5911,Maximus Nelson,-2.9853,1.465,-1.5204
5912,Maxwell Land,-1.8574,1.0919,-0.7655
5913,Mayar Wol,-1.0516,4.8611,3.8095
5914,Mayuom Buom,-1.0694,0.6944,-0.375
5915,Mazi Mosley,0.5704,0.3188,0.8892
5916,Mbaye N'Diaye,-0.3598,-0.4383,-0.7981
5917,Mckinley Harris,-0.3582,-2.09,-2.4482
5918,Me'Kell Burries,-2.5918,1.2742,-1.3176
5919,Meechie Johnson,-0.4192,6.0534,5.6342
5920,Meechie White,-0.0641,-0.7502,-0.8143
5921,Mehki Ellison,-5.1924,3.6312,-1.5612
5922,Mekai Johnson,-1.4884,-1.5415,-3.03
5923,Mekhi Cameron,-2.2586,0.7882,-1.4704
5924,Mekhi Collins,-0.2725,0.9386,0.6662
5925,Mekhi Conner,-3.5948,0.9657,-2.6291
5926,Mekhi Cooper,-0.6185,0.8285,0.2099
5927,Mekhi Gray,-3.6675,2.2592,-1.4083
5928,Mekhi Long,2.1141,-0.314,1.8001
5929,Mekhi Lowery,1.6592,2.7733,4.4325
5930,Mekhi Mason,-2.4713,5.5128,3.0415
5931,Mekhi Ragland,-0.4021,-0.5514,-0.9535
5932,Mekhi Turner,-1.8642,-0.5027,-2.3669
5933,Melakih Cunningham,-1.0224,0.5055,-0.5169
5934,Meleek Thomas,0.5793,9.7592,10.3384
5935,Melian Martinez,0.8773,-1.0676,-0.1903
5936,Melih Tunca,-2.5854,4.4862,1.9008
5937,Melo Baines,-0.6795,1.599,0.9196
5938,Melo Sanchez,-2.0138,-0.6256,-2.6395
5939,Melvin Bell,-3.9228,4.3248,0.402
5940,Melvin Council,-0.4257,6.9624,6.5367
5941,Melvyn Ebonkoli,2.1125,0.6679,2.7804
5942,Mercy Miller,0.2483,3.098,3.3463
5943,Merritt Alderink,-1.157,-1.3699,-2.527
5944,Mervin James,0.4883,4.192,4.6803
5945,Messiah Jones,0.3254,1.5923,1.9178
5946,Messiah Thompson,-2.0385,-1.7104,-3.7489
5947,Mezziah Oakman,-0.4818,-1.0563,-1.5381
5948,Micah Bell,-0.7255,-2.2955,-3.021
5949,Micah Caster,-4.9969,-2.2424,-7.2393
5950,Micah Clark,0.391,-0.9944,-0.6035
5951,Micah Curtis,-0.3956,-0.3103,-0.7059
5952,Micah Davis,-4.2481,0.4058,-3.8424
5953,Micah Handlogten,-0.2896,6.9564,6.6668
5954,Micah Octave,-2.0183,0.7354,-1.2829
5955,Micah Parrish,1.9492,5.7717,7.7209
5956,Micah Peavy,4.6018,3.6374,8.2392
5957,Micah Robinson,-0.0141,5.4245,5.4104
5958,Micah Schnyders,0.6094,-0.7654,-0.156
5959,Micah Simpson,-4.1045,2.7593,-1.3452
5960,Micah Smith,-0.4269,-0.8788,-1.3057
5961,Micah Thomas,-5.2015,4.1059,-1.0956
5962,Micah Tucker,-2.851,1.3131,-1.5379
5963,Michael Ajayi,-0.1223,7.3307,7.2085
5964,Michael Amador,0.186,0.0441,0.2301
5965,Michael Belle,0.8744,4.6431,5.5175
5966,Michael Bradley,-1.7291,0.5726,-1.1565
5967,Michael Brown,-1.7784,-2.1522,-3.9306
5968,Michael Christmas,-2.0798,6.6298,4.55
5969,Michael Collins,-0.4467,-2.6388,-3.0855
5970,Michael Cooper,-3.0498,5.9387,2.8889
5971,Michael Day,1.4679,-2.407,-0.9391
5972,Michael DeOrsey,-0.361,-0.24,-0.601
5973,Michael Duax,-1.0746,1.3984,0.3238
5974,Michael Eley,-4.3111,4.0942,-0.2169
5975,Michael Evbagharu,-1.226,-2.1052,-3.3313
5976,Michael Folarin,-1.1018,-2.4233,-3.5251
5977,Michael Graham,-2.2216,1.1237,-1.0979
5978,Michael Gray,-2.3477,4.8355,2.4878
5979,Michael Green,-0.2446,3.1368,2.8922
5980,Michael Griffin,-0.0273,-2.2695,-2.2968
5981,Michael Houge,-2.412,2.8124,0.4004
5982,Michael Hueitt,0.0978,0.6724,0.7702
5983,Michael Imariagbe,-1.7501,5.1333,3.3833
5984,Michael Jacobs,-3.5132,2.4099,-1.1033
5985,Michael Jankovich,-1.3461,0.1769,-1.1692
5986,Michael Jones,1.5059,3.5018,5.0078
5987,Michael Kalina,-0.1513,-0.2282,-0.3795
5988,Michael Katsock,-0.55,-0.5609,-1.1109
5989,Michael Lawlor,-1.0071,0.2624,-0.7446
5990,Michael Marcus,0.696,1.7144,2.4104
5991,Michael McNair,-4.6386,4.6607,0.0221
5992,Michael Moore,-0.8496,-0.3778,-1.2274
5993,Michael Moreno,-0.2828,3.4817,3.1989
5994,Michael Mouton,-0.1432,0.076,-0.0672
5995,Michael Nwoko,-1.7237,4.0521,2.3284
5996,Michael O'Connell,2.9174,3.2038,6.1213
5997,Michael Oaks,0.2064,-0.4309,-0.2245
5998,Michael Ojo,-0.6718,-3.3909,-4.0628
5999,Michael Osei-Bonsu,1.6139,4.4225,6.0364
6000,Michael Pajeaud,-0.7315,1.3232,0.5917
6001,Michael Pearson,-0.5692,0.3734,-0.1958
6002,Michael Phillips,0.4157,1.3161,1.7318
6003,Michael Rabinovich,-0.5211,-0.6715,-1.1927
6004,Michael Rataj,-2.6361,7.0542,4.4181
6005,Michael Rogan,-2.8661,-0.0086,-2.8747
6006,Michael Rogers,-0.3139,0.2823,-0.0316
6007,Michael Shanks,-1.1579,0.3924,-0.7655
6008,Michael Simcoe,-1.9094,0.9099,-0.9994
6009,Michael Sulaka,-1.4045,0.9355,-0.469
6010,Michael Teal,-4.239,-1.2783,-5.5174
6011,Michael Thomas,-2.3063,0.7715,-1.5348
6012,Michael Van Raaphorst,-0.3614,0.1287,-0.2327
6013,Michael Ward,-0.1768,-0.2395,-0.4163
6014,Michael Wilson,-4.8182,-1.3582,-6.1764
6015,Michael Wolf,-0.5413,-0.0164,-0.5577
6016,Michael Zanoni,-4.7239,2.6294,-2.0945
6017,Micheal Anumba,-1.4157,-0.4627,-1.8784
6018,Michel Ndayishimiye,-0.2272,-0.5137,-0.7409
6019,Michelangelo Oberti,-1.2853,0.1313,-1.1539
6020,Mickey Pearson,-3.8146,2.7991,-1.0155
6021,Mier Panoam,-2.8795,3.5948,0.7153
6022,Miguel Ayesa,-3.0161,3.2761,0.2599
6023,Miguel Mantilla Pacchiano,0.1169,0.1136,0.2305
6024,Miguel Tomley,-3.9721,3.9022,-0.0699
6025,Mihailo Boskovic,-1.1342,1.8201,0.6859
6026,Mihailo Petrovic,-0.7628,-1.4608,-2.2236
6027,Mika Adams-Woods,0.8184,5.1932,6.0115
6028,Mikah Ballew,-2.6534,0.1245,-2.5289
6029,Mikal Dawson,0.6073,2.471,3.0783
6030,Mikale Stevenson,-3.4951,2.9204,-0.5747
6031,Mike Bekelja,0.9104,0.9036,1.814
6032,Mike DePersia,-0.2926,-1.0801,-1.3727
6033,Mike Evbagharu,-3.2953,2.9004,-0.3948
6034,Mike James,-2.3933,1.4451,-0.9482
6035,Mike Loughnane,-4.8195,3.779,-1.0405
6036,Mike Marsh,0.068,0.0024,0.0704
6037,Mike Meadows,-0.6317,0.2417,-0.39
6038,Mike Mitchell,-1.4171,5.7537,4.3366
6039,Mike Price,-2.6404,-2.2771,-4.9175
6040,Mike Saunders,-1.4725,0.177,-1.2955
6041,Mike Sharavjamts,0.4302,5.2183,5.6486
6042,Mike Sixsmith,-0.1594,-1.5619,-1.7213
6043,Mike Walker,0.1151,-0.0789,0.0361
6044,Mike Walz,-0.7456,4.485,3.7393
6045,Mike Williams,-1.6573,0.9123,-0.745
6046,Mike Woods,-0.8185,-0.0488,-0.8673
6047,Mikeal Brown-Jones,-1.7178,5.1454,3.4276
6048,Mikel Brown,-0.6622,2.7488,2.0866
6049,Mikey Lewis,2.6284,7.6372,10.2656
6050,Mikey Williams,-3.3011,2.8587,-0.4425
6051,Mikhail Pocknett,-0.372,-0.4626,-0.8346
6052,Mikkel Tyne,-2.6677,1.4369,-1.2308
6053,Milan Mejia,-2.0302,-3.0682,-5.0984
6054,Milan Momcilovic,1.5629,10.0437,11.6066
6055,Miles Amos,0.4832,-0.719,-0.2358
6056,Miles Barnstable,-2.198,7.8746,5.6766
6057,Miles Brewster,-0.7702,1.6726,0.9024
6058,Miles Brown,1.0838,3.9917,5.0755
6059,Miles Byrd,3.6547,6.1357,9.7903
6060,Miles Daniels,0.9508,0.1832,1.1339
6061,Miles Franklin,0.1787,-0.4215,-0.2428
6062,Miles Goodman,-0.4527,-4.4302,-4.8829
6063,Miles Hall,-0.954,0.128,-0.826
6064,Miles Heide,1.9423,2.3741,4.3164
6065,Miles Hicks,-2.9183,-0.0102,-2.9285
6066,Miles Jones,-0.4019,-2.2684,-2.6704
6067,Miles Keeffe,-0.1161,-0.135,-0.2511
6068,Miles Kelly,-0.2391,6.616,6.3769
6069,Miles Klapper,0.6504,2.0092,2.6596
6070,Miles Latimer,-1.4657,0.6539,-0.8119
6071,Miles Lewis,-2.034,0.2002,-1.8338
6072,Miles Mitchell,-0.9085,-3.6482,-4.5567
6073,Miles Newton,0.4796,-0.2052,0.2745
6074,Miles Rose,-2.7618,-2.6285,-5.3903
6075,Miles Rubin,0.2867,2.5914,2.8781
6076,Miles Stewart,-2.4304,-0.1162,-2.5466
6077,Miles Webb,-3.0371,-0.3453,-3.3823
6078,Miles White,-0.0514,-1.8671,-1.9185
6079,Milos Ilic,1.3696,2.6204,3.99
6080,Milos Kovacevic,-0.1135,0.0178,-0.0956
6081,Milos Nenadic,-1.0502,2.2649,1.2147
6082,Milos Uzan,2.4875,7.6993,10.1868
6083,Milos Vicentic,-0.3794,0.0083,-0.3711
6084,Milton Matthews,-4.4291,4.3634,-0.0657
6085,Mintautas Mockus,-1.6408,-1.2283,-2.8692
6086,Miro Little,1.1007,4.3872,5.4879
6087,Miroslav Stafl,-1.6042,-2.327,-3.9311
6088,Misha Bednostin,0.1361,-1.3067,-1.1706
6089,Mister Dean,2.0005,4.6776,6.6781
6090,Mitch Fischer,-1.8144,-2.1087,-3.9232
6091,Mitch Mascari,0.7836,1.3937,2.1773
6092,Mitch Williams,-1.2565,0.7089,-0.5476
6093,Mitchel Minor,0.0281,0.0241,0.0522
6094,Mitchell Chaffee,-1.2726,0.0544,-1.2182
6095,Mitchell Holmes,0.0642,0.3425,0.4067
6096,Mitchell Saxen,4.0222,7.9593,11.9814
6097,Mitchell Taylor,-2.1747,1.5615,-0.6132
6098,Mo Arnold,-2.7379,-1.2711,-4.009
6099,Mo Njie,-1.8481,-2.8894,-4.7375
6100,Mo Sall,0.0349,-0.2723,-0.2374
6101,Mo Sow,0.0212,0.2815,0.3027
6102,Mobi Ikegwuruka,2.8887,-0.9753,1.9134
6103,Modestas Kancleris,0.9889,2.3156,3.3045
6104,Moe Odum,-0.7277,6.759,6.0313
6105,Mohamad Diallo,-0.7095,-1.9078,-2.6172
6106,Mohamed Binzagr,-0.2913,-0.6255,-0.9168
6107,Mohamed Diarra,2.2005,5.2727,7.4733
6108,Mohamed Keita,-0.5892,-1.2233,-1.8125
6109,Mohamed Maxamud,-0.0351,0.1442,0.1091
6110,Mohamed Sanogo,-1.9772,-1.7453,-3.7225
6111,Mohamed Sylla,0.2385,-0.5974,-0.3589
6112,Mohamed Wague,3.3175,6.7678,10.0853
6113,Mohammad Habhab,-1.2802,2.2329,0.9527
6114,Momo Nkugwa,0.1025,0.4055,0.508
6115,Money Williams,-1.3614,4.8612,3.4999
6116,Montana Wheeler,-1.6767,1.8952,0.2185
6117,Montavious Myrick,-2.2453,3.9992,1.7539
6118,Monty Bowser,-1.2921,-2.6752,-3.9673
6119,Mookie Cook,-1.5516,2.5578,1.0062
6120,Mor Seck,0.3347,-2.8724,-2.5376
6121,Morez Johnson,3.3902,5.1803,8.5705
6122,Morgan Safford,-1.3542,4.3386,2.9844
6123,Morrell Schramm,-0.7888,1.2808,0.492
6124,Morris Ugusuk,-0.628,2.8181,2.19
6125,Moses Flowers,-0.8562,1.1818,0.3256
6126,Moses Horne,-3.562,-3.1433,-6.7053
6127,Moses Wood,0.191,6.5122,6.7032
6128,Mosi Clayton,-0.7764,-0.7362,-1.5126
6129,Mostapha El Moutaouakkil,-0.2571,3.7289,3.4718
6130,Motiejus Krivas,5.4136,6.6526,12.0662
6131,Mouhamadou Cisse,-0.1039,-0.0547,-0.1586
6132,Mouhamadou Dioum,-0.823,-0.5173,-1.3402
6133,Mouhamed Dioubate,2.4639,8.5591,11.023
6134,Mouhamed Mbaye,1.3129,-1.3053,0.0076
6135,Mouhamed Sow,-0.8134,-0.0801,-0.8935
6136,Mouhamed Sylla,0.6277,-0.5722,0.0555
6137,Moulaye Sissoko,0.5625,3.757,4.3195
6138,Mounir Hima,-0.037,-1.7679,-1.8049
6139,Moussa Cisse,1.5556,0.5824,2.138
6140,Moustapha Sanoh,-1.0011,-0.4076,-1.4087
6141,Moustapha Thiam,1.9749,3.1188,5.0937
6142,Mozae Downing-Rivers,0.469,-3.1585,-2.6895
6143,Mujahiid Burton,-2.9289,1.3654,-1.5635
6144,Muneer Newton,-2.4419,3.865,1.4231
6145,Muodubem Muoneke,-1.965,-0.7616,-2.7266
6146,Muon Reath,0.8918,0.5099,1.4017
6147,Musa Sagnia,2.1172,2.4705,4.5877
6148,Mustafo Vanjov,-0.6586,-2.6426,-3.3011
6149,Mustapha Amzil,-0.1839,1.5595,1.3755
6150,Mwani Wilkinson,0.5927,1.7644,2.3571
6151,Mykell Robinson,-0.352,-1.6152,-1.9672
6152,Mykol Sanchez-Vega,-0.1958,-1.1779,-1.3736
6153,Mykolaus Ivanauskas,-2.4722,-1.1943,-3.6665
6154,Myles Blackley,0.8597,0.1964,1.0561
6155,Myles Che,1.3234,-0.8075,0.5159
6156,Myles Colvin,-1.0079,1.8531,0.8453
6157,Myles Corey,0.1789,4.4789,4.6578
6158,Myles Foster,1.7668,3.2087,4.9755
6159,Myles Jenkins,-1.6499,-0.4382,-2.088
6160,Myles Parker,0.9677,-0.007,0.9607
6161,Myles Rice,1.1223,2.4009,3.5232
6162,Myles Rigsby,0.8119,3.1611,3.973
6163,Myles Stute,-1.6152,2.4663,0.8511
6164,Myles Tate,1.3449,3.3942,4.7391
6165,Myles Thompson,-1.5093,-1.4276,-2.9369
6166,Myles Walker,-0.6789,0.6402,-0.0387
6167,Myles Watkins,-5.3005,-0.3815,-5.682
6168,Myles Wilmoth,0.6302,-4.4573,-3.8271
6169,Mylik Wilson,1.1487,2.241,3.3896
6170,Mylyjael Poteat,0.1193,2.6644,2.7837
6171,Mynor Strong,1.0428,2.5026,3.5454
6172,Myron Amey,-2.8347,5.5289,2.6942
6173,N'Faly Dante,3.9332,6.1622,10.0953
6174,N'famara Dabo,0.644,1.3464,1.9904
6175,ND Okafor,-1.255,1.1212,-0.1338
6176,NJ Benson,0.9723,6.3578,7.33
6177,NaVaughn Long,-1.7296,-0.0563,-1.7859
6178,Naas Cunningham,-2.2972,1.4087,-0.8884
6179,Nadjrick Peat,1.2387,-3.4693,-2.2306
6180,Naeem Lewis,0.5953,0.5858,1.1811
6181,Naheem McLeod,2.5752,1.3964,3.9716
6182,Nahiem Alleyne,-1.5223,2.701,1.1787
6183,Naim Miller,-2.1031,-0.1088,-2.2119
6184,Naithan George,-0.6358,6.6813,6.0455
6185,Naj Ashley-Emory,-1.4531,0.1669,-1.2863
6186,Najai Hines,4.3082,4.1805,8.4887
6187,Nakavieon White,-2.5756,2.7516,0.176
6188,Nakyel Shelton,-1.8255,3.9824,2.1568
6189,Nana Antwi-Boasiako,2.2273,2.9291,5.1565
6190,Nana Owusu-Anane,1.6876,5.212,6.8996
6191,Nas Hart,-1.8853,-0.7075,-2.5927
6192,Nasan Ayala,0.0742,-1.0755,-1.0013
6193,Naseem Gaskin,1.4039,-2.5979,-1.194
6194,Nasir DeGruy,-0.4623,-2.1532,-2.6156
6195,Nasir Mann,-3.1164,6.2204,3.1041
6196,Nasir Meyer,-1.6522,6.7973,5.1451
6197,Nasir Muhammad,-5.4311,3.4244,-2.0068
6198,Nasir Rodriguez,-0.8451,-0.9352,-1.7803
6199,Nasir Whitlock,-4.2151,4.0584,-0.1567
6200,Nassim Mashhour,-2.2387,3.4373,1.1986
6201,Nate Ament,1.5373,5.8699,7.4072
6202,Nate Barnhart,0.7359,0.6858,1.4217
6203,Nate Bittle,1.1567,4.8941,6.0509
6204,Nate Brafford,0.9609,2.4278,3.3888
6205,Nate Calmese,-2.2717,6.0424,3.7707
6206,Nate Deer,-2.5461,-0.8149,-3.361
6207,Nate Ferguson,-0.596,0.7046,0.1086
6208,Nate Fleisher,-0.2668,-0.1553,-0.422
6209,Nate Fouts,-3.285,1.9597,-1.3253
6210,Nate Francois,-0.1983,-0.5666,-0.7649
6211,Nate Garcia,-0.9208,0.2769,-0.6439
6212,Nate Guerengomba,-1.6783,0.1049,-1.5735
6213,Nate Heise,1.0631,6.7535,7.8166
6214,Nate Hudson,-1.3275,-0.732,-2.0594
6215,Nate Johnson,-2.0733,5.4693,3.396
6216,Nate Kasher,-0.1021,-0.0059,-0.1079
6217,Nate Kingz,1.1168,7.1011,8.2179
6218,Nate Lliteras,-2.574,3.4748,0.9008
6219,Nate Martin,-0.6722,4.7404,4.0682
6220,Nate McClure,-0.1046,2.9955,2.891
6221,Nate Pickens,-0.7414,4.611,3.8696
6222,Nate Santos,-1.8471,6.9185,5.0714
6223,Nate Tshimanga,2.3309,-3.2077,-0.8768
6224,Nathan Claerbaut,-0.9631,4.117,3.1539
6225,Nathan Dudukovich,-3.2295,-0.6551,-3.8846
6226,Nathan Johnson,-2.6539,2.9064,0.2525
6227,Nathan McGill,-0.5701,-1.1208,-1.6909
6228,Nathan Ojukwu,0.3107,0.6833,0.994
6229,Nathan Self,-0.643,-1.0836,-1.7266
6230,Naz Brown,-3.5159,-3.1479,-6.6638
6231,Nazar Mahmoud,-3.5111,-0.2313,-3.7424
6232,Nazareth Fisher,-3.5301,-3.1386,-6.6686
6233,Nazir Williams,-2.2645,4.2797,2.0152
6234,Ndewedo Newbury,1.5536,3.9958,5.5494
6235,Neal Begovich,0.6753,-0.0607,0.6146
6236,Neal Marquardt,-0.3326,-1.5845,-1.9171
6237,Neal Quinn,1.1713,4.8456,6.0168
6238,Ned Hull,-0.6886,1.7276,1.0391
6239,Neel Beniwal,-0.2327,-4.7278,-4.9605
6240,Neftali Alvarez,-1.3949,-1.0221,-2.417
6241,Nehemiah Benson,-3.9082,2.727,-1.1812
6242,Nehemiah Turner,-2.8075,-1.1913,-3.9988
6243,Nehemie Kabeya,-0.5682,-0.1727,-0.7409
6244,Nelly Joseph,2.7208,0.9475,3.6683
6245,Nemanja Sarenac,-0.8166,1.6603,0.8437
6246,Nemo Johnson,-0.9983,-1.1515,-2.1498
6247,Nendah Tarke,-0.2011,3.0634,2.8623
6248,Neoklis Avdalas,0.6272,4.4221,5.0493
6249,Nes Emeneke,1.4458,-2.2319,-0.786
6250,Nestor Dyachok,-1.7978,-1.0213,-2.8191
6251,Nevin Ibroci,-0.7218,-0.7768,-1.4986
6252,Nginyu Ngala,-0.1852,0.5417,0.3566
6253,Nic Anthony,-0.3452,0.232,-0.1132
6254,Nic Book,-1.1975,-1.6425,-2.8399
6255,Nic Codie,-2.0086,2.6672,0.6586
6256,Nic McClain,-0.7893,0.6172,-0.1721
6257,Nic Smith,-0.4487,-0.2149,-0.6636
6258,Nicco DiGiulio,-0.5366,-1.3513,-1.8879
6259,Niccolo Kalischer-Stork,-0.1439,-0.1771,-0.321
6260,Niccolo Moretti,-1.1223,2.3389,1.2166
6261,Nicholas Errica,0.0808,-0.0729,0.0079
6262,Nicholas Jourdain,1.1333,3.416,4.5493
6263,Nicholas Margetson,-0.6127,-2.2024,-2.8151
6264,Nicholas Randall,-0.3917,-1.7866,-2.1783
6265,Nicholas Sanford,-0.2695,-0.7034,-0.9729
6266,Nicholas Shogbonyo,-3.0151,1.6907,-1.3244
6267,Nick Alves,0.0925,0.367,0.4595
6268,Nick Anderson,-2.9049,10.315,7.4101
6269,Nick Blake,-2.1819,0.2265,-1.9554
6270,Nick Boyd,-0.7258,8.3104,7.5846
6271,Nick Caldwell,-0.0031,6.6662,6.6631
6272,Nick Cassano,-0.1636,-0.4951,-0.6586
6273,Nick Choate,-0.0383,0.1284,0.0901
6274,Nick Coval,-0.9186,3.4292,2.5106
6275,Nick Davidson,-0.6696,8.0512,7.3816
6276,Nick Davis,0.284,-0.7761,-0.4921
6277,Nick Del Bosque,-0.2242,-4.7253,-4.9495
6278,Nick Dorn,-1.2186,4.2301,3.0116
6279,Nick Ellington,2.8544,2.6447,5.4991
6280,Nick Evans,-1.3241,-0.6777,-2.0018
6281,Nick Farrar,-0.9433,1.6019,0.6586
6282,Nick Fiorillo,-1.68,0.3899,-1.2901
6283,Nick Gazelas,-3.1993,-0.5671,-3.7665
6284,Nick Hittle,-1.3664,-1.7008,-3.0672
6285,Nick Honor,-3.3843,2.7049,-0.6794
6286,Nick Janowski,-2.8946,3.4866,0.592
6287,Nick Johnson,-0.8197,2.4041,1.5844
6288,Nick Kern,-0.8263,3.1789,2.3526
6289,Nick Kramer,-1.0211,-0.8496,-1.8707
6290,Nick Krass,-2.9793,-3.6803,-6.6595
6291,Nick Lombardi,-0.536,-0.4815,-1.0175
6292,Nick Marshall,-0.6703,-0.4136,-1.0839
6293,Nick Martinelli,-2.4995,10.344,7.8445
6294,Nick McMullen,-2.1289,1.9691,-0.1598
6295,Nick Mullen,-1.7242,-0.2684,-1.9927
6296,Nick Pringle,1.4526,3.7034,5.156
6297,Nick Randall,-0.2911,-0.1335,-0.4246
6298,Nick Richart,-0.4883,-2.5546,-3.043
6299,Nick Sanders,-1.0371,-0.2393,-1.2763
6300,Nick Sanford,0.2277,-0.2245,0.0032
6301,Nick Spinoso,-2.7678,-0.49,-3.2579
6302,Nick Townsend,-2.8052,8.5743,5.7691
6303,Nick Walters,-0.0364,0.0683,0.032
6304,Nick Woodard,-7.1156,-0.5695,-7.685
6305,Nico Galette,-2.9558,5.3251,2.3693
6306,Nico Nobili,-0.0953,1.1177,1.0224
6307,Nicolas Louis-Jacques,-3.0717,0.6196,-2.452
6308,Nicolas Timberlake,-0.9551,0.234,-0.7211
6309,Nicolo Romanelli,-1.9721,0.8665,-1.1056
6310,Nicolus Anderson,-1.9752,-0.7532,-2.7284
6311,Niels Lane,-0.2861,1.4043,1.1183
6312,Nigel Burris,-4.5078,1.3963,-3.1115
6313,Nigel Clarkson,-1.5443,-1.3219,-2.8661
6314,Nigel James,-1.7252,2.7547,1.0295
6315,Nigel Walls,0.0323,-0.7808,-0.7486
6316,Nigle Cook,-0.4874,-0.1816,-0.6689
6317,Nijel Pack,-1.6785,9.2709,7.5924
6318,Nik Graves,-1.7651,8.4383,6.6733
6319,Nik Hendrix,-0.1954,0.1102,-0.0852
6320,Nik Stadelman,-0.2137,-0.4668,-0.6804
6321,Nika Metskhvarishvili,-2.6619,5.2184,2.5566
6322,Nikita Konstantynovskyi,-0.1215,1.6093,1.4878
6323,Niklas Polonowski,-3.1548,0.1194,-3.0354
6324,Niko Abusara,-1.1546,1.5358,0.3812
6325,Niko Bundalo,-0.3874,-0.4689,-0.8563
6326,Niko Rocak,5.2105,0.3494,5.56
6327,Niko Ruffin,-0.1871,-0.2624,-0.4495
6328,Nikola Dimitrijevic,0.733,-3.6702,-2.9372
6329,Nikola Djapa,0.4728,-1.0596,-0.5869
6330,Nikola Dzepina,-0.7392,0.8716,0.1323
6331,Nikola Milosevic,-2.0219,-1.7004,-3.7223
6332,Nikola Radovanovic,-0.9232,-0.8431,-1.7663
6333,Nikolaos Chitikoudis,-0.793,1.2966,0.5036
6334,Nikolas Fotopoulos,-0.3765,-0.7124,-1.0889
6335,Nikolas Khamenia,2.5762,3.2279,5.8041
6336,Nilavan Daniels,-0.3644,2.1904,1.826
6337,Nilavan Jotham Daniels,0.7436,-0.9768,-0.2332
6338,Nils Cooper,-1.1023,4.1686,3.0662
6339,Nils Machowski,-1.5749,5.904,4.329
6340,Nimari Burnett,1.0229,5.5305,6.5534
6341,Nique Clifford,4.4536,11.5356,15.9893
6342,Niyi Olabode,0.3465,2.1689,2.5155
6343,Niyol Hauet,-0.344,-0.3769,-0.7209
6344,Nnaemeka Ikechi,-0.2584,-0.0514,-0.3098
6345,Nnanna Njoku,0.4696,-3.5922,-3.1226
6346,Noa Gonsalves,-2.2047,4.1288,1.9241
6347,Noah Amenhauser,-2.6881,3.0332,0.3451
6348,Noah Barnett,-0.3329,1.2527,0.9199
6349,Noah Batchelor,-2.8524,4.7649,1.9126
6350,Noah Best,-1.0009,-1.4887,-2.4896
6351,Noah Bolanga,-2.9509,1.4505,-1.5003
6352,Noah Boyde,-1.4449,-2.2057,-3.6506
6353,Noah Carter,-0.3336,2.7636,2.43
6354,Noah Collier,-3.0371,5.2574,2.2203
6355,Noah Farrakhan,-2.0629,4.539,2.4761
6356,Noah Feddersen,-1.3126,2.9647,1.6521
6357,Noah Fernandes,-0.2522,-0.7883,-1.0405
6358,Noah Freidel,-0.1508,5.7786,5.6278
6359,Noah Haaland,-0.1875,-0.3988,-0.5862
6360,Noah Harris,-0.4763,-1.46,-1.9363
6361,Noah Hill,0.2797,0.1758,0.4554
6362,Noah Jones,-0.6627,-1.0542,-1.7169
6363,Noah Jordan,-0.1467,-1.3099,-1.4567
6364,Noah Lobdell,-0.4839,-0.4007,-0.8846
6365,Noah McDavid,-0.559,-0.2243,-0.7833
6366,Noah Meeusen,1.2277,1.7688,2.9965
6367,Noah Melson,-3.5775,0.8672,-2.7103
6368,Noah Norgaard,-3.7523,0.1336,-3.6187
6369,Noah Otshudi,-5.1181,3.226,-1.8922
6370,Noah Reynolds,0.5673,4.6683,5.2356
6371,Noah Robledo,-1.8402,2.7766,0.9364
6372,Noah Rogers,0.1003,0.007,0.1074
6373,Noah Ross,-1.5289,5.1141,3.5852
6374,Noah Shelby,-2.5297,-0.5162,-3.0459
6375,Noah Taitz,-0.475,1.3941,0.9191
6376,Noah Thomasson,0.014,3.9078,3.9218
6377,Noah Van Bibber,-1.1034,1.8501,0.7467
6378,Noah Waterman,-0.3678,2.28,1.9123
6379,Noah Williams,-0.175,-1.1734,-1.3484
6380,Noah Williamson,-0.0665,3.6231,3.5566
6381,Noam Dovrat,-0.7886,2.7747,1.9861
6382,Nobal Days,1.2448,-3.0302,-1.7854
6383,Noble Crawford,-1.1826,1.3856,0.203
6384,Noel Brown,0.3916,2.4777,2.8693
6385,Noel Coleman,-0.1245,3.1781,3.0536
6386,Nojus Indrusaitis,-1.0848,1.6129,0.5281
6387,Nolan Causwell,-0.7201,-5.5968,-6.3169
6388,Nolan Dorsey,1.1137,1.1166,2.2302
6389,Nolan Groves,0.2845,-0.1542,0.1304
6390,Nolan Hickman,1.0894,6.5362,7.6256
6391,Nolan Hodge,-2.556,5.6921,3.1361
6392,Nolan Minessale,-0.1323,5.568,5.4358
6393,Nolan Naess,-0.2998,0.072,-0.2278
6394,Nolan Winter,1.7852,7.7498,9.5349
6395,Norchad Omier,1.723,6.0144,7.7375
6396,Nordin Kapic,1.8395,1.5863,3.4258
6397,Novak Perovic,0.2527,-0.1899,0.0628
6398,Ny'Mire Little,-3.2056,-0.6352,-3.8408
6399,Nyk Lewis,0.509,5.1267,5.6357
6400,Nyle Ralph-Beyer,-5.4135,3.7361,-1.6774
6401,Nyles Howard,0.551,-2.1791,-1.6281
6402,Nyzaiah Chambers,-1.3546,-2.8175,-4.1721
6403,O'Mar Stanley,-0.9269,4.1838,3.257
6404,O'Marion Harvey,-0.9164,-2.2438,-3.1602
6405,O'zhell Jackson,0.618,-1.248,-0.6301
6406,OD Ogunbo,-0.3553,-0.371,-0.7264
6407,Oakland Fort,-1.2433,1.5605,0.3173
6408,Obadiah Curtis,-0.3501,-1.1246,-1.4747
6409,Obi Agbim,-0.7491,6.2837,5.5346
6410,Obinna Anochili-Killen,1.1546,4.1835,5.3381
6411,Obinnaya Okafor,-0.268,0.0173,-0.2507
6412,Obomate Abbey,-0.4502,-0.6771,-1.1272
6413,Ocypher Owens,-4.3277,-0.8777,-5.2054
6414,Ody Oguama,1.5273,-1.7185,-0.1913
6415,Ofri Naveh,0.8207,0.3336,1.1543
6416,Ofure Ujadughele,4.3572,-0.9941,3.363
6417,Ogheneyole Akuwovo,1.6747,-2.3708,-0.696
6418,Ognjen Stankovic,-1.4752,0.558,-0.9172
6419,Okechukwu Okeke,-3.5043,2.8473,-0.6571
6420,Okku Federiko,-2.6487,1.9181,-0.7307
6421,Ola Ajiboye,0.1323,0.6539,0.7862
6422,Olajuwon Ibrahim,0.3102,-2.8838,-2.5736
6423,Olavi Suutela,-0.5739,0.2517,-0.3222
6424,Oleg Kojenets,0.1329,-3.0406,-2.9076
6425,Oleksandr Kobzystyi,-1.4878,0.4368,-1.051
6426,Oliver Faubert,-0.0629,-0.3475,-0.4103
6427,Olivier Nkamhoua,0.3426,4.3136,4.6562
6428,Olivier Rioux,-0.6555,-0.1553,-0.8108
6429,Olumide Adelodun,-1.926,2.049,0.123
6430,Oluwasegun Durosinmi,1.7217,-0.4296,1.2921
6431,Omaha Biliew,0.6568,2.2846,2.9414
6432,Omar Adegbola,-1.7794,0.0357,-1.7438
6433,Omar Cooper,1.991,-1.8106,0.1804
6434,Omar Croskey,-0.4399,3.2251,2.7852
6435,Omar Harris,-1.5826,-1.4714,-3.054
6436,Omar Migues-Hibeljic,-0.6308,-0.004,-0.6348
6437,Omar Payne,3.2827,-2.5014,0.7813
6438,Omari Hamilton,-3.5088,-0.8949,-4.4037
6439,Omari Moore,-0.2937,-0.1212,-0.4149
6440,Omari Peek,-1.9912,-0.8938,-2.885
6441,Omari Witherspoon,-0.3398,0.5075,0.1677
6442,Omarion Henry,-0.1948,-0.3665,-0.5614
6443,Omer Hamama,-1.684,0.2972,-1.3868
6444,Omer Mayer,-2.0608,2.4138,0.353
6445,Omer Suljanovic,-1.2688,-1.0139,-2.2827
6446,Onyx Nnani,-0.0984,0.1114,0.013
6447,Onyx Pastoriza,-0.3312,0.2406,-0.0906
6448,Orlando Horton,-2.2538,-2.0732,-4.327
6449,Orlando Lovejoy,-1.43,1.7872,0.3572
6450,Osa Obasohan,-0.6011,-0.7962,-1.3974
6451,Osborn Shema,-1.2954,-0.2405,-1.5359
6452,Oscar Berry,-1.9228,0.9887,-0.9341
6453,Oscar Cluff,1.947,10.6471,12.5941
6454,Oscar Goodman,-0.5922,0.6553,0.0631
6455,Oscar Hourruitiner,-0.3057,-0.4986,-0.8043
6456,Ose Okojie,-1.867,0.32,-1.547
6457,Osei Price,-1.2908,-0.9052,-2.196
6458,Osiris Grady,-2.8709,0.3128,-2.5581
6459,Oskar Giltay,1.8771,-0.3327,1.5444
6460,Oskar Palmquist,1.4791,-2.0106,-0.5315
6461,Oso Ighodaro,3.5817,4.8025,8.3842
6462,Oswin Erhunmwunse,1.4094,4.6233,6.0327
6463,Otega Oweh,1.3061,6.3042,7.6102
6464,Otis Frazier,2.245,5.2813,7.5263
6465,Oton Jankovic,-2.2803,-1.5691,-3.8493
6466,Otto Landrum,-0.9512,2.5692,1.6181
6467,Otto Luessenhop,-0.5367,-0.0007,-0.5374
6468,Oumar Ballo,3.1987,6.4659,9.6646
6469,Oumar Koureissi,-1.1453,-4.7499,-5.8952
6470,Owen Aquino,3.2287,1.7435,4.9722
6471,Owen Dease,0.29,3.6721,3.9621
6472,Owen Derhmann,-2.4195,-0.3857,-2.8052
6473,Owen Freeman,1.7202,3.6646,5.3848
6474,Owen Gray,-0.0238,-0.0898,-0.1135
6475,Owen Kmety,-0.4413,-0.2462,-0.6874
6476,Owen Koonce,-2.2654,6.4457,4.1803
6477,Owen LaRocca,-1.5568,-0.1366,-1.6934
6478,Owen Larson,-2.3877,3.2053,0.8176
6479,Owen Lobsinger,-3.4951,3.8507,0.3555
6480,Owen McCormack,-2.6767,3.7359,1.0591
6481,Owen McGlashan,1.1993,1.5913,2.7907
6482,Owen Odom,-0.488,-0.1639,-0.6518
6483,Owen Ritger,-0.7582,-0.8486,-1.6068
6484,Owen Schlager,0.1183,-1.8245,-1.7062
6485,Owen Spencer,-0.1256,-0.2723,-0.3979
6486,Owen Varnado,-1.1425,-3.0649,-4.2074
6487,Oziyah Sellers,-0.6229,4.7842,4.1612
6488,PJ Carter,-4.6709,5.3237,0.6528
6489,PJ Dobuol,2.273,-1.2415,1.0316
6490,PJ Eason,0.666,-1.8505,-1.1845
6491,PJ Edwards,-1.9324,-2.5783,-4.5107
6492,PJ Farmer,-1.5862,-1.9414,-3.5276
6493,PJ Fuller,-1.5759,-1.4304,-3.0063
6494,PJ Haggerty,0.7181,9.343,10.0611
6495,PJ Hall,0.4364,5.6191,6.0556
6496,PJ Hayes,-2.665,4.9728,2.3078
6497,PJ Henry,-1.1013,2.8122,1.7108
6498,PJay Smith,-1.3525,4.3237,2.9713
6499,Pablo Navarro,-0.9232,1.3201,0.3969
6500,Pablo Soumare,-1.4216,-2.7032,-4.1248
6501,Pablo Tamba,1.7326,4.754,6.4866
6502,Pano Pavlidis,-2.1665,-2.7744,-4.9409
6503,Papa Amadou Kante,0.3613,1.0432,1.4045
6504,Pape N'Diaye,1.1199,-0.1388,0.9812
6505,Parby Kabamba,-0.7762,0.6985,-0.0776
6506,Paris Dawson,1.7074,3.3674,5.0748
6507,Parker Bjorklund,-0.3176,3.0562,2.7386
6508,Parker Braun,1.6286,0.704,2.3327
6509,Parker Fox,2.7144,2.3495,5.0639
6510,Parker Friedrichsen,-1.6643,3.8997,2.2354
6511,Parker Gerrits,0.6659,2.0574,2.7234
6512,Parker Jones,-2.1731,2.4047,0.2316
6513,Parker Robison,0.6426,-0.0605,0.5821
6514,Parker Strauss,1.0108,-1.4013,-0.3905
6515,Parsa Fallah,0.4419,4.9391,5.381
6516,Pasha Goodarzi,-4.7855,2.3471,-2.4383
6517,Pasha Shemirani,-0.1537,-0.6164,-0.7701
6518,Pat Suemnick,-1.4873,1.6253,0.1379
6519,Patrick Antonelli,-0.2728,-0.4819,-0.7547
6520,Patrick Bath,-0.1516,0.4135,0.2619
6521,Patrick Cartier,0.5452,1.3353,1.8806
6522,Patrick Cassidy,-1.2243,-0.89,-2.1143
6523,Patrick Chew,0.3081,-0.2647,0.0434
6524,Patrick D'Arcy,-0.3854,-1.4566,-1.842
6525,Patrick Haigh,-1.445,-1.6576,-3.1027
6526,Patrick Iriel,0.3309,-2.1929,-1.862
6527,Patrick McCaffery,-2.8931,6.0788,3.1858
6528,Patrick McCraney,-1.4389,-0.7652,-2.2041
6529,Patrick McMahon,-2.6306,4.3085,1.6779
6530,Patrick Mwamba,1.6583,-2.0513,-0.393
6531,Patrick Ngongba,5.9488,7.2769,13.2257
6532,Patrick O'Brien,-1.4521,-0.2392,-1.6913
6533,Patrick Tivnan,-0.1445,0.9302,0.7856
6534,Patrick Wessler,1.8301,4.8197,6.6497
6535,Patton Pinkins,-0.6273,5.3157,4.6884
6536,Paul Bizimana,-0.985,-1.9947,-2.9797
6537,Paul Bruns,-3.5821,6.4722,2.8901
6538,Paul Djobet,-2.1024,3.8754,1.773
6539,Paul Gakmar,1.4539,-1.9413,-0.4873
6540,Paul Greene,-1.4682,-1.0882,-2.5563
6541,Paul Jones,-3.7,1.0886,-2.6114
6542,Paul Jordan,-0.157,0.0918,-0.0651
6543,Paul Lewis,-1.2256,-1.256,-2.4815
6544,Paul Lindberg,0.237,-0.4898,-0.2528
6545,Paul Mbiya,0.1514,-0.0456,0.1058
6546,Paul McMillan,-5.3175,2.4334,-2.8841
6547,Paul McNeil,-1.9584,6.8651,4.9068
6548,Paul Mulcahy,1.9355,0.8561,2.7916
6549,Paul Otieno,0.0093,5.0623,5.0716
6550,Paul Zilinskas,-3.0019,5.7977,2.7959
6551,Paulie Stramaglia,-0.8646,1.8754,1.0108
6552,Paulis Rapolis,-1.0166,-2.9533,-3.9699
6553,Paulius Murauskas,-0.5602,6.5776,6.0175
6554,Pavle Kuzmanovic,-1.638,0.051,-1.587
6555,Pavle Misic,-0.8946,-0.2278,-1.1225
6556,Pavle Stosic,-0.3518,0.5414,0.1896
6557,Pavlo Dziuba,-2.5747,-3.942,-6.5167
6558,Paxson Wojcik,-0.4372,-1.1117,-1.5488
6559,Paxton Davidson,-1.4517,-2.0581,-3.5098
6560,Paxton Payne,-0.4059,-0.0434,-0.4493
6561,Payton Kamin,-0.488,0.1048,-0.3832
6562,Payton Parrish,0.0745,-0.1327,-0.0582
6563,Payton Pitts,-0.2756,-0.9779,-1.2536
6564,Payton Sandfort,-0.6621,10.0734,9.4113
6565,Payton Sparks,-2.645,2.0434,-0.6016
6566,Pearse McGuinn,-1.7237,-4.1366,-5.8603
6567,Pearson Carmichael,-0.1683,3.7461,3.5778
6568,Pedro Lopez Sanvicente,-2.2076,-0.925,-3.1326
6569,Pedro Santos,1.6087,-0.7711,0.8376
6570,Pelle Larsson,2.3678,6.185,8.5528
6571,Percy Daniels,0.5623,-0.5754,-0.013
6572,Pero Zubac,0.1671,-0.8111,-0.644
6573,Perry Cowan,-3.4662,-1.3222,-4.7885
6574,Perry Smith,-3.0238,-0.7289,-3.7527
6575,Petar Krivokapic,-3.4586,0.8688,-2.5898
6576,Petar Majstorovic,-0.5507,5.882,5.3313
6577,Petar Pinter,-2.7929,-2.0964,-4.8894
6578,Peter Bandelj,-2.407,6.2667,3.8596
6579,Peter Carey,-0.4178,-0.816,-1.2338
6580,Peter Carr,-0.6974,-0.9146,-1.612
6581,Peter Dadson,-0.1779,0.0636,-0.1143
6582,Peter Filipovity,-1.3999,4.0882,2.6883
6583,Peter Fuchs,-1.0373,-0.6855,-1.7227
6584,Peter Kramer,-0.8936,-0.3674,-1.261
6585,Peter Noble,-0.3126,0.0381,-0.2745
6586,Peter Oduro,-2.5919,-1.4977,-4.0896
6587,Peter Sposito,-0.0148,-0.99,-1.0047
6588,Peter Suder,-1.5675,7.0139,5.4465
6589,Peteris Pinnis,0.8019,-0.0622,0.7398
6590,Petras Padegimas,-0.425,-1.5247,-1.9497
6591,Peyton Ackerman,0.1394,-0.5257,-0.3863
6592,Peyton Frey,-1.3833,0.2448,-1.1385
6593,Peyton Law,-0.048,2.6037,2.5557
6594,Peyton Marshall,2.3126,-2.5381,-0.2255
6595,Peyton Rogers,0.2477,-0.6322,-0.3846
6596,Peyton Seals,-0.6337,0.3381,-0.2956
6597,Peyton Smith,-1.4823,-1.7316,-3.2139
6598,Peyton White,-1.3619,2.0914,0.7295
6599,Pharaoh Compton,2.9004,4.8682,7.7686
6600,Pharell Boyogueno,0.1771,2.4972,2.6744
6601,Pharrel Payne,1.0826,5.1358,6.2184
6602,Phat Phat Brooks,-2.5803,0.8418,-1.7385
6603,Phil Jones,-0.2683,0.0988,-0.1695
6604,Philip Alston,0.467,-0.4079,0.0591
6605,Philip Byriel,-0.987,-0.6209,-1.608
6606,Phillip Kavu,-0.4431,-0.2314,-0.6745
6607,Phillip Russell,-0.4911,5.0849,4.5938
6608,Philmon Gebrewhit,-2.3653,1.8,-0.5653
6609,Phoenix Gill,0.4814,-0.7973,-0.3158
6610,Phoenix Glassnor,0.2018,-0.5554,-0.3536
6611,Pierce Bazil,-5.171,-2.1895,-7.3605
6612,Pierce Shirk,-0.8809,-0.5142,-1.3951
6613,Pierce Spencer,0.5421,-0.7146,-0.1725
6614,Pierce Thomas,-0.1982,-0.4804,-0.6786
6615,Pierre Brooks,-0.4549,6.9869,6.532
6616,Pierre Crockrell,-1.1259,3.8604,2.7345
6617,Pierre Geneste,-2.1448,-1.2466,-3.3914
6618,Piotr Winkowski,0.4852,-4.1572,-3.672
6619,Pip Ajayi,-0.3714,-0.5986,-0.97
6620,Po'Boigh King,-3.8086,6.7988,2.9902
6621,Ponce James,-3.3691,1.2877,-2.0814
6622,Poohpha Warakulnukroh,-0.1462,-0.516,-0.6621
6623,Pop Isaacs,-0.9851,5.8554,4.8703
6624,Porter Bazil,-1.12,-0.4934,-1.6134
6625,Porter Ihnen,-0.375,0.2485,-0.1265
6626,Posh Alexander,2.6217,2.7304,5.3521
6627,Precious Idiaru,0.218,-0.5183,-0.3003
6628,Preist Ryan,-2.2005,-1.0565,-3.257
6629,Presley Patterson,-0.0219,-0.0421,-0.0641
6630,Preston Clark,-0.3325,-0.5057,-0.8382
6631,Preston Copeland,-2.593,-1.7705,-4.3634
6632,Preston Edmead,-2.898,7.4035,4.5055
6633,Preston Fowler,-0.8678,2.0621,1.1942
6634,Preston Lee,-0.6545,0.6442,-0.0103
6635,Preston Murphy,0.01,0.0104,0.0204
6636,Preston Phillips,-0.3275,-0.05,-0.3775
6637,Preston Ruedinger,-2.3375,2.9978,0.6603
6638,Preston Squire,-0.9754,-1.3335,-2.3089
6639,Preston Turner,-1.055,-0.3905,-1.4455
6640,Preston Vandermyde,0.2284,-0.5973,-0.3689
6641,Primo Spears,-2.5514,2.5511,-0.0002
6642,Prince Aligbe,-0.0848,-0.8473,-0.9321
6643,Prince Davies,-0.1978,-0.8712,-1.069
6644,Prince Johnson,0.7609,-0.6094,0.1515
6645,Promise Idiaru,-0.9424,-1.111,-2.0533
6646,Promise Opurum,0.1579,-0.5851,-0.4272
6647,Prophet Johnson,-3.5366,6.1442,2.6076
6648,Pryce Sandfort,0.7507,13.2959,14.0465
6649,Przemek Hartman,-3.6242,-2.3832,-6.0073
6650,Puff Johnson,-1.559,3.7355,2.1765
6651,Qadir Martin,0.4699,1.7279,2.1978
6652,Qiant Myers,-1.2109,0.3717,-0.8391
6653,Quadir Copeland,0.4253,7.0381,7.4634
6654,Quadir Pettaway,-2.3689,1.6112,-0.7577
6655,Quan Lax,-0.6227,-2.1354,-2.7581
6656,Quandre Bullock,1.3006,4.3526,5.6532
6657,Quani Rudd,3.5517,0.7732,4.3249
6658,Quante Berry,-0.1198,2.2549,2.1352
6659,Quaran McPherson,-0.3421,0.4282,0.0861
6660,Qudus Wahab,1.8209,1.6593,3.4802
6661,Quel'Ron House,1.7688,2.9969,4.7657
6662,Quentin Bolton,-2.8321,1.9943,-0.8378
6663,Quentin Diboundje,0.872,2.0687,2.9406
6664,Quentin Duncan,-3.4214,0.0316,-3.3898
6665,Quentin Heady,-1.1521,0.4786,-0.6735
6666,Quentin Jones,-1.3536,3.1954,1.8418
6667,Quentin McCoy,-0.3438,-0.549,-0.8929
6668,Quentin Meza,-2.6471,1.5123,-1.1348
6669,Quentin Millora-Brown,0.5386,3.9415,4.48
6670,Quentin Southall,0.0611,-0.4082,-0.3471
6671,Ques Glover,-0.6174,-0.4057,-1.0231
6672,Quest Aldridge,-0.5434,1.2765,0.733
6673,Quimari Peterson,-1.2656,6.0916,4.826
6674,Quin Berger,-0.6907,-2.766,-3.4567
6675,Quin Gorman,-0.677,-0.0498,-0.7268
6676,Quin Patterson,-2.2074,1.6792,-0.5283
6677,Quincy Adams,-0.9235,-0.3018,-1.2253
6678,Quincy Ademokoya,-2.5324,1.436,-1.0963
6679,Quincy Allen,-2.1287,-0.71,-2.8387
6680,Quincy Anderson,-2.9061,3.8137,0.9076
6681,Quincy Ballard,2.1495,6.3168,8.4664
6682,Quincy Clark,-0.828,0.8689,0.0408
6683,Quincy Guerrier,1.5352,3.5908,5.126
6684,Quincy McGriff,-3.4395,-3.4082,-6.8477
6685,Quincy Olivari,0.2933,7.344,7.6374
6686,Quinlan Bennett,-0.9144,-1.9237,-2.8381
6687,Quinn Corna,-0.7196,-0.4025,-1.122
6688,Quinn Denker,-2.8882,5.0302,2.142
6689,Quinn Guth,-0.2188,-0.5075,-0.7263
6690,Quinn Nielsen,-2.4218,-1.5551,-3.9769
6691,Quinn Peters,-1.5177,-0.9403,-2.458
6692,Quinn Slazinski,-0.6314,4.4615,3.8301
6693,Quinn Strander,0.5552,-1.6281,-1.0729
6694,Quinn Woidke,-1.2051,4.031,2.8259
6695,Quinten Post,2.5807,6.4688,9.0495
6696,Quintin Cooper,-0.9162,-1.5333,-2.4495
6697,Quintin Murrell,-0.6362,-2.1503,-2.7865
6698,Quinton Livingston,-0.6388,-0.3706,-1.0094
6699,Quinton Mincey,-5.0331,4.1238,-0.9093
6700,Quinton Morton-Robertson,-1.8173,4.8418,3.0245
6701,Quinton Perkins,-1.342,3.2235,1.8815
6702,Quinton Webb,1.1496,-0.2299,0.9197
6703,Quion Burns,-1.1333,2.4339,1.3005
6704,Quion Williams,-1.4191,2.7008,1.2817
6705,Quorien Waldon,-0.5779,-1.0478,-1.6257
6706,Quron Elliott,-4.1431,-0.0124,-4.1555
6707,Qwanzi Samuels,-3.1409,-0.5495,-3.6905
6708,RJ Blakney,-1.1861,2.2214,1.0352
6709,RJ Davis,2.1524,9.5658,11.7182
6710,RJ Felton,-2.0595,8.9164,6.8569
6711,RJ Godfrey,4.0472,4.7592,8.8064
6712,RJ Greene,-2.6007,-0.4841,-3.0848
6713,RJ Greer,-1.1306,1.9565,0.8259
6714,RJ Horry,0.643,0.4739,1.1169
6715,RJ Johnson,-3.6163,6.7164,3.1
6716,RJ Jones,-2.9431,0.4402,-2.503
6717,RJ Keene,3.6119,4.4346,8.0465
6718,RJ Kennah,-0.3137,-0.3436,-0.6573
6719,RJ Kennedy,-1.2668,1.6412,0.3743
6720,RJ Luis,2.0462,5.3905,7.4367
6721,RJ McGee,-0.9607,0.1346,-0.8261
6722,RJ Melendez,1.1896,4.3537,5.5433
6723,RJ Nance,-2.0842,-2.8004,-4.8846
6724,RJ Smith,1.278,3.5009,4.7788
6725,RJ Spencer,-0.3959,-0.3925,-0.7884
6726,RJ Sunahara,0.7853,-0.5379,0.2475
6727,RJ Taylor,0.5805,-0.1894,0.3911
6728,Ra'Heim Moss,2.5546,0.6853,3.2399
6729,RaSheed Jones,-3.6666,4.4512,0.7846
6730,Race Herr,-0.0129,-1.3671,-1.3801
6731,Radek Homer,-0.3836,-1.2769,-1.6605
6732,RaeQuan Battle,-0.428,2.4141,1.986
6733,Raekwon Horton,-1.2216,3.586,2.3643
6734,Raeshun McGregory,-3.5366,-2.5384,-6.0751
6735,Rafael Castro,1.435,6.1122,7.5472
6736,Rafael Pinzon,-2.6067,3.3951,0.7884
6737,Rahdir Hicks,0.572,-2.3972,-1.8251
6738,Raheem Anthony,2.0652,2.5839,4.6491
6739,Raheem Braiton,-0.2886,-0.9908,-1.2794
6740,Raheem Solomon,-1.8583,-1.9876,-3.8458
6741,Rahmir Barno,-1.0082,0.8477,-0.1605
6742,Rahmir Moore,-1.7025,-2.5034,-4.2059
6743,Rahsool Diggins,-1.2258,4.8719,3.6461
6744,Rakease Passmore,1.1799,-2.3776,-1.1977
6745,Rakim Chaney,-0.9024,2.9194,2.017
6746,Raleigh Burgess,1.742,0.8928,2.6348
6747,Ralph Akuta,0.2978,-2.5543,-2.2565
6748,Ralph Martino,-3.2667,-0.4442,-3.7109
6749,Ramar Pryor,-0.4924,-2.6717,-3.1641
6750,Ramel Bethea,-1.4104,1.3879,-0.0225
6751,Ramel Lloyd,-1.3885,-1.4986,-2.887
6752,Ramogi Nyagudi,-0.9475,-0.138,-1.0855
6753,Ramon Walker,0.6273,2.7873,3.4146
6754,Ramondo Battle,-2.4272,-1.5399,-3.9671
6755,Ramone Seals,-0.0416,1.7921,1.7504
6756,Ramzi Salem,-1.8786,-0.8573,-2.7359
6757,Randall Pettus,-0.4684,0.8279,0.3595
6758,Randarius Jones,-0.456,0.1337,-0.3224
6759,Randi Ovalle,-1.5324,-1.849,-3.3814
6760,Randy Brady,0.9428,0.9505,1.8933
6761,Randy Tucker,-2.2787,-0.4073,-2.686
6762,Raphael Dumon,-3.9018,-0.2707,-4.1725
6763,Raphe Ayres,0.274,0.3006,0.5745
6764,Raquan Brown,-1.2691,1.7758,0.5067
6765,Rasean Frederick,0.2064,0.0871,0.2935
6766,Rashaan Mbemba,-0.9602,3.079,2.1187
6767,Rashad King,-1.178,3.1749,1.9969
6768,Rashad Williams,-6.6708,5.282,-1.3888
6769,Rashaud Marshall,2.3755,2.6466,5.0222
6770,Rashaun Agee,1.0559,6.3577,7.4136
6771,Rasheed Baldwin,-0.4269,0.3557,-0.0712
6772,Rasheed Bello,0.2337,4.0387,4.2724
6773,Rasheer Fleming,1.9205,8.0322,9.9527
6774,Rashund Washington,-2.0766,2.898,0.8214
6775,Raul Villar,-1.5957,2.0463,0.4507
6776,Ray Adams,0.4316,-0.5182,-0.0866
6777,Ray Allen,-0.0936,-0.3171,-0.4108
6778,Ray Glasgow,-0.6786,1.2732,0.5947
6779,Ray Harrison,-0.4249,3.9618,3.5369
6780,Ray'Sean Taylor,-3.2618,5.9476,2.6858
6781,RayJ Dennis,0.4923,6.0558,6.5481
6782,RayQuawndis Mitchell,0.6367,0.2214,0.8581
6783,Raymar Gonzales,-0.5381,-0.1369,-0.675
6784,Raymond Espinal-Guzman,-2.2317,-1.3017,-3.5334
6785,Raymond Somerville,-1.4739,-0.0927,-1.5666
6786,Raynard Horry,0.296,-0.1445,0.1515
6787,Rayquan Brown,-4.5391,2.6185,-1.9206
6788,Raysean Seamster,0.0674,5.0733,5.1407
6789,Rayvon Griffith,-2.2848,-0.0392,-2.324
6790,Rayzhon Bergersen,-0.6368,0.3218,-0.315
6791,Raziel Hayun,0.5335,-0.5556,-0.0221
6792,Redd Thompson,-2.6306,0.1997,-2.4309
6793,Redek Born,-0.9727,-1.0437,-2.0163
6794,Reece Beekman,4.5971,4.5392,9.1363
6795,Reece Hagy,0.4688,0.8549,1.3237
6796,Reece Holbrook,-0.2281,-0.3306,-0.5587
6797,Reece Potter,-1.2264,1.3856,0.1592
6798,Reece Robinson,0.4887,2.4307,2.9194
6799,Reed Bailey,-0.9835,4.6097,3.6262
6800,Reed Sheppard,4.2531,10.2053,14.4584
6801,Reed Trapp,-0.6023,-0.073,-0.6753
6802,Reese Dixon-Waters,-0.4207,3.8125,3.3918
6803,Reese McMullen,-0.9386,3.1912,2.2526
6804,Reese Miller,-4.3564,3.3116,-1.0448
6805,Reese Waters,0.2817,3.8446,4.1263
6806,Reggie Bass,-2.2596,1.9877,-0.272
6807,Reggie Hill,0.9912,-0.1423,0.8489
6808,Reggie Prudhomme,-3.7448,0.3168,-3.428
6809,Reggie Thomas,-2.5884,1.4124,-1.1761
6810,Reggie Ward,-0.4107,-1.487,-1.8977
6811,Regimantas Ciunys,-2.0755,1.0708,-1.0047
6812,Reginald Duhart,-0.3909,-0.6044,-0.9953
6813,Reginald Reynolds,-4.5447,-2.6173,-7.162
6814,Reid Cason,-0.5591,-1.9225,-2.4816
6815,Reid Ducharme,0.1917,0.0815,0.2733
6816,Reid Lovelace,-1.0196,-0.3423,-1.3619
6817,Reis Jones,-0.4434,-2.2736,-2.717
6818,Renars Sondors,-3.1337,0.6776,-2.4561
6819,Renato Ruiz,-0.0117,0.878,0.8663
6820,Rene D'Amelio,0.4908,0.4816,0.9725
6821,Rex Stirling,-1.9455,0.6566,-1.2889
6822,Rex Sunderland,-1.1304,-4.4123,-5.5427
6823,Reyne Smith,-0.9275,9.7691,8.8416
6824,Rhett Reynolds,-0.7352,0.7579,0.0227
6825,Rhyjon Blackwell,-0.9507,1.6843,0.7337
6826,Ricardo Wright,-1.305,2.3244,1.0194
6827,Riccardo Ghedini,-0.4265,-0.8242,-1.2507
6828,Riccardo Greppi,-0.7518,-0.6937,-1.4456
6829,Rich Barron,-1.8218,0.933,-0.8888
6830,Rich Brisco,-0.379,-1.0145,-1.3935
6831,Rich Byhre,-2.1211,-0.0098,-2.1309
6832,Rich Rolf,-2.255,2.5361,0.2812
6833,Rich Smith,1.5266,2.5158,4.0425
6834,Richard Goods,-1.1068,2.0527,0.9459
6835,Richard Mathews,-0.3784,-0.2119,-0.5903
6836,Richard Nweke,-0.333,0.7398,0.4068
6837,Richie Saunders,-0.0683,11.4011,11.3328
6838,Richie Springs,-1.7054,-3.59,-5.2954
6839,Rick Issanza,2.6567,-0.4865,2.1702
6840,Rickey Ballard,-2.5812,1.1076,-1.4736
6841,Rickey Bradley,1.3358,3.6188,4.9546
6842,Rickey Mitchell,-2.5275,-0.2254,-2.7529
6843,Ricky Deadwyler,-0.1999,0.6163,0.4164
6844,Ricky McKenzie,-0.9872,-1.8366,-2.8238
6845,Ridvan Tutic,-1.6363,-2.481,-4.1173
6846,Rieco Hellams,-0.1614,-0.7877,-0.9491
6847,Rienk Mast,1.4463,5.7818,7.2281
6848,Rihards Vavers,-5.1717,6.5754,1.4036
6849,Rikus Schulte,2.9322,2.9934,5.9256
6850,Riley Abercrombie,-4.0074,1.4226,-2.5848
6851,Riley Allenspach,-3.8683,5.6353,1.767
6852,Riley Dering,-1.9841,1.1745,-0.8096
6853,Riley Fox,-3.416,4.8996,1.4836
6854,Riley Jacobs,-1.3385,-1.6644,-3.0029
6855,Riley Kugel,0.4504,5.4086,5.859
6856,Riley Massey,-0.1811,0.4888,0.3076
6857,Riley Minix,2.5381,9.1378,11.6759
6858,Riley Mulvey,1.1379,2.4592,3.5971
6859,Riley Parker,-1.6105,2.6704,1.0599
6860,Riley Saunders,-0.1107,0.6993,0.5885
6861,Ring Malith,0.5027,2.7216,3.2242
6862,Ring Nyeri,-0.488,2.8621,2.374
6863,Rivaldo Soares,2.4907,8.1144,10.6052
6864,Rob Banks,-1.3794,-0.508,-1.8873
6865,Rob Brown,-1.8927,6.8134,4.9207
6866,Rob Diaz,-0.5536,1.4268,0.8732
6867,Rob Dillingham,-0.5003,7.379,6.8787
6868,Rob Dockery,-0.0818,4.1303,4.0485
6869,Rob Higgins,-3.5606,0.6021,-2.9585
6870,Rob Landry,0.0736,0.2373,0.311
6871,Rob Lawson,-5.8107,-0.6084,-6.4191
6872,Rob Martin,-2.6173,4.7,2.0827
6873,Rob Perry,-0.4709,3.0333,2.5623
6874,Rob Stroud,-1.0852,-0.5655,-1.6507
6875,Rob Taylor,-1.2159,-2.1757,-3.3917
6876,Rob Whaley,-1.9078,2.2208,0.3129
6877,Robbie Avila,2.191,12.0226,14.2136
6878,Robbie Beran,1.9403,1.8453,3.7856
6879,Robbie Stankard,0.0133,-0.8527,-0.8393
6880,Robby Beasley,1.2645,-0.7074,0.557
6881,Robby Carmody,-3.3851,2.8934,-0.4918
6882,Robby Phillips,-0.4398,-0.177,-0.6169
6883,Robby Todd,0.1708,-0.3621,-0.1913
6884,Robert Allen,1.2533,5.8503,7.1036
6885,Robert Braswell,-3.5512,3.015,-0.5362
6886,Robert Carpenter,1.9054,5.1629,7.0683
6887,Robert Cowherd,-1.5359,-3.115,-4.651
6888,Robert Davis,-2.5101,3.5735,1.0634
6889,Robert Fields,-1.1299,1.4744,0.3446
6890,Robert Ford,0.2579,4.883,5.1409
6891,Robert Hinton,-2.5455,2.8647,0.3192
6892,Robert Jennings,0.0412,-1.3644,-1.3232
6893,Robert Jeter,-3.5584,-0.8692,-4.4276
6894,Robert Jones,2.4103,3.6897,6.1
6895,Robert Lewis,-2.7143,1.862,-0.8524
6896,Robert McCray,2.0426,3.065,5.1076
6897,Robert McCray V,-1.5315,8.628,7.0965
6898,Robert McRae,-1.1994,0.6394,-0.56
6899,Robert Miller,1.5592,2.9139,4.4731
6900,Robert Moore,-1.0038,-0.6107,-1.6144
6901,Robert Peters,-4.2429,-2.0161,-6.259
6902,Robert Smith,-2.2328,3.2987,1.0658
6903,Robert Thibiant,-1.0955,0.1294,-0.9662
6904,Robert Vaihola,1.7632,1.1962,2.9595
6905,Robert Wilmote,-0.3473,0.0773,-0.2699
6906,Robert Wright,-1.9208,7.0339,5.1131
6907,Roberts Berze,0.3235,3.0992,3.4227
6908,Roberts Blums,-0.9563,3.8844,2.9281
6909,Rocco Awad,-3.1674,-2.1497,-5.3171
6910,Rocco Muratori,-0.0462,-0.2503,-0.2966
6911,Rocket Watts,-2.9269,0.4286,-2.4982
6912,Rockwell Reynolds,-2.171,-3.6844,-5.8555
6913,Roddie Anderson,-1.7426,0.5175,-1.2251
6914,Roddy Gayle,1.5289,3.3992,4.9281
6915,Roderick Coffee,-3.1675,2.5767,-0.5908
6916,Roderick Jones,-2.633,-0.6624,-3.2954
6917,Rodney Brown,-3.1337,2.7529,-0.3808
6918,Rodney Howard,-1.7233,1.1289,-0.5945
6919,Rodney Johnson,-1.6602,1.8051,0.1449
6920,Rodney Rice,1.3821,7.4241,8.8061
6921,Rodolfo Rufino Bolis,2.92,-4.1266,-1.2066
6922,Rodrick Payne,-0.143,-3.0042,-3.1472
6923,Rodrique Massenat,-2.2961,-1.004,-3.3002
6924,Roee Oselka,0.6016,-2.0712,-1.4696
6925,Roger McFarlane,-0.4167,0.6838,0.2672
6926,Rohan Chappali,-0.0384,0.0136,-0.0248
6927,Rokas Jocius,-0.9882,0.8614,-0.1268
6928,Rokas Jocys,-2.5037,-1.3757,-3.8794
6929,Roko Maric,0.2173,0.466,0.6833
6930,Rollie Castineyra,-0.8052,-1.5941,-2.3993
6931,Rollie Worster,2.2211,3.8817,6.1027
6932,Rolyns Aligbe,-1.9134,0.107,-1.8064
6933,Romad Dean,-2.9033,5.069,2.1656
6934,Roman Domon,-1.3043,7.2578,5.9536
6935,Roman Siulepa,-0.9572,3.074,2.1169
6936,Romari Robinson,1.2296,-1.9041,-0.6746
6937,Romelle Mansel,0.3123,1.175,1.4873
6938,Romeo Myrthil,0.1139,-0.6829,-0.569
6939,Ron Rutland,-1.7704,-0.8059,-2.5763
6940,Ron Zipper,0.07,0.439,0.509
6941,Ronald Jessamy,-1.4605,2.3737,0.9132
6942,Ronald Polite,-0.6449,5.2493,4.6044
6943,Rondel Walker,2.608,1.0001,3.6081
6944,Ronell Giles,-0.088,0.1068,0.0187
6945,Rongie Gordon,0.6254,-0.3845,0.2409
6946,Ronnie DeGray,1.0125,3.0265,4.039
6947,Ronnie Harrison,-1.1018,0.8995,-0.2023
6948,Ronnie Williams,-0.1828,-0.9628,-1.1456
6949,Rontavious Blackshear,-1.0638,2.3927,1.3289
6950,Roor Akhuar,1.1281,1.2546,2.3827
6951,Roosevelt Wheeler,-0.4768,-2.7192,-3.196
6952,Rory Hawke,1.432,0.4877,1.9197
6953,Rory Stewart,-4.4431,4.2318,-0.2113
6954,Roscoe Eastmond,-2.0282,-0.5436,-2.5718
6955,Ross Candelino,-2.0827,3.5558,1.4732
6956,Rowan Brumbaugh,-2.2964,7.653,5.3566
6957,Rowan Irelan,-0.1506,-0.3661,-0.5168
6958,Roy Clarke,-1.6452,-1.1208,-2.766
6959,Roy Jones,-0.6457,-3.886,-4.5318
6960,Roy Marom,-0.2729,-0.878,-1.1508
6961,Roy Yuan,-0.0708,0.3674,0.2966
6962,Royal Blue Smith,-0.8636,-0.505,-1.3687
6963,Royce Parham,-1.6375,6.4493,4.8117
6964,Rrezon Elezaj,0.0577,-0.2199,-0.1622
6965,Ruben Dominguez,-0.9415,2.2882,1.3467
6966,Ruben Prey,2.9259,1.3752,4.3011
6967,Ruben Rodriguez,-1.0367,-0.454,-1.4907
6968,Rubin Jones,2.8077,2.2417,5.0495
6969,Rudy Fitzgibbons,0.2502,-0.7354,-0.4852
6970,Rueben Chinyelu,4.5303,5.2604,9.7907
6971,Ruot Bijiek,-3.0024,1.4838,-1.5186
6972,Russel Tchewa,-0.0649,1.0594,0.9945
6973,Russell (Deuce) Dean,1.8624,-0.6102,1.2522
6974,Russell Hawkins,-0.1802,0.0583,-0.1219
6975,Russell Jones,1.1112,4.4495,5.5608
6976,Ryan Abelman,-2.2873,4.6815,2.3942
6977,Ryan Agarwal,-0.2988,3.3016,3.0028
6978,Ryan Archey,-4.2516,-3.8395,-8.0911
6979,Ryan Beasley,0.6627,3.7272,4.3899
6980,Ryan Bolton,-1.4916,-2.5753,-4.0668
6981,Ryan Burbach,-1.1248,-0.4811,-1.6059
6982,Ryan Conway,-0.3128,1.9692,1.6564
6983,Ryan Conwell,-0.5004,10.0809,9.5805
6984,Ryan Cornish,2.1206,0.5484,2.669
6985,Ryan Crotty,-1.5425,0.8255,-0.717
6986,Ryan Curry,-2.5723,2.3581,-0.2142
6987,Ryan Donohoo,-0.5751,-0.5268,-1.1018
6988,Ryan Dufault,-4.2092,4.602,0.3928
6989,Ryan Duncan,-0.4797,0.892,0.4123
6990,Ryan Dunn,5.8213,1.4883,7.3096
6991,Ryan Elvin,-0.8917,-0.5791,-1.4708
6992,Ryan Elzy,0.5312,0.1681,0.6993
6993,Ryan Erikson,-0.6516,-0.3011,-0.9526
6994,Ryan Forrest,-3.2166,0.9678,-2.2488
6995,Ryan Hall,-3.2708,-0.2202,-3.4911
6996,Ryan Hite,-0.1113,0.2648,0.1535
6997,Ryan Hurst,-1.2005,-1.6715,-2.872
6998,Ryan Isaacson,-0.3238,-0.2977,-0.6215
6999,Ryan Jackson,-0.2167,3.1845,2.9678
7000,Ryan Jolly,-0.8359,0.8695,0.0336
7001,Ryan Jones,-0.8405,-0.3163,-1.1568
7002,Ryan Kalambay,1.687,1.7682,3.4551
7003,Ryan Kalkbrenner,4.8608,9.5737,14.4345
7004,Ryan Kiachian,0.2527,-2.5594,-2.3068
7005,Ryan Lafferty,0.4166,-1.2013,-0.7846
7006,Ryan Langborg,1.5978,4.5126,6.1104
7007,Ryan Lopez,-0.912,0.4426,-0.4694
7008,Ryan Mabrey,-5.069,-0.8074,-5.8764
7009,Ryan Mandes,0.0795,0.0391,0.1185
7010,Ryan Marcus,-0.8866,-0.6906,-1.5772
7011,Ryan McPartlan,-0.3543,-0.08,-0.4343
7012,Ryan Mela,-0.6229,5.1433,4.5204
7013,Ryan Moffatt,0.7387,2.9909,3.7296
7014,Ryan Mutombo,0.7596,-0.4345,0.3251
7015,Ryan Myers,-5.0549,3.3387,-1.7161
7016,Ryan Nembhard,1.5418,7.2839,8.8257
7017,Ryan Nutter,-1.7217,-2.62,-4.3417
7018,Ryan Pettis,-1.0427,-1.5365,-2.5792
7019,Ryan Pettit,3.4032,-2.3013,1.1019
7020,Ryan Prather,-2.7253,5.8501,3.1248
7021,Ryan Rapp,-1.6493,2.4793,0.83
7022,Ryan Richardson,-3.119,-1.9071,-5.0261
7023,Ryan Sabol,-6.0842,5.7425,-0.3416
7024,Ryan Schmitt,0.636,-0.1034,0.5326
7025,Ryan Schwarz,-1.0362,-1.2192,-2.2554
7026,Ryan Skerry,-0.6405,-0.7946,-1.4351
7027,Ryan Sletten,0.3221,0.1815,0.5036
7028,Ryan Soulis,-0.0362,0.2742,0.238
7029,Ryan Sullivan,0.5833,-1.2062,-0.6229
7030,Ryan Sutliff,-0.177,0.0508,-0.1262
7031,Ryan Tolliver,-0.9208,-1.5228,-2.4436
7032,Ryan Van Eyck,0.3405,-0.5222,-0.1817
7033,Ryan Wade,-2.2939,0.7576,-1.5363
7034,Ryan Williams,-4.4872,1.2307,-3.2565
7035,Ryan Young,3.7682,2.1316,5.8998
7036,Ryan Zan,-1.6345,-0.7281,-2.3626
7037,Ryder Cheesman,-0.3815,-0.3561,-0.7376
7038,Ryder Elisaldez,-2.3533,0.5658,-1.7875
7039,Ryder Frost,-1.5494,2.4263,0.8769
7040,Ryen Gresko,0.0765,-0.055,0.0215
7041,Ryen Perry,1.3702,-0.8082,0.562
7042,Rylan Griffen,-1.9192,6.0845,4.1653
7043,Rylan Houck,-0.5843,2.6208,2.0365
7044,Rylan Jones,-0.6536,9.1536,8.5
7045,Rylee Samons,-4.8527,0.2463,-4.6064
7046,Rytis Petraitis,-0.8216,7.766,6.9444
7047,Saadiq Moore,-0.771,-3.3744,-4.1454
7048,Saahil Thakkar,-0.0775,-0.5247,-0.6021
7049,Saba Gigiberia,-1.1154,1.0767,-0.0387
7050,Sabien Cain,-0.3228,-0.3707,-0.6935
7051,Sabry Philip,-1.6174,-3.6243,-5.2417
7052,Sadaidriene Hall,0.826,1.1685,1.9945
7053,Sader Servilus,1.3744,1.3503,2.7247
7054,Sadiku Ibine Ayo,1.3486,0.013,1.3615
7055,Sadiq White,-0.6141,0.2142,-0.3999
7056,Sadraque NgaNga,-3.4861,3.6069,0.1208
7057,Sage Tolentino,-0.8768,-1.4354,-2.3123
7058,Sahvir Wheeler,-1.1054,5.39,4.2845
7059,Sai Witt,-1.8778,4.2794,2.4016
7060,Saint Thomas,-0.5842,5.2954,4.7112
7061,Saiyd Burnside,-2.8737,-0.2814,-3.155
7062,Salih Altuntas,-0.4334,0.3604,-0.073
7063,Salim London,1.1386,0.645,1.7836
7064,Saliou Seye,-1.6555,-3.007,-4.6626
7065,Sam Akinrelere,-0.0357,0.0723,0.0365
7066,Sam Akot,0.1676,-0.0403,0.1273
7067,Sam Alajiki,-0.1191,0.7367,0.6175
7068,Sam Alamutu,-1.0845,2.5119,1.4274
7069,Sam Alexis,0.7663,2.8079,3.5742
7070,Sam Brown,-3.4314,5.8088,2.3774
7071,Sam Donnelly,-0.4409,0.4304,-0.0104
7072,Sam Duskin,0.1343,0.3727,0.507
7073,Sam Fagan,-1.4785,-1.3713,-2.8498
7074,Sam Godwin,-0.1399,2.1662,2.0263
7075,Sam Griffin,-4.3131,5.1238,0.8107
7076,Sam Hastreiter,0.9282,1.3392,2.2674
7077,Sam Hennessy,-0.6556,-0.0799,-0.7355
7078,Sam Hines,-0.4408,3.0472,2.6063
7079,Sam Hofman,0.2666,0.5092,0.7758
7080,Sam Hoiberg,5.5103,3.9799,9.4903
7081,Sam Imade,-0.6804,0.4515,-0.2289
7082,Sam King,0.2181,-0.5274,-0.3093
7083,Sam Klores,-1.2828,-1.7433,-3.0261
7084,Sam Kodi,-2.5337,-3.3992,-5.9328
7085,Sam Krist,0.0773,2.3833,2.4606
7086,Sam Lecholat,-0.5625,0.9402,0.3776
7087,Sam Lewis,-1.5335,5.5206,3.9871
7088,Sam Manu,-0.4386,-1.5748,-2.0134
7089,Sam Mervis,-2.5488,-1.1678,-3.7165
7090,Sam Murray,0.5996,-4.3121,-3.7125
7091,Sam Orme,2.2702,5.8695,8.1397
7092,Sam Perez,-0.5512,0.0273,-0.5239
7093,Sam Sherry,-1.9473,4.2539,2.3066
7094,Sam Silverstein,1.4477,2.7086,4.1563
7095,Sam Slutske,-0.3439,-0.2957,-0.6397
7096,Sam Springer,-4.8397,-1.8683,-6.7081
7097,Sam Stockton,0.7414,-1.4298,-0.6885
7098,Sam Thomson,-0.4249,-2.2518,-2.6767
7099,Sam Towns,0.5752,0.831,1.4063
7100,Sam Vinson,0.2572,1.814,2.0712
7101,Sam Walters,-0.6629,3.8406,3.1777
7102,Sam Winter,0.0438,-0.0571,-0.0133
7103,Sam Wright,-4.4868,2.5739,-1.9129
7104,Samage Teel,-4.4944,6.5313,2.0369
7105,Samba Diallo,-2.607,-1.1149,-3.7219
7106,Samet Yigitoglu,1.6955,2.9282,4.6237
7107,Sami Osmani,-0.6247,-0.796,-1.4207
7108,Sami Pissis,-4.4009,1.8539,-2.547
7109,Samis Calderon,0.4137,-0.6925,-0.2788
7110,Sammie Yeanay,-0.4409,-1.1389,-1.5797
7111,Sammy Howlin,0.6942,-2.4557,-1.7615
7112,Sammy Hunter,-0.6759,1.0228,0.3469
7113,Samson Aletan,1.1818,2.5761,3.758
7114,Samson Johnson,1.6294,5.5427,7.172
7115,Samson Reilly,-3.2005,2.4951,-0.7054
7116,Samuel Ariyibi,-0.0779,-0.4192,-0.4971
7117,Samuel Cole,-0.162,0.1461,-0.0159
7118,Samuel Dada,-2.054,4.6037,2.5496
7119,Samuel Gibbs,0.6186,-0.4858,0.1328
7120,Samuel Noland,-0.6108,-0.3686,-0.9794
7121,Samuel Nosakhare,-0.9567,-0.1447,-1.1014
7122,Samuel Obenjo,-0.4027,0.5004,0.0977
7123,Samuel Onu,0.5287,0.4237,0.9524
7124,Samuel Stewart,-0.5057,1.2093,0.7036
7125,Samuel Tabe,-1.2533,1.4568,0.2035
7126,Samuel Yurasek,-0.0898,-0.038,-0.1278
7127,Samuell Williamson,1.297,2.2716,3.5686
7128,Sananda Fru,2.686,4.8372,7.5232
7129,Santiago Trouet,-0.274,2.8036,2.5296
7130,Santiago Vescovi,4.2559,1.5358,5.7916
7131,Sasa Ciani,0.7737,0.65,1.4237
7132,Sash Gavalyugov,-1.6599,4.6209,2.961
7133,Savion Gallion,-2.2603,1.627,-0.6333
7134,Savion Lewis,-2.7435,-0.2031,-2.9466
7135,Savion Taylor,0.0289,0.0554,0.0842
7136,Savo Drezgic,0.0905,-0.4171,-0.3266
7137,Savon Wykle,0.1009,0.2676,0.3685
7138,Sawyer Mayhugh,-0.0523,0.1593,0.107
7139,Saxby Sunderland,-2.3729,0.9198,-1.4531
7140,Saxton Hoepker,-0.2701,-0.6841,-0.9542
7141,Scooter Williams,-3.2451,3.201,-0.0442
7142,Scottie Ebube,0.2535,2.3863,2.6398
7143,Scottie Hubbard,0.9194,0.8762,1.7956
7144,Scotty Middleton,-0.9121,3.8385,2.9263
7145,Scotty Washington,-1.0801,4.9243,3.8443
7146,Se'yphon Triplett,-1.5389,-2.6855,-4.2244
7147,Seal Diouf,-1.1002,-1.2891,-2.3893
7148,Seamus McDermott,-0.2611,-0.4588,-0.7199
7149,Sean Bairstow,-0.2401,1.6918,1.4517
7150,Sean Blake,-2.7306,0.9628,-1.7678
7151,Sean Blakely Drummond,-0.1175,-0.0961,-0.2136
7152,Sean Conway,1.7505,-0.1668,1.5837
7153,Sean Craig,-1.5941,7.0927,5.4986
7154,Sean Cusano,-2.0844,1.3836,-0.7008
7155,Sean Durugordon,-1.9787,4.8849,2.9061
7156,Sean East,-1.474,6.0614,4.5874
7157,Sean Elkinton,-1.0214,2.394,1.3726
7158,Sean Hansen,2.808,1.572,4.38
7159,Sean Houpt,-2.7884,-0.2959,-3.0843
7160,Sean Jones,-0.1378,-1.6778,-1.8157
7161,Sean Lang,-0.0932,-2.7893,-2.8826
7162,Sean Logan,3.686,-2.4661,1.2198
7163,Sean Moore,-1.6905,2.3323,0.6419
7164,Sean Newman,-2.5386,6.5591,4.0205
7165,Sean Pedulla,2.0119,6.0082,8.0201
7166,Sean Pouedet,-0.4962,-1.3758,-1.8719
7167,Sean Smith,0.4838,4.7291,5.2128
7168,Sean Stewart,-0.1689,4.1624,3.9935
7169,Sean Trumper,-0.6382,-0.3335,-0.9717
7170,Sean Van Dorn,0.4128,0.5347,0.9475
7171,Sebastian Akins,-3.3407,2.3172,-1.0235
7172,Sebastian Cole,0.8251,-0.1328,0.6923
7173,Sebastian Forsling,0.4579,1.5206,1.9785
7174,Sebastian Hartmann,-0.3105,3.7083,3.3978
7175,Sebastian Mack,0.6733,0.532,1.2053
7176,Sebastian Mendoza,-0.0461,0.0574,0.0113
7177,Sebastian Perry,-0.7288,-0.5158,-1.2445
7178,Sebastian Rancik,-0.0032,2.9059,2.9027
7179,Sebastian Robinson,-3.4945,0.221,-3.2734
7180,Sebastian Thomas,-1.2233,4.7766,3.5533
7181,Sebastian Tidor,-0.2269,1.2337,1.0068
7182,Sebastian Whitfield,-1.6617,-2.5041,-4.1658
7183,Sebastian Williams-Adams,0.1592,3.4881,3.6473
7184,Sebastien Lamaute,0.4422,1.0704,1.5126
7185,Seck Zongo,-1.012,-2.6538,-3.6658
7186,Seifeldin Hendawy,-1.2615,0.045,-1.2165
7187,Sekou Gassama,-0.9914,-3.3257,-4.3172
7188,Sekou Kalle,-0.0053,-3.7973,-3.8026
7189,Sekou Konneh,-2.1411,1.5068,-0.6343
7190,Selton Miguel,0.4681,4.4303,4.8984
7191,Semetri (TT) Carr,0.0726,2.697,2.7696
7192,Sencire Harris,4.2694,0.2356,4.505
7193,Seneca Willoughby,-0.8407,0.2516,-0.5891
7194,Sergej Macura,0.7072,2.2599,2.9671
7195,Seryee Lewis,-2.3894,-3.0331,-5.4225
7196,Seth Amunrud,-2.0884,3.2115,1.1232
7197,Seth Hubbard,-6.1164,4.2206,-1.8958
7198,Seth Joba,-1.7174,-0.9805,-2.6979
7199,Seth Jones,1.139,-1.1324,0.0065
7200,Seth Kruse,0.1692,0.5227,0.6918
7201,Seth Pinkney,0.5175,-0.4958,0.0217
7202,Seth Towns,-1.0514,3.2386,2.1872
7203,Seth Trimble,-1.0277,5.5875,4.5598
7204,Seth Wilson,-0.5837,1.1074,0.5237
7205,Seydou Traore,0.1451,2.1042,2.2493
7206,Seyi Reiley,2.1659,1.1647,3.3306
7207,Shaan Burke,0.0094,0.0715,0.0809
7208,Shadrak Lasu,0.0528,-2.0979,-2.0451
7209,Shaedon Simpson,-2.899,0.8457,-2.0533
7210,Shahada Wells,2.7915,8.4474,11.2389
7211,Shahar Lazar,-2.84,0.8712,-1.9689
7212,Shaheed Solebo,-1.2263,-0.8453,-2.0716
7213,Shahid Muhammad,-0.4597,-1.2484,-1.7081
7214,Shainen Carter,-0.6426,-4.4431,-5.0857
7215,Shakeel Moore,2.0023,3.1174,5.1197
7216,Shakir Odunewu,-0.9138,1.1022,0.1884
7217,Shaman Alston,-2.3218,-3.9004,-6.2222
7218,Shamar Wright,-2.3718,1.3278,-1.044
7219,Shamarrie Hugie,-3.3673,-0.1093,-3.4766
7220,Shamir Bogues,4.4179,2.1799,6.5978
7221,Shammah Scott,-2.8289,5.3784,2.5494
7222,Shane Anthony,-0.2097,-0.2896,-0.4993
7223,Shane Blakeney,-1.9803,4.5894,2.6091
7224,Shane Dezonie,-0.4364,2.3137,1.8773
7225,Shane Feden,-0.6004,-0.5351,-1.1355
7226,Shane Nowell,0.2377,-0.6051,-0.3674
7227,Shane O'Dell,-0.6402,-0.5471,-1.1874
7228,Shane Thomas,-0.3176,-1.1776,-1.4951
7229,Shannon Grant,-2.6267,0.5493,-2.0774
7230,Shanon Simango,0.2339,1.6337,1.8676
7231,Shaqir O'Neal,-2.8037,-1.2307,-4.0344
7232,Shaquil Bender,-3.2719,2.2875,-0.9843
7233,Sharod Barnes,-2.5616,-2.5684,-5.13
7234,Sharron Young,0.1753,5.336,5.5113
7235,Shaumba Ngoyi,-2.7682,-1.9372,-4.7054
7236,Shaun Wysocki,-4.7641,1.2737,-3.4904
7237,Shawn Fulcher,-5.1653,-3.0078,-8.173
7238,Shawn Jones,-1.4,1.1793,-0.2207
7239,Shawn Mitchell,0.0642,-0.1194,-0.0552
7240,Shawn Nelson,-2.7475,-2.1429,-4.8904
7241,Shawn Phillips,-0.6219,-0.852,-1.4739
7242,Shawn Simmons,-3.2267,0.7626,-2.4641
7243,Shawn Walker,-3.007,-1.349,-4.356
7244,Shay Davis,-0.7795,-1.2316,-2.0111
7245,Shay Johnson,-1.8181,1.3076,-0.5106
7246,Sheldon Edwards,0.7732,6.5629,7.336
7247,Sheldon Williams,-0.8355,3.054,2.2185
7248,Shelton Henderson,0.1063,4.1881,4.2944
7249,Shelton Williams-Dryden,-6.6431,7.2568,0.6137
7250,Shemani Fuller,-2.8543,-1.0997,-3.954
7251,Shemar Rathan-Mayes,-3.5814,-0.4326,-4.014
7252,Shemar Wilson,0.325,3.4665,3.7916
7253,Shemarri Allen,5.085,0.7447,5.8297
7254,Shereef Mitchell,0.0863,3.0671,3.1534
7255,Sheridan Sharp,-1.8027,-3.1464,-4.9492
7256,Sherif Gross-Bullock,-0.8093,0.3606,-0.4488
7257,Sherman Brashear,-3.8461,-0.0178,-3.8638
7258,Sherman Weatherspoon,-2.1117,-0.8876,-2.9993
7259,Shey Eberwein,-3.5195,0.9443,-2.5752
7260,Shilo Jackson,-1.4191,1.9084,0.4893
7261,Shiloh Robinson,1.2284,2.4255,3.6539
7262,Shon Abaev,0.1369,-0.833,-0.6961
7263,Shon Robinson,-2.0343,2.347,0.3127
7264,Shon Tupuola,-2.4261,0.9493,-1.4768
7265,Shy Odom,-1.0612,-0.9692,-2.0304
7266,Shykeim Phillips,1.5327,5.5583,7.0911
7267,Sidi Gueye,-0.1261,1.0724,0.9463
7268,Siem Uijtendaal,-1.2434,0.6213,-0.6222
7269,Silas Bennion,-1.3042,-1.5915,-2.8956
7270,Silas Demary,0.9939,6.53,7.5239
7271,Silas Sunday,0.4633,2.8414,3.3046
7272,Simas Lukosius,1.5493,6.257,7.8063
7273,Simeon Cottle,-3.0792,6.6051,3.5259
7274,Simeon German,-2.185,-4.8324,-7.0174
7275,Simeon Murchison,-0.8408,-0.4711,-1.3118
7276,Simeon Wilcher,1.1752,1.4368,2.612
7277,Simeon Womack,-0.5654,-0.3633,-0.9287
7278,Simm Saadi,-1.6716,-0.2039,-1.8754
7279,Simon Hildebrandt,-1.537,1.9084,0.3714
7280,Simon Majok,0.4743,1.0874,1.5617
7281,Simon Tilahun,-0.028,-0.1038,-0.1318
7282,Simon Walker,-1.5247,1.3577,-0.167
7283,Simon Wheeler,-0.7067,-1.5685,-2.2752
7284,Sin'Cere Jones,0.036,-1.2555,-1.2196
7285,Sin'Cere McMahon,-2.7524,1.5803,-1.1721
7286,Sincere Clemons,-0.4883,-0.2925,-0.7808
7287,Sincere Malone,-0.648,2.7926,2.1445
7288,Sincere Parker,-0.5527,5.9429,5.3902
7289,Sion James,1.7571,8.3063,10.0634
7290,Sione Lose,0.1523,-3.7698,-3.6175
7291,Sir Issac Herron,-0.801,-1.7045,-2.5055
7292,Sir Mohammed,-3.5557,0.733,-2.8227
7293,Sivert Wærstad Nordheim,-0.541,0.4324,-0.1086
7294,Skylar Wicks,-4.3414,2.8516,-1.4898
7295,Skyy Clark,2.5616,6.1691,8.7307
7296,Snookey Wigington,-0.0264,-0.2707,-0.297
7297,Sola Adebisi,-1.2462,2.4875,1.2413
7298,Solo Ball,-2.0905,4.5395,2.449
7299,Solomon Callaghan,-4.8825,1.5516,-3.3309
7300,Solomon Ominu,-0.4135,0.1721,-0.2414
7301,Solomon Oraegbu,-0.1894,0.4827,0.2933
7302,Solomon Ray,0.808,-0.6053,0.2027
7303,Solomon Washington,2.8825,5.8488,8.7313
7304,Somto Cyril,1.3151,6.785,8.1001
7305,Sonny Wilson,-5.2977,5.345,0.0473
7306,Souleymane Doumbia,-0.0862,-1.596,-1.6822
7307,Spence Wewe,-1.1948,0.6401,-0.5547
7308,Spencer Ahrens,-1.5834,2.328,0.7446
7309,Spencer Bain,-0.3151,-0.5309,-0.846
7310,Spencer Elliott,-2.0505,0.652,-1.3985
7311,Spencer Hubbard,0.8021,-0.4236,0.3785
7312,Spencer Hutchison,-0.8642,-0.8895,-1.7537
7313,Spencer Johnson,1.4205,5.247,6.6674
7314,Spencer Jones,1.3985,4.0965,5.495
7315,Spencer Joyner,-3.0955,-2.7067,-5.8022
7316,Spencer Legg,-1.112,-0.0874,-1.1994
7317,Spencer Mahoney,-1.218,-1.3949,-2.613
7318,Stanley Borden,0.9879,-0.7631,0.2249
7319,Stark Jones,0.1777,-0.2793,-0.1015
7320,Stas Sivka,-0.195,2.9201,2.7251
7321,Steele Venters,1.0587,3.1301,4.1889
7322,Stef van Bussel,-0.9382,-0.239,-1.1771
7323,Stefan Cicic,-2.0258,-1.8955,-3.9213
7324,Stefan Gogic,-0.2056,-0.0077,-0.2133
7325,Stefan Jimenez-Vojnic,-0.7103,-1.1547,-1.8651
7326,Stefan Todorovic,-3.0206,5.7297,2.7091
7327,Stefan Vaaks,-4.3151,6.7838,2.4687
7328,Stefano Alesso,-1.9968,-3.9834,-5.9802
7329,Stefano Faloppa,-3.0921,-1.6823,-4.7743
7330,Stefanos Spartalis,-2.6119,-1.9156,-4.5275
7331,Stephan Snagg,-2.869,0.5664,-2.3026
7332,Stephan Swenson,-0.3744,5.7631,5.3887
7333,Stephaun Walker,-3.4132,1.1008,-2.3124
7334,Stephen Clark,0.8991,0.4613,1.3603
7335,Stephen Giwa,-0.4603,-1.1164,-1.5767
7336,Stephen Okoro,-1.0325,-2.4821,-3.5145
7337,Stephen Olowoniyi,-1.4953,-0.213,-1.7083
7338,Stephen Osei,-0.1461,-0.4755,-0.6216
7339,Stephen Williams,-1.8121,3.1737,1.3616
7340,Stephon Castle,3.9078,3.4402,7.348
7341,Stephon Marbury,0.3087,-0.3072,0.0016
7342,Stephon Payne,-1.3417,5.4356,4.0939
7343,Stephon Roberts,2.2912,-3.127,-0.8358
7344,Stephon Smith,-0.1325,0.1014,-0.0311
7345,Sterling Gaston-Chapman,0.3886,0.7366,1.1252
7346,Sterling Knox,-0.4774,-0.6245,-1.1019
7347,Sterling Young,-3.8046,5.1545,1.3499
7348,Steve Settle,0.7436,5.0599,5.8035
7349,Steven Ashworth,-1.0294,8.0565,7.0271
7350,Steven Clay,-0.2636,0.7741,0.5105
7351,Steven Crowl,0.0801,8.4222,8.5023
7352,Steven Izzo,-0.4244,-0.3841,-0.8086
7353,Steven Jamerson,-0.0241,3.1853,3.1613
7354,Steven Kramer,0.2233,-2.0827,-1.8594
7355,Steven Lazar,-0.1512,-0.7481,-0.8993
7356,Steven Solano,-1.2975,-0.9844,-2.2819
7357,Steven Tipton,-1.7907,-0.1841,-1.9748
7358,Steven Vasquez,1.4892,0.6257,2.1149
7359,Steven Verplancken,-2.4612,2.6862,0.2249
7360,Stevie Clark,-0.4179,-0.8781,-1.2959
7361,Stevie Elam,-2.372,3.1553,0.7832
7362,Stevie Mitchell,4.0844,5.4432,9.5276
7363,Stone Hutchings,0.1816,0.7828,0.9645
7364,Stoney Hadnot,-0.0346,0.6002,0.5656
7365,Straton Rogers,-3.0859,1.2987,-1.7872
7366,Stratos Papastavrou,0.3967,1.4473,1.844
7367,Styles Phipps,-2.9059,3.9182,1.0123
7368,Sultan Adewale,-1.9994,-2.0688,-4.0682
7369,Supreme Cook,-3.1009,2.8761,-0.2248
7370,Sveinn Birgisson,-2.3633,-1.4528,-3.8161
7371,Sven Djopmo,-0.3946,0.1544,-0.2402
7372,Sy Chatman,-1.9404,1.5916,-0.3488
7373,Sydney Curry,-0.473,-0.044,-0.517
7374,Sydney Shipp,0.07,0.0248,0.0948
7375,Symeon Efstathiou,-0.0734,0.5555,0.4821
7376,Symir Torrence,-2.9726,2.4631,-0.5094
7377,Syrus Grisby,0.4512,-1.2713,-0.82
7378,Szymon Zapala,3.2781,3.0641,6.3423
7379,T'Johnn Brown,1.1538,-2.167,-1.0132
7380,TJ Bamba,4.816,4.0234,8.8394
7381,TJ Berger,-1.9122,-2.7739,-4.686
7382,TJ Bickerstaff,2.1954,5.6593,7.8547
7383,TJ Biel,-1.2299,1.6843,0.4543
7384,TJ Burch,1.0389,2.9197,3.9586
7385,TJ Caldwell,-3.391,1.8625,-1.5285
7386,TJ Drain,-0.2802,1.1298,0.8496
7387,TJ Ford,-2.792,-4.2295,-7.0214
7388,TJ Gadsden,0.1816,-2.1974,-2.0158
7389,TJ Grant,-0.8823,0.5025,-0.3798
7390,TJ Holloway,-1.1902,-0.0898,-1.28
7391,TJ Hurley,-2.5452,6.0599,3.5147
7392,TJ James,-1.0196,-0.1325,-1.1521
7393,TJ Johnson,-4.7163,5.8411,1.1248
7394,TJ Kolbe,-0.3203,-0.0375,-0.3578
7395,TJ Long,-2.1143,3.5479,1.4336
7396,TJ Moss,0.5097,-2.8478,-2.3381
7397,TJ Nadeau,-4.6417,3.1519,-1.4898
7398,TJ NeSmith,-2.201,3.7028,1.5019
7399,TJ Porter,-1.0979,0.6541,-0.4438
7400,TJ Power,-1.1132,4.5267,3.4135
7401,TJ Prosise,-0.0564,-0.0564,-0.1129
7402,TJ Robinson,-3.6636,1.0587,-2.6049
7403,TJ Simpkins,0.7207,4.306,5.0267
7404,TJ Small,-2.3486,-1.1809,-3.5296
7405,TJ Thomas,-0.5405,1.9124,1.3719
7406,TJ Wainwright,-3.6694,4.7809,1.1115
7407,TJ Weeks,-1.8288,3.8285,1.9997
7408,TJ Williams,-0.5345,3.9412,3.4067
7409,TK Simpkins,-0.4193,3.8563,3.437
7410,TO Barrett,-1.9535,2.8835,0.9299
7411,Ta'Zir Smith,-2.3979,0.5491,-1.8487
7412,Ta'lon Cooper,-0.5364,5.284,4.7475
7413,Tadarius Jacobs,-0.9271,-0.7266,-1.6537
7414,Tae Davis,-2.1191,6.5008,4.3817
7415,Tae Dozier,-1.5703,4.0959,2.5255
7416,Tae Hardy,-0.1581,1.3243,1.1663
7417,Tae Simmons,0.5126,3.5919,4.1045
7418,Tae Williams,-3.4023,1.2297,-2.1726
7419,Taelon Peter,0.7094,8.8967,9.6062
7420,Taeshaud Jackson,-2.4189,0.559,-1.8599
7421,Tafara Gapare,1.786,-0.6966,1.0894
7422,Tahaad Pettiford,-0.0385,8.7299,8.6914
7423,Tahj Staveskie,-1.1914,2.454,1.2627
7424,Tahlan Pettway,-0.1808,3.9489,3.7681
7425,Tahlik Chavez,1.3596,4.7855,6.1451
7426,Tahron Allen,-3.6888,-0.3962,-4.085
7427,Tai Hamilton,2.9715,-2.7221,0.2494
7428,Tai Strickland,-1.3295,-0.5972,-1.9267
7429,Tai Turnage,-0.3982,1.5562,1.158
7430,Tai Walters-Whitaker,-0.2705,-1.0401,-1.3106
7431,Tai'Reon Joseph,-2.5319,2.8231,0.2912
7432,Taine Murray,-0.4396,1.5134,1.0738
7433,Tainui Taiaroa,0.1623,1.5105,1.6728
7434,Taison Chatman,-0.2534,1.797,1.5436
7435,Taj Anderson,-0.2909,-0.25,-0.541
7436,Taj Au-Duke,-0.4385,-3.6593,-4.0979
7437,Taj Bryant,-1.7331,-2.061,-3.7941
7438,Taj DeGourville,0.3271,1.929,2.2561
7439,Taj Glover,-1.3826,2.907,1.5243
7440,Taj Manning,1.3344,1.2216,2.5559
7441,Taj Thweatt,-3.2697,-2.2746,-5.5443
7442,Taj Walters,-2.0152,0.8018,-1.2134
7443,Tajae Jones,-0.8816,-1.5372,-2.4188
7444,Tajavis Miller,-2.0319,1.9027,-0.1292
7445,Taje' Kelly,-4.2249,1.0399,-3.1849
7446,Tajuan Simpkins,2.3048,1.9173,4.2222
7447,Takai Hardy,-2.3771,-0.4981,-2.8752
7448,Takai Simpkins,-2.2783,3.7947,1.5164
7449,Taku Youngblood,-0.8202,-1.4037,-2.2239
7450,Talan Taylor,-0.0754,0.0004,-0.0751
7451,Talin Lewis,-0.8078,0.6522,-0.1557
7452,Tallis Toure,0.2412,-1.3137,-1.0725
7453,Tama Isaac,0.7031,-0.9804,-0.2773
7454,Tamar Bates,-0.7069,7.2215,6.5146
7455,Tamario Adley,-2.2418,5.3457,3.1039
7456,Tamarion Hoover,-4.2036,-0.2981,-4.5017
7457,Tamaury Releford,0.5372,1.8981,2.4353
7458,Tamin Lipsey,3.9409,6.5582,10.4991
7459,Tamorrian Grigsby,-0.6162,-0.6398,-1.256
7460,Tan Yildizoglu,-6.2722,-0.0258,-6.2981
7461,Tana Kopa,-5.662,3.7972,-1.8648
7462,Tanahj Pettway,-5.4158,2.3938,-3.0219
7463,Tank Byard,-4.485,2.333,-2.152
7464,Tanner Braketa,-1.1471,1.2534,0.1063
7465,Tanner Christensen,0.1493,4.4645,4.6138
7466,Tanner Cuff,0.4971,2.4507,2.9477
7467,Tanner Davis,-1.0992,1.2483,0.1491
7468,Tanner Hayhurst,-2.0684,5.5212,3.4528
7469,Tanner Holden,-0.4293,5.0664,4.6372
7470,Tanner O'Grady,0.1119,0.4362,0.5481
7471,Tanner Ostop,-0.1317,-0.2064,-0.3381
7472,Tanner Te Slaa,-0.8414,-1.0645,-1.9058
7473,Tanner Thomas,-1.6699,1.0122,-0.6577
7474,Tanner Toolson,-1.0242,4.4411,3.4169
7475,Tarence Guinyard,-3.0436,8.7703,5.7267
7476,Tarik Watson,-1.414,-3.0509,-4.4649
7477,Tariq Balogun,-1.3979,-0.1651,-1.563
7478,Tariq Francis,-3.1606,6.4345,3.274
7479,Tariq Ingraham,-2.9298,1.4571,-1.4727
7480,Tarique Foster,-3.6061,-0.5509,-4.157
7481,Tarris Reed,2.2376,5.368,7.6056
7482,Taryn Todd,0.8857,3.075,3.9606
7483,Tasman Goodrick,0.4301,0.6895,1.1196
7484,Tasos Cook,-2.3993,1.5036,-0.8957
7485,Tasos Kamateros,-0.4901,2.196,1.7058
7486,Tate Darner,-3.4401,4.9008,1.4608
7487,Tate Laczkowski,0.1925,0.8176,1.0101
7488,Tate MacKenzie,-0.7325,-1.9993,-2.7319
7489,Tate McCubbin,-1.0911,4.7241,3.633
7490,Tate Ryder,-0.1701,0.037,-0.133
7491,Tate Sage,-1.3226,2.9176,1.595
7492,Tauris Watson,-3.2584,-0.9721,-4.2305
7493,Tavari Johnson,-1.9715,6.8438,4.8723
7494,Tavarus Webb,-3.3605,5.2557,1.8952
7495,Taveion White,0.5268,-1.778,-1.2512
7496,Tavi Jackson,-0.191,2.3603,2.1693
7497,Tavion Banks,0.693,5.3044,5.9974
7498,Tay Knox,0.1015,-2.6674,-2.5659
7499,Tay Mosher,-0.9071,-1.6693,-2.5764
7500,Tay Smith,-1.2802,3.1124,1.8322
7501,Taye Fields,0.949,4.7846,5.7336
7502,Tayeshaun Smith,-1.8594,-0.6206,-2.48
7503,Taylor Blanchard,-0.1436,0.6769,0.5332
7504,Taylor Bol Bowen,1.1926,1.8617,3.0543
7505,Taymont Lindsey,-0.204,0.1091,-0.095
7506,Tayon Sessoms,-0.0185,-0.4049,-0.4234
7507,Tayshawn Comer,-1.376,4.0815,2.7055
7508,Tayton Conerway,3.0114,6.587,9.5984
7509,Te'Jon Sawyer,-3.5091,4.5714,1.0623
7510,Teagan Moore,-1.2443,9.178,7.9336
7511,Teddy Washington,-0.3783,1.8566,1.4783
7512,Tedrick Wilcox,-3.1319,0.6058,-2.5261
7513,Tegra Izay,-1.2225,1.2372,0.0146
7514,Tekao Carpenter,-2.9301,-1.1017,-4.0319
7515,Tennessee Rainwater,-4.9152,2.4368,-2.4784
7516,Teo Rice,2.3177,1.317,3.6347
7517,Terell Strickland,1.9664,-1.757,0.2094
7518,Terence Harcum,-0.3389,2.9238,2.5848
7519,Terrance Arceneaux,4.6566,4.9825,9.639
7520,Terrance Dixon,-1.1147,-0.9065,-2.0212
7521,Terrance Ford,0.2973,-0.2741,0.0233
7522,Terrance Jones,-2.5876,1.7258,-0.8618
7523,Terrance Thompson,-1.1356,1.1786,0.0429
7524,Terrance Williams,-6.3062,3.221,-3.0852
7525,Terrell Ard,-0.9721,1.5481,0.576
7526,Terrell Burden,-2.6846,1.3933,-1.2913
7527,Terrell Gaines,-0.8532,-1.7323,-2.5854
7528,Terrell Williams,0.0435,-3.9377,-3.8941
7529,Terren Frank,-1.5372,-1.346,-2.8831
7530,Terrence Brown,-0.4702,3.7336,3.2633
7531,Terrence Crawford,-0.0779,1.6903,1.6124
7532,Terrence Edwards,1.5538,6.04,7.5938
7533,Terrence Hargrove,-3.4277,6.7505,3.3228
7534,Terrence Hill,-1.4098,4.2051,2.7953
7535,Terrence Lewis,-2.3137,3.5769,1.2632
7536,Terrence Shannon,0.6351,10.1923,10.8274
7537,Terri Miller,2.273,4.3159,6.589
7538,Terrion Burgess,-1.7128,0.2992,-1.4137
7539,Terrion Murdix,0.6799,1.7668,2.4467
7540,Terry Anderson,0.5265,8.5131,9.0396
7541,Terry Copeland,-0.2521,-0.1945,-0.4466
7542,Terry McMorris,-0.4907,3.298,2.8073
7543,Teshaundre Cole,0.0871,-0.4166,-0.3294
7544,Tevin Smith,-0.4743,6.1224,5.6481
7545,Tey Barbour,-1.9538,4.9691,3.0153
7546,Teysean Eaglestaff,-0.2288,-0.259,-0.4878
7547,Thatcher Stone,-1.6483,-5.2399,-6.8882
7548,Themus Fulks,-0.8502,4.5095,3.6593
7549,Theo Grant,-4.3298,0.2849,-4.0449
7550,Theo Hughes,-0.6584,-2.8,-3.4584
7551,Theo Pierre-Justin,-2.6464,-0.3655,-3.0119
7552,Theo Seng,-1.1019,5.1184,4.0165
7553,Theodore Pendergrass,0.0714,0.4062,0.4775
7554,Thiago Sucatzky,-3.2982,0.5797,-2.7185
7555,Thierno Sylla,1.7371,-1.395,0.342
7556,Thierry Darlan,-0.0921,2.1086,2.0166
7557,Thijs De Ridder,2.9556,6.7582,9.7138
7558,Thokbor Majak,-0.3699,-0.4655,-0.8353
7559,Thomas Bassong,-0.9463,0.5184,-0.4279
7560,Thomas Batties,-1.3444,1.9439,0.5995
7561,Thomas Crowe,0.0945,-0.594,-0.4995
7562,Thomas Curlee,-0.9927,-1.5859,-2.5786
7563,Thomas Dowd,-0.358,6.3757,6.0177
7564,Thomas Hall,-0.2854,0.0297,-0.2557
7565,Thomas Hattan,-0.06,-0.6705,-0.7305
7566,Thomas Haugh,2.5575,9.7369,12.2944
7567,Thomas Howell,-2.4105,-0.9981,-3.4087
7568,Thomas Kizer,-0.6017,-0.3879,-0.9896
7569,Thomas Ndong,1.2723,-0.2205,1.0518
7570,Thomas Oosterbroek,-0.3609,-1.2773,-1.6383
7571,Thomas Sheida,-0.4105,0.7015,0.291
7572,Thomas Sorber,7.1781,2.4819,9.66
7573,Thomas Sutter,0.0023,0.2517,0.2541
7574,Thomas Tillman,-0.4802,-0.1657,-0.6459
7575,Thomas Tut,-0.167,-3.0601,-3.2271
7576,Thomas Weaver,-1.326,-1.7245,-3.0505
7577,Thompson Camara,-1.3206,-0.0136,-1.3342
7578,Tibet Gorener,-2.2999,1.9458,-0.3541
7579,Tibor Mirtic,-0.593,0.5271,-0.0658
7580,Tichyque Musaka,-0.9759,-0.9326,-1.9085
7581,Tidiane d'Almeida,0.0463,0.0193,0.0657
7582,Tidjiane Dioumassi,-2.5367,3.5586,1.0219
7583,Tiefing Diawara,-0.2026,-0.0054,-0.208
7584,Tiger Booker,-1.97,2.8642,0.8943
7585,Tijan Saine,-2.9655,5.4475,2.4821
7586,Tim Ceaser,0.095,0.4282,0.5232
7587,Tim Dalger,-0.9612,1.1944,0.2333
7588,Tim Eze,-2.1262,1.1219,-1.0043
7589,Tim Franks,-1.2756,0.8598,-0.4158
7590,Tim Moore,-2.1038,3.3142,1.2103
7591,Tim Oboh,-0.8741,-3.8707,-4.7449
7592,Tim Smith,-2.0741,4.7721,2.6979
7593,Timaris Brown,-2.6573,-1.3835,-4.0408
7594,Timeo Pons,-0.6486,-0.4697,-1.1183
7595,Timmy Adedire,-2.1183,2.4422,0.3239
7596,Timmy Fasehun,0.1005,-0.4154,-0.315
7597,Timmy Kiggins,-0.2247,0.2766,0.0519
7598,Timo George,0.252,1.5763,1.8283
7599,Timofei Rudovskii,-3.9815,0.7672,-3.2143
7600,Timotej Malovec,-0.9397,1.5509,0.6111
7601,Timoty Knapp,-0.0852,0.8893,0.8041
7602,Timoty van der Knaap,-2.7368,-0.6493,-3.3862
7603,Tishan Ahir,-0.5312,1.0179,0.4867
7604,Titas Sargiunas,-1.1941,2.4586,1.2645
7605,Tito Deng,-0.5734,2.0648,1.4913
7606,Titus Wright,-1.102,-1.3147,-2.4167
7607,Titus Yearout,-0.3455,-0.8188,-1.1643
7608,Tobe Awaka,-0.7457,6.8203,6.0747
7609,Tobi Lawal,-1.577,2.6611,1.0841
7610,Tobin Schwannecke,-0.4387,-3.4748,-3.9135
7611,Toby Harris,-3.4719,2.6096,-0.8623
7612,Toby Nnadozie,1.7407,1.4479,3.1886
7613,Toby Nwokolo,-0.4106,-0.0138,-0.4244
7614,Toby Okani,1.9843,-0.3974,1.5869
7615,Toby Onyekonwu,-1.2659,-1.5925,-2.8584
7616,Todd Bieg,0.6045,-0.4089,0.1956
7617,Todd Brogna,-1.8701,2.5863,0.7162
7618,Todd Jones,-1.1081,-0.4052,-1.5133
7619,Todd Rochelle,-0.913,-0.0945,-1.0074
7620,Tolu Samuels,-2.0873,0.9898,-1.0975
7621,Tolu Smith,-0.5189,4.1959,3.677
7622,Tom Beattie,0.0553,2.1212,2.1766
7623,Tom House,-2.1768,2.0168,-0.16
7624,Tom Mark,-0.1364,1.9361,1.7997
7625,Tom Welch,1.6181,0.3884,2.0065
7626,Tomas Thrastarson,-0.2692,1.6386,1.3694
7627,Tomas Valentiny,-2.0866,0.1868,-1.8998
7628,Tomislav Buljan,-0.789,5.4842,4.6952
7629,Tomislav Ivisic,2.1458,7.0341,9.1799
7630,Tomiwa Sulaiman,2.9845,4.3574,7.3419
7631,Tommaso Ferraresi,-0.4104,0.2317,-0.1787
7632,Tommie Lewis,-0.5497,1.0045,0.4548
7633,Tommie Williams,-0.6564,-2.3004,-2.9568
7634,Tommy Bruner,-2.72,6.7715,4.0515
7635,Tommy Conniff,-1.9768,-1.838,-3.8147
7636,Tommy Fryda,-0.27,1.5898,1.3198
7637,Tommy Gankhuyag,0.8459,-0.2756,0.5703
7638,Tommy Gardler,0.0317,-1.4597,-1.428
7639,Tommy Humphries,-0.6819,-0.6189,-1.3008
7640,Tommy Kamarad,0.8872,0.3955,1.2827
7641,Tommy Pinegar,-0.1818,-0.204,-0.3857
7642,Tone Hunter,0.2175,-1.6277,-1.4102
7643,Toneari Lane,-6.4675,7.3782,0.9106
7644,Tony Atkinson,-0.1661,-0.15,-0.316
7645,Tony Carpio,-0.4579,-0.3279,-0.7857
7646,Tony Duckett,-0.495,0.0624,-0.4326
7647,Tony Felder,-3.7597,0.6308,-3.129
7648,Tony Osburn,-2.2286,6.4573,4.2286
7649,Tony Perkins,1.0808,5.7475,6.8283
7650,Tony Sanders,-0.0147,-0.2579,-0.2726
7651,Tony Toney,-3.5075,-0.1119,-3.6194
7652,Tony Williams,-1.2441,1.1447,-0.0994
7653,Torey Alston,-0.3057,3.8733,3.5677
7654,Torian Lee,1.1739,-0.0145,1.1594
7655,Torin Bosch,-0.358,-1.0182,-1.3762
7656,Torr Sorensen,-0.8427,0.4417,-0.4009
7657,Tory San Antonio,-2.8947,-1.5832,-4.478
7658,Toto Fagbenle,-0.394,-5.9998,-6.3938
7659,Touko Tainamo,-4.0187,4.7189,0.7003
7660,Tounde Yessoufou,-0.5868,4.9266,4.3398
7661,Townsend Tripple,-0.07,0.5025,0.4326
7662,Toyaz Solomon,-2.5047,6.1648,3.6601
7663,Tra'Michael Moton,-2.1499,2.1839,0.034
7664,Trace Sadler,-0.8261,-0.1112,-0.9373
7665,Trace Salton,-0.0982,-3.176,-3.2742
7666,Trace Young,-0.8255,-0.4513,-1.2769
7667,Tracy Steele,-1.4013,0.1096,-1.2916
7668,Trae Benham,-1.4946,5.6045,4.1098
7669,Trae Broadnax,-1.6779,5.4257,3.7478
7670,Trae English,-0.9675,-2.0909,-3.0584
7671,Trae Hannibal,-0.3457,5.0429,4.6971
7672,Trae Taylor,0.4855,-0.1879,0.2975
7673,Traivar Jackson,-2.4199,0.37,-2.0499
7674,Tramon Mark,-1.1489,8.2593,7.1104
7675,Trap Johnson,-0.9034,-0.8657,-1.7691
7676,Travis Evee,-3.2944,3.0946,-0.1998
7677,Travis Gray,-0.3029,0.1323,-0.1706
7678,Travis Harper,-1.9568,5.7298,3.773
7679,Travis Perry,-0.0574,1.7738,1.7164
7680,Travis Roberts,-5.3174,-1.5136,-6.831
7681,Travonne Jackson,-1.0637,-1.2321,-2.2957
7682,Tray Jackson,-0.6406,-0.3511,-0.9917
7683,Trayvon Barbary,0.0414,-0.2094,-0.168
7684,Trazarien White,-0.8415,5.7777,4.9361
7685,Tre Beard,-8.611,4.4767,-4.1343
7686,Tre Breland,-1.1995,1.0614,-0.1381
7687,Tre Carroll,-1.8608,5.8075,3.9467
7688,Tre Coleman,2.4535,5.8299,8.2834
7689,Tre Dinkins,-2.8953,6.1583,3.263
7690,Tre Donaldson,0.5024,9.0223,9.5247
7691,Tre Green,-3.455,5.6483,2.1932
7692,Tre Holloman,0.5008,4.5826,5.0835
7693,Tre Jackson,-0.7406,3.171,2.4303
7694,Tre Johnson,1.4659,5.9917,7.4576
7695,Tre King,3.8499,2.4911,6.341
7696,Tre Mitchell,1.2981,1.6605,2.9586
7697,Tre Norman,1.8799,-0.8231,1.0569
7698,Tre Singleton,0.4845,1.7764,2.2609
7699,Tre White,0.1329,4.0132,4.1461
7700,Tre Williams,1.4603,-2.7577,-1.2975
7701,Tre Wood,-1.9292,-1.4631,-3.3924
7702,Tre' Williams,-1.5803,0.6501,-0.9302
7703,Tre'Von Spillers,2.3974,6.4891,8.8865
7704,Tre'shawn Sheppard,-0.9641,1.8282,0.8641
7705,Tre-Vaughn Minott,-0.9143,3.4458,2.5315
7706,Trejon Ware,-3.2836,-0.9947,-4.2783
7707,Trent Brown,0.2075,4.4049,4.6124
7708,Trent Burns,-0.5142,-0.8159,-1.33
7709,Trent Coleman,-1.7372,1.2294,-0.5078
7710,Trent Edwards,-0.8585,0.7964,-0.0621
7711,Trent Hudgens,-0.3176,0.4109,0.0933
7712,Trent Hundley,-3.4743,0.7237,-2.7506
7713,Trent Johnson,-0.2115,2.3329,2.1214
7714,Trent Middleton,-3.4166,2.4215,-0.9951
7715,Trent Mosquera,-2.847,2.8201,-0.0269
7716,Trent Noah,1.0462,2.1906,3.2368
7717,Trent Perry,0.1129,4.3865,4.4994
7718,Trent Pierce,0.0317,5.265,5.2967
7719,Trent Scott,0.0137,-3.308,-3.2943
7720,Trent Sisley,0.3644,-0.1881,0.1763
7721,Trent Steinour,-0.2383,0.1548,-0.0835
7722,Trent Stephney,0.5136,-0.2487,0.2649
7723,Trenton Johnson,-1.4206,-0.1068,-1.5274
7724,Trenton McLaughlin,-1.9366,5.4318,3.4952
7725,Trenton Walters,-3.9001,-1.0184,-4.9185
7726,Trevan Leonhardt,2.051,5.2472,7.2982
7727,Trevian Carson,2.3509,7.3396,9.6905
7728,Trevian Tennyson,-2.6419,4.1133,1.4714
7729,Trevin Dorius,1.5266,1.6168,3.1434
7730,Trevin Jirak,-2.2338,0.0912,-2.1425
7731,Trevin Knell,0.5789,7.4709,8.0498
7732,Trevion LaBeaux,-0.6391,-0.1335,-0.7726
7733,Trevon Blassingame,1.0743,0.4966,1.571
7734,Trevon Brazile,0.3729,8.4892,8.8622
7735,Trevon Reddish-Rhone,-2.5254,-1.0559,-3.5813
7736,Trevon Stoutermire,-0.7162,-1.8736,-2.5898
7737,Trevor Augustine,-0.3042,-0.2936,-0.5977
7738,Trevor Barrett,0.1521,0.4493,0.6014
7739,Trevor Baskin,2.3255,3.9726,6.2981
7740,Trevor Best,-2.5443,0.0707,-2.4737
7741,Trevor Hennig,-2.3275,2.3479,0.0203
7742,Trevor McBride,0.0194,0.1067,0.1261
7743,Trevor Mullin,0.6729,4.4132,5.0861
7744,Trevor Smith,-4.2138,-2.729,-6.9429
7745,Trevor Williams,0.1623,-0.0753,0.0869
7746,Trey Alexander,1.3073,4.8989,6.2062
7747,Trey Alfonso,-0.2635,0.0249,-0.2387
7748,Trey Anderson,-1.2681,2.7707,1.5026
7749,Trey Autry,1.3159,7.5846,8.9005
7750,Trey Boggess,0.1685,-0.1695,-0.0009
7751,Trey Bonham,-1.7613,6.5866,4.8253
7752,Trey Booker-Lowery,-1.1553,0.3058,-0.8495
7753,Trey Buchanan,0.0347,1.2265,1.2612
7754,Trey Calvin,-1.6225,5.9402,4.3177
7755,Trey Campbell,2.5219,4.7479,7.2698
7756,Trey Deveaux,-3.0985,0.1662,-2.9323
7757,Trey Edmonds,-1.4062,-1.3973,-2.8035
7758,Trey Fort,-2.724,3.5715,0.8476
7759,Trey Galloway,1.4261,5.7252,7.1513
7760,Trey Green,-2.0108,4.6757,2.6649
7761,Trey Hall,-1.4068,-5.4257,-6.8324
7762,Trey Hicks,-2.0483,1.2729,-0.7754
7763,Trey Horton,-2.241,-0.4299,-2.6709
7764,Trey Jackson,-0.6826,-1.3623,-2.0449
7765,Trey James,-0.6372,0.4029,-0.2344
7766,Trey Kaufman-Renn,-0.3429,9.8721,9.5291
7767,Trey Lewis,-3.5002,2.9507,-0.5495
7768,Trey McKenney,3.7605,7.4364,11.1969
7769,Trey Miller,-1.3911,-0.8086,-2.1998
7770,Trey Moss,-3.1991,-1.5824,-4.7814
7771,Trey O'Neil,-1.794,-2.5788,-4.3728
7772,Trey Parker,1.7294,0.6975,2.4269
7773,Trey Patterson,-1.6033,-2.7862,-4.3895
7774,Trey Perry,-3.2576,2.585,-0.6726
7775,Trey Pettigrew,-3.1072,-3.307,-6.4142
7776,Trey Phipps,-0.9192,0.95,0.0308
7777,Trey Robinson,0.4261,2.8956,3.3217
7778,Trey Scott,-0.6637,1.5795,0.9158
7779,Trey Simpson,-1.6266,3.5345,1.9078
7780,Trey Stewart,2.5442,0.8992,3.4434
7781,Trey Stuart,-0.6045,-0.5382,-1.1428
7782,Trey Thomas,-4.4041,2.9771,-1.427
7783,Trey Townsend,-1.8163,3.4783,1.662
7784,Trey Utter,-0.4068,-0.401,-0.8078
7785,Trey Weiand,-1.3962,-0.4607,-1.8569
7786,Trey Williams,-3.4165,4.2675,0.851
7787,Trey Wilson,-0.4448,-1.9277,-2.3725
7788,Trey Woodyard,-2.3338,1.4565,-0.8773
7789,Trey'Dez Green,-0.4943,-0.0585,-0.5528
7790,Treyon Johnson,-2.2518,-0.767,-3.0188
7791,Treysen Eaglestaff,0.1172,4.6646,4.7819
7792,Treyson Anderson,-2.2395,3.8917,1.6522
7793,Treyton Thompson,-1.2578,-1.0169,-2.2747
7794,Tristan Arneaud,0.14,-0.5507,-0.4107
7795,Tristan Beckford,-0.3834,1.0231,0.6398
7796,Tristan Enaruna,-0.7191,6.9485,6.2294
7797,Tristan Gross,-2.1904,3.0428,0.8523
7798,Tristan How,-0.7747,-0.1135,-0.8882
7799,Tristan Maxwell,-4.0187,-1.5147,-5.5334
7800,Tristan Moore,-3.5093,-1.9235,-5.4328
7801,Tristan Smith,3.1208,4.0076,7.1285
7802,Tristan Thompson,0.6398,-0.9037,-0.2639
7803,Tristan da Silva,0.4835,5.3973,5.8808
7804,Tristen Guillouette,-1.0816,-0.1737,-1.2553
7805,Tristen Newton,1.637,8.1671,9.8041
7806,Triston Wennersten,-1.678,-2.8731,-4.551
7807,Triston Wilson,1.4163,2.4666,3.883
7808,Troy Cicero,-1.0852,-1.0643,-2.1495
7809,Troy Cole,-0.2916,-0.1935,-0.4851
7810,Troy D'Amico,-0.9215,4.6237,3.7022
7811,Troy Glover,-0.6,1.9011,1.301
7812,Troy Henderson,0.6226,0.1874,0.81
7813,Troy Hupstead,-2.6194,3.1409,0.5214
7814,Troy Jenkins,-0.3703,-0.4961,-0.8664
7815,Troy McKoy,-1.9634,-1.5481,-3.5115
7816,Troy Plumtree,-1.1751,0.5256,-0.6495
7817,Tru Washington,0.9635,5.7328,6.6963
7818,Truman Claytor,-2.334,0.5399,-1.7941
7819,Truth Harris,-4.0324,2.7281,-1.3044
7820,Tryce Grensing,-0.2301,-0.2048,-0.435
7821,Tsotne Tsartsidze,-2.3527,0.2921,-2.0606
7822,Tsvet Sotirov,-2.0406,0.1978,-1.8429
7823,Tuburu Naivalurua,-3.5131,4.7705,1.2575
7824,Tucker Anderson,-2.6499,6.071,3.421
7825,Tucker Bowman,-0.6793,-0.4543,-1.1335
7826,Tucker DeVries,1.3948,9.6018,10.9966
7827,Tucker Tornatta,-0.6189,-0.4217,-1.0406
7828,Tunde Vahlberg Fasasi,0.499,4.5539,5.0529
7829,Tuongthach Gatkek,2.64,3.6635,6.3036
7830,Turner Buttry,-5.0897,5.225,0.1353
7831,Turner Livingston,-0.0609,-0.1663,-0.2272
7832,Tuukka Jaakkola,-1.6886,-4.9059,-6.5945
7833,Ty Berry,0.2143,4.2739,4.4882
7834,Ty Bevins,0.8612,-1.9553,-1.0941
7835,Ty Blake,-0.8916,-0.0808,-0.9725
7836,Ty Davis,0.108,-0.8137,-0.7057
7837,Ty Francis,-3.7453,-0.9509,-4.6962
7838,Ty Harper,-3.3554,3.702,0.3466
7839,Ty Iwanonkiw,0.1651,1.1325,1.2976
7840,Ty Johnson,-1.9275,3.5039,1.5764
7841,Ty Mosley,-0.0592,-1.1884,-1.2476
7842,Ty Owens,-2.1138,1.2419,-0.8719
7843,Ty Pence,-0.3813,0.646,0.2647
7844,Ty Price,-0.1673,0.4025,0.2352
7845,Ty Robinson,-0.0136,3.5248,3.5111
7846,Ty Rodgers,0.4784,4.3104,4.7889
7847,Ty Tabales,-3.1147,-1.1691,-4.2837
7848,Ty'Reek Coleman,4.0009,2.3855,6.3864
7849,Ty-Laur Johnson,-2.0191,1.1746,-0.8445
7850,Tybo Bailey,-0.9144,-3.1559,-4.0704
7851,Tycen McDaniels,-1.8785,-0.7741,-2.6526
7852,Tye Dorset,-0.789,1.2326,0.4437
7853,Tyem Freeman,-1.2879,3.5939,2.306
7854,Tyeree Bryan,-0.9469,4.3912,3.4443
7855,Tyje Kelton,-2.1576,0.9983,-1.1593
7856,Tylan Lewis,0.0778,0.729,0.8068
7857,Tylan Pope,-3.2574,5.02,1.7626
7858,Tylen Riley,-1.2336,3.2045,1.9709
7859,Tyler Andrews,-2.5469,-0.6685,-3.2154
7860,Tyler Beard,-2.82,3.4256,0.6057
7861,Tyler Behrend,0.818,6.0228,6.8408
7862,Tyler Bertram,-3.3078,1.7191,-1.5887
7863,Tyler Betsey,-2.3368,4.4915,2.1547
7864,Tyler Bey,1.1207,-3.9277,-2.807
7865,Tyler Bike,-0.8697,-1.1195,-1.9891
7866,Tyler Bilodeau,0.7254,7.7397,8.4651
7867,Tyler Boston,-3.3787,1.2956,-2.083
7868,Tyler Brelsford,-2.8209,-1.2166,-4.0375
7869,Tyler Burton,3.1219,3.028,6.1498
7870,Tyler Bush,0.1894,-0.0128,0.1766
7871,Tyler Caron,-0.0513,-0.1619,-0.2133
7872,Tyler Chatman,-0.15,0.5139,0.3639
7873,Tyler Cochran,1.6672,4.0484,5.7156
7874,Tyler Coleman,-1.6454,-0.2009,-1.8463
7875,Tyler Doyle,-3.8569,3.1184,-0.7385
7876,Tyler Fearne,-0.0546,0.0394,-0.0152
7877,Tyler Garrett,-0.479,1.3064,0.8274
7878,Tyler Harris,0.0624,4.0088,4.0712
7879,Tyler Hendricks,1.1735,6.2634,7.4369
7880,Tyler Henry,0.5157,-0.391,0.1248
7881,Tyler Houser,-1.7553,3.2511,1.4958
7882,Tyler Isaak,-2.3766,-0.2653,-2.6418
7883,Tyler Jamison,0.049,0.6156,0.6646
7884,Tyler Johnson,0.7071,4.3436,5.0507
7885,Tyler Jones,-0.6877,-0.6859,-1.3736
7886,Tyler King,-1.0004,2.2085,1.2081
7887,Tyler Kolek,1.5711,7.0978,8.6689
7888,Tyler Kropp,-0.5756,1.5036,0.928
7889,Tyler Linhardt,-4.5696,0.9606,-3.6089
7890,Tyler Lundblade,-5.7604,11.4101,5.6497
7891,Tyler Mack,-3.2807,0.4625,-2.8182
7892,Tyler Mason,-1.7413,-0.7249,-2.4662
7893,Tyler McGhie,-1.8746,8.4032,6.5287
7894,Tyler McKinley,0.5477,-0.7732,-0.2255
7895,Tyler Medaris,0.8828,0.1113,0.9941
7896,Tyler Millin,-2.8771,1.6278,-1.2493
7897,Tyler Mrus,-2.3602,4.5692,2.2089
7898,Tyler Myers,-0.2885,-1.0754,-1.3639
7899,Tyler Nickel,-2.6645,9.1477,6.4832
7900,Tyler Ode,-1.7142,0.1706,-1.5436
7901,Tyler Olden,-0.1873,-0.006,-0.1933
7902,Tyler Patterson,-0.6504,4.707,4.0566
7903,Tyler Perkins,0.4457,9.0295,9.4752
7904,Tyler Powell,-2.9056,2.8743,-0.0313
7905,Tyler Rice,1.1484,0.3806,1.5291
7906,Tyler Ringgold,-0.763,-1.6092,-2.3722
7907,Tyler Robbins,0.0565,1.6189,1.6754
7908,Tyler Robertson,-3.3823,5.1783,1.796
7909,Tyler Robinett,0.1037,-1.6669,-1.5632
7910,Tyler Rolison,0.5894,2.4678,3.0571
7911,Tyler Schmidt,-0.1826,4.743,4.5604
7912,Tyler Shirley,-3.3456,-3.5785,-6.924
7913,Tyler Simon,0.0996,0.9602,1.0598
7914,Tyler Spratt,-2.0236,4.9737,2.9501
7915,Tyler Stephenson-Moore,-0.6592,6.1744,5.5152
7916,Tyler Tanner,1.9091,6.7749,8.684
7917,Tyler Tejada,-2.26,6.0995,3.8396
7918,Tyler Thomas,-0.3907,5.4807,5.0901
7919,Tyler Thompson,0.5318,4.7386,5.2704
7920,Tyler Wahl,2.8086,3.5523,6.3608
7921,Tyler Weaver,-0.7522,0.0104,-0.7418
7922,Tyler Whitney-Sidney,-3.1007,3.344,0.2433
7923,Tylik Weeks,-1.9129,5.2076,3.2947
7924,Tylor Perry,0.3991,3.9129,4.312
7925,Tymo Sternicki,-0.5455,0.239,-0.3066
7926,Tymu Chenery,-1.7945,4.1541,2.3596
7927,Tyon Grant-Foster,1.012,6.2127,7.2247
7928,Tyonne Farrell,0.0169,0.1055,0.1225
7929,Tyran Cook,-6.1741,0.2787,-5.8955
7930,Tyran Mason,-1.2655,2.5731,1.3076
7931,Tyre Patterson,0.2466,0.1902,0.4368
7932,Tyrece Radford,-2.356,7.0074,4.6514
7933,Tyreck Morris,-4.054,-1.4739,-5.5279
7934,Tyree Davis,-2.0384,-1.4766,-3.515
7935,Tyree Ihenacho,-0.8202,1.476,0.6558
7936,Tyreek Smith,1.7236,3.4417,5.1653
7937,Tyreese Watson,-4.1102,0.9836,-3.1266
7938,Tyreke Locure,0.8977,0.1749,1.0727
7939,Tyrel Bladen,-0.0249,-0.3655,-0.3904
7940,Tyrel Morgan,-0.8918,6.7893,5.8975
7941,Tyrell Jones,0.6674,1.7858,2.4532
7942,Tyrell Ward,-0.5555,5.3005,4.745
7943,Tyrell Yates,-0.235,-0.1059,-0.3409
7944,Tyren Moore,-3.8288,7.8573,4.0286
7945,Tyrese Elliott,-0.1637,-0.4412,-0.6049
7946,Tyrese Hughey,0.0449,-0.9017,-0.8569
7947,Tyrese Hunter,2.0071,4.767,6.7741
7948,Tyrese Jenkins,-2.3483,0.8955,-1.4528
7949,Tyrese Proctor,1.9557,7.9064,9.8621
7950,Tyrese Samuel,-1.3503,3.0309,1.6807
7951,Tyriek Weeks,-1.7283,-0.5553,-2.2836
7952,Tyrin Jones,-0.2461,5.8388,5.5926
7953,Tyrin Lawrence,0.2255,4.0872,4.3127
7954,Tyrique Brooks,-1.0789,-0.3741,-1.4531
7955,Tyrone Marshall,0.5122,2.7119,3.2241
7956,Tyrone Riley,2.8321,7.3973,10.2294
7957,Tyrone Williams,-1.9211,1.5866,-0.3344
7958,Tyruse Boock,-0.0532,-0.1629,-0.2161
7959,Tyshawn Archie,-2.0891,3.612,1.5229
7960,Tyson Acuff,-2.6654,5.4948,2.8294
7961,Tyson Brown,-1.7424,-1.0319,-2.7743
7962,Tyson Commander,-5.224,0.0733,-5.1508
7963,Tyson Degenhart,2.4872,9.8496,12.3368
7964,Tyson Dunn,-2.0182,-1.1542,-3.1725
7965,Tyson Garff,-3.0963,-0.3076,-3.4039
7966,Tyson Jackson,-3.5902,-0.5522,-4.1425
7967,Tyson Oghene,-0.3993,-0.2583,-0.6576
7968,Tyson Walker,3.5843,7.0734,10.6577
7969,Tytan Anderson,0.8127,7.8048,8.6175
7970,Tytan Newton,0.0692,-2.2294,-2.1602
7971,Tyzhaun Claude,-1.7987,2.7505,0.9517
7972,Ubong Abasi Etim,-1.621,-0.3832,-2.0042
7973,Ubong Okon,3.1936,-2.7876,0.406
7974,Uchenna Kellman-Nicholes,-3.0721,-3.3228,-6.395
7975,Ugnius Jarusevicius,-0.9518,2.4918,1.5401
7976,Ugonna Onyenso,1.5338,3.0576,4.5914
7977,Unisa Turay,-0.8814,-1.5466,-2.428
7978,Urban Klavzar,0.3719,7.2157,7.5876
7979,Uriah Tenette,2.9495,4.2769,7.2264
7980,Uriyah Rojas,-0.8301,3.3659,2.5359
7981,Uros Paunovic,-0.1072,-0.191,-0.2982
7982,Uzziah Buntyn,-2.4013,3.239,0.8377
7983,VJ Edgecombe,2.8211,5.6096,8.4306
7984,VJ Reeves,-1.3567,0.224,-1.1328
7985,Valentin Catt,0.5321,-2.183,-1.6509
7986,Valentino Pinedo,-2.6477,2.6012,-0.0465
7987,Valentino Simon,-2.0661,1.2136,-0.8525
7988,Vangelis Zougris,0.0136,1.7928,1.8064
7989,Varick Lewis,-1.6917,0.1281,-1.5637
7990,Vasean Allette,-0.0314,2.5428,2.5114
7991,Vasilije Kuridza,-0.2308,0.1006,-0.1302
7992,Vasilije Serafimoski,0.0149,0.0199,0.0348
7993,Vasilije Vucinic,-0.278,0.0774,-0.2007
7994,Vasja Pandza,0.9182,-2.6842,-1.766
7995,Vason Stevenson,-0.4604,-0.0479,-0.5084
7996,Vaughn Weems,0.3427,5.482,5.8247
7997,Veljko Ilic,-0.3935,2.933,2.5395
7998,Ven-Allen Lubin,-1.4214,7.3755,5.9542
7999,Veniamin Abosi,1.8013,2.5454,4.3467
8000,Vernon Collins,0.1897,-1.6598,-1.4701
8001,Vianney Salatchoum,1.2737,-1.8873,-0.6136
8002,Vic Searls,1.4355,0.6992,2.1347
8003,Vice Zanki,-3.0009,1.6723,-1.3286
8004,Victor Hart,-0.5067,0.7985,0.2918
8005,Victor Iwuakor,1.9554,1.7331,3.6886
8006,Victor Panov,1.9638,3.0634,5.0272
8007,Victor Payne,-2.7542,0.7065,-2.0477
8008,Victor Valdes,-2.0361,1.1867,-0.8495
8009,Victory Naboya,-0.4211,-3.3147,-3.7358
8010,Victory Onuetu,-0.0199,0.2722,0.2523
8011,Viktor Lakhin,3.3362,6.9073,10.2434
8012,Viktor Mikic,-0.8952,-1.0008,-1.896
8013,Viktor Rajkovic,-0.5603,0.5876,0.0273
8014,Viljami Vartiainen,-3.6722,5.3309,1.6587
8015,Villiam Garcia Adsten,-2.6683,-3.9469,-6.6152
8016,Vince Barringer,0.0438,-0.0571,-0.0133
8017,Vince Buzelis,-1.3063,-0.4435,-1.7498
8018,Vince Dawson,-0.3243,3.2621,2.9377
8019,Vincent Brady,-2.4277,2.4654,0.0377
8020,Vincent Delano,-4.8121,-0.3173,-5.1294
8021,Vincent Iwuchukwu,1.8884,2.1963,4.0847
8022,Vincent Lee,-3.166,1.1263,-2.0397
8023,Vincent Neugebauer,0.1751,1.4416,1.6166
8024,Vincent Ricchiuti,-0.2262,0.529,0.3028
8025,Vinko Polovic,-0.3195,-0.2927,-0.6122
8026,Vito Perkovic,-1.7717,-0.5325,-2.3042
8027,Vladimer Salaridze,-0.737,4.7723,4.0353
8028,Vladimir Khryapa,2.3244,-3.9393,-1.6149
8029,Vladimir Pavlovic,-0.9752,-3.2286,-4.2037
8030,Vladimir Sudar,-1.6656,0.0352,-1.6304
8031,Vladislav Goldin,1.4565,8.2425,9.6991
8032,Volodymyr Markovetskyy,0.2136,-1.0361,-0.8225
8033,VonCameron Davis,-1.0285,2.8098,1.7813
8034,Vonterius Woolbright,-0.0694,7.2304,7.161
8035,Vuk Boskovic,-3.0699,1.917,-1.1528
8036,Vukasin Masic,-4.0271,3.3917,-0.6354
8037,Vukasin Todorovic,-1.4058,-0.157,-1.5629
8038,Vyctorius Miller,0.0069,5.0624,5.0693
8039,Vytautas Zygas,-2.4419,-1.7671,-4.209
8040,Wade Chiddick,-0.0927,-0.1076,-0.2003
8041,Wade Neyland,-0.4342,0.2948,-0.1394
8042,Wade Taylor,2.321,7.9846,10.3056
8043,Waka Mbatch,0.6862,-0.5559,0.1303
8044,Walker Andrews,-0.5412,0.6602,0.119
8045,Walker Asp,-0.6585,0.1569,-0.5016
8046,Walker Horn,-0.1131,-0.2311,-0.3442
8047,Walker Timme,-0.4396,-0.0709,-0.5105
8048,Walt Andrews,-0.2019,-3.9712,-4.1732
8049,Walter Brown,-0.9546,2.5973,1.6427
8050,Walter Clayton,0.6905,9.9099,10.6005
8051,Walter Hamilton,-2.2319,-3.4457,-5.6776
8052,Walyn Napper,-0.9457,3.1678,2.2221
8053,Warren Marshall,-1.3207,0.2386,-1.0822
8054,Warren Washington,2.1275,4.4779,6.6054
8055,Warren Yeh,-2.872,-0.389,-3.261
8056,Wayne Bristol,-0.629,2.5313,1.9022
8057,Wayne McKinney,-0.2424,1.6152,1.3728
8058,Wei Lin,-1.9521,0.4907,-1.4615
8059,Weilun Zhao,-1.6979,-0.9005,-2.5984
8060,Wes Enis,-1.3291,4.1094,2.7803
8061,Wes Peterson,-3.8217,-0.2028,-4.0245
8062,Wes Rubin,-1.2033,-0.641,-1.8443
8063,Wesley Cardet,-3.5431,5.9515,2.4084
8064,Wesley Celichowski,-1.4405,0.1473,-1.2932
8065,Wesley Fields,0.4964,1.5386,2.035
8066,Wesley Johnson,-0.7746,-0.2516,-1.0262
8067,Wesley Oba,0.8987,-0.2813,0.6173
8068,Wesley Robinson,-1.2658,2.6435,1.3777
8069,Wesley Yates,-1.6741,5.8173,4.1432
8070,Weston Aigner,-0.9723,-2.2939,-3.2662
8071,Weston Church,-0.2075,-0.4639,-0.6715
8072,Weston Coggeshall,0.0056,-0.1671,-0.1615
8073,Wheza Panzo,-0.5728,3.4755,2.9027
8074,Wil Tattersall,-0.3274,-1.0962,-1.4236
8075,Wildens Leveque,-0.5566,-1.645,-2.2017
8076,Wilder Evers,-0.9112,-0.3036,-1.2148
8077,Wilguens Jr Exacte,-1.2419,-0.1273,-1.3693
8078,Wilhelm Breidenbach,-0.0377,0.7042,0.6664
8079,Will Allen,1.2552,-1.2435,0.0117
8080,Will Amica,-2.0694,-3.0591,-5.1285
8081,Will Ashford,-3.2424,-1.5858,-4.8282
8082,Will Baker,-1.1312,2.7014,1.5702
8083,Will Batchelder,-4.3258,-1.3223,-5.6481
8084,Will Berg,2.4631,5.4842,7.9473
8085,Will Coble,-0.5723,-1.0524,-1.6247
8086,Will Cooper,-1.867,-0.549,-2.416
8087,Will Eames,0.82,0.606,1.426
8088,Will Eggemeier,-0.0506,-0.1669,-0.2175
8089,Will Felton,-1.618,2.2985,0.6805
8090,Will Garlock,-0.7044,0.09,-0.6143
8091,Will Gibson,-0.6279,-0.4111,-1.039
8092,Will Hanke,-0.1837,-0.0337,-0.2174
8093,Will Harper,-0.992,0.888,-0.104
8094,Will Heimbrodt,3.0717,1.5381,4.6098
8095,Will Henderson,-0.3459,-1.7717,-2.1176
8096,Will Hornseth,-0.1251,2.9003,2.7752
8097,Will James,-0.3101,2.9154,2.6054
8098,Will Johnston,-4.1817,7.366,3.1843
8099,Will Kuykendall,-0.6346,0.1785,-0.456
8100,Will Landram,-0.4194,-0.2429,-0.6623
8101,Will Lange,-1.1921,-0.495,-1.687
8102,Will Lovings-Watts,-1.4266,0.3765,-1.0501
8103,Will Maxwell,-0.047,0.028,-0.019
8104,Will McClendon,-1.3255,5.1617,3.8362
8105,Will McNair,0.0023,0.7574,0.7597
8106,Will Menaugh,-0.5941,-0.0717,-0.6658
8107,Will Moore,-0.9846,-1.1773,-2.1618
8108,Will Mortimore,0.4518,-0.9276,-0.4758
8109,Will Pruitt,-1.8071,5.0431,3.236
8110,Will Ramberg,-0.1044,-0.1596,-0.264
8111,Will Richard,1.5206,6.7362,8.2568
8112,Will Richardson,-0.6091,-0.3785,-0.9875
8113,Will Riley,1.342,7.2651,8.6071
8114,Will Rywolt,-0.2274,0.5845,0.3572
8115,Will Shaver,-0.8255,-1.5501,-2.3756
8116,Will Shortt,-2.28,-0.8657,-3.1457
8117,Will Smythe,-0.3971,0.0918,-0.3052
8118,Will Soucie,-0.9383,2.6017,1.6634
8119,Will Sydnor,-2.0129,0.868,-1.1449
8120,Will Thengvall,-0.5345,-0.3103,-0.8447
8121,Will Thomas,-3.9528,3.9886,0.0357
8122,Will Tschetter,-0.774,7.4378,6.6638
8123,Will Underwood,-0.197,-0.2311,-0.4281
8124,William Ball,-2.3279,-2.2544,-4.5823
8125,William Campbell,0.2892,0.8193,1.1085
8126,William Humer,-2.5322,-1.1432,-3.6755
8127,William Jeffress,0.5083,0.0143,0.5226
8128,William Kermoury,-3.9769,5.0466,1.0698
8129,William Kruse,-0.2175,0.5737,0.3562
8130,William Kutzler,-0.0299,0.1772,0.1473
8131,William Kyle,-1.5741,4.498,2.9239
8132,William Reynolds,-0.7978,0.6029,-0.1949
8133,William Scott,-0.8709,-2.2133,-3.0842
8134,William Tavares,0.1371,-0.2397,-0.1026
8135,William Whorton,0.505,0.1197,0.6247
8136,Willie Anderson,-3.6026,-3.2413,-6.8438
8137,Willie Lightfoot,-0.8175,-1.4784,-2.2958
8138,Willie Williams,-0.7936,2.5485,1.7548
8139,Wilson Dubinsky,0.1907,6.6358,6.8265
8140,Wilson Jacques,0.2378,2.5465,2.7843
8141,Win Miller,-2.657,-3.9706,-6.6275
8142,Winston Hill,1.3153,-0.829,0.4862
8143,Winters Grady,0.1721,-0.3435,-0.1714
8144,Wisler Sanon,-0.1995,-2.9086,-3.1081
8145,Woody Newton,2.6405,1.0488,3.6892
8146,Wooga Poplar,-0.6379,3.9585,3.3207
8147,Wrenn Robinson,-0.4623,-0.1543,-0.6166
8148,Wyatt Boeker,-0.0826,0.0742,-0.0084
8149,Wyatt DeGraaf,0.6287,-0.9526,-0.3239
8150,Wyatt Fricks,-0.7114,3.8656,3.1541
8151,Wyatt Nausadis,-1.108,-0.9416,-2.0495
8152,Wylee Delorme,-3.2593,0.7319,-2.5274
8153,Wynston Tabbs,-5.0665,1.3306,-3.7359
8154,Xaivian Lee,0.2329,6.7869,7.0197
8155,Xander Alarie,-1.2054,-0.2686,-1.474
8156,Xander Pintelon,0.1911,3.811,4.0021
8157,Xander Rice,-0.0656,5.442,5.3764
8158,Xander Wedlow,-0.2487,-2.236,-2.4847
8159,Xavier Abreu,-5.3553,3.0069,-2.3483
8160,Xavier Amos,-1.1833,5.3752,4.1918
8161,Xavier Ball,-0.3454,-2.0701,-2.4156
8162,Xavier Bell,-1.5506,2.6467,1.0961
8163,Xavier Bledson,-0.2312,5.4096,5.1784
8164,Xavier Booker,-0.765,1.3556,0.5905
8165,Xavier Brown,0.8004,3.5861,4.3865
8166,Xavier Cork,-1.5321,2.5359,1.0037
8167,Xavier DuSell,-3.0831,3.6492,0.5661
8168,Xavier Edmonds,1.189,6.2336,7.4226
8169,Xavier Foster,0.1983,-2.2417,-2.0434
8170,Xavier Glenn,-1.6114,0.4923,-1.1191
8171,Xavier Hall,-2.1554,-0.9854,-3.1408
8172,Xavier Istomin-Monroe,-0.2983,-0.4874,-0.7858
8173,Xavier Johnson,0.2137,2.7839,2.9976
8174,Xavier Lipscomb,-3.4827,2.426,-1.0567
8175,Xavier McKelvy,0.2897,-1.3744,-1.0847
8176,Xavier Nesbitt,-0.207,-2.5331,-2.7401
8177,Xavier Sykes,-1.0396,-1.9755,-3.0151
8178,Xavier Thomas,-0.811,0.3702,-0.4408
8179,Xavion Brown,2.4181,0.4441,2.8622
8180,Xavion Staton,-0.4408,-0.1254,-0.5662
8181,Xinyi Li,-3.1483,-0.7437,-3.892
8182,Xzavier Lino,-2.3849,0.765,-1.6199
8183,Xzavier Long,-1.6246,1.2872,-0.3374
8184,Xzavion Mitchell,-0.7893,-0.0729,-0.8622
8185,Xzayvier Brown,-1.6349,5.9711,4.3362
8186,Yaak Yaak,-1.0164,0.3436,-0.6728
8187,Yacine Toumi,-0.4316,-0.1068,-0.5384
8188,Yakhya Diop,0.2042,-1.6587,-1.4545
8189,Yame Butler,-0.8024,3.9519,3.1495
8190,Yancarlos Cueto,-0.5547,-0.7529,-1.3077
8191,Yanic Konan Niederhauser,1.935,2.4363,4.3713
8192,Yaniel Rivera,-2.2595,0.9222,-1.3373
8193,Yanis Bamba,-2.194,-1.3405,-3.5345
8194,Yann Farell,-3.6808,6.6951,3.0143
8195,Yaphet Moundi,-0.2893,2.0366,1.7473
8196,Yaqub Mir,-0.1664,-0.3698,-0.5362
8197,Yarin Hasson,-0.5546,-0.0494,-0.6039
8198,Yassine Gharram,-2.4883,-2.0947,-4.583
8199,Yaw Obeng-Mensah,-3.1611,3.9311,0.77
8200,Yaxel Lendeborg,2.6134,14.2174,16.8308
8201,Yaya Keita,-1.1722,-1.3283,-2.5004
8202,Yoav Berman,-1.6899,1.4379,-0.252
8203,Yoda Oke,-0.0776,-0.7856,-0.8632
8204,Yohan Traore,-6.4408,2.1464,-4.2944
8205,Yohann Sissoko,-1.85,2.2291,0.3792
8206,Yonatan Levy,-2.4298,-0.4568,-2.8865
8207,Yoro Diallo,0.4595,-0.5342,-0.0747
8208,Youri Fritz,1.2884,2.5469,3.8353
8209,Yousouf Timera,-0.439,-3.7873,-4.2264
8210,Youssef Khayat,-1.1273,1.7115,0.5842
8211,Youssouf Singare,0.1983,-2.2907,-2.0924
8212,Yulian Ramirez-Montero,0.1369,-1.2444,-1.1075
8213,Yuri Covington,-1.7131,2.6511,0.9379
8214,Yusef Salih,-1.9307,0.9731,-0.9575
8215,Yussif Basa-Ama,0.3385,1.0974,1.4359
8216,Yusuf Jihad,-2.7897,1.4719,-1.3178
8217,Yuto Kawashima,-0.259,0.2909,0.032
8218,Yuto Yamanouchi-Williams,-2.7499,-0.3117,-3.0616
8219,Yuval Levin,0.1143,0.5906,0.7049
8220,Yvan Ouedraogo,0.8924,1.8186,2.711
8221,Yvens Paul,-0.846,-0.4912,-1.3372
8222,Yves Missi,0.1392,5.6092,5.7483
8223,Yves Nkomba,-1.1129,-3.8134,-4.9263
8224,Zaakir Sawyer,-1.5565,1.1462,-0.4103
8225,Zaakir Williamson,-1.6624,0.4008,-1.2616
8226,Zac Ervin,-4.0886,1.2043,-2.8842
8227,Zac Foster,0.4425,0.7844,1.227
8228,Zac Jennings,0.2101,-1.7398,-1.5297
8229,Zacch Wiggins,-2.31,2.18,-0.1301
8230,Zach Anderson,-0.5916,5.6524,5.0608
8231,Zach Bell,-2.4731,-0.8404,-3.3135
8232,Zach Bloch,-2.3529,6.512,4.159
8233,Zach Brooker,-0.2366,-0.2185,-0.4551
8234,Zach Christian,-0.2672,-0.3828,-0.65
8235,Zach Clemence,1.1154,2.3619,3.4772
8236,Zach Cleveland,1.2942,5.2093,6.5035
8237,Zach Davis,-0.2882,2.1928,1.9046
8238,Zach Day,0.3327,-0.8355,-0.5028
8239,Zach Edey,4.2774,13.0122,17.2897
8240,Zach Freemantle,2.82,4.2955,7.1156
8241,Zach Gonsoulin,0.0889,0.7249,0.8138
8242,Zach Halligan,0.0155,-0.1385,-0.1231
8243,Zach Hayn,0.0614,-0.1744,-0.113
8244,Zach Hicks,1.5713,5.5754,7.1466
8245,Zach Howell,-1.0118,0.5128,-0.499
8246,Zach Iyeyemi,0.507,-2.7142,-2.2072
8247,Zach Keller,0.559,-0.3265,0.2325
8248,Zach Kinziger,0.8099,-0.5699,0.24
8249,Zach Kraft,-2.912,2.8699,-0.0422
8250,Zach Lamey,0.0613,0.8666,0.9278
8251,Zach Laput,-1.4927,1.9681,0.4754
8252,Zach Lezanic,-0.0553,-0.4858,-0.5411
8253,Zach Loveday,-0.5638,-0.7892,-1.3531
8254,Zach Martini,-0.1023,4.9891,4.8868
8255,Zach Matulu,-2.2581,-0.7797,-3.0378
8256,Zach Reed,-0.2602,-4.4011,-4.6612
8257,Zach Reinhart,-4.999,-1.0087,-6.0077
8258,Zach Riley,-1.7058,-0.5666,-2.2724
8259,Zach Rocco,-0.1095,-0.9332,-1.0427
8260,Zach Tow,0.0044,-0.0562,-0.0519
8261,Zachariah Mianab,-0.2328,-0.1257,-0.3585
8262,Zachary Davis,0.8288,4.1746,5.0033
8263,Zachary Johnson,-0.5812,-0.0917,-0.673
8264,Zachary Jones,-0.3071,-0.0933,-0.4004
8265,Zachary Royster,-0.2944,-0.2349,-0.5293
8266,Zachary Visentin,-0.3246,2.5225,2.1979
8267,Zachiah Clark,-0.7213,-1.1116,-1.8329
8268,Zack Austin,0.5891,5.8125,6.4016
8269,Zack Davidson,-0.8698,-0.4442,-1.314
8270,Zack Markus,0.7019,1.0003,1.7022
8271,Zack Scherler,-1.6974,-0.9728,-2.6702
8272,Zae Blake,-3.3238,0.9392,-2.3846
8273,Zahad Munford,-1.6478,-2.3112,-3.9589
8274,Zahree Harrison,-3.6492,-4.3212,-7.9704
8275,Zaide Lowery,-0.1395,1.126,0.9865
8276,Zaire Hayes,-5.3002,0.9181,-4.3821
8277,Zaire Williams,-1.6374,4.3254,2.6881
8278,Zak Abdalla,0.2968,-0.2625,0.0343
8279,Zakai Zeigler,2.9036,9.2733,12.1768
8280,Zamoku Weluche-Ume,-4.213,1.709,-2.5041
8281,Zander Carter,0.3886,0.3002,0.6887
8282,Zander Yates,-2.9535,1.4661,-1.4874
8283,Zane Adnan,-0.4298,0.0411,-0.3887
8284,Zane Butler,-2.6807,1.888,-0.7927
8285,Zane Doughty,-0.3434,-0.0199,-0.3634
8286,Zane Griffin,-0.1456,-0.031,-0.1766
8287,Zane Harbaugh,-0.2586,-0.1664,-0.425
8288,Zane Meeks,-0.076,0.5112,0.4352
8289,Zane Nelson,-0.9755,4.5205,3.545
8290,Zaon Collins,-1.8081,4.4185,2.6105
8291,Zarique Nutter,-3.3579,0.4013,-2.9566
8292,Zavian McLean,0.3975,4.558,4.9556
8293,Zavier Banks,-0.5414,0.5069,-0.0345
8294,Zavier Fitch,-0.1921,0.4744,0.2823
8295,Zawdie Jackson,0.4207,4.5543,4.9751
8296,Zaxton King,-1.2591,1.6408,0.3817
8297,Zayden High,-0.0251,-1.3343,-1.3594
8298,Ze'rik Onyema,-1.1406,-0.3516,-1.4922
8299,Zeb Jackson,1.9256,5.9425,7.8681
8300,Zed Key,-1.0734,4.4938,3.4203
8301,Zee Hamoda,-0.7065,1.2278,0.5214
8302,Zek Montgomery,0.6871,3.4565,4.1436
8303,Zek Tekin,-3.6508,-1.2722,-4.923
8304,Zeke Cook,-2.0884,-1.0177,-3.1062
8305,Zeke Mayo,1.1729,5.7253,6.8983
8306,Zeplin Kidd,-0.2366,0.2942,0.0576
8307,Zhuric Phelps,1.152,4.3588,5.5108
8308,Ziare Wells,-0.7181,3.0875,2.3694
8309,Zid Powell,-0.2337,1.5953,1.3616
8310,Ziggy Reid,-0.7881,5.8905,5.1024
8311,Zimi Nwokeji,-1.2833,2.5844,1.3011
8312,Zine Eddine Bedri,0.2633,2.1079,2.3712
8313,Zio Kim,-0.1376,-0.3274,-0.4649
8314,Zion Bethea,-3.4138,-3.5377,-6.9515
8315,Zion Cruz,-4.9595,2.8624,-2.0971
8316,Zion Fruster,-1.7263,1.0945,-0.6318
8317,Zion Harmon,-2.8908,0.7175,-2.1733
8318,Zion Pipkin,0.3632,0.2177,0.5809
8319,Zion Richardson,-2.8452,3.205,0.3598
8320,Zion Russell,-1.8273,-0.7864,-2.6138
8321,Zion Sensley,-3.3607,5.3801,2.0194
8322,Zion Stanford,-2.7078,3.9215,1.2138
8323,Zion Walker,-2.6869,2.1884,-0.4985
8324,Zion Wilburn,-0.5395,1.5245,0.985
8325,Zion Willburn,-2.8297,-3.652,-6.4817
8326,Zion Young,-4.6814,2.1449,-2.5365
8327,Zocko Littleton,0.4598,-2.5786,-2.1188
8328,Zondrick Garrett,0.6441,-1.1706,-0.5265
8329,Zoom Diallo,-1.2655,6.4235,5.158
8330,Zubayr Griffin,-0.9161,0.1553,-0.7608
8331,Zuby Ejiofor,3.8813,9.1627,13.044
8332,Zvonimir Ivisic,4.4565,6.6228,11.0792
8333,Zy Wright,-2.6637,2.2945,-0.3692
8334,Zyair Greene,-1.0433,-0.3194,-1.3627
8335,Zyier Beverly,-2.1006,-1.544,-3.6446
8336,Zyon Pullin,-0.8456,4.5741,3.7285
8337,Zytarious Mortle,-0.4351,-1.3183,-1.7535
